{
    "04": 519.7456848621368,
    "09": 175.23633670806885,
    "27": 212.83824014663696,
    "36": 79.01120185852051,
    "64": 494.4928045272827,
    "75": 149.83758449554443,
    "88": 86.18086957931519,
    "10a": 937.7852284908295,
    "10b": 4089.1438043117523,
    "10c": 0.839078426361084,
    "11a": 161.20967054367065,
    "11b": 609.3279678821564,
    "11c": 2541.746973514557,
    "14": 180.62394380569458,
    "18": 267.2294592857361,
    "1a": 246.78098940849304,
    "1b": 14.659638166427612,
    "1c": 8.368990659713745,
    "1d": 79.77091932296753,
    "1e": 8.860705852508545,
    "1f": 58.63013768196106,
    "28": 324.96895718574524,
    "2a": 359.09826827049255,
    "2c": 16.351041793823242,
    "2d": 46.792487382888794,
    "3a": 8179.075210094452,
    "3b": 12.435527324676514,
    "3c": 1891.0418787002563,
    "3d": 58.60535740852356,
    "3e": 146.1022036075592,
    "4a": 3.7416489124298096,
    "4b": 8.961939096450806,
    "4c": 2.557760715484619,
    "4d": 2.5875751972198486,
    "4e": 0.8259687423706055,
    "5a": 20.4353768825531,
    "5b": 8.950682878494263,
    "5c": 3.688673973083496,
    "5d": 26.617385149002075,
    "5e": 0.8205099105834961,
    "67": 500.7455770969391,
    "6a": 2067.247331380844,
    "6b": 382.0582809448242,
    "6c": 820.492157459259,
    "6d": 1042.4331550598145,
    "7d": 21411.446135997772,
    "8a": 77.3008942604065,
    "8b": 356.925523519516,
    "9a": 550.2159683704376,
    "9b": 361.6124634742737,
    "9c": 1329.0126445293427,
    "2b": 6.052032709121704,
    "8c": 38.37283110618591
}