{
    "02": 723.7470283508301,
    "03": 80.90098547935486,
    "04": 2586.3733129501343,
    "05": 1995.1721711158752,
    "07": 735.1894018650055,
    "08": 202.46893548965454,
    "09": 1491.6892137527466,
    "11": 1157.2579772472382,
    "12": 42.81087827682495,
    "13": 1078.766088962555,
    "15": 286.95199632644653,
    "17": 1002.6647367477417,
    "19": 482.25143551826477,
    "20": 167.57771921157837,
    "21": 1.4924991130828857,
    "22": 6.153132438659668,
    "23": 3459.093841791153,
    "25": 923.61745429039,
    "26": 516.8504250049591,
    "27": 1070.4496443271637,
    "28": 1053.80077958107,
    "29": 1196.6236400604248,
    "31": 726.0229675769806,
    "33": 567.3834590911865,
    "34": 185.6480519771576,
    "36": 650.0595481395721,
    "37": 21.805189847946167,
    "38": 237.88951539993286,
    "39": 2.3979127407073975,
    "40": 400.619176864624,
    "42": 75.77909827232361,
    "43": 333.8070387840271,
    "46": 374.76645708084106,
    "47": 626.7583484649658,
    "48": 503.93602085113525,
    "49": 1272.0663356781006,
    "50": 452.03413367271423,
    "51": 288.71152997016907,
    "52": 75.83338975906372,
    "53": 91.58844780921936,
    "55": 75.8514621257782,
    "56": 201.3625237941742,
    "57": 455.25435280799866
}