{
    "01": 97.67832493782043,
    "02": 761.5568954944611,
    "03": 412.10054111480713,
    "04": 2755.232667207718,
    "05": 889.9989674091339,
    "07": 918.0872118473053,
    "08": 280.12958788871765,
    "09": 1310.4538702964783,
    "10": 241.64873051643372,
    "11": 1396.514415025711,
    "12": 94.5650544166565,
    "13": 1097.6747176647186,
    "14": 1703.3824155330658,
    "15": 256.203679561615,
    "16": 201.39740180969238,
    "17": 733.7668771743774,
    "18": 386.13868165016174,
    "19": 300.9934501647949,
    "20": 138.13642024993896,
    "21": 1.3601701259613037,
    "22": 15.040496349334717,
    "23": 3225.025757789612,
    "24": 736.1496384143829,
    "25": 539.8402948379517,
    "26": 321.82112526893616,
    "27": 524.2947027683258,
    "28": 1085.5544075965881,
    "29": 242.68031764030457,
    "30": 30.966134071350098,
    "31": 676.944578409195,
    "32": 159.93773102760315,
    "33": 464.99735713005066,
    "34": 285.19801807403564,
    "35": 179.0250267982483,
    "36": 347.0525288581848,
    "37": 273.1516921520233,
    "38": 184.72331929206848,
    "39": 1.6031370162963867,
    "40": 399.6550281047821,
    "41": 0.06314444541931152,
    "42": 75.77723979949951,
    "43": 334.41722869873047,
    "44": 414.2760524749756,
    "45": 93.88625764846802,
    "46": 423.29702281951904,
    "47": 178.60333490371704,
    "48": 516.8897545337677,
    "49": 1374.5016617774963,
    "50": 374.26081109046936,
    "51": 288.1419870853424,
    "52": 251.8873324394226,
    "53": 107.26916718482971,
    "55": 418.85014724731445,
    "56": 514.8829808235168,
    "57": 242.2760157585144,
    "58": 205.5029137134552,
    "59": 494.46104621887207,
    "60": 142.43321895599365,
    "61": 447.75156474113464,
    "62": 246.04473042488098,
    "63": 106.447420835495,
    "65": 674.6725013256073,
    "66": 797.0609586238861,
    "68": 1139.8838798999786,
    "69": 239.1896162033081,
    "70": 402.8514142036438,
    "71": 665.7797813415527,
    "73": 552.5728757381439,
    "74": 568.6778712272644,
    "75": 1474.684207201004,
    "76": 847.4477503299713,
    "77": 658.9166250228882,
    "79": 1007.7987344264984,
    "80": 1831.826675415039,
    "81": 54.90959572792053,
    "82": 770.036881685257,
    "83": 69.65121579170227,
    "84": 41.05155277252197,
    "86": 828.7075912952423,
    "87": 1346.5967881679535,
    "88": 796.5480391979218,
    "89": 417.3265686035156,
    "90": 110.7336802482605,
    "91": 34.62185716629028,
    "92": 84.20234155654907,
    "93": 483.98197197914124,
    "94": 265.05621552467346,
    "96": 261.98530411720276,
    "97": 811.7222421169281,
    "98": 283.0446846485138,
    "99": 363.92377853393555
}