{
    "02": 22.308597326278687,
    "03": 15.216360569000244,
    "04": 175.5931158065796,
    "07": 35.61564803123474,
    "08": 15.835611820220947,
    "09": 65.70326328277588,
    "11": 93.21090459823608,
    "13": 2822.174814939499,
    "15": 8.924858808517456,
    "17": 34.5147647857666,
    "18": 144.72195982933044,
    "19": 74.36646366119385,
    "21": 17.014047622680664,
    "22": 13.046437740325928,
    "25": 101.15732836723328,
    "26": 14.2552490234375,
    "27": 106.14770889282227,
    "28": 103.40244388580322,
    "29": 75.73251533508301,
    "31": 68.54104208946228,
    "33": 32.82792282104492,
    "34": 20.38601541519165,
    "37": 4.897153377532959,
    "39": 4.019428491592407,
    "40": 50.95118856430054,
    "42": 14.911304950714111,
    "43": 12.530685901641846,
    "46": 39.782355546951294,
    "48": 90.59075331687927,
    "49": 51.354859590530396,
    "50": 36.952730655670166,
    "51": 42.84610724449158,
    "52": 15.299150228500366,
    "55": 15.24388837814331,
    "56": 34.93426179885864,
    "59": 60.251997232437134,
    "60": 34.909542083740234,
    "61": 57.9899480342865,
    "62": 4.380190372467041,
    "66": 17.458370685577393,
    "68": 45.27674841880798,
    "71": 35.74316716194153,
    "72": 61.23305153846741,
    "73": 21.67554521560669,
    "74": 66.14856815338135,
    "75": 78.92202663421631,
    "78": 309.25246596336365,
    "79": 39.72451424598694,
    "82": 7.733100652694702,
    "83": 17.797653913497925,
    "84": 1.4550085067749023,
    "85": 29.731388807296753,
    "87": 51.97706079483032,
    "88": 91.13994765281677,
    "90": 10.018845558166504,
    "91": 7.270529270172119,
    "93": 0.8315951824188232,
    "95": 65.5889995098114,
    "96": 11.831892967224121,
    "97": 108.5164144039154,
    "99": 10.187187194824219
}