{
    "call_center": 2.8283729553222656,
    "catalog_page": 2.625929355621338,
    "catalog_returns": 123.00814485549927,
    "catalog_sales": 1342.6860411167145,
    "customer": 14.872836589813232,
    "customer_address": 7.434552192687988,
    "customer_demographics": 2.5671823024749756,
    "date_dim": 2.6265971660614014,
    "household_demographics": 2.1052849292755127,
    "income_band": 2.291395425796509,
    "inventory": 135.86555528640747,
    "item": 3.689140558242798,
    "promotion": 4.357244968414307,
    "reason": 2.9110794067382812,
    "ship_mode": 2.902782917022705,
    "store": 3.211273193359375,
    "store_returns": 155.5701129436493,
    "store_sales": 2420.697268009186,
    "time_dim": 22.278929948806763,
    "warehouse": 25.9815514087677,
    "web_page": 23.45857000350952,
    "web_returns": 93.64643669128418,
    "web_sales": 852.510748386383,
    "web_site": 24.687801599502563
}