{
    "call_center": {
        "arachne": 58.04805564880371,
        "arachne_runtime": 33962.935,
        "baseline_cost": 58.04805564880371,
        "baseline_runtime": 33962.935,
        "exec_details": {
            "api_cost": 0,
            "load_cost": 0,
            "load_runtime": 0,
            "moved_cost": 0,
            "moved_queries": [],
            "moved_runtime": 0,
            "mvmt_cost": 0.0,
            "mvmt_runtime": 0.0,
            "stayed_cost": 58.04805564880371,
            "stayed_runtime": 33962.935,
            "storage_cost": 0.0,
            "storage_runtime": 0
        },
        "multi_cloud_plan": "stay",
        "percent_diff": 0.0,
        "profiling_cost": 175.02859201742572,
        "profiling_runtime": 63506.15915677968
    },
    "catalog_page": {
        "arachne": 56.9094672203064,
        "arachne_runtime": 33540.60399999999,
        "baseline_cost": 56.9094672203064,
        "baseline_runtime": 33540.60399999999,
        "exec_details": {
            "api_cost": 0,
            "load_cost": 0,
            "load_runtime": 0,
            "moved_cost": 0,
            "moved_queries": [],
            "moved_runtime": 0,
            "mvmt_cost": 0.0,
            "mvmt_runtime": 0.0,
            "stayed_cost": 56.9094672203064,
            "stayed_runtime": 33540.60399999999,
            "storage_cost": 0.0,
            "storage_runtime": 0
        },
        "multi_cloud_plan": "stay",
        "percent_diff": 0.0,
        "profiling_cost": 173.52167222861988,
        "profiling_runtime": 62780.159151897926
    },
    "catalog_returns": {
        "arachne": 50.0552773475647,
        "arachne_runtime": 28630.547000000002,
        "baseline_cost": 50.0552773475647,
        "baseline_runtime": 28630.547000000002,
        "exec_details": {
            "api_cost": 0,
            "load_cost": 0,
            "load_runtime": 0,
            "moved_cost": 0,
            "moved_queries": [],
            "moved_runtime": 0,
            "mvmt_cost": 0.0,
            "mvmt_runtime": 0.0,
            "stayed_cost": 50.0552773475647,
            "stayed_runtime": 28630.547000000002,
            "storage_cost": 0.0,
            "storage_runtime": 0
        },
        "multi_cloud_plan": "stay",
        "percent_diff": 0.0,
        "profiling_cost": 158.77334672678543,
        "profiling_runtime": 53637.69274805832
    },
    "catalog_sales": {
        "arachne": 29.104823112487793,
        "arachne_runtime": 16925.853,
        "baseline_cost": 29.104823112487793,
        "baseline_runtime": 16925.853,
        "exec_details": {
            "api_cost": 0,
            "load_cost": 0,
            "load_runtime": 0,
            "moved_cost": 0,
            "moved_queries": [],
            "moved_runtime": 0,
            "mvmt_cost": 0.0,
            "mvmt_runtime": 0.0,
            "stayed_cost": 29.104823112487793,
            "stayed_runtime": 16925.853,
            "storage_cost": 0.0,
            "storage_runtime": 0
        },
        "multi_cloud_plan": "stay",
        "percent_diff": 0.0,
        "profiling_cost": 103.23715266224572,
        "profiling_runtime": 32278.24911570118
    },
    "customer": {
        "arachne": 43.446566104888916,
        "arachne_runtime": 24140.427000000003,
        "baseline_cost": 43.446566104888916,
        "baseline_runtime": 24140.427000000003,
        "exec_details": {
            "api_cost": 0,
            "load_cost": 0,
            "load_runtime": 0,
            "moved_cost": 0,
            "moved_queries": [],
            "moved_runtime": 0,
            "mvmt_cost": 0.0,
            "mvmt_runtime": 0.0,
            "stayed_cost": 43.446566104888916,
            "stayed_runtime": 24140.427000000003,
            "storage_cost": 0.0,
            "storage_runtime": 0
        },
        "multi_cloud_plan": "stay",
        "percent_diff": 0.0,
        "profiling_cost": 151.71228465667457,
        "profiling_runtime": 46553.16345487148
    },
    "customer_address": {
        "arachne": 45.012564182281494,
        "arachne_runtime": 25625.433000000008,
        "baseline_cost": 45.012564182281494,
        "baseline_runtime": 25625.433000000008,
        "exec_details": {
            "api_cost": 0,
            "load_cost": 0,
            "load_runtime": 0,
            "moved_cost": 0,
            "moved_queries": [],
            "moved_runtime": 0,
            "mvmt_cost": 0.0,
            "mvmt_runtime": 0.0,
            "stayed_cost": 45.012564182281494,
            "stayed_runtime": 25625.433000000008,
            "storage_cost": 0.0,
            "storage_runtime": 0
        },
        "multi_cloud_plan": "stay",
        "percent_diff": 0.0,
        "profiling_cost": 157.57453640333085,
        "profiling_runtime": 51536.840221741055
    },
    "customer_demographics": {
        "arachne": 49.20915412902832,
        "arachne_runtime": 29217.01199999999,
        "baseline_cost": 49.20915412902832,
        "baseline_runtime": 29217.01199999999,
        "exec_details": {
            "api_cost": 0,
            "load_cost": 0,
            "load_runtime": 0,
            "moved_cost": 0,
            "moved_queries": [],
            "moved_runtime": 0,
            "mvmt_cost": 0.0,
            "mvmt_runtime": 0.0,
            "stayed_cost": 49.20915412902832,
            "stayed_runtime": 29217.01199999999,
            "storage_cost": 0.0,
            "storage_runtime": 0
        },
        "multi_cloud_plan": "stay",
        "percent_diff": 0.0,
        "profiling_cost": 162.1771717682712,
        "profiling_runtime": 55452.32966637136
    },
    "date_dim": {
        "arachne": 7.976853847503662,
        "arachne_runtime": 4131.4400000000005,
        "baseline_cost": 7.976853847503662,
        "baseline_runtime": 4131.4400000000005,
        "exec_details": {
            "api_cost": 0,
            "load_cost": 0,
            "load_runtime": 0,
            "moved_cost": 0,
            "moved_queries": [],
            "moved_runtime": 0,
            "mvmt_cost": 0.0,
            "mvmt_runtime": 0.0,
            "stayed_cost": 7.976853847503662,
            "stayed_runtime": 4131.4400000000005,
            "storage_cost": 0.0,
            "storage_runtime": 0
        },
        "multi_cloud_plan": "stay",
        "percent_diff": 0.0,
        "profiling_cost": 105.24588341159566,
        "profiling_runtime": 17420.40310410928
    },
    "household_demographics": {
        "arachne": 51.33342504501343,
        "arachne_runtime": 29564.79899999999,
        "baseline_cost": 51.33342504501343,
        "baseline_runtime": 29564.79899999999,
        "exec_details": {
            "api_cost": 0,
            "load_cost": 0,
            "load_runtime": 0,
            "moved_cost": 0,
            "moved_queries": [],
            "moved_runtime": 0,
            "mvmt_cost": 0.0,
            "mvmt_runtime": 0.0,
            "stayed_cost": 51.33342504501343,
            "stayed_runtime": 29564.79899999999,
            "storage_cost": 0.0,
            "storage_runtime": 0
        },
        "multi_cloud_plan": "stay",
        "percent_diff": 0.0,
        "profiling_cost": 165.35682577822516,
        "profiling_runtime": 56669.523073372315
    },
    "income_band": {
        "arachne": 56.70186710357666,
        "arachne_runtime": 33697.5,
        "baseline_cost": 56.70186710357666,
        "baseline_runtime": 33697.5,
        "exec_details": {
            "api_cost": 0,
            "load_cost": 0,
            "load_runtime": 0,
            "moved_cost": 0,
            "moved_queries": [],
            "moved_runtime": 0,
            "mvmt_cost": 0.0,
            "mvmt_runtime": 0.0,
            "stayed_cost": 56.70186710357666,
            "stayed_runtime": 33697.5,
            "storage_cost": 0.0,
            "storage_runtime": 0
        },
        "multi_cloud_plan": "stay",
        "percent_diff": 0.0,
        "profiling_cost": 172.2076094716501,
        "profiling_runtime": 62024.584294287015
    },