{
    "call_center": {
        "arachne": 38.69870376586914,
        "arachne_runtime": 33962.935,
        "baseline_cost": 38.69870376586914,
        "baseline_runtime": 33962.935,
        "exec_details": {
            "api_cost": 0,
            "load_cost": 0,
            "load_runtime": 0,
            "moved_cost": 0,
            "moved_queries": [],
            "moved_runtime": 0,
            "mvmt_cost": 0.0,
            "mvmt_runtime": 0.0,
            "stayed_cost": 38.69870376586914,
            "stayed_runtime": 33962.935,
            "storage_cost": 0.0,
            "storage_runtime": 0
        },
        "multi_cloud_plan": "stay",
        "percent_diff": 0.0,
        "profiling_cost": 155.67924013449115,
        "profiling_runtime": 63506.1591567797
    },
    "catalog_page": {
        "arachne": 37.9396448135376,
        "arachne_runtime": 33540.604,
        "baseline_cost": 37.9396448135376,
        "baseline_runtime": 33540.604,
        "exec_details": {
            "api_cost": 0,
            "load_cost": 0,
            "load_runtime": 0,
            "moved_cost": 0,
            "moved_queries": [],
            "moved_runtime": 0,
            "mvmt_cost": 0.0,
            "mvmt_runtime": 0.0,
            "stayed_cost": 37.9396448135376,
            "stayed_runtime": 33540.604,
            "storage_cost": 0.0,
            "storage_runtime": 0
        },
        "multi_cloud_plan": "stay",
        "percent_diff": 0.0,
        "profiling_cost": 154.55184982185108,
        "profiling_runtime": 62780.15915189795
    },
    "catalog_returns": {
        "arachne": 33.370184898376465,
        "arachne_runtime": 28630.546999999995,
        "baseline_cost": 33.370184898376465,
        "baseline_runtime": 28630.546999999995,
        "exec_details": {
            "api_cost": 0,
            "load_cost": 0,
            "load_runtime": 0,
            "moved_cost": 0,
            "moved_queries": [],
            "moved_runtime": 0,
            "mvmt_cost": 0.0,
            "mvmt_runtime": 0.0,
            "stayed_cost": 33.370184898376465,
            "stayed_runtime": 28630.546999999995,
            "storage_cost": 0.0,
            "storage_runtime": 0
        },
        "multi_cloud_plan": "stay",
        "percent_diff": 0.0,
        "profiling_cost": 142.0882542775972,
        "profiling_runtime": 53637.69274805832
    },
    "catalog_sales": {
        "arachne": 19.403215408325195,
        "arachne_runtime": 16925.852999999996,
        "baseline_cost": 19.403215408325195,
        "baseline_runtime": 16925.852999999996,
        "exec_details": {
            "api_cost": 0,
            "load_cost": 0,
            "load_runtime": 0,
            "moved_cost": 0,
            "moved_queries": [],
            "moved_runtime": 0,
            "mvmt_cost": 0.0,
            "mvmt_runtime": 0.0,
            "stayed_cost": 19.403215408325195,
            "stayed_runtime": 16925.852999999996,
            "storage_cost": 0.0,
            "storage_runtime": 0
        },
        "multi_cloud_plan": "stay",
        "percent_diff": 0.0,
        "profiling_cost": 93.53554495808312,
        "profiling_runtime": 32278.249115701172
    },
    "customer": {
        "arachne": 28.964377403259277,
        "arachne_runtime": 24140.426999999996,
        "baseline_cost": 28.964377403259277,
        "baseline_runtime": 24140.426999999996,
        "exec_details": {
            "api_cost": 0,
            "load_cost": 0,
            "load_runtime": 0,
            "moved_cost": 0,
            "moved_queries": [],
            "moved_runtime": 0,
            "mvmt_cost": 0.0,
            "mvmt_runtime": 0.0,
            "stayed_cost": 28.964377403259277,
            "stayed_runtime": 24140.426999999996,
            "storage_cost": 0.0,
            "storage_runtime": 0
        },
        "multi_cloud_plan": "stay",
        "percent_diff": 0.0,
        "profiling_cost": 137.23009595504496,
        "profiling_runtime": 46553.16345487147
    },
    "customer_address": {
        "arachne": 30.008376121520996,
        "arachne_runtime": 25625.432999999986,
        "baseline_cost": 30.008376121520996,
        "baseline_runtime": 25625.432999999986,
        "exec_details": {
            "api_cost": 0,
            "load_cost": 0,
            "load_runtime": 0,
            "moved_cost": 0,
            "moved_queries": [],
            "moved_runtime": 0,
            "mvmt_cost": 0.0,
            "mvmt_runtime": 0.0,
            "stayed_cost": 30.008376121520996,
            "stayed_runtime": 25625.432999999986,
            "storage_cost": 0.0,
            "storage_runtime": 0
        },
        "multi_cloud_plan": "stay",
        "percent_diff": 0.0,
        "profiling_cost": 142.57034834257038,
        "profiling_runtime": 51536.84022174103
    },
    "customer_demographics": {
        "arachne": 32.80610275268555,
        "arachne_runtime": 29217.011999999995,
        "baseline_cost": 32.80610275268555,
        "baseline_runtime": 29217.011999999995,
        "exec_details": {
            "api_cost": 0,
            "load_cost": 0,
            "load_runtime": 0,
            "moved_cost": 0,
            "moved_queries": [],
            "moved_runtime": 0,
            "mvmt_cost": 0.0,
            "mvmt_runtime": 0.0,
            "stayed_cost": 32.80610275268555,
            "stayed_runtime": 29217.011999999995,
            "storage_cost": 0.0,
            "storage_runtime": 0
        },
        "multi_cloud_plan": "stay",
        "percent_diff": 0.0,
        "profiling_cost": 145.77412039192842,
        "profiling_runtime": 55452.329666371355
    },
    "date_dim": {
        "arachne": 5.317902565002441,
        "arachne_runtime": 4131.4400000000005,
        "baseline_cost": 5.317902565002441,
        "baseline_runtime": 4131.4400000000005,
        "exec_details": {
            "api_cost": 0,
            "load_cost": 0,
            "load_runtime": 0,
            "moved_cost": 0,
            "moved_queries": [],
            "moved_runtime": 0,
            "mvmt_cost": 0.0,
            "mvmt_runtime": 0.0,
            "stayed_cost": 5.317902565002441,
            "stayed_runtime": 4131.4400000000005,
            "storage_cost": 0.0,
            "storage_runtime": 0
        },
        "multi_cloud_plan": "stay",
        "percent_diff": 0.0,
        "profiling_cost": 102.58693212909444,
        "profiling_runtime": 17420.403104109282
    },
    "household_demographics": {
        "arachne": 34.222283363342285,
        "arachne_runtime": 29564.799,
        "baseline_cost": 34.222283363342285,
        "baseline_runtime": 29564.799,
        "exec_details": {
            "api_cost": 0,
            "load_cost": 0,
            "load_runtime": 0,
            "moved_cost": 0,
            "moved_queries": [],
            "moved_runtime": 0,
            "mvmt_cost": 0.0,
            "mvmt_runtime": 0.0,
            "stayed_cost": 34.222283363342285,
            "stayed_runtime": 29564.799,
            "storage_cost": 0.0,
            "storage_runtime": 0
        },
        "multi_cloud_plan": "stay",
        "percent_diff": 0.0,
        "profiling_cost": 148.24568409655402,
        "profiling_runtime": 56669.52307337231
    },
    "income_band": {
        "arachne": 37.80124473571777,
        "arachne_runtime": 33697.49999999999,
        "baseline_cost": 37.80124473571777,
        "baseline_runtime": 33697.49999999999,
        "exec_details": {
            "api_cost": 0,
            "load_cost": 0,
            "load_runtime": 0,
            "moved_cost": 0,
            "moved_queries": [],
            "moved_runtime": 0,
            "mvmt_cost": 0.0,
            "mvmt_runtime": 0.0,
            "stayed_cost": 37.80124473571777,
            "stayed_runtime": 33697.49999999999,
            "storage_cost": 0.0,
            "storage_runtime": 0
        },
        "multi_cloud_plan": "stay",
        "percent_diff": 0.0,
        "profiling_cost": 153.3069871037912,