{
    "call_center": {
        "arachne": 48.373379707336426,
        "arachne_runtime": 33962.93500000001,
        "baseline_cost": 48.373379707336426,
        "baseline_runtime": 33962.93500000001,
        "exec_details": {
            "api_cost": 0,
            "load_cost": 0,
            "load_runtime": 0,
            "moved_cost": 0,
            "moved_queries": [],
            "moved_runtime": 0,
            "mvmt_cost": 0.0,
            "mvmt_runtime": 0.0,
            "stayed_cost": 48.373379707336426,
            "stayed_runtime": 33962.93500000001,
            "storage_cost": 0.0,
            "storage_runtime": 0
        },
        "multi_cloud_plan": "stay",
        "percent_diff": 0.0,
        "profiling_cost": 165.35391607595847,
        "profiling_runtime": 63506.15915677969
    },
    "catalog_page": {
        "arachne": 47.424556016922,
        "arachne_runtime": 33540.604,
        "baseline_cost": 47.424556016922,
        "baseline_runtime": 33540.604,
        "exec_details": {
            "api_cost": 0,
            "load_cost": 0,
            "load_runtime": 0,
            "moved_cost": 0,
            "moved_queries": [],
            "moved_runtime": 0,
            "mvmt_cost": 0.0,
            "mvmt_runtime": 0.0,
            "stayed_cost": 47.424556016922,
            "stayed_runtime": 33540.604,
            "storage_cost": 0.0,
            "storage_runtime": 0
        },
        "multi_cloud_plan": "stay",
        "percent_diff": 0.0,
        "profiling_cost": 164.03676102523545,
        "profiling_runtime": 62780.15915189793
    },
    "catalog_returns": {
        "arachne": 41.71273112297058,
        "arachne_runtime": 28630.546999999995,
        "baseline_cost": 41.71273112297058,
        "baseline_runtime": 28630.546999999995,
        "exec_details": {
            "api_cost": 0,
            "load_cost": 0,
            "load_runtime": 0,
            "moved_cost": 0,
            "moved_queries": [],
            "moved_runtime": 0,
            "mvmt_cost": 0.0,
            "mvmt_runtime": 0.0,
            "stayed_cost": 41.71273112297058,
            "stayed_runtime": 28630.546999999995,
            "storage_cost": 0.0,
            "storage_runtime": 0
        },
        "multi_cloud_plan": "stay",
        "percent_diff": 0.0,
        "profiling_cost": 150.43080050219135,
        "profiling_runtime": 53637.692748058325
    },
    "catalog_sales": {
        "arachne": 24.254019260406494,
        "arachne_runtime": 16925.853000000003,
        "baseline_cost": 24.254019260406494,
        "baseline_runtime": 16925.853000000003,
        "exec_details": {
            "api_cost": 0,
            "load_cost": 0,
            "load_runtime": 0,
            "moved_cost": 0,
            "moved_queries": [],
            "moved_runtime": 0,
            "mvmt_cost": 0.0,
            "mvmt_runtime": 0.0,
            "stayed_cost": 24.254019260406494,
            "stayed_runtime": 16925.853000000003,
            "storage_cost": 0.0,
            "storage_runtime": 0
        },
        "multi_cloud_plan": "stay",
        "percent_diff": 0.0,
        "profiling_cost": 98.38634881016444,
        "profiling_runtime": 32278.249115701183
    },
    "customer": {
        "arachne": 36.2054717540741,
        "arachne_runtime": 24140.427,
        "baseline_cost": 36.2054717540741,
        "baseline_runtime": 24140.427,
        "exec_details": {
            "api_cost": 0,
            "load_cost": 0,
            "load_runtime": 0,
            "moved_cost": 0,
            "moved_queries": [],
            "moved_runtime": 0,
            "mvmt_cost": 0.0,
            "mvmt_runtime": 0.0,
            "stayed_cost": 36.2054717540741,
            "stayed_runtime": 24140.427,
            "storage_cost": 0.0,
            "storage_runtime": 0
        },
        "multi_cloud_plan": "stay",
        "percent_diff": 0.0,
        "profiling_cost": 144.47119030585972,
        "profiling_runtime": 46553.16345487148
    },
    "customer_address": {
        "arachne": 37.510470151901245,
        "arachne_runtime": 25625.432999999994,
        "baseline_cost": 37.510470151901245,
        "baseline_runtime": 25625.432999999994,
        "exec_details": {
            "api_cost": 0,
            "load_cost": 0,
            "load_runtime": 0,
            "moved_cost": 0,
            "moved_queries": [],
            "moved_runtime": 0,
            "mvmt_cost": 0.0,
            "mvmt_runtime": 0.0,
            "stayed_cost": 37.510470151901245,
            "stayed_runtime": 25625.432999999994,
            "storage_cost": 0.0,
            "storage_runtime": 0
        },
        "multi_cloud_plan": "stay",
        "percent_diff": 0.0,
        "profiling_cost": 150.0724423729506,
        "profiling_runtime": 51536.84022174104
    },
    "customer_demographics": {
        "arachne": 41.007628440856934,
        "arachne_runtime": 29217.012000000006,
        "baseline_cost": 41.007628440856934,
        "baseline_runtime": 29217.012000000006,
        "exec_details": {
            "api_cost": 0,
            "load_cost": 0,
            "load_runtime": 0,
            "moved_cost": 0,
            "moved_queries": [],
            "moved_runtime": 0,
            "mvmt_cost": 0.0,
            "mvmt_runtime": 0.0,
            "stayed_cost": 41.007628440856934,
            "stayed_runtime": 29217.012000000006,
            "storage_cost": 0.0,
            "storage_runtime": 0
        },
        "multi_cloud_plan": "stay",
        "percent_diff": 0.0,
        "profiling_cost": 153.97564608009984,
        "profiling_runtime": 55452.32966637136
    },
    "date_dim": {
        "arachne": 6.647378206253052,
        "arachne_runtime": 4131.4400000000005,
        "baseline_cost": 6.647378206253052,
        "baseline_runtime": 4131.4400000000005,
        "exec_details": {
            "api_cost": 0,
            "load_cost": 0,
            "load_runtime": 0,
            "moved_cost": 0,
            "moved_queries": [],
            "moved_runtime": 0,
            "mvmt_cost": 0.0,
            "mvmt_runtime": 0.0,
            "stayed_cost": 6.647378206253052,
            "stayed_runtime": 4131.4400000000005,
            "storage_cost": 0.0,
            "storage_runtime": 0
        },
        "multi_cloud_plan": "stay",
        "percent_diff": 0.0,
        "profiling_cost": 103.91640777034505,
        "profiling_runtime": 17420.403104109282
    },
    "household_demographics": {
        "arachne": 42.777854204177856,
        "arachne_runtime": 29564.799000000003,
        "baseline_cost": 42.777854204177856,
        "baseline_runtime": 29564.799000000003,
        "exec_details": {
            "api_cost": 0,
            "load_cost": 0,
            "load_runtime": 0,
            "moved_cost": 0,
            "moved_queries": [],
            "moved_runtime": 0,
            "mvmt_cost": 0.0,
            "mvmt_runtime": 0.0,
            "stayed_cost": 42.777854204177856,
            "stayed_runtime": 29564.799000000003,
            "storage_cost": 0.0,
            "storage_runtime": 0
        },
        "multi_cloud_plan": "stay",
        "percent_diff": 0.0,
        "profiling_cost": 156.80125493738956,
        "profiling_runtime": 56669.523073372315
    },
    "income_band": {
        "arachne": 47.25155591964722,
        "arachne_runtime": 33697.50000000001,
        "baseline_cost": 47.25155591964722,
        "baseline_runtime": 33697.50000000001,
        "exec_details": {
            "api_cost": 0,
            "load_cost": 0,
            "load_runtime": 0,
            "moved_cost": 0,
            "moved_queries": [],
            "moved_runtime": 0,
            "mvmt_cost": 0.0,
            "mvmt_runtime": 0.0,
            "stayed_cost": 47.25155591964722,
            "stayed_runtime": 33697.50000000001,
            "storage_cost": 0.0,
            "storage_runtime": 0
        },
        "multi_cloud_plan": "stay",
        "percent_diff": 0.0,
        "profiling_cost": 162.75729828772066,