{
    "02": 108.78620839118958,
    "03": 47.5660138130188,
    "04": 634.6193292140961,
    "07": 72.29901576042175,
    "08": 43.695457458496094,
    "09": 188.76211667060852,
    "11": 142.4184718132019,
    "15": 10.716176748275757,
    "17": 32.74750828742981,
    "18": 154.93794870376587,
    "19": 38.89394450187683,
    "21": 12.94474744796753,
    "22": 9.98934531211853,
    "25": 137.02743196487427,
    "26": 21.89194393157959,
    "27": 197.54981422424316,
    "28": 320.95992374420166,
    "29": 70.23869585990906,
    "31": 111.4217848777771,
    "33": 52.85399317741394,
    "34": 18.51356601715088,
    "37": 4.05859375,
    "39": 2.4433605670928955,
    "40": 45.84443664550781,
    "42": 24.80972981452942,
    "43": 22.971002101898193,
    "46": 59.61437773704529,
    "48": 111.14989280700684,
    "49": 92.52011132240295,
    "50": 21.69570755958557,
    "51": 52.822609663009644,
    "52": 25.00759220123291,
    "55": 24.76741909980774,
    "56": 48.7513427734375,
    "59": 41.46718883514404,
    "60": 48.48552966117859,
    "61": 75.05414915084839,
    "62": 4.313047409057617,
    "66": 27.083243370056152,
    "68": 62.340303897857666,
    "71": 44.622259855270386,
    "72": 58.09984588623047,
    "73": 18.718191385269165,
    "74": 99.9692633152008,
    "75": 112.76242136955261,
    "78": 264.20209312438965,
    "79": 59.239134550094604,
    "82": 6.474437475204468,
    "83": 5.542137622833252,
    "84": 1.4368679523468018,
    "85": 27.127312660217285,
    "87": 40.9766571521759,
    "88": 88.18972611427307,
    "90": 6.698219060897827,
    "91": 1.1541078090667725,
    "93": 33.92565083503723,
    "95": 84.34131383895874,
    "96": 10.946406841278076,
    "97": 42.910727739334106,
    "99": 8.079097986221313
}
