{
    "call_center": 1.2925379276275635,
    "catalog_page": 1.885451078414917,
    "catalog_returns": 110.42976546287537,
    "catalog_sales": 1457.1923761367798,
    "customer": 11.716618061065674,
    "customer_address": 14.934072017669678,
    "customer_demographics": 3.0402755737304688,
    "date_dim": 2.3528597354888916,
    "household_demographics": 1.6877210140228271,
    "income_band": 1.5706427097320557,
    "inventory": 106.6579339504242,
    "item": 4.763900995254517,
    "promotion": 4.487617492675781,
    "reason": 1.618407964706421,
    "ship_mode": 1.8926830291748047,
    "store": 2.0108866691589355,
    "store_returns": 275.82107186317444,
    "store_sales": 2272.8324513435364,
    "time_dim": 2.0930299758911133,
    "warehouse": 1.95088791847229,
    "web_page": 3.2724106311798096,
    "web_returns": 58.73409986495972,
    "web_sales": 886.1355330944061,
    "web_site": 2.487990379333496
}