{
    "all": {
        "arachne": 60.81301953458611,
        "arachne_runtime": 9722.509026133921,
        "baseline_cost": 74.46862077713013,
        "baseline_runtime": 4679.732000000002,
        "exec_details": {
            "api_cost": 0.030298229437389967,
            "load_cost": 6.167781738169988,
            "load_runtime": 5111.421329975128,
            "moved_cost": 4.512114969690641,
            "moved_queries": [
                "04",
                "09",
                "10c",
                "11a",
                "14",
                "18",
                "1a",
                "1c",
                "1d",
                "1e",
                "1f",
                "27",
                "2c",
                "2d",
                "2e",
                "36",
                "3d",
                "3e",
                "4a",
                "4b",
                "4c",
                "4d",
                "4e",
                "5a",
                "5b",
                "5c",
                "5d",
                "5e",
                "64",
                "75",
                "88",
                "8a",
                "8b",
                "8d",
                "9b"
            ],
            "moved_runtime": 3739.3217980861664,
            "moved_tables": [
                "catalog_returns",
                "catalog_sales",
                "customer",
                "customer_address",
                "customer_demographics",
                "date_dim",
                "household_demographics",
                "income_band",
                "item",
                "promotion",
                "reason",
                "store",
                "store_returns",
                "store_sales",
                "time_dim",
                "web_returns",
                "web_sales"
            ],
            "mvmt_cost": 42.17894003508057,
            "mvmt_runtime": 871.7658980726264,
            "stayed_cost": 7.896873474121094,
            "stayed_queries": [
                "10a",
                "10b",
                "11b",
                "11c",
                "2a",
                "3a",
                "3c",
                "6a",
                "6b",
                "6c",
                "6d",
                "7d",
                "9a",
                "9c"
            ],
            "stayed_runtime": 1546.0380000000002,
            "stayed_tables": [
                "call_center",
                "catalog_page",
                "inventory",
                "ship_mode",
                "warehouse",
                "web_page",
                "web_site"
            ],
            "storage_cost": 0.027011088086426643,
            "storage_runtime": 8850.743128061295
        },
        "multi_cloud_plan": "move",
        "percent_diff": 18.337389762343705,
        "profiling_cost": 184.0557729110248,
        "profiling_runtime": 60744.66727358444
    }
}