{
    "all": {
        "arachne": 44.41907940914403,
        "arachne_runtime": 18467.883578300476,
        "baseline_cost": 60.27233247573218,
        "baseline_runtime": 49949.44680309296,
        "exec_details": {
            "api_cost": 0.012683078981345894,
            "load_cost": 2.7566892104148866,
            "load_runtime": 2284.549069404602,
            "moved_cost": 1.6335201263427734,
            "moved_queries": [
                "3a",
                "3c",
                "7d"
            ],
            "moved_runtime": 476.15099999999995,
            "moved_tables": [
                "customer",
                "store_sales"
            ],
            "mvmt_cost": 17.728066301527356,
            "mvmt_runtime": 366.40853533986956,
            "stayed_cost": 22.284579517815917,
            "stayed_queries": [
                "04",
                "09",
                "10a",
                "10b",
                "10c",
                "11a",
                "11b",
                "11c",
                "14",
                "18",
                "1a",
                "1c",
                "1d",
                "1e",
                "1f",
                "27",
                "2a",
                "2c",
                "2d",
                "2e",
                "36",
                "3d",
                "3e",
                "4a",
                "4b",
                "4c",
                "4d",
                "4e",
                "5a",
                "5b",
                "5c",
                "5d",
                "5e",
                "64",
                "6a",
                "6b",
                "6c",
                "6d",
                "75",
                "88",
                "8a",
                "8b",
                "8d",
                "9a",
                "9b",
                "9c"
            ],
            "stayed_runtime": 18467.883578300476,
            "stayed_tables": [
                "call_center",
                "catalog_page",
                "catalog_returns",
                "catalog_sales",
                "customer_address",
                "customer_demographics",
                "date_dim",
                "household_demographics",
                "income_band",
                "inventory",
                "item",
                "promotion",
                "reason",
                "ship_mode",
                "store",
                "store_returns",
                "time_dim",
                "warehouse",
                "web_page",
                "web_returns",
                "web_sales",
                "web_site"
            ],
            "storage_cost": 0.0035411740617494643,
            "storage_runtime": 2760.700069404602
        },
        "multi_cloud_plan": "multi",
        "percent_diff": 26.302703770376297,
        "profiling_cost": 157.6314236030109,
        "profiling_runtime": 60744.66727358445
    }
}