{
    "all": {
        "arachne": 31.401571540448543,
        "arachne_runtime": 6956.414988259397,
        "baseline_cost": 60.27233247573218,
        "baseline_runtime": 49949.44680309296,
        "exec_details": {
            "api_cost": 0.02228053155017495,
            "load_cost": 4.5496906305201845,
            "load_runtime": 3770.4618484973907,
            "moved_cost": 0.9760334491729736,
            "moved_queries": [
                "09",
                "10a",
                "10b",
                "11a",
                "11b",
                "11c",
                "18",
                "1a",
                "1d",
                "1e",
                "27",
                "3a",
                "3c",
                "3d",
                "6a",
                "6b",
                "6c",
                "6d",
                "7d",
                "8a",
                "8b",
                "8d",
                "9a",
                "9b",
                "9c"
            ],
            "moved_runtime": 2543.866,
            "moved_tables": [
                "catalog_sales",
                "customer",
                "customer_address",
                "customer_demographics",
                "date_dim",
                "item",
                "reason",
                "store",
                "store_sales"
            ],
            "mvmt_cost": 23.361270435007675,
            "mvmt_runtime": 642.0871397620067,
            "stayed_cost": 2.4781031882190705,
            "stayed_queries": [
                "04",
                "10c",
                "14",
                "1c",
                "1f",
                "2a",
                "2c",
                "2d",
                "2e",
                "36",
                "3e",
                "4a",
                "4b",
                "4c",
                "4d",
                "4e",
                "5a",
                "5b",
                "5c",
                "5d",
                "5e",
                "64",
                "75",
                "88"
            ],
            "stayed_runtime": 2053.6766753196716,
            "stayed_tables": [
                "call_center",
                "catalog_page",
                "catalog_returns",
                "household_demographics",
                "income_band",
                "inventory",
                "promotion",
                "ship_mode",
                "store_returns",
                "time_dim",
                "warehouse",
                "web_page",
                "web_returns",
                "web_sales",
                "web_site"
            ],
            "storage_cost": 0.014193305978464129,
            "storage_runtime": 6314.327848497391
        },
        "multi_cloud_plan": "multi",
        "percent_diff": 47.90052043681576,
        "profiling_cost": 101.3738387601297,
        "profiling_runtime": 60744.66727358444
    }
}