{
    "all": {
        "arachne": 32.04640896161961,
        "arachne_runtime": 5980.255864234474,
        "baseline_cost": 60.27233247573217,
        "baseline_runtime": 49949.44680309296,
        "exec_details": {
            "api_cost": 0.02220315751003325,
            "load_cost": 4.515034677619934,
            "load_runtime": 3741.741445541382,
            "moved_cost": 0.8283686637878418,
            "moved_queries": [
                "10a",
                "10b",
                "11a",
                "11b",
                "11c",
                "1a",
                "1d",
                "3a",
                "3c",
                "3d",
                "6a",
                "6b",
                "6c",
                "6d",
                "7d",
                "8a",
                "8b",
                "9a",
                "9b",
                "9c"
            ],
            "moved_runtime": 1596.93,
            "moved_tables": [
                "catalog_sales",
                "customer",
                "store_sales"
            ],
            "mvmt_cost": 23.342979766783653,
            "mvmt_runtime": 641.5844186930917,
            "stayed_cost": 3.3258318597586953,
            "stayed_queries": [
                "04",
                "09",
                "10c",
                "14",
                "18",
                "1c",
                "1e",
                "1f",
                "27",
                "2a",
                "2c",
                "2d",
                "2e",
                "36",
                "3e",
                "4a",
                "4b",
                "4c",
                "4d",
                "4e",
                "5a",
                "5b",
                "5c",
                "5d",
                "5e",
                "64",
                "75",
                "88",
                "8d"
            ],
            "stayed_runtime": 2756.214248418808,
            "stayed_tables": [
                "call_center",
                "catalog_page",
                "catalog_returns",
                "customer_address",
                "customer_demographics",
                "date_dim",
                "household_demographics",
                "income_band",
                "inventory",
                "item",
                "promotion",
                "reason",
                "ship_mode",
                "store",
                "store_returns",
                "time_dim",
                "warehouse",
                "web_page",
                "web_returns",
                "web_sales",
                "web_site"
            ],
            "storage_cost": 0.011990836159446685,
            "storage_runtime": 5338.671445541382
        },
        "multi_cloud_plan": "multi",
        "percent_diff": 46.83064742098265,
        "profiling_cost": 103.77605233358551,
        "profiling_runtime": 60744.66727358444
    }
}