{
    "all": {
        "arachne": 61.530163967006494,
        "arachne_runtime": 10272.724994504359,
        "baseline_cost": 81.67526149749756,
        "baseline_runtime": 4679.732000000001,
        "exec_details": {
            "api_cost": 0.030298229437389967,
            "load_cost": 6.167781738169988,
            "load_runtime": 5111.421329975128,
            "moved_cost": 5.176042238190972,
            "moved_queries": [
                "04",
                "09",
                "10c",
                "11a",
                "14",
                "18",
                "1a",
                "1c",
                "1d",
                "1e",
                "1f",
                "27",
                "2c",
                "2d",
                "2e",
                "36",
                "3d",
                "3e",
                "4a",
                "4b",
                "4c",
                "4d",
                "4e",
                "5a",
                "5b",
                "5c",
                "5d",
                "5e",
                "64",
                "75",
                "88",
                "8a",
                "8b",
                "8d",
                "9a",
                "9b"
            ],
            "moved_runtime": 4289.537766456604,
            "moved_tables": [
                "catalog_returns",
                "catalog_sales",
                "customer",
                "customer_address",
                "customer_demographics",
                "date_dim",
                "household_demographics",
                "income_band",
                "item",
                "promotion",
                "reason",
                "store",
                "store_returns",
                "store_sales",
                "time_dim",
                "web_returns",
                "web_sales"
            ],
            "mvmt_cost": 42.17894003508057,
            "mvmt_runtime": 871.7658980726264,
            "stayed_cost": 7.948411464691162,
            "stayed_queries": [
                "10a",
                "10b",
                "11b",
                "11c",
                "2a",
                "3a",
                "3c",
                "6a",
                "6b",
                "6c",
                "6d",
                "7d",
                "9c"
            ],
            "stayed_runtime": 1535.032,
            "stayed_tables": [
                "call_center",
                "catalog_page",
                "inventory",
                "ship_mode",
                "warehouse",
                "web_page",
                "web_site"
            ],
            "storage_cost": 0.028690261436412665,
            "storage_runtime": 9400.959096431732
        },
        "multi_cloud_plan": "move",
        "percent_diff": 24.664870563173267,
        "profiling_cost": 191.2624136313923,
        "profiling_runtime": 60744.667273584455
    }
}