{
    "call_center": {
        "profiling_cost": 95.93069904229023,
        "profiling_runtime": 32715.4597342637
    },
    "catalog_page": {
        "profiling_cost": 94.70946630475743,
        "profiling_runtime": 32532.4390827824
    },
    "catalog_returns": {
        "profiling_cost": 86.0977170739513,
        "profiling_runtime": 29391.29236860885
    },
    "catalog_sales": {
        "profiling_cost": 54.74224307516361,
        "profiling_runtime": 20459.061493281257
    },
    "customer": {
        "profiling_cost": 79.61903471747645,
        "profiling_runtime": 28081.9022135103
    },
    "customer_address": {
        "profiling_cost": 80.66283070022243,
        "profiling_runtime": 25998.34077357361
    },
    "customer_demographics": {
        "profiling_cost": 85.28185734221692,
        "profiling_runtime": 27076.83495792502
    },
    "date_dim": {
        "profiling_cost": 39.38831034805721,
        "profiling_runtime": 14993.96172583662
    },
    "household_demographics": {
        "profiling_cost": 87.54793619750656,
        "profiling_runtime": 27407.13599008377
    },
    "income_band": {
        "profiling_cost": 94.51158646108297,
        "profiling_runtime": 32559.16149322351
    },
    "inventory": {
        "profiling_cost": 95.06518289319388,
        "profiling_runtime": 31681.22572929196
    },
    "item": {
        "profiling_cost": 58.53236813115082,
        "profiling_runtime": 24037.19840243785
    },
    "promotion": {
        "profiling_cost": 91.00489761101997,
        "profiling_runtime": 31087.632112845815
    },
    "reason": {
        "profiling_cost": 93.84273951132347,
        "profiling_runtime": 32492.23391207766
    },
    "ship_mode": {
        "profiling_cost": 95.94106861750923,
        "profiling_runtime": 32785.342284479826
    },
    "store": {
        "profiling_cost": 69.0239473436856,
        "profiling_runtime": 22836.476551372456
    },
    "store_returns": {
        "profiling_cost": 83.04683150414367,
        "profiling_runtime": 29031.544262797524
    },
    "store_sales": {
        "profiling_cost": 24.996227196641506,
        "profiling_runtime": 10348.607725115653
    },
    "time_dim": {
        "profiling_cost": 93.65152504463326,
        "profiling_runtime": 31990.051272226417
    },
    "warehouse": {
        "profiling_cost": 94.71613487837477,
        "profiling_runtime": 31758.10428941243
    },
    "web_page": {
        "profiling_cost": 95.60153872817426,
        "profiling_runtime": 32637.52915651586
    },
    "web_returns": {
        "profiling_cost": 89.11265653439169,
        "profiling_runtime": 30560.770548135275
    },
    "web_sales": {
        "profiling_cost": 64.38005454812749,
        "profiling_runtime": 24510.438271172192
    },
    "web_site": {
        "profiling_cost": 94.22481373597516,
        "profiling_runtime": 32289.45300864125
    }
}