{
    "call_center": 1.3751044273376465,
    "catalog_page": 1.3176207542419434,
    "catalog_returns": 273.2715997695923,
    "catalog_sales": 3904.713735103607,
    "customer": 28.705748319625854,
    "customer_address": 14.959801197052002,
    "customer_demographics": 1.7879080772399902,
    "date_dim": 1.585996150970459,
    "household_demographics": 1.1927552223205566,
    "income_band": 1.2112791538238525,
    "inventory": 309.79212069511414,
    "item": 3.1055848598480225,
    "promotion": 1.3487217426300049,
    "reason": 1.1326711177825928,
    "ship_mode": 1.3297240734100342,
    "store": 1.4244329929351807,
    "store_returns": 650.6181035041809,
    "store_sales": 6219.596509218216,
    "time_dim": 1.5011866092681885,
    "warehouse": 2.2539596557617188,
    "web_page": 1.1641476154327393,
    "web_returns": 137.70982789993286,
    "web_sales": 1683.2694010734558,
    "web_site": 1.3739850521087646,
    "transfer": 858.785
}
