{
    "01": 91.99896955490112,
    "02": 317.47481775283813,
    "03": 65.05812907218933,
    "05": 228.29181146621704,
    "06": 39.218727350234985,
    "07": 147.92297077178955,
    "08": 63.09089016914368,
    "10": 77.59635019302368,
    "11": 879.0379004478455,
    "12": 28.2772216796875,
    "13": 180.37610578536987,
    "15": 112.31710815429688,
    "16": 539.0253188610077,
    "17": 209.2932047843933,
    "19": 145.40580987930298,
    "20": 59.8641791343689,
    "21": 6.577904224395752,
    "22": 85.83299350738525,
    "23": 1978.9910271167755,
    "24": 278.7507586479187,
    "25": 251.76592254638672,
    "26": 180.97022938728333,
    "27": 354.44149518013,
    "28": 654.486465215683,
    "29": 263.26816153526306,
    "30": 50.24353575706482,
    "31": 245.27705669403076,
    "32": 52.86382055282593,
    "33": 10.495342254638672,
    "34": 42.06327247619629,
    "35": 148.52701258659363,
    "36": 210.25819396972656,
    "37": 9.174771308898926,
    "38": 314.50278520584106,
    "39": 13.427358150482178,
    "40": 8.785526514053345,
    "41": 7.2738988399505615,
    "42": 40.89944362640381,
    "43": 1.3374881744384766,
    "44": 219.84519004821777,
    "45": 45.75105595588684,
    "46": 111.01745867729187,
    "47": 325.63572573661804,
    "48": 88.53874015808105,
    "49": 188.20306873321533,
    "50": 174.02775192260742,
    "51": 233.62966346740723,
    "52": 35.30863404273987,
    "53": 45.188408613204956,
    "54": 63.01598000526428,
    "55": 37.358524560928345,
    "56": 14.479915142059326,
    "57": 126.1496913433075,
    "58": 144.26152968406677,
    "59": 124.66536927223206,
    "60": 11.09291410446167,
    "61": 1.9223108291625977,
    "62": 23.10648274421692,
    "63": 42.63457918167114,
    "64": 711.8221533298492,
    "65": 105.13727879524231,
    "66": 136.71699023246765,
    "67": 1593.8953244686127,
    "68": 119.15280270576477,
    "69": 179.6119019985199,
    "70": 110.30485320091248,
    "71": 65.95010709762573,
    "72": 765.0422818660736,
    "73": 29.914167881011963,
    "74": 431.7385182380676,
    "76": 112.64926338195801,
    "77": 91.95472550392151,
    "78": 1173.3694376945496,
    "79": 101.51988935470581,
    "80": 470.36267733573914,
    "81": 69.84965515136719,
    "82": 19.001317501068115,
    "83": 40.34909415245056,
    "84": 14.996696472167969,
    "85": 42.57338809967041,
    "86": 43.39015030860901,
    "87": 228.84083032608032,
    "89": 25.15242862701416,
    "90": 14.002750873565674,
    "91": 11.424635887145996,
    "92": 36.29276704788208,
    "93": 80.48716306686401,
    "94": 189.578195810318,
    "95": 58.75670671463013,
    "96": 24.540466785430908,
    "97": 209.9490065574646,
    "98": 15.659448623657227,
    "99": 221.38037872314453
}
