{
    "call_center": {
        "profiling_cost": 30.39175944957962,
        "profiling_runtime": 9530.917019182121
    },
    "catalog_page": {
        "profiling_cost": 30.037815158140713,
        "profiling_runtime": 9516.318316212219
    },
    "catalog_returns": {
        "profiling_cost": 27.41103543766181,
        "profiling_runtime": 8562.10645049097
    },
    "catalog_sales": {
        "profiling_cost": 17.538479160713354,
        "profiling_runtime": 6004.832151783712
    },
    "customer": {
        "profiling_cost": 25.602670715146743,
        "profiling_runtime": 8477.092762414139
    },
    "customer_address": {
        "profiling_cost": 26.119840170135646,
        "profiling_runtime": 8588.932202378346
    },
    "customer_demographics": {
        "profiling_cost": 27.546400392750332,
        "profiling_runtime": 8966.04219014902
    },
    "date_dim": {
        "profiling_cost": 13.858125030602329,
        "profiling_runtime": 5729.312167868201
    },
    "household_demographics": {
        "profiling_cost": 28.251211846326402,
        "profiling_runtime": 9144.981612661013
    },
    "income_band": {
        "profiling_cost": 30.000245387730267,
        "profiling_runtime": 9604.147402792187
    },
    "inventory": {
        "profiling_cost": 30.155853782379065,
        "profiling_runtime": 9250.476141921816
    },
    "item": {
        "profiling_cost": 19.262311647938972,
        "profiling_runtime": 7353.589375199701
    },
    "promotion": {
        "profiling_cost": 28.966603184985257,
        "profiling_runtime": 9200.404239574023
    },
    "reason": {
        "profiling_cost": 29.81333330537575,
        "profiling_runtime": 9640.746487569999
    },
    "ship_mode": {
        "profiling_cost": 30.423768074672843,
        "profiling_runtime": 9633.76683318885
    },
    "store": {
        "profiling_cost": 22.768729180837862,
        "profiling_runtime": 8162.916726116628
    },
    "store_returns": {
        "profiling_cost": 26.541854505598874,
        "profiling_runtime": 8669.340982741012
    },
    "store_sales": {
        "profiling_cost": 8.648417651475423,
        "profiling_runtime": 4127.36737844373
    },
    "time_dim": {
        "profiling_cost": 29.77913314766061,
        "profiling_runtime": 9567.730490554934
    },
    "warehouse": {
        "profiling_cost": 30.06190606943749,
        "profiling_runtime": 9290.972530862955
    },
    "web_page": {
        "profiling_cost": 30.311782573754986,
        "profiling_runtime": 9571.693235563187
    },
    "web_returns": {
        "profiling_cost": 28.35300217506581,
        "profiling_runtime": 8984.185147850678
    },
    "web_sales": {
        "profiling_cost": 20.581243672125137,
        "profiling_runtime": 7002.527241244326
    },
    "web_site": {
        "profiling_cost": 29.89147053236821,
        "profiling_runtime": 9426.152514266112
    }
}