{
    "01": 2.3376126289367676,
    "02": 4.450439929962158,
    "03": 6.320058345794678,
    "04": 69.5730721950531,
    "05": 26.160536289215088,
    "06": 4.193671464920044,
    "07": 24.524229526519775,
    "08": 6.782886266708374,
    "09": 50.164944887161255,
    "10": 4.770920515060425,
    "11": 36.36138463020325,
    "12": 6.5130462646484375,
    "13": 33.8745014667511,
    "14": 62.582603216171265,
    "15": 8.099550247192383,
    "16": 54.16128849983215,
    "17": 23.28306555747986,
    "18": 45.84454298019409,
    "19": 21.809032678604126,
    "20": 1.2082252502441406,
    "21": 6.257417917251587,
    "22": 5.607154607772827,
    "23": 34.49953079223633,
    "24": 20.538994789123535,
    "25": 29.66537070274353,
    "26": 12.514362096786499,
    "27": 42.63561153411865,
    "28": 94.92045783996582,
    "29": 14.10926628112793,
    "30": 18.304030179977417,
    "31": 31.352235317230225,
    "32": 1.9902503490447998,
    "33": 27.710713386535645,
    "34": 4.872206211090088,
    "35": 14.253079175949097,
    "36": 48.974616289138794,
    "37": 1.6559929847717285,
    "38": 5.692964553833008,
    "39": 9.58598256111145,
    "40": 13.934306621551514,
    "41": 0.541269063949585,
    "42": 0.29060959815979004,
    "43": 5.747654914855957,
    "44": 30.147013664245605,
    "45": 5.078918218612671,
    "46": 24.340001583099365,
    "47": 41.89975571632385,
    "48": 25.457934856414795,
    "49": 35.8190279006958,
    "50": 5.899420499801636,
    "51": 14.00141716003418,
    "52": 0.14819049835205078,
    "53": 19.60420274734497,
    "54": 20.48932933807373,
    "55": 5.06317663192749,
    "56": 12.652347087860107,
    "57": 22.192848682403564,
    "58": 5.441418647766113,
    "59": 8.253851413726807,
    "60": 13.407886505126953,
    "61": 23.807759523391724,
    "62": 0.9739294052124023,
    "63": 7.67517876625061,
    "64": 78.11092329025269,
    "65": 14.374309778213501,
    "66": 7.817172527313232,
    "67": 178.72792983055115,
    "68": 23.74487614631653,
    "69": 22.47030258178711,
    "70": 21.659032821655273,
    "71": 13.893249988555908,
    "72": 15.41250467300415,
    "73": 4.370797634124756,
    "74": 22.61426830291748,
    "75": 33.74787878990173,
    "76": 14.631754398345947,
    "77": 22.778655767440796,
    "78": 43.804399728775024,
    "79": 23.191293478012085,
    "80": 57.662275314331055,
    "81": 11.423468112945557,
    "82": 0.7064063549041748,
    "83": 6.37645411491394,
    "84": 0.9275822639465332,
    "85": 6.16510796546936,
    "86": 2.035764217376709,
    "87": 5.723364353179932,
    "88": 24.124407291412354,
    "89": 19.83606243133545,
    "90": 9.931013107299805,
    "91": 9.26741886138916,
    "92": 5.669993877410889,
    "93": 0.3371593952178955,
    "94": 25.442078113555908,
    "95": 3.3491759300231934,
    "96": 2.9743399620056152,
    "97": 8.63003134727478,
    "98": 7.097395420074463,
    "99": 12.621662855148315
}