{
    "all": {
        "arachne": 4.000462957975314,
        "arachne_runtime": 2022.2838465213779,
        "baseline_cost": 6.676416558675211,
        "baseline_runtime": 22131.76759781838,
        "exec_details": {
            "api_cost": 0.0022429134735256436,
            "load_cost": 0.12639529257535936,
            "load_runtime": 418.98992013931274,
            "moved_cost": 0.9319901466369629,
            "moved_queries": [
                "10a",
                "10b",
                "10c",
                "11a",
                "11b",
                "11c",
                "6a",
                "6d",
                "7d",
                "8a",
                "8b",
                "8c",
                "9a",
                "9b",
                "9c"
            ],
            "moved_runtime": 96.43599999999999,
            "moved_tables": [
                "catalog_sales",
                "customer",
                "store_sales"
            ],
            "mvmt_cost": 2.3296634416987265,
            "mvmt_runtime": 64.03106115525588,
            "stayed_cost": 0.610055627033949,
            "stayed_queries": [
                "04",
                "09",
                "14",
                "18",
                "1a",
                "1b",
                "1c",
                "1d",
                "1e",
                "27",
                "2a",
                "2b",
                "2c",
                "2d",
                "36",
                "3b",
                "3c",
                "3d",
                "4a",
                "4b",
                "4c",
                "4d",
                "4e",
                "5a",
                "5b",
                "5c",
                "5d",
                "5e",
                "64",
                "6b",
                "6c",
                "75",
                "88"
            ],
            "stayed_runtime": 2022.2838465213779,
            "stayed_tables": [
                "call_center",
                "catalog_page",
                "catalog_returns",
                "customer_address",
                "customer_demographics",
                "date_dim",
                "household_demographics",
                "income_band",
                "inventory",
                "item",
                "promotion",
                "reason",
                "ship_mode",
                "store",
                "store_returns",
                "time_dim",
                "warehouse",
                "web_page",
                "web_returns",
                "web_sales",
                "web_site"
            ],
            "storage_cost": 0.00011553655678983567,
            "storage_runtime": 515.4259201393127
        },
        "multi_cloud_plan": "multi",
        "percent_diff": 40.08068665552051,
        "profiling_cost": 16.395808831997286,
        "profiling_runtime": 23649.87766156475
    }
}