{
    "call_center": {
        "arachne": 32.859840869903564,
        "arachne_runtime": 29449.217000000015,
        "bq": 32.859840869903564,
        "bq_baseline_runtime": 29449.217000000015,
        "multi_cloud_plan": "gcp",
        "percent_diff": 0.0,
        "profiling_cost": 102.43961625381496,
        "profiling_runtime": 45939.66304227086
    },
    "catalog_page": {
        "arachne": 31.03767466545105,
        "arachne_runtime": 29104.663000000004,
        "bq": 31.03767466545105,
        "bq_baseline_runtime": 29104.663000000004,
        "multi_cloud_plan": "gcp",
        "percent_diff": 0.0,
        "profiling_cost": 100.47206169385338,
        "profiling_runtime": 45475.15293996297
    },
    "catalog_returns": {
        "arachne": 27.185323476791382,
        "arachne_runtime": 20833.994000000002,
        "bq": 27.185323476791382,
        "bq_baseline_runtime": 20833.994000000002,
        "multi_cloud_plan": "gcp",
        "percent_diff": 0.0,
        "profiling_cost": 92.4415372895128,
        "profiling_runtime": 35022.07200460514
    },
    "catalog_sales": {
        "arachne": 14.53734040260315,
        "arachne_runtime": 12311.432999999997,
        "bq": 14.53734040260315,
        "bq_baseline_runtime": 12311.432999999997,
        "multi_cloud_plan": "gcp",
        "percent_diff": 0.0,
        "profiling_cost": 59.78371127122506,
        "profiling_runtime": 21606.498340940376
    },
    "customer": {
        "arachne": 25.99637770652771,
        "arachne_runtime": 23349.041000000005,
        "bq": 25.99637770652771,
        "bq_baseline_runtime": 23349.041000000005,
        "multi_cloud_plan": "gcp",
        "percent_diff": 0.0,
        "profiling_cost": 90.42363560640905,
        "profiling_runtime": 35665.71913469424
    },
    "customer_address": {
        "arachne": 26.871885061264038,
        "arachne_runtime": 23769.817000000003,
        "bq": 26.871885061264038,
        "bq_baseline_runtime": 23769.817000000003,
        "multi_cloud_plan": "gcp",
        "percent_diff": 0.0,
        "profiling_cost": 93.81898405357637,
        "profiling_runtime": 38109.0255709083
    },
    "customer_demographics": {
        "arachne": 29.003734588623047,
        "arachne_runtime": 21214.163000000008,
        "bq": 29.003734588623047,
        "bq_baseline_runtime": 21214.163000000008,
        "multi_cloud_plan": "gcp",
        "percent_diff": 0.0,
        "profiling_cost": 96.54499781521359,
        "profiling_runtime": 36021.499772808806
    },
    "date_dim": {
        "arachne": 3.7115585803985596,
        "arachne_runtime": 2806.467,
        "bq": 3.7115585803985596,
        "bq_baseline_runtime": 2806.467,
        "multi_cloud_plan": "gcp",
        "percent_diff": 0.0,
        "profiling_cost": 61.292128453297835,
        "profiling_runtime": 9383.245532003053
    },
    "household_demographics": {
        "arachne": 29.560726642608643,
        "arachne_runtime": 21505.640000000007,
        "bq": 29.560726642608643,
        "bq_baseline_runtime": 21505.640000000007,
        "multi_cloud_plan": "gcp",
        "percent_diff": 0.0,
        "profiling_cost": 98.07431384972226,
        "profiling_runtime": 37115.19343576988
    },
    "income_band": {
        "arachne": 32.34671330451965,
        "arachne_runtime": 29432.815000000002,
        "bq": 32.34671330451965,
        "bq_baseline_runtime": 29432.815000000002,
        "multi_cloud_plan": "gcp",
        "percent_diff": 0.0,
        "profiling_cost": 101.8403699028722,
        "profiling_runtime": 45852.10797049996
    },
    "inventory": {
        "arachne": 32.72633647918701,
        "arachne_runtime": 23872.071,
        "bq": 32.72633647918701,
        "bq_baseline_runtime": 23872.071,
        "multi_cloud_plan": "gcp",
        "percent_diff": 0.0,
        "profiling_cost": 101.11442764498754,
        "profiling_runtime": 39879.26604892686
    },
    "item": {
        "arachne": 12.301039218902588,
        "arachne_runtime": 11228.742000000002,
        "bq": 12.301039218902588,
        "bq_baseline_runtime": 11228.742000000002,
        "multi_cloud_plan": "gcp",
        "percent_diff": 0.0,
        "profiling_cost": 75.79398526929882,
        "profiling_runtime": 22693.59466956548
    },
    "promotion": {
        "arachne": 29.947139024734497,
        "arachne_runtime": 22579.337000000014,
        "bq": 29.947139024734497,
        "bq_baseline_runtime": 22579.337000000014,
        "multi_cloud_plan": "gcp",
        "percent_diff": 0.0,
        "profiling_cost": 98.54062628966554,
        "profiling_runtime": 38254.90866784863
    },
    "reason": {
        "arachne": 32.20480418205261,
        "arachne_runtime": 29149.64400000001,
        "bq": 32.20480418205261,
        "bq_baseline_runtime": 29149.64400000001,
        "multi_cloud_plan": "gcp",
        "percent_diff": 0.0,
        "profiling_cost": 101.57648917500372,
        "profiling_runtime": 45468.16292841235
    },
    "ship_mode": {
        "arachne": 33.01585412025452,
        "arachne_runtime": 29704.262000000006,
        "bq": 33.01585412025452,
        "bq_baseline_runtime": 29704.262000000006,
        "multi_cloud_plan": "gcp",
        "percent_diff": 0.0,
        "profiling_cost": 102.68732104068823,
        "profiling_runtime": 46270.463675188264
    },
    "store": {
        "arachne": 19.025420427322388,
        "arachne_runtime": 19434.616,
        "bq": 19.025420427322388,
        "bq_baseline_runtime": 19434.616,
        "multi_cloud_plan": "gcp",
        "percent_diff": 0.0,
        "profiling_cost": 84.78195691261575,
        "profiling_runtime": 32766.27341693042
    },
    "store_returns": {
        "arachne": 25.956111431121826,
        "arachne_runtime": 24971.006999999998,
        "bq": 25.956111431121826,
        "bq_baseline_runtime": 24971.006999999998,
        "multi_cloud_plan": "gcp",
        "percent_diff": 0.0,
        "profiling_cost": 90.16911094513604,
        "profiling_runtime": 39062.40409507767
    },
    "store_sales": {
        "arachne": 3.295799732208252,
        "arachne_runtime": 8720.064999999999,
        "bq": 3.295799732208252,
        "bq_baseline_runtime": 8720.064999999999,
        "multi_cloud_plan": "gcp",
        "percent_diff": 0.0,
        "profiling_cost": 38.405312233575344,
        "profiling_runtime": 13770.831041177322
    },
    "time_dim": {
        "arachne": 31.900821924209595,
        "arachne_runtime": 28742.78100000001,
        "bq": 31.900821924209595,
        "bq_baseline_runtime": 28742.78100000001,
        "multi_cloud_plan": "gcp",
        "percent_diff": 0.0,
        "profiling_cost": 101.41528206283513,
        "profiling_runtime": 45179.38058038853
    },
    "warehouse": {
        "arachne": 32.41450023651123,
        "arachne_runtime": 23665.579000000005,
        "bq": 32.41450023651123,
        "bq_baseline_runtime": 23665.579000000005,
        "multi_cloud_plan": "gcp",
        "percent_diff": 0.0,
        "profiling_cost": 101.43406656748476,
        "profiling_runtime": 39693.17418771713
    },
    "web_page": {
        "arachne": 32.3940224647522,
        "arachne_runtime": 29591.187000000005,
        "bq": 32.3940224647522,
        "bq_baseline_runtime": 29591.187000000005,
        "multi_cloud_plan": "gcp",
        "percent_diff": 0.0,
        "profiling_cost": 101.9292075514753,
        "profiling_runtime": 46044.79838279224
    },
    "web_returns": {
        "arachne": 28.361627101898193,
        "arachne_runtime": 27105.24000000002,
        "bq": 28.361627101898193,
        "bq_baseline_runtime": 27105.24000000002,
        "multi_cloud_plan": "gcp",
        "percent_diff": 0.0,
        "profiling_cost": 95.17542704141584,
        "profiling_runtime": 41923.93132459258
    },
    "web_sales": {
        "arachne": 16.86079478263855,
        "arachne_runtime": 19348.598999999995,
        "bq": 16.86079478263855,
        "bq_baseline_runtime": 19348.598999999995,
        "multi_cloud_plan": "gcp",
        "percent_diff": 0.0,