{
    "call_center": {
        "arachne": 64.60973384301052,
        "arachne_runtime": 12386.330213751044,
        "bq": 131.43936347961426,
        "bq_baseline_runtime": 29449.217,
        "multi_cloud_plan": "aws",
        "percent_diff": 50.844456232450305,
        "profiling_cost": 201.01913886352568,
        "profiling_runtime": 45939.66304227086
    },
    "catalog_page": {
        "arachne": 64.42898970841824,
        "arachne_runtime": 12237.162770300503,
        "bq": 124.1506986618042,
        "bq_baseline_runtime": 29104.663000000004,
        "multi_cloud_plan": "aws",
        "percent_diff": 48.10420690106011,
        "profiling_cost": 193.58508569020648,
        "profiling_runtime": 45475.15293996298
    },
    "catalog_returns": {
        "arachne": 61.29821307923915,
        "arachne_runtime": 10919.986849412653,
        "bq": 108.74129390716553,
        "bq_baseline_runtime": 20833.994000000006,
        "multi_cloud_plan": "aws",
        "percent_diff": 43.62931424048478,
        "profiling_cost": 173.9975077198869,
        "profiling_runtime": 35022.072004605136
    },
    "catalog_sales": {
        "arachne": 37.56342986358103,
        "arachne_runtime": 7851.064696371194,
        "bq": 58.1493616104126,
        "bq_baseline_runtime": 12311.433,
        "multi_cloud_plan": "multi",
        "percent_diff": 35.401818999755484,
        "profiling_cost": 103.39573247903455,
        "profiling_runtime": 21606.498340940383
    },
    "customer": {
        "arachne": 61.43250993027505,
        "arachne_runtime": 9844.562218824733,
        "bq": 103.98551082611084,
        "bq_baseline_runtime": 23349.041000000012,
        "multi_cloud_plan": "aws",
        "percent_diff": 40.92204823323395,
        "profiling_cost": 168.41276872599218,
        "profiling_runtime": 35665.719134694235
    },
    "customer_address": {
        "arachne": 62.9569661624223,
        "arachne_runtime": 11044.705378627736,
        "bq": 107.48754024505615,
        "bq_baseline_runtime": 23769.817000000003,
        "multi_cloud_plan": "aws",
        "percent_diff": 41.428591612674865,
        "profiling_cost": 174.43463923736846,
        "profiling_runtime": 38109.0255709083
    },
    "customer_demographics": {
        "arachne": 63.41446138442131,
        "arachne_runtime": 11399.92185906028,
        "bq": 116.01493835449219,
        "bq_baseline_runtime": 21214.163000000004,
        "multi_cloud_plan": "aws",
        "percent_diff": 45.33940000842499,
        "profiling_cost": 183.55620158108272,
        "profiling_runtime": 36021.49977280881
    },
    "date_dim": {
        "arachne": 14.846234321594238,
        "arachne_runtime": 2806.467,
        "bq": 14.846234321594238,
        "bq_baseline_runtime": 2806.467,
        "multi_cloud_plan": "gcp",
        "percent_diff": 0.0,
        "profiling_cost": 72.42680419449354,
        "profiling_runtime": 9383.245532003053
    },
    "household_demographics": {
        "arachne": 63.99374565765602,
        "arachne_runtime": 11877.405555598303,
        "bq": 118.24290657043457,
        "bq_baseline_runtime": 21505.64000000001,
        "multi_cloud_plan": "aws",
        "percent_diff": 45.87942100396828,
        "profiling_cost": 186.75649377754806,
        "profiling_runtime": 37115.19343576988
    },
    "income_band": {
        "arachne": 64.49653330027554,
        "arachne_runtime": 12292.80192954918,
        "bq": 129.3868532180786,
        "bq_baseline_runtime": 29432.815000000013,
        "multi_cloud_plan": "aws",
        "percent_diff": 50.15217412269229,
        "profiling_cost": 198.88050981643124,
        "profiling_runtime": 45852.10797049996
    },
    "inventory": {
        "arachne": 63.6993048322267,
        "arachne_runtime": 12135.311152331862,
        "bq": 130.90534591674805,
        "bq_baseline_runtime": 23872.071000000004,
        "multi_cloud_plan": "aws",
        "percent_diff": 51.33941674716815,
        "profiling_cost": 199.2934370825485,
        "profiling_runtime": 39879.26604892687
    },
    "item": {
        "arachne": 49.20415687561035,
        "arachne_runtime": 11228.742,
        "bq": 49.20415687561035,
        "bq_baseline_runtime": 11228.742,
        "multi_cloud_plan": "gcp",
        "percent_diff": 0.0,
        "profiling_cost": 112.69710292600655,
        "profiling_runtime": 22693.594669565475
    },
    "promotion": {
        "arachne": 63.95193714513038,
        "arachne_runtime": 11842.858663015399,
        "bq": 119.78855609893799,
        "bq_baseline_runtime": 22579.337000000003,
        "multi_cloud_plan": "aws",
        "percent_diff": 46.61264879734421,
        "profiling_cost": 188.382043363869,
        "profiling_runtime": 38254.90866784862
    },
    "reason": {
        "arachne": 64.57973752466937,
        "arachne_runtime": 12361.546165106683,
        "bq": 128.81921672821045,
        "bq_baseline_runtime": 29149.644000000004,
        "multi_cloud_plan": "aws",
        "percent_diff": 49.86793184674993,
        "profiling_cost": 198.1909017211615,
        "profiling_runtime": 45468.16292841236
    },
    "ship_mode": {
        "arachne": 64.73017223957346,
        "arachne_runtime": 12485.836783891875,
        "bq": 132.06341648101807,
        "bq_baseline_runtime": 29704.262000000002,
        "multi_cloud_plan": "aws",
        "percent_diff": 50.9855386416742,
        "profiling_cost": 201.7348834014518,
        "profiling_runtime": 46270.463675188264
    },
    "store": {
        "arachne": 61.715906942605955,
        "arachne_runtime": 9995.605172603722,
        "bq": 76.10168170928955,
        "bq_baseline_runtime": 19434.615999999998,
        "multi_cloud_plan": "aws",
        "percent_diff": 18.903359877955968,
        "profiling_cost": 141.85821819458283,
        "profiling_runtime": 32766.273416930428
    },
    "store_returns": {
        "arachne": 60.076288921459074,
        "arachne_runtime": 16456.514376595856,
        "bq": 103.8244457244873,
        "bq_baseline_runtime": 24971.007000000005,
        "multi_cloud_plan": "multi",
        "percent_diff": 42.13666299661266,
        "profiling_cost": 168.03744523850148,
        "profiling_runtime": 39062.404095077676
    },
    "store_sales": {
        "arachne": 12.7987062808419,
        "arachne_runtime": 8796.937038474867,
        "bq": 13.183198928833008,
        "bq_baseline_runtime": 8720.065,
        "multi_cloud_plan": "multi",
        "percent_diff": 2.9165352815103387,
        "profiling_cost": 48.2927114302001,
        "profiling_runtime": 13770.831041177322
    },
    "time_dim": {
        "arachne": 64.65052545323017,
        "arachne_runtime": 12420.150238847225,
        "bq": 127.60328769683838,
        "bq_baseline_runtime": 28742.781000000003,
        "multi_cloud_plan": "aws",
        "percent_diff": 49.334749425243835,
        "profiling_cost": 197.11774783546397,
        "profiling_runtime": 45179.38058038852
    },
    "warehouse": {
        "arachne": 64.05455114286896,
        "arachne_runtime": 12270.277385478914,
        "bq": 129.65800094604492,
        "bq_baseline_runtime": 23665.578999999994,
        "multi_cloud_plan": "multi",
        "percent_diff": 50.59730161232069,
        "profiling_cost": 198.6775672770184,
        "profiling_runtime": 39693.17418771712
    },
    "web_page": {
        "arachne": 64.60787727829143,
        "arachne_runtime": 12384.80258018184,
        "bq": 129.5760898590088,
        "bq_baseline_runtime": 29591.186999999998,
        "multi_cloud_plan": "aws",
        "percent_diff": 50.13904390185644,
        "profiling_cost": 199.11127494573196,
        "profiling_runtime": 46044.79838279222
    },
    "web_returns": {
        "arachne": 62.68727990135563,
        "arachne_runtime": 11411.52057025801,
        "bq": 113.44650840759277,
        "bq_baseline_runtime": 27105.239999999998,
        "multi_cloud_plan": "aws",
        "percent_diff": 44.742874169267886,
        "profiling_cost": 180.2603083471104,