{
    "call_center": {
        "arachne": 93.8852596282959,
        "arachne_runtime": 29449.217,
        "bq": 93.8852596282959,
        "bq_baseline_runtime": 29449.217,
        "multi_cloud_plan": "gcp",
        "percent_diff": 0.0,
        "profiling_cost": 199.20282499069933,
        "profiling_runtime": 45939.66304227089
    },
    "catalog_page": {
        "arachne": 88.67907047271729,
        "arachne_runtime": 29104.663000000004,
        "bq": 88.67907047271729,
        "bq_baseline_runtime": 29104.663000000004,
        "multi_cloud_plan": "gcp",
        "percent_diff": 0.0,
        "profiling_cost": 193.851103652896,
        "profiling_runtime": 45475.15293996298
    },
    "catalog_returns": {
        "arachne": 77.67235279083252,
        "arachne_runtime": 20833.994000000006,
        "bq": 77.67235279083252,
        "bq_baseline_runtime": 20833.994000000006,
        "multi_cloud_plan": "gcp",
        "percent_diff": 0.0,
        "profiling_cost": 177.56052541076713,
        "profiling_runtime": 35022.07200460514
    },
    "catalog_sales": {
        "arachne": 41.535258293151855,
        "arachne_runtime": 12311.433,
        "bq": 41.535258293151855,
        "bq_baseline_runtime": 12311.433,
        "multi_cloud_plan": "gcp",
        "percent_diff": 0.0,
        "profiling_cost": 111.27343180891089,
        "profiling_runtime": 21606.498340940376
    },
    "customer": {
        "arachne": 74.27536487579346,
        "arachne_runtime": 23349.041000000005,
        "bq": 74.27536487579346,
        "bq_baseline_runtime": 23349.041000000005,
        "multi_cloud_plan": "gcp",
        "percent_diff": 0.0,
        "profiling_cost": 174.36786566223208,
        "profiling_runtime": 35665.719134694235
    },
    "customer_address": {
        "arachne": 76.7768144607544,
        "arachne_runtime": 23769.816999999992,
        "bq": 76.7768144607544,
        "bq_baseline_runtime": 23769.816999999992,
        "multi_cloud_plan": "gcp",
        "percent_diff": 0.0,
        "profiling_cost": 179.44088502284978,
        "profiling_runtime": 38109.025570908285
    },
    "customer_demographics": {
        "arachne": 82.86781311035156,
        "arachne_runtime": 21214.163,
        "bq": 82.86781311035156,
        "bq_baseline_runtime": 21214.163,
        "multi_cloud_plan": "gcp",
        "percent_diff": 0.0,
        "profiling_cost": 186.14588278357263,
        "profiling_runtime": 36021.49977280881
    },
    "date_dim": {
        "arachne": 10.604453086853027,
        "arachne_runtime": 2806.4670000000006,
        "bq": 10.604453086853027,
        "bq_baseline_runtime": 2806.4670000000006,
        "multi_cloud_plan": "gcp",
        "percent_diff": 0.0,
        "profiling_cost": 103.92264436116102,
        "profiling_runtime": 9383.245532003053
    },
    "household_demographics": {
        "arachne": 84.45921897888184,
        "arachne_runtime": 21505.640000000007,
        "bq": 84.45921897888184,
        "bq_baseline_runtime": 21505.640000000007,
        "multi_cloud_plan": "gcp",
        "percent_diff": 0.0,
        "profiling_cost": 188.71059399187487,
        "profiling_runtime": 37115.19343576986
    },
    "income_band": {
        "arachne": 92.41918087005615,
        "arachne_runtime": 29432.815000000002,
        "bq": 92.41918087005615,
        "bq_baseline_runtime": 29432.815000000002,
        "multi_cloud_plan": "gcp",
        "percent_diff": 0.0,
        "profiling_cost": 197.65062822071334,
        "profiling_runtime": 45852.107970499965
    },
    "inventory": {
        "arachne": 93.50381851196289,
        "arachne_runtime": 23872.071,
        "bq": 93.50381851196289,
        "bq_baseline_runtime": 23872.071,
        "multi_cloud_plan": "gcp",
        "percent_diff": 0.0,
        "profiling_cost": 197.19316455838262,
        "profiling_runtime": 39879.266048926875
    },
    "item": {
        "arachne": 35.14582633972168,
        "arachne_runtime": 11228.742,
        "bq": 35.14582633972168,
        "bq_baseline_runtime": 11228.742,
        "multi_cloud_plan": "gcp",
        "percent_diff": 0.0,
        "profiling_cost": 134.37359682929795,
        "profiling_runtime": 22693.594669565475
    },
    "promotion": {
        "arachne": 85.56325435638428,
        "arachne_runtime": 22579.33700000001,
        "bq": 85.56325435638428,
        "bq_baseline_runtime": 22579.33700000001,
        "multi_cloud_plan": "gcp",
        "percent_diff": 0.0,
        "profiling_cost": 189.89452592433696,
        "profiling_runtime": 38254.90866784863
    },
    "reason": {
        "arachne": 92.01372623443604,
        "arachne_runtime": 29149.644000000008,
        "bq": 92.01372623443604,
        "bq_baseline_runtime": 29149.644000000008,
        "multi_cloud_plan": "gcp",
        "percent_diff": 0.0,
        "profiling_cost": 197.12320190005443,
        "profiling_runtime": 45468.16292841236
    },
    "ship_mode": {
        "arachne": 94.33101177215576,
        "arachne_runtime": 29704.261999999988,
        "bq": 94.33101177215576,
        "bq_baseline_runtime": 29704.261999999988,
        "multi_cloud_plan": "gcp",
        "percent_diff": 0.0,
        "profiling_cost": 199.74026937768537,
        "profiling_runtime": 46270.46367518828
    },
    "store": {
        "arachne": 54.358344078063965,
        "arachne_runtime": 19434.616,
        "bq": 54.358344078063965,
        "bq_baseline_runtime": 19434.616,
        "multi_cloud_plan": "gcp",
        "percent_diff": 0.0,
        "profiling_cost": 155.8526629185876,
        "profiling_runtime": 32766.273416930417
    },
    "store_returns": {
        "arachne": 74.16031837463379,
        "arachne_runtime": 24971.007,
        "bq": 74.16031837463379,
        "bq_baseline_runtime": 24971.007,
        "multi_cloud_plan": "gcp",
        "percent_diff": 0.0,
        "profiling_cost": 172.3388483227963,
        "profiling_runtime": 39062.40409507768
    },
    "store_sales": {
        "arachne": 9.416570663452148,
        "arachne_runtime": 8720.064999999997,
        "bq": 9.416570663452148,
        "bq_baseline_runtime": 8720.064999999997,
        "multi_cloud_plan": "gcp",
        "percent_diff": 0.0,
        "profiling_cost": 65.41465489722673,
        "profiling_runtime": 13770.831041177327
    },
    "time_dim": {
        "arachne": 91.1452054977417,
        "arachne_runtime": 28742.781000000017,
        "bq": 91.1452054977417,
        "bq_baseline_runtime": 28742.781000000017,
        "multi_cloud_plan": "gcp",
        "percent_diff": 0.0,
        "profiling_cost": 196.39735318890126,
        "profiling_runtime": 45179.38058038851
    },
    "warehouse": {
        "arachne": 92.61285781860352,
        "arachne_runtime": 23665.578999999994,
        "bq": 92.61285781860352,
        "bq_baseline_runtime": 23665.578999999994,
        "multi_cloud_plan": "gcp",
        "percent_diff": 0.0,
        "profiling_cost": 197.37021469827602,
        "profiling_runtime": 39693.174187717115
    },
    "web_page": {
        "arachne": 92.55434989929199,
        "arachne_runtime": 29591.186999999994,
        "bq": 92.55434989929199,
        "bq_baseline_runtime": 29591.186999999994,
        "multi_cloud_plan": "gcp",
        "percent_diff": 0.0,
        "profiling_cost": 197.82731949612563,
        "profiling_runtime": 46044.798382792236
    },
    "web_returns": {
        "arachne": 81.0332202911377,
        "arachne_runtime": 27105.240000000013,
        "bq": 81.0332202911377,
        "bq_baseline_runtime": 27105.240000000013,
        "multi_cloud_plan": "gcp",
        "percent_diff": 0.0,
        "profiling_cost": 183.05053738418852,
        "profiling_runtime": 41923.93132459259
    },
    "web_sales": {
        "arachne": 48.173699378967285,
        "arachne_runtime": 19348.599,
        "bq": 48.173699378967285,
        "bq_baseline_runtime": 19348.599,
        "multi_cloud_plan": "gcp",
        "percent_diff": 0.0,
        "profiling_cost": 132.28819969334415,
        "profiling_runtime": 29565.5255298429
    },