{
    "call_center": {
        "arachne": 93.8852596282959,
        "arachne_runtime": 29449.217000000008,
        "bq": 93.8852596282959,
        "bq_baseline_runtime": 29449.217000000008,
        "multi_cloud_plan": "gcp",
        "percent_diff": 0.0,
        "profiling_cost": 201.30504793061056,
        "profiling_runtime": 45939.66304227087
    },
    "catalog_page": {
        "arachne": 88.67907047271729,
        "arachne_runtime": 29104.66300000001,
        "bq": 88.67907047271729,
        "bq_baseline_runtime": 29104.66300000001,
        "multi_cloud_plan": "gcp",
        "percent_diff": 0.0,
        "profiling_cost": 195.95331813241228,
        "profiling_runtime": 45475.15293996297
    },
    "catalog_returns": {
        "arachne": 77.67235279083252,
        "arachne_runtime": 20833.99400000001,
        "bq": 77.67235279083252,
        "bq_baseline_runtime": 20833.99400000001,
        "multi_cloud_plan": "gcp",
        "percent_diff": 0.0,
        "profiling_cost": 179.5976994582503,
        "profiling_runtime": 35022.07200460514
    },
    "catalog_sales": {
        "arachne": 41.535258293151855,
        "arachne_runtime": 12311.433000000005,
        "bq": 41.535258293151855,
        "bq_baseline_runtime": 12311.433000000005,
        "multi_cloud_plan": "gcp",
        "percent_diff": 0.0,
        "profiling_cost": 112.71412608227189,
        "profiling_runtime": 21606.49834094038
    },
    "customer": {
        "arachne": 74.27536487579346,
        "arachne_runtime": 23349.041,
        "bq": 74.27536487579346,
        "bq_baseline_runtime": 23349.041,
        "multi_cloud_plan": "gcp",
        "percent_diff": 0.0,
        "profiling_cost": 176.46582112614718,
        "profiling_runtime": 35665.71913469423
    },
    "customer_address": {
        "arachne": 76.7768144607544,
        "arachne_runtime": 23769.817000000006,
        "bq": 76.7768144607544,
        "bq_baseline_runtime": 23769.817000000006,
        "multi_cloud_plan": "gcp",
        "percent_diff": 0.0,
        "profiling_cost": 181.54188335048408,
        "profiling_runtime": 38109.02557090829
    },
    "customer_demographics": {
        "arachne": 82.86781311035156,
        "arachne_runtime": 21214.163000000004,
        "bq": 82.86781311035156,
        "bq_baseline_runtime": 21214.163000000004,
        "multi_cloud_plan": "gcp",
        "percent_diff": 0.0,
        "profiling_cost": 188.2480478686685,
        "profiling_runtime": 36021.499772808806
    },
    "date_dim": {
        "arachne": 10.604453086853027,
        "arachne_runtime": 2806.4669999999996,
        "bq": 10.604453086853027,
        "bq_baseline_runtime": 2806.4669999999996,
        "multi_cloud_plan": "gcp",
        "percent_diff": 0.0,
        "profiling_cost": 106.0248573847733,
        "profiling_runtime": 9383.245532003053
    },
    "household_demographics": {
        "arachne": 84.45921897888184,
        "arachne_runtime": 21505.64,
        "bq": 84.45921897888184,
        "bq_baseline_runtime": 21505.64,
        "multi_cloud_plan": "gcp",
        "percent_diff": 0.0,
        "profiling_cost": 190.81281680398544,
        "profiling_runtime": 37115.19343576986
    },
    "income_band": {
        "arachne": 92.41918087005615,
        "arachne_runtime": 29432.814999999984,
        "bq": 92.41918087005615,
        "bq_baseline_runtime": 29432.814999999984,
        "multi_cloud_plan": "gcp",
        "percent_diff": 0.0,
        "profiling_cost": 199.75285120614302,
        "profiling_runtime": 45852.10797049997
    },
    "inventory": {
        "arachne": 93.50381851196289,
        "arachne_runtime": 23872.071,
        "bq": 93.50381851196289,
        "bq_baseline_runtime": 23872.071,
        "multi_cloud_plan": "gcp",
        "percent_diff": 0.0,
        "profiling_cost": 199.2697089631249,
        "profiling_runtime": 39879.26604892687
    },
    "item": {
        "arachne": 35.14582633972168,
        "arachne_runtime": 11228.742000000002,
        "bq": 35.14582633972168,
        "bq_baseline_runtime": 11228.742000000002,
        "multi_cloud_plan": "gcp",
        "percent_diff": 0.0,
        "profiling_cost": 136.4756453257203,
        "profiling_runtime": 22693.594669565475
    },
    "promotion": {
        "arachne": 85.56325435638428,
        "arachne_runtime": 22579.337,
        "bq": 85.56325435638428,
        "bq_baseline_runtime": 22579.337,
        "multi_cloud_plan": "gcp",
        "percent_diff": 0.0,
        "profiling_cost": 191.99674853039696,
        "profiling_runtime": 38254.90866784862
    },
    "reason": {
        "arachne": 92.01372623443604,
        "arachne_runtime": 29149.643999999997,
        "bq": 92.01372623443604,
        "bq_baseline_runtime": 29149.643999999997,
        "multi_cloud_plan": "gcp",
        "percent_diff": 0.0,
        "profiling_cost": 199.22542488079955,
        "profiling_runtime": 45468.16292841235
    },
    "ship_mode": {
        "arachne": 94.33101177215576,
        "arachne_runtime": 29704.262,
        "bq": 94.33101177215576,
        "bq_baseline_runtime": 29704.262,
        "multi_cloud_plan": "gcp",
        "percent_diff": 0.0,
        "profiling_cost": 201.84249235916144,
        "profiling_runtime": 46270.46367518826
    },
    "store": {
        "arachne": 54.358344078063965,
        "arachne_runtime": 19434.615999999995,
        "bq": 54.358344078063965,
        "bq_baseline_runtime": 19434.615999999995,
        "multi_cloud_plan": "gcp",
        "percent_diff": 0.0,
        "profiling_cost": 157.9548854100717,
        "profiling_runtime": 32766.273416930424
    },
    "store_returns": {
        "arachne": 74.16031837463379,
        "arachne_runtime": 24971.007,
        "bq": 74.16031837463379,
        "bq_baseline_runtime": 24971.007,
        "multi_cloud_plan": "gcp",
        "percent_diff": 0.0,
        "profiling_cost": 174.3368207012756,
        "profiling_runtime": 39062.40409507767
    },
    "store_sales": {
        "arachne": 9.416570663452148,
        "arachne_runtime": 8720.065,
        "bq": 9.416570663452148,
        "bq_baseline_runtime": 8720.065,
        "multi_cloud_plan": "gcp",
        "percent_diff": 0.0,
        "profiling_cost": 66.64339441089778,
        "profiling_runtime": 13770.831041177322
    },
    "time_dim": {
        "arachne": 91.1452054977417,
        "arachne_runtime": 28742.781000000006,
        "bq": 91.1452054977417,
        "bq_baseline_runtime": 28742.781000000006,
        "multi_cloud_plan": "gcp",
        "percent_diff": 0.0,
        "profiling_cost": 198.49957010375613,
        "profiling_runtime": 45179.380580388526
    },
    "warehouse": {
        "arachne": 92.61285781860352,
        "arachne_runtime": 23665.57900000001,
        "bq": 92.61285781860352,
        "bq_baseline_runtime": 23665.57900000001,
        "multi_cloud_plan": "gcp",
        "percent_diff": 0.0,
        "profiling_cost": 199.4724376717289,
        "profiling_runtime": 39693.17418771712
    },
    "web_page": {
        "arachne": 92.55434989929199,
        "arachne_runtime": 29591.18700000001,
        "bq": 92.55434989929199,
        "bq_baseline_runtime": 29591.18700000001,
        "multi_cloud_plan": "gcp",
        "percent_diff": 0.0,
        "profiling_cost": 199.92954211436742,
        "profiling_runtime": 46044.798382792236
    },
    "web_returns": {
        "arachne": 81.0332202911377,
        "arachne_runtime": 27105.24,
        "bq": 81.0332202911377,
        "bq_baseline_runtime": 27105.24,
        "multi_cloud_plan": "gcp",
        "percent_diff": 0.0,
        "profiling_cost": 185.12133251086695,
        "profiling_runtime": 41923.931324592566
    },
    "web_sales": {
        "arachne": 48.173699378967285,
        "arachne_runtime": 19348.599000000002,
        "bq": 48.173699378967285,
        "bq_baseline_runtime": 19348.599000000002,
        "multi_cloud_plan": "gcp",
        "percent_diff": 0.0,
        "profiling_cost": 134.05536855703465,
        "profiling_runtime": 29565.52552984289
    },