{
    "call_center": {
        "arachne": 56.33115577697754,
        "arachne_runtime": 29449.217000000008,
        "bq": 56.33115577697754,
        "bq_baseline_runtime": 29449.217000000008,
        "multi_cloud_plan": "gcp",
        "percent_diff": 0.0,
        "profiling_cost": 125.91093116088894,
        "profiling_runtime": 45939.66304227086
    },
    "catalog_page": {
        "arachne": 53.20744228363037,
        "arachne_runtime": 29104.662999999993,
        "bq": 53.20744228363037,
        "bq_baseline_runtime": 29104.662999999993,
        "multi_cloud_plan": "gcp",
        "percent_diff": 0.0,
        "profiling_cost": 122.64182931203273,
        "profiling_runtime": 45475.15293996297
    },
    "catalog_returns": {
        "arachne": 46.60341167449951,
        "arachne_runtime": 20833.994000000002,
        "bq": 46.60341167449951,
        "bq_baseline_runtime": 20833.994000000002,
        "multi_cloud_plan": "gcp",
        "percent_diff": 0.0,
        "profiling_cost": 111.85962548722094,
        "profiling_runtime": 35022.07200460514
    },
    "catalog_sales": {
        "arachne": 24.921154975891113,
        "arachne_runtime": 12311.433000000003,
        "bq": 24.921154975891113,
        "bq_baseline_runtime": 12311.433000000003,
        "multi_cloud_plan": "gcp",
        "percent_diff": 0.0,
        "profiling_cost": 70.16752584451305,
        "profiling_runtime": 21606.498340940376
    },
    "customer": {
        "arachne": 44.565218925476074,
        "arachne_runtime": 23349.041,
        "bq": 44.565218925476074,
        "bq_baseline_runtime": 23349.041,
        "multi_cloud_plan": "gcp",
        "percent_diff": 0.0,
        "profiling_cost": 108.99247682535741,
        "profiling_runtime": 35665.71913469423
    },
    "customer_address": {
        "arachne": 46.06608867645264,
        "arachne_runtime": 23769.817,
        "bq": 46.06608867645264,
        "bq_baseline_runtime": 23769.817,
        "multi_cloud_plan": "gcp",
        "percent_diff": 0.0,
        "profiling_cost": 113.01318766876494,
        "profiling_runtime": 38109.0255709083
    },
    "customer_demographics": {
        "arachne": 49.72068786621094,
        "arachne_runtime": 21214.163000000004,
        "bq": 49.72068786621094,
        "bq_baseline_runtime": 21214.163000000004,
        "multi_cloud_plan": "gcp",
        "percent_diff": 0.0,
        "profiling_cost": 117.2619510928015,
        "profiling_runtime": 36021.49977280882
    },
    "date_dim": {
        "arachne": 6.362671852111816,
        "arachne_runtime": 2806.4669999999996,
        "bq": 6.362671852111816,
        "bq_baseline_runtime": 2806.4669999999996,
        "multi_cloud_plan": "gcp",
        "percent_diff": 0.0,
        "profiling_cost": 63.94324172501109,
        "profiling_runtime": 9383.245532003053
    },
    "household_demographics": {
        "arachne": 50.6755313873291,
        "arachne_runtime": 21505.640000000014,
        "bq": 50.6755313873291,
        "bq_baseline_runtime": 21505.640000000014,
        "multi_cloud_plan": "gcp",
        "percent_diff": 0.0,
        "profiling_cost": 119.18911859444272,
        "profiling_runtime": 37115.19343576988
    },
    "income_band": {
        "arachne": 55.45150852203369,
        "arachne_runtime": 29432.815,
        "bq": 55.45150852203369,
        "bq_baseline_runtime": 29432.815,
        "multi_cloud_plan": "gcp",
        "percent_diff": 0.0,
        "profiling_cost": 124.94516512038626,
        "profiling_runtime": 45852.10797049996
    },
    "inventory": {
        "arachne": 56.102291107177734,
        "arachne_runtime": 23872.071,
        "bq": 56.102291107177734,
        "bq_baseline_runtime": 23872.071,
        "multi_cloud_plan": "gcp",
        "percent_diff": 0.0,
        "profiling_cost": 124.49038227297825,
        "profiling_runtime": 39879.26604892687
    },
    "item": {
        "arachne": 21.087495803833008,
        "arachne_runtime": 11228.742,
        "bq": 21.087495803833008,
        "bq_baseline_runtime": 11228.742,
        "multi_cloud_plan": "gcp",
        "percent_diff": 0.0,
        "profiling_cost": 84.58044185422922,
        "profiling_runtime": 22693.59466956547
    },
    "promotion": {
        "arachne": 51.337952613830566,
        "arachne_runtime": 22579.337,
        "bq": 51.337952613830566,
        "bq_baseline_runtime": 22579.337,
        "multi_cloud_plan": "gcp",
        "percent_diff": 0.0,
        "profiling_cost": 119.93143987876161,
        "profiling_runtime": 38254.90866784862
    },
    "reason": {
        "arachne": 55.20823574066162,
        "arachne_runtime": 29149.64400000001,
        "bq": 55.20823574066162,
        "bq_baseline_runtime": 29149.64400000001,
        "multi_cloud_plan": "gcp",
        "percent_diff": 0.0,
        "profiling_cost": 124.57992073361275,
        "profiling_runtime": 45468.16292841235
    },
    "ship_mode": {
        "arachne": 56.59860706329346,
        "arachne_runtime": 29704.262000000006,
        "bq": 56.59860706329346,
        "bq_baseline_runtime": 29704.262000000006,
        "multi_cloud_plan": "gcp",
        "percent_diff": 0.0,
        "profiling_cost": 126.27007398372719,
        "profiling_runtime": 46270.46367518826
    },
    "store": {
        "arachne": 32.61500644683838,
        "arachne_runtime": 19434.616,
        "bq": 32.61500644683838,
        "bq_baseline_runtime": 19434.616,
        "multi_cloud_plan": "gcp",
        "percent_diff": 0.0,
        "profiling_cost": 98.37154293213175,
        "profiling_runtime": 32766.27341693043
    },
    "store_returns": {
        "arachne": 44.49619102478027,
        "arachne_runtime": 24971.007,
        "bq": 44.49619102478027,
        "bq_baseline_runtime": 24971.007,
        "multi_cloud_plan": "gcp",
        "percent_diff": 0.0,
        "profiling_cost": 108.7091905387945,
        "profiling_runtime": 39062.40409507769
    },
    "store_sales": {
        "arachne": 5.649942398071289,
        "arachne_runtime": 8720.065000000002,
        "bq": 5.649942398071289,
        "bq_baseline_runtime": 8720.065000000002,
        "multi_cloud_plan": "gcp",
        "percent_diff": 0.0,
        "profiling_cost": 40.75945489943838,
        "profiling_runtime": 13770.831041177324
    },
    "time_dim": {
        "arachne": 54.68712329864502,
        "arachne_runtime": 28742.781,
        "bq": 54.68712329864502,
        "bq_baseline_runtime": 28742.781,
        "multi_cloud_plan": "gcp",
        "percent_diff": 0.0,
        "profiling_cost": 124.20158343727053,
        "profiling_runtime": 45179.38058038852
    },
    "warehouse": {
        "arachne": 55.56771469116211,
        "arachne_runtime": 23665.579000000005,
        "bq": 55.56771469116211,
        "bq_baseline_runtime": 23665.579000000005,
        "multi_cloud_plan": "gcp",
        "percent_diff": 0.0,
        "profiling_cost": 124.58728102213564,
        "profiling_runtime": 39693.17418771712
    },
    "web_page": {
        "arachne": 55.532609939575195,
        "arachne_runtime": 29591.187000000013,
        "bq": 55.532609939575195,
        "bq_baseline_runtime": 29591.187000000013,
        "multi_cloud_plan": "gcp",
        "percent_diff": 0.0,
        "profiling_cost": 125.0677950262983,
        "profiling_runtime": 46044.79838279225
    },
    "web_returns": {
        "arachne": 48.61993217468262,
        "arachne_runtime": 27105.240000000016,
        "bq": 48.61993217468262,
        "bq_baseline_runtime": 27105.240000000016,
        "multi_cloud_plan": "gcp",
        "percent_diff": 0.0,
        "profiling_cost": 115.43373211420025,
        "profiling_runtime": 41923.93132459257
    },
    "web_sales": {
        "arachne": 28.90421962738037,
        "arachne_runtime": 19348.599000000006,
        "bq": 28.90421962738037,
        "bq_baseline_runtime": 19348.599000000006,
        "multi_cloud_plan": "gcp",
        "percent_diff": 0.0,
        "profiling_cost": 82.9768492590195,
        "profiling_runtime": 29565.5255298429
    },