{
    "call_center": {
        "arachne": 14.082788944244385,
        "arachne_runtime": 29449.217000000015,
        "bq": 14.082788944244385,
        "bq_baseline_runtime": 29449.217000000015,
        "multi_cloud_plan": "gcp",
        "percent_diff": 0.0,
        "profiling_cost": 83.66256432815578,
        "profiling_runtime": 45939.66304227085
    },
    "catalog_page": {
        "arachne": 13.301860570907593,
        "arachne_runtime": 29104.66300000002,
        "bq": 13.301860570907593,
        "bq_baseline_runtime": 29104.66300000002,
        "multi_cloud_plan": "gcp",
        "percent_diff": 0.0,
        "profiling_cost": 82.73624759930993,
        "profiling_runtime": 45475.15293996299
    },
    "catalog_returns": {
        "arachne": 11.650852918624878,
        "arachne_runtime": 20833.993999999995,
        "bq": 11.650852918624878,
        "bq_baseline_runtime": 20833.993999999995,
        "multi_cloud_plan": "gcp",
        "percent_diff": 0.0,
        "profiling_cost": 76.9070667313463,
        "profiling_runtime": 35022.072004605136
    },
    "catalog_sales": {
        "arachne": 6.230288743972778,
        "arachne_runtime": 12311.433000000003,
        "bq": 6.230288743972778,
        "bq_baseline_runtime": 12311.433000000003,
        "multi_cloud_plan": "gcp",
        "percent_diff": 0.0,
        "profiling_cost": 51.47665961259469,
        "profiling_runtime": 21606.49834094038
    },
    "customer": {
        "arachne": 11.141304731369019,
        "arachne_runtime": 23349.041,
        "bq": 11.141304731369019,
        "bq_baseline_runtime": 23349.041,
        "multi_cloud_plan": "gcp",
        "percent_diff": 0.0,
        "profiling_cost": 75.56856263125036,
        "profiling_runtime": 35665.719134694235
    },
    "customer_address": {
        "arachne": 11.51652216911316,
        "arachne_runtime": 23769.816999999995,
        "bq": 11.51652216911316,
        "bq_baseline_runtime": 23769.816999999995,
        "multi_cloud_plan": "gcp",
        "percent_diff": 0.0,
        "profiling_cost": 78.4636211614255,
        "profiling_runtime": 38109.025570908285
    },
    "customer_demographics": {
        "arachne": 12.430171966552734,
        "arachne_runtime": 21214.163000000004,
        "bq": 12.430171966552734,
        "bq_baseline_runtime": 21214.163000000004,
        "multi_cloud_plan": "gcp",
        "percent_diff": 0.0,
        "profiling_cost": 79.9714351931433,
        "profiling_runtime": 36021.49977280882
    },
    "date_dim": {
        "arachne": 1.590667963027954,
        "arachne_runtime": 2806.4669999999996,
        "bq": 1.590667963027954,
        "bq_baseline_runtime": 2806.4669999999996,
        "multi_cloud_plan": "gcp",
        "percent_diff": 0.0,
        "profiling_cost": 59.17123783592723,
        "profiling_runtime": 9383.245532003053
    },
    "household_demographics": {
        "arachne": 12.668882846832275,
        "arachne_runtime": 21505.640000000007,
        "bq": 12.668882846832275,
        "bq_baseline_runtime": 21505.640000000007,
        "multi_cloud_plan": "gcp",
        "percent_diff": 0.0,
        "profiling_cost": 81.18247005394588,
        "profiling_runtime": 37115.19343576988
    },
    "income_band": {
        "arachne": 13.862877130508423,
        "arachne_runtime": 29432.815,
        "bq": 13.862877130508423,
        "bq_baseline_runtime": 29432.815,
        "multi_cloud_plan": "gcp",
        "percent_diff": 0.0,
        "profiling_cost": 83.35653372886097,
        "profiling_runtime": 45852.10797049996
    },
    "inventory": {
        "arachne": 14.025572776794434,
        "arachne_runtime": 23872.070999999996,
        "bq": 14.025572776794434,
        "bq_baseline_runtime": 23872.070999999996,
        "multi_cloud_plan": "gcp",
        "percent_diff": 0.0,
        "profiling_cost": 82.41366394259497,
        "profiling_runtime": 39879.266048926875
    },
    "item": {
        "arachne": 5.271873950958252,
        "arachne_runtime": 11228.742,
        "bq": 5.271873950958252,
        "bq_baseline_runtime": 11228.742,
        "multi_cloud_plan": "gcp",
        "percent_diff": 0.0,
        "profiling_cost": 68.76482000135448,
        "profiling_runtime": 22693.594669565475
    },
    "promotion": {
        "arachne": 12.834488153457642,
        "arachne_runtime": 22579.336999999996,
        "bq": 12.834488153457642,
        "bq_baseline_runtime": 22579.336999999996,
        "multi_cloud_plan": "gcp",
        "percent_diff": 0.0,
        "profiling_cost": 81.42797541838867,
        "profiling_runtime": 38254.90866784863
    },
    "reason": {
        "arachne": 13.802058935165405,
        "arachne_runtime": 29149.644000000015,
        "bq": 13.802058935165405,
        "bq_baseline_runtime": 29149.644000000015,
        "multi_cloud_plan": "gcp",
        "percent_diff": 0.0,
        "profiling_cost": 83.17374392811651,
        "profiling_runtime": 45468.16292841234
    },
    "ship_mode": {
        "arachne": 14.149651765823364,
        "arachne_runtime": 29704.26200000001,
        "bq": 14.149651765823364,
        "bq_baseline_runtime": 29704.26200000001,
        "multi_cloud_plan": "gcp",
        "percent_diff": 0.0,
        "profiling_cost": 83.8211186862571,
        "profiling_runtime": 46270.46367518826
    },
    "store": {
        "arachne": 8.153751611709595,
        "arachne_runtime": 19434.615999999995,
        "bq": 8.153751611709595,
        "bq_baseline_runtime": 19434.615999999995,
        "multi_cloud_plan": "gcp",
        "percent_diff": 0.0,
        "profiling_cost": 73.91028809700296,
        "profiling_runtime": 32766.27341693042
    },
    "store_returns": {
        "arachne": 11.124047756195068,
        "arachne_runtime": 24971.007,
        "bq": 11.124047756195068,
        "bq_baseline_runtime": 24971.007,
        "multi_cloud_plan": "gcp",
        "percent_diff": 0.0,
        "profiling_cost": 75.33704727020928,
        "profiling_runtime": 39062.404095077676
    },
    "store_sales": {
        "arachne": 1.4124855995178223,
        "arachne_runtime": 8720.064999999997,
        "bq": 1.4124855995178223,
        "bq_baseline_runtime": 8720.064999999997,
        "multi_cloud_plan": "gcp",
        "percent_diff": 0.0,
        "profiling_cost": 36.521998100884915,
        "profiling_runtime": 13770.831041177322
    },
    "time_dim": {
        "arachne": 13.671780824661255,
        "arachne_runtime": 28742.78100000001,
        "bq": 13.671780824661255,
        "bq_baseline_runtime": 28742.78100000001,
        "multi_cloud_plan": "gcp",
        "percent_diff": 0.0,
        "profiling_cost": 83.18624096328676,
        "profiling_runtime": 45179.38058038853
    },
    "warehouse": {
        "arachne": 13.891928672790527,
        "arachne_runtime": 23665.57900000001,
        "bq": 13.891928672790527,
        "bq_baseline_runtime": 23665.57900000001,
        "multi_cloud_plan": "gcp",
        "percent_diff": 0.0,
        "profiling_cost": 82.91149500376406,
        "profiling_runtime": 39693.17418771712
    },
    "web_page": {
        "arachne": 13.883152484893799,
        "arachne_runtime": 29591.187,
        "bq": 13.883152484893799,
        "bq_baseline_runtime": 29591.187,
        "multi_cloud_plan": "gcp",
        "percent_diff": 0.0,
        "profiling_cost": 83.4183375716169,
        "profiling_runtime": 46044.79838279225
    },
    "web_returns": {
        "arachne": 12.154983043670654,
        "arachne_runtime": 27105.240000000013,
        "bq": 12.154983043670654,
        "bq_baseline_runtime": 27105.240000000013,
        "multi_cloud_plan": "gcp",
        "percent_diff": 0.0,
        "profiling_cost": 78.96878298318832,
        "profiling_runtime": 41923.93132459257
    },
    "web_sales": {
        "arachne": 7.226054906845093,
        "arachne_runtime": 19348.599000000002,
        "bq": 7.226054906845093,
        "bq_baseline_runtime": 19348.599000000002,
        "multi_cloud_plan": "gcp",
        "percent_diff": 0.0,
        "profiling_cost": 61.298684538484196,