{
    "call_center": {
        "arachne": 61.025418758392334,
        "arachne_runtime": 29449.217000000015,
        "bq": 61.025418758392334,
        "bq_baseline_runtime": 29449.217000000015,
        "multi_cloud_plan": "gcp",
        "percent_diff": 0.0,
        "profiling_cost": 130.60519414230362,
        "profiling_runtime": 45939.66304227088
    },
    "catalog_page": {
        "arachne": 57.641395807266235,
        "arachne_runtime": 29104.66300000001,
        "bq": 57.641395807266235,
        "bq_baseline_runtime": 29104.66300000001,
        "multi_cloud_plan": "gcp",
        "percent_diff": 0.0,
        "profiling_cost": 127.07578283566856,
        "profiling_runtime": 45475.15293996299
    },
    "catalog_returns": {
        "arachne": 50.48702931404114,
        "arachne_runtime": 20833.994000000006,
        "bq": 50.48702931404114,
        "bq_baseline_runtime": 20833.994000000006,
        "multi_cloud_plan": "gcp",
        "percent_diff": 0.0,
        "profiling_cost": 115.74324312676256,
        "profiling_runtime": 35022.072004605136
    },
    "catalog_sales": {
        "arachne": 26.997917890548706,
        "arachne_runtime": 12311.432999999999,
        "bq": 26.997917890548706,
        "bq_baseline_runtime": 12311.432999999999,
        "multi_cloud_plan": "gcp",
        "percent_diff": 0.0,
        "profiling_cost": 72.24428875917066,
        "profiling_runtime": 21606.49834094038
    },
    "customer": {
        "arachne": 48.27898716926575,
        "arachne_runtime": 23349.041000000005,
        "bq": 48.27898716926575,
        "bq_baseline_runtime": 23349.041000000005,
        "multi_cloud_plan": "gcp",
        "percent_diff": 0.0,
        "profiling_cost": 112.70624506914712,
        "profiling_runtime": 35665.719134694235
    },
    "customer_address": {
        "arachne": 49.904929399490356,
        "arachne_runtime": 23769.817000000006,
        "bq": 49.904929399490356,
        "bq_baseline_runtime": 23769.817000000006,
        "multi_cloud_plan": "gcp",
        "percent_diff": 0.0,
        "profiling_cost": 116.85202839180269,
        "profiling_runtime": 38109.0255709083
    },
    "customer_demographics": {
        "arachne": 53.864078521728516,
        "arachne_runtime": 21214.163000000015,
        "bq": 53.864078521728516,
        "bq_baseline_runtime": 21214.163000000015,
        "multi_cloud_plan": "gcp",
        "percent_diff": 0.0,
        "profiling_cost": 121.40534174831909,
        "profiling_runtime": 36021.499772808806
    },
    "date_dim": {
        "arachne": 6.892894506454468,
        "arachne_runtime": 2806.467,
        "bq": 6.892894506454468,
        "bq_baseline_runtime": 2806.467,
        "multi_cloud_plan": "gcp",
        "percent_diff": 0.0,
        "profiling_cost": 64.47346437935374,
        "profiling_runtime": 9383.245532003053
    },
    "household_demographics": {
        "arachne": 54.89849233627319,
        "arachne_runtime": 21505.640000000003,
        "bq": 54.89849233627319,
        "bq_baseline_runtime": 21505.640000000003,
        "multi_cloud_plan": "gcp",
        "percent_diff": 0.0,
        "profiling_cost": 123.41207954338684,
        "profiling_runtime": 37115.19343576987
    },
    "income_band": {
        "arachne": 60.0724675655365,
        "arachne_runtime": 29432.815,
        "bq": 60.0724675655365,
        "bq_baseline_runtime": 29432.815,
        "multi_cloud_plan": "gcp",
        "percent_diff": 0.0,
        "profiling_cost": 129.56612416388901,
        "profiling_runtime": 45852.107970499936
    },
    "inventory": {
        "arachne": 60.77748203277588,
        "arachne_runtime": 23872.070999999996,
        "bq": 60.77748203277588,
        "bq_baseline_runtime": 23872.070999999996,
        "multi_cloud_plan": "gcp",
        "percent_diff": 0.0,
        "profiling_cost": 129.16557319857634,
        "profiling_runtime": 39879.26604892685
    },
    "item": {
        "arachne": 22.844787120819092,
        "arachne_runtime": 11228.742,
        "bq": 22.844787120819092,
        "bq_baseline_runtime": 11228.742,
        "multi_cloud_plan": "gcp",
        "percent_diff": 0.0,
        "profiling_cost": 86.3377331712153,
        "profiling_runtime": 22693.59466956547
    },
    "promotion": {
        "arachne": 55.61611533164978,
        "arachne_runtime": 22579.336999999992,
        "bq": 55.61611533164978,
        "bq_baseline_runtime": 22579.336999999992,
        "multi_cloud_plan": "gcp",
        "percent_diff": 0.0,
        "profiling_cost": 124.20960259658078,
        "profiling_runtime": 38254.90866784863
    },
    "reason": {
        "arachne": 59.80892205238342,
        "arachne_runtime": 29149.644000000004,
        "bq": 59.80892205238342,
        "bq_baseline_runtime": 29149.644000000004,
        "multi_cloud_plan": "gcp",
        "percent_diff": 0.0,
        "profiling_cost": 129.18060704533448,
        "profiling_runtime": 45468.16292841235
    },
    "ship_mode": {
        "arachne": 61.315157651901245,
        "arachne_runtime": 29704.262,
        "bq": 61.315157651901245,
        "bq_baseline_runtime": 29704.262,
        "multi_cloud_plan": "gcp",
        "percent_diff": 0.0,
        "profiling_cost": 130.98662457233496,
        "profiling_runtime": 46270.46367518826
    },
    "store": {
        "arachne": 35.33292365074158,
        "arachne_runtime": 19434.616000000005,
        "bq": 35.33292365074158,
        "bq_baseline_runtime": 19434.616000000005,
        "multi_cloud_plan": "gcp",
        "percent_diff": 0.0,
        "profiling_cost": 101.08946013603493,
        "profiling_runtime": 32766.27341693043
    },
    "store_returns": {
        "arachne": 48.20420694351196,
        "arachne_runtime": 24971.006999999998,
        "bq": 48.20420694351196,
        "bq_baseline_runtime": 24971.006999999998,
        "multi_cloud_plan": "gcp",
        "percent_diff": 0.0,
        "profiling_cost": 112.41720645752618,
        "profiling_runtime": 39062.40409507766
    },
    "store_sales": {
        "arachne": 6.1207709312438965,
        "arachne_runtime": 8720.065,
        "bq": 6.1207709312438965,
        "bq_baseline_runtime": 8720.065,
        "multi_cloud_plan": "gcp",
        "percent_diff": 0.0,
        "profiling_cost": 41.23028343261099,
        "profiling_runtime": 13770.831041177324
    },
    "time_dim": {
        "arachne": 59.244383573532104,
        "arachne_runtime": 28742.781000000006,
        "bq": 59.244383573532104,
        "bq_baseline_runtime": 28742.781000000006,
        "multi_cloud_plan": "gcp",
        "percent_diff": 0.0,
        "profiling_cost": 128.7588437121576,
        "profiling_runtime": 45179.38058038851
    },
    "warehouse": {
        "arachne": 60.198357582092285,
        "arachne_runtime": 23665.579000000005,
        "bq": 60.198357582092285,
        "bq_baseline_runtime": 23665.579000000005,
        "multi_cloud_plan": "gcp",
        "percent_diff": 0.0,
        "profiling_cost": 129.2179239130658,
        "profiling_runtime": 39693.17418771712
    },
    "web_page": {
        "arachne": 60.160327434539795,
        "arachne_runtime": 29591.18700000001,
        "bq": 60.160327434539795,
        "bq_baseline_runtime": 29591.18700000001,
        "multi_cloud_plan": "gcp",
        "percent_diff": 0.0,
        "profiling_cost": 129.69551252126286,
        "profiling_runtime": 46044.79838279223
    },
    "web_returns": {
        "arachne": 52.6715931892395,
        "arachne_runtime": 27105.240000000005,
        "bq": 52.6715931892395,
        "bq_baseline_runtime": 27105.240000000005,
        "multi_cloud_plan": "gcp",
        "percent_diff": 0.0,
        "profiling_cost": 119.4853931287572,
        "profiling_runtime": 41923.93132459255
    },
    "web_sales": {
        "arachne": 31.312904596328735,
        "arachne_runtime": 19348.599,
        "bq": 31.312904596328735,
        "bq_baseline_runtime": 19348.599,
        "multi_cloud_plan": "gcp",
        "percent_diff": 0.0,
        "profiling_cost": 85.38553422796785,