{
    "call_center": {
        "arachne": 93.8852596282959,
        "arachne_runtime": 29449.217000000008,
        "bq": 93.8852596282959,
        "bq_baseline_runtime": 29449.217000000008,
        "multi_cloud_plan": "gcp",
        "percent_diff": 0.0,
        "profiling_cost": 207.61171675034453,
        "profiling_runtime": 45939.66304227086
    },
    "catalog_page": {
        "arachne": 88.67907047271729,
        "arachne_runtime": 29104.663000000008,
        "bq": 88.67907047271729,
        "bq_baseline_runtime": 29104.663000000008,
        "multi_cloud_plan": "gcp",
        "percent_diff": 0.0,
        "profiling_cost": 202.25996157096105,
        "profiling_runtime": 45475.15293996296
    },
    "catalog_returns": {
        "arachne": 77.67235279083252,
        "arachne_runtime": 20833.993999999995,
        "bq": 77.67235279083252,
        "bq_baseline_runtime": 20833.993999999995,
        "multi_cloud_plan": "gcp",
        "percent_diff": 0.0,
        "profiling_cost": 185.70922160069972,
        "profiling_runtime": 35022.07200460514
    },
    "catalog_sales": {
        "arachne": 41.535258293151855,
        "arachne_runtime": 12311.432999999999,
        "bq": 41.535258293151855,
        "bq_baseline_runtime": 12311.432999999999,
        "multi_cloud_plan": "gcp",
        "percent_diff": 0.0,
        "profiling_cost": 117.0362089023549,
        "profiling_runtime": 21606.498340940372
    },
    "customer": {
        "arachne": 74.27536487579346,
        "arachne_runtime": 23349.041000000012,
        "bq": 74.27536487579346,
        "bq_baseline_runtime": 23349.041000000012,
        "multi_cloud_plan": "gcp",
        "percent_diff": 0.0,
        "profiling_cost": 182.75968751789256,
        "profiling_runtime": 35665.71913469424
    },
    "customer_address": {
        "arachne": 76.7768144607544,
        "arachne_runtime": 23769.81700000001,
        "bq": 76.7768144607544,
        "bq_baseline_runtime": 23769.81700000001,
        "multi_cloud_plan": "gcp",
        "percent_diff": 0.0,
        "profiling_cost": 187.84487833338696,
        "profiling_runtime": 38109.02557090829
    },
    "customer_demographics": {
        "arachne": 82.86781311035156,
        "arachne_runtime": 21214.163000000008,
        "bq": 82.86781311035156,
        "bq_baseline_runtime": 21214.163000000008,
        "multi_cloud_plan": "gcp",
        "percent_diff": 0.0,
        "profiling_cost": 194.5545431239563,
        "profiling_runtime": 36021.49977280882
    },
    "date_dim": {
        "arachne": 10.604453086853027,
        "arachne_runtime": 2806.4669999999996,
        "bq": 10.604453086853027,
        "bq_baseline_runtime": 2806.4669999999996,
        "multi_cloud_plan": "gcp",
        "percent_diff": 0.0,
        "profiling_cost": 112.33149645561012,
        "profiling_runtime": 9383.245532003053
    },
    "household_demographics": {
        "arachne": 84.45921897888184,
        "arachne_runtime": 21505.640000000007,
        "bq": 84.45921897888184,
        "bq_baseline_runtime": 21505.640000000007,
        "multi_cloud_plan": "gcp",
        "percent_diff": 0.0,
        "profiling_cost": 197.11948524031712,
        "profiling_runtime": 37115.19343576988
    },
    "income_band": {
        "arachne": 92.41918087005615,
        "arachne_runtime": 29432.815000000006,
        "bq": 92.41918087005615,
        "bq_baseline_runtime": 29432.815000000006,
        "multi_cloud_plan": "gcp",
        "percent_diff": 0.0,
        "profiling_cost": 206.05952016243214,
        "profiling_runtime": 45852.10797049995
    },
    "inventory": {
        "arachne": 93.50381851196289,
        "arachne_runtime": 23872.070999999996,
        "bq": 93.50381851196289,
        "bq_baseline_runtime": 23872.070999999996,
        "multi_cloud_plan": "gcp",
        "percent_diff": 0.0,
        "profiling_cost": 205.4993421773519,
        "profiling_runtime": 39879.26604892686
    },
    "item": {
        "arachne": 35.14582633972168,
        "arachne_runtime": 11228.742,
        "bq": 35.14582633972168,
        "bq_baseline_runtime": 11228.742,
        "multi_cloud_plan": "gcp",
        "percent_diff": 0.0,
        "profiling_cost": 142.7817908149874,
        "profiling_runtime": 22693.594669565475
    },
    "promotion": {
        "arachne": 85.56325435638428,
        "arachne_runtime": 22579.337,
        "bq": 85.56325435638428,
        "bq_baseline_runtime": 22579.337,
        "multi_cloud_plan": "gcp",
        "percent_diff": 0.0,
        "profiling_cost": 198.30341634857734,
        "profiling_runtime": 38254.90866784862
    },
    "reason": {
        "arachne": 92.01372623443604,
        "arachne_runtime": 29149.644000000008,
        "bq": 92.01372623443604,
        "bq_baseline_runtime": 29149.644000000008,
        "multi_cloud_plan": "gcp",
        "percent_diff": 0.0,
        "profiling_cost": 205.53209382303498,
        "profiling_runtime": 45468.16292841235
    },
    "ship_mode": {
        "arachne": 94.33101177215576,
        "arachne_runtime": 29704.261999999995,
        "bq": 94.33101177215576,
        "bq_baseline_runtime": 29704.261999999995,
        "multi_cloud_plan": "gcp",
        "percent_diff": 0.0,
        "profiling_cost": 208.14916130359015,
        "profiling_runtime": 46270.46367518827
    },
    "store": {
        "arachne": 54.358344078063965,
        "arachne_runtime": 19434.616,
        "bq": 54.358344078063965,
        "bq_baseline_runtime": 19434.616,
        "multi_cloud_plan": "gcp",
        "percent_diff": 0.0,
        "profiling_cost": 164.26155288452415,
        "profiling_runtime": 32766.27341693043
    },
    "store_returns": {
        "arachne": 74.16031837463379,
        "arachne_runtime": 24971.006999999998,
        "bq": 74.16031837463379,
        "bq_baseline_runtime": 24971.006999999998,
        "multi_cloud_plan": "gcp",
        "percent_diff": 0.0,
        "profiling_cost": 180.33073783671358,
        "profiling_runtime": 39062.40409507767
    },
    "store_sales": {
        "arachne": 9.416570663452148,
        "arachne_runtime": 8720.065,
        "bq": 9.416570663452148,
        "bq_baseline_runtime": 8720.065,
        "multi_cloud_plan": "gcp",
        "percent_diff": 0.0,
        "profiling_cost": 70.32961295191085,
        "profiling_runtime": 13770.831041177325
    },
    "time_dim": {
        "arachne": 91.1452054977417,
        "arachne_runtime": 28742.781000000006,
        "bq": 91.1452054977417,
        "bq_baseline_runtime": 28742.781000000006,
        "multi_cloud_plan": "gcp",
        "percent_diff": 0.0,
        "profiling_cost": 204.806220848321,
        "profiling_runtime": 45179.38058038853
    },
    "warehouse": {
        "arachne": 92.61285781860352,
        "arachne_runtime": 23665.579,
        "bq": 92.61285781860352,
        "bq_baseline_runtime": 23665.579,
        "multi_cloud_plan": "gcp",
        "percent_diff": 0.0,
        "profiling_cost": 205.77910659208754,
        "profiling_runtime": 39693.17418771713
    },
    "web_page": {
        "arachne": 92.55434989929199,
        "arachne_runtime": 29591.187,
        "bq": 92.55434989929199,
        "bq_baseline_runtime": 29591.187,
        "multi_cloud_plan": "gcp",
        "percent_diff": 0.0,
        "profiling_cost": 206.23620996909278,
        "profiling_runtime": 46044.79838279225
    },
    "web_returns": {
        "arachne": 81.0332202911377,
        "arachne_runtime": 27105.240000000005,
        "bq": 81.0332202911377,
        "bq_baseline_runtime": 27105.240000000005,
        "multi_cloud_plan": "gcp",
        "percent_diff": 0.0,
        "profiling_cost": 191.3337178909022,
        "profiling_runtime": 41923.931324592566
    },
    "web_sales": {
        "arachne": 48.173699378967285,
        "arachne_runtime": 19348.599,
        "bq": 48.173699378967285,
        "bq_baseline_runtime": 19348.599,
        "multi_cloud_plan": "gcp",
        "percent_diff": 0.0,
        "profiling_cost": 139.35687514810604,