{
    "call_center": {
        "arachne": 60.39398267420613,
        "arachne_runtime": 12391.856052751747,
        "bq": 93.8852596282959,
        "bq_baseline_runtime": 29449.216999999993,
        "multi_cloud_plan": "aws",
        "percent_diff": 35.672561472041664,
        "profiling_cost": 159.26058913238464,
        "profiling_runtime": 45939.663042270855
    },
    "catalog_page": {
        "arachne": 60.21325546146917,
        "arachne_runtime": 12242.688609301207,
        "bq": 88.67907047271729,
        "bq_baseline_runtime": 29104.663000000008,
        "multi_cloud_plan": "aws",
        "percent_diff": 32.09981211971073,
        "profiling_cost": 153.90902854208704,
        "profiling_runtime": 45475.15293996299
    },
    "catalog_returns": {
        "arachne": 57.158395901731616,
        "arachne_runtime": 11150.927962100948,
        "bq": 77.67235279083252,
        "bq_baseline_runtime": 20833.99400000001,
        "multi_cloud_plan": "multi",
        "percent_diff": 26.410886437731442,
        "profiling_cost": 138.85421850858773,
        "profiling_runtime": 35022.07200460515
    },
    "catalog_sales": {
        "arachne": 32.93577610732268,
        "arachne_runtime": 8165.579752677706,
        "bq": 41.535258293151855,
        "bq_baseline_runtime": 12311.433,
        "multi_cloud_plan": "multi",
        "percent_diff": 20.704053710548415,
        "profiling_cost": 83.90024061505179,
        "profiling_runtime": 21606.49834094038
    },
    "customer": {
        "arachne": 57.236551323851245,
        "arachne_runtime": 9844.562218824733,
        "bq": 74.27536487579346,
        "bq_baseline_runtime": 23349.041,
        "multi_cloud_plan": "aws",
        "percent_diff": 22.940060382652135,
        "profiling_cost": 134.50671184784457,
        "profiling_runtime": 35665.71913469423
    },
    "customer_address": {
        "arachne": 58.75492182856016,
        "arachne_runtime": 11044.705378627736,
        "bq": 76.7768144607544,
        "bq_baseline_runtime": 23769.817000000014,
        "multi_cloud_plan": "aws",
        "percent_diff": 23.4730924417376,
        "profiling_cost": 139.5219167977981,
        "profiling_runtime": 38109.0255709083
    },
    "customer_demographics": {
        "arachne": 59.1988259376545,
        "arachne_runtime": 11405.447698060982,
        "bq": 82.86781311035156,
        "bq_baseline_runtime": 21214.163000000004,
        "multi_cloud_plan": "aws",
        "percent_diff": 28.562340774189458,
        "profiling_cost": 146.20474616675037,
        "profiling_runtime": 36021.49977280882
    },
    "date_dim": {
        "arachne": 10.604453086853027,
        "arachne_runtime": 2806.4669999999996,
        "bq": 10.604453086853027,
        "bq_baseline_runtime": 2806.4669999999996,
        "multi_cloud_plan": "gcp",
        "percent_diff": 0.0,
        "profiling_cost": 63.98059691252775,
        "profiling_runtime": 9383.245532003053
    },
    "household_demographics": {
        "arachne": 59.7779947495918,
        "arachne_runtime": 11882.931394599007,
        "bq": 84.45921897888184,
        "bq_baseline_runtime": 21505.64,
        "multi_cloud_plan": "aws",
        "percent_diff": 29.222652692847333,
        "profiling_cost": 148.76836056177424,
        "profiling_runtime": 37115.19343576987
    },
    "income_band": {
        "arachne": 60.28078204042864,
        "arachne_runtime": 12298.327768549882,
        "bq": 92.41918087005615,
        "bq_baseline_runtime": 29432.815000000006,
        "multi_cloud_plan": "aws",
        "percent_diff": 34.77459822416622,
        "profiling_cost": 157.7083914975493,
        "profiling_runtime": 45852.107970499965
    },
    "inventory": {
        "arachne": 59.534913966820184,
        "arachne_runtime": 12140.836991332566,
        "bq": 93.50381851196289,
        "bq_baseline_runtime": 23872.070999999996,
        "multi_cloud_plan": "aws",
        "percent_diff": 36.32889553146615,
        "profiling_cost": 157.73882086827876,
        "profiling_runtime": 39879.26604892686
    },
    "item": {
        "arachne": 35.14582633972168,
        "arachne_runtime": 11228.741999999998,
        "bq": 35.14582633972168,
        "bq_baseline_runtime": 11228.741999999998,
        "multi_cloud_plan": "gcp",
        "percent_diff": 0.0,
        "profiling_cost": 94.4346753972732,
        "profiling_runtime": 22693.594669565475
    },
    "promotion": {
        "arachne": 59.73618664407044,
        "arachne_runtime": 11848.384502016102,
        "bq": 85.56325435638428,
        "bq_baseline_runtime": 22579.337000000007,
        "multi_cloud_plan": "aws",
        "percent_diff": 30.184765535845653,
        "profiling_cost": 149.95229640919513,
        "profiling_runtime": 38254.90866784863
    },
    "reason": {
        "arachne": 60.363986274192165,
        "arachne_runtime": 12367.072004107387,
        "bq": 92.01372623443604,
        "bq_baseline_runtime": 29149.644000000008,
        "multi_cloud_plan": "aws",
        "percent_diff": 34.396759326543815,
        "profiling_cost": 157.18096526589682,
        "profiling_runtime": 45468.16292841236
    },
    "ship_mode": {
        "arachne": 60.514420987633976,
        "arachne_runtime": 12491.362622892577,
        "bq": 94.33101177215576,
        "bq_baseline_runtime": 29704.262000000002,
        "multi_cloud_plan": "aws",
        "percent_diff": 35.84885834385127,
        "profiling_cost": 159.79803272963701,
        "profiling_runtime": 46270.463675188264
    },
    "store": {
        "arachne": 54.358344078063965,
        "arachne_runtime": 19434.615999999998,
        "bq": 54.358344078063965,
        "bq_baseline_runtime": 19434.615999999998,
        "multi_cloud_plan": "gcp",
        "percent_diff": 0.0,
        "profiling_cost": 115.91043558038905,
        "profiling_runtime": 32766.273416930424
    },
    "store_returns": {
        "arachne": 55.59945955945815,
        "arachne_runtime": 16687.455489284155,
        "bq": 74.16031837463379,
        "bq_baseline_runtime": 24971.007000000005,
        "multi_cloud_plan": "multi",
        "percent_diff": 25.028019326201147,
        "profiling_cost": 134.37737313168932,
        "profiling_runtime": 39062.40409507767
    },
    "store_sales": {
        "arachne": 9.34057758548431,
        "arachne_runtime": 8796.937038474864,
        "bq": 9.416570663452148,
        "bq_baseline_runtime": 8720.064999999999,
        "multi_cloud_plan": "multi",
        "percent_diff": 0.8070143652485425,
        "profiling_cost": 42.068604137477195,
        "profiling_runtime": 13770.831041177324
    },
    "time_dim": {
        "arachne": 60.43478633529707,
        "arachne_runtime": 12425.67607784793,
        "bq": 91.1452054977417,
        "bq_baseline_runtime": 28742.78100000001,
        "multi_cloud_plan": "aws",
        "percent_diff": 33.693949116397064,
        "profiling_cost": 156.45523180665725,
        "profiling_runtime": 45179.38058038854
    },
    "warehouse": {
        "arachne": 59.759907481435434,
        "arachne_runtime": 12275.803224479616,
        "bq": 92.61285781860352,
        "bq_baseline_runtime": 23665.579000000005,
        "multi_cloud_plan": "multi",
        "percent_diff": 35.473422493360076,
        "profiling_cost": 157.42797820267128,
        "profiling_runtime": 39693.17418771712
    },
    "web_page": {
        "arachne": 60.392126752866545,
        "arachne_runtime": 12390.328419182544,
        "bq": 92.55434989929199,
        "bq_baseline_runtime": 29591.18699999999,
        "multi_cloud_plan": "aws",
        "percent_diff": 34.749553296437206,
        "profiling_cost": 157.88508974953155,
        "profiling_runtime": 46044.79838279225
    },
    "web_returns": {
        "arachne": 58.541969165078385,
        "arachne_runtime": 11407.152731648315,
        "bq": 81.0332202911377,
        "bq_baseline_runtime": 27105.239999999994,
        "multi_cloud_plan": "aws",
        "percent_diff": 27.755593379175004,
        "profiling_cost": 143.70542997729845,