{
    "call_center": {
        "arachne": 49.88286797464964,
        "arachne_runtime": 12391.856052751746,
        "bq": 93.8852596282959,
        "bq_baseline_runtime": 29449.21700000001,
        "multi_cloud_plan": "aws",
        "percent_diff": 46.86826433442003,
        "profiling_cost": 148.7494744328282,
        "profiling_runtime": 45939.66304227086
    },
    "catalog_page": {
        "arachne": 49.70218306388787,
        "arachne_runtime": 12242.688609301207,
        "bq": 88.67907047271729,
        "bq_baseline_runtime": 29104.663000000008,
        "multi_cloud_plan": "aws",
        "percent_diff": 43.95274691204721,
        "profiling_cost": 143.3979561445057,
        "profiling_runtime": 45475.15293996298
    },
    "catalog_returns": {
        "arachne": 47.0304445171319,
        "arachne_runtime": 10929.880527023051,
        "bq": 77.67235279083252,
        "bq_baseline_runtime": 20833.994000000006,
        "multi_cloud_plan": "aws",
        "percent_diff": 39.45021255660638,
        "profiling_cost": 128.668348271172,
        "profiling_runtime": 35022.072004605136
    },
    "catalog_sales": {
        "arachne": 28.411257356924267,
        "arachne_runtime": 8165.579752677706,
        "bq": 41.535258293151855,
        "bq_baseline_runtime": 12311.433,
        "multi_cloud_plan": "multi",
        "percent_diff": 31.597253696124035,
        "profiling_cost": 76.69676924824677,
        "profiling_runtime": 21606.498340940376
    },
    "customer": {
        "arachne": 46.746774017081265,
        "arachne_runtime": 9844.562218824733,
        "bq": 74.27536487579346,
        "bq_baseline_runtime": 23349.04100000001,
        "multi_cloud_plan": "aws",
        "percent_diff": 37.06288202655984,
        "profiling_cost": 124.01693452826888,
        "profiling_runtime": 35665.71913469423
    },
    "customer_address": {
        "arachne": 48.24993020319436,
        "arachne_runtime": 11044.705378627736,
        "bq": 76.7768144607544,
        "bq_baseline_runtime": 23769.81700000001,
        "multi_cloud_plan": "aws",
        "percent_diff": 37.15559763441602,
        "profiling_cost": 129.01692515962662,
        "profiling_runtime": 38109.0255709083
    },
    "customer_demographics": {
        "arachne": 48.68800052498063,
        "arachne_runtime": 11405.447698060983,
        "bq": 82.86781311035156,
        "bq_baseline_runtime": 21214.163000000008,
        "multi_cloud_plan": "aws",
        "percent_diff": 41.24618630861553,
        "profiling_cost": 135.69392074127077,
        "profiling_runtime": 36021.49977280882
    },
    "date_dim": {
        "arachne": 10.604453086853027,
        "arachne_runtime": 2806.4670000000006,
        "bq": 10.604453086853027,
        "bq_baseline_runtime": 2806.4670000000006,
        "multi_cloud_plan": "gcp",
        "percent_diff": 0.0,
        "profiling_cost": 53.46953179446638,
        "profiling_runtime": 9383.245532003053
    },
    "household_demographics": {
        "arachne": 49.2668807018447,
        "arachne_runtime": 11882.931394599007,
        "bq": 84.45921897888184,
        "bq_baseline_runtime": 21505.639999999996,
        "multi_cloud_plan": "aws",
        "percent_diff": 41.66784716045814,
        "profiling_cost": 138.25724650122143,
        "profiling_runtime": 37115.19343576986
    },
    "income_band": {
        "arachne": 49.7696671132802,
        "arachne_runtime": 12298.327768549883,
        "bq": 92.41918087005615,
        "bq_baseline_runtime": 29432.815000000013,
        "multi_cloud_plan": "aws",
        "percent_diff": 46.147902800331366,
        "profiling_cost": 147.19727657040087,
        "profiling_runtime": 45852.10797049996
    },
    "inventory": {
        "arachne": 49.15219194310865,
        "arachne_runtime": 12140.836991332566,
        "bq": 93.50381851196289,
        "bq_baseline_runtime": 23872.071,
        "multi_cloud_plan": "aws",
        "percent_diff": 47.43295757828317,
        "profiling_cost": 147.35609884456727,
        "profiling_runtime": 39879.26604892687
    },
    "item": {
        "arachne": 35.14582633972168,
        "arachne_runtime": 11228.741999999995,
        "bq": 35.14582633972168,
        "bq_baseline_runtime": 11228.741999999995,
        "multi_cloud_plan": "gcp",
        "percent_diff": 0.0,
        "profiling_cost": 83.9244329151614,
        "profiling_runtime": 22693.594669565475
    },
    "promotion": {
        "arachne": 49.225073613769965,
        "arachne_runtime": 11848.384502016102,
        "bq": 85.56325435638428,
        "bq_baseline_runtime": 22579.33700000001,
        "multi_cloud_plan": "aws",
        "percent_diff": 42.46937662195518,
        "profiling_cost": 139.4411833788946,
        "profiling_runtime": 38254.908667848635
    },
    "reason": {
        "arachne": 49.85287137046649,
        "arachne_runtime": 12367.072004107387,
        "bq": 92.01372623443604,
        "bq_baseline_runtime": 29149.64400000001,
        "multi_cloud_plan": "aws",
        "percent_diff": 45.82017986811069,
        "profiling_cost": 146.6698503621712,
        "profiling_runtime": 45468.16292841235
    },
    "ship_mode": {
        "arachne": 50.00330608025285,
        "arachne_runtime": 12491.362622892579,
        "bq": 94.33101177215576,
        "bq_baseline_runtime": 29704.26200000001,
        "multi_cloud_plan": "aws",
        "percent_diff": 46.99165720703887,
        "profiling_cost": 149.2869178222559,
        "profiling_runtime": 46270.463675188286
    },
    "store": {
        "arachne": 46.98910377368491,
        "arachne_runtime": 10001.131011604424,
        "bq": 54.358344078063965,
        "bq_baseline_runtime": 19434.616000000005,
        "multi_cloud_plan": "aws",
        "percent_diff": 13.556778502663908,
        "profiling_cost": 105.39932312296837,
        "profiling_runtime": 32766.27341693043
    },
    "store_returns": {
        "arachne": 45.99270771420978,
        "arachne_runtime": 16466.40805420625,
        "bq": 74.16031837463379,
        "bq_baseline_runtime": 24971.006999999994,
        "multi_cloud_plan": "multi",
        "percent_diff": 37.982051962250765,
        "profiling_cost": 124.38751123929275,
        "profiling_runtime": 39062.40409507767
    },
    "store_sales": {
        "arachne": 9.211262316816894,
        "arachne_runtime": 8796.937038474865,
        "bq": 9.416570663452148,
        "bq_baseline_runtime": 8720.064999999999,
        "multi_cloud_plan": "multi",
        "percent_diff": 2.1802878560886576,
        "profiling_cost": 35.924906569122065,
        "profiling_runtime": 13770.831041177325
    },
    "time_dim": {
        "arachne": 49.92370176102236,
        "arachne_runtime": 12425.67607784793,
        "bq": 91.1452054977417,
        "bq_baseline_runtime": 28742.781000000006,
        "multi_cloud_plan": "aws",
        "percent_diff": 45.22618991488333,
        "profiling_cost": 145.94414723238253,
        "profiling_runtime": 45179.38058038853
    },
    "warehouse": {
        "arachne": 49.37718556298663,
        "arachne_runtime": 12275.803224479616,
        "bq": 92.61285781860352,
        "bq_baseline_runtime": 23665.579,
        "multi_cloud_plan": "multi",
        "percent_diff": 46.68430850098652,
        "profiling_cost": 146.91686333540693,
        "profiling_runtime": 39693.17418771711
    },
    "web_page": {
        "arachne": 49.881013661657576,
        "arachne_runtime": 12390.328419182544,
        "bq": 92.55434989929199,
        "bq_baseline_runtime": 29591.187000000005,
        "multi_cloud_plan": "aws",
        "percent_diff": 46.10624598851064,
        "profiling_cost": 147.37397665832256,
        "profiling_runtime": 46044.79838279226
    },
    "web_returns": {
        "arachne": 48.188036074059106,
        "arachne_runtime": 11407.152731648315,
        "bq": 81.0332202911377,
        "bq_baseline_runtime": 27105.240000000005,
        "multi_cloud_plan": "aws",
        "percent_diff": 40.53298647032882,
        "profiling_cost": 133.3514543439064,