{
    "call_center": {
        "arachne": 64.60972788254604,
        "arachne_runtime": 12386.330213751044,
        "bq": 126.74510049819946,
        "bq_baseline_runtime": 29449.216999999997,
        "multi_cloud_plan": "aws",
        "percent_diff": 49.02388524007373,
        "profiling_cost": 196.32487588211077,
        "profiling_runtime": 45939.66304227088
    },
    "catalog_page": {
        "arachne": 64.42898374795377,
        "arachne_runtime": 12237.162770300503,
        "bq": 119.71674513816833,
        "bq_baseline_runtime": 29104.663000000008,
        "multi_cloud_plan": "aws",
        "percent_diff": 46.18214546879425,
        "profiling_cost": 189.15113216657065,
        "profiling_runtime": 45475.15293996297
    },
    "catalog_returns": {
        "arachne": 61.29820711877467,
        "arachne_runtime": 10919.986849412653,
        "bq": 104.8576762676239,
        "bq_baseline_runtime": 20833.994000000002,
        "multi_cloud_plan": "aws",
        "percent_diff": 41.5415167485442,
        "profiling_cost": 170.1138900803453,
        "profiling_runtime": 35022.07200460514
    },
    "catalog_sales": {
        "arachne": 37.30590704215464,
        "arachne_runtime": 7851.064696371194,
        "bq": 56.072598695755005,
        "bq_baseline_runtime": 12311.433,
        "multi_cloud_plan": "multi",
        "percent_diff": 33.46856056275684,
        "profiling_cost": 101.31896956437694,
        "profiling_runtime": 21606.498340940376
    },
    "customer": {
        "arachne": 61.432503969810575,
        "arachne_runtime": 9844.562218824733,
        "bq": 100.27174258232117,
        "bq_baseline_runtime": 23349.041000000005,
        "multi_cloud_plan": "aws",
        "percent_diff": 38.7339818898872,
        "profiling_cost": 164.6990004822025,
        "profiling_runtime": 35665.71913469423
    },
    "customer_address": {
        "arachne": 62.95696020195782,
        "arachne_runtime": 11044.705378627736,
        "bq": 103.64869952201843,
        "bq_baseline_runtime": 23769.816999999995,
        "multi_cloud_plan": "aws",
        "percent_diff": 39.25928594156296,
        "profiling_cost": 170.59579851433077,
        "profiling_runtime": 38109.0255709083
    },
    "customer_demographics": {
        "arachne": 63.41445542395683,
        "arachne_runtime": 11399.92185906028,
        "bq": 111.87154769897461,
        "bq_baseline_runtime": 21214.163000000004,
        "multi_cloud_plan": "aws",
        "percent_diff": 43.31493867002425,
        "profiling_cost": 179.41281092556514,
        "profiling_runtime": 36021.49977280882
    },
    "date_dim": {
        "arachne": 14.316011667251587,
        "arachne_runtime": 2806.4669999999996,
        "bq": 14.316011667251587,
        "bq_baseline_runtime": 2806.4669999999996,
        "multi_cloud_plan": "gcp",
        "percent_diff": 0.0,
        "profiling_cost": 71.89658154015089,
        "profiling_runtime": 9383.245532003053
    },
    "household_demographics": {
        "arachne": 63.99373969719154,
        "arachne_runtime": 11877.405555598303,
        "bq": 114.01994562149048,
        "bq_baseline_runtime": 21505.64,
        "multi_cloud_plan": "aws",
        "percent_diff": 43.87496034278936,
        "profiling_cost": 182.53353282860402,
        "profiling_runtime": 37115.19343576987
    },
    "income_band": {
        "arachne": 64.49652733981107,
        "arachne_runtime": 12292.80192954918,
        "bq": 124.7658941745758,
        "bq_baseline_runtime": 29432.815000000017,
        "multi_cloud_plan": "aws",
        "percent_diff": 48.30596312677743,
        "profiling_cost": 194.25955077292832,
        "profiling_runtime": 45852.10797049996
    },
    "inventory": {
        "arachne": 63.699298871762224,
        "arachne_runtime": 12135.311152331862,
        "bq": 126.2301549911499,
        "bq_baseline_runtime": 23872.07100000001,
        "multi_cloud_plan": "aws",
        "percent_diff": 49.5371776448914,
        "profiling_cost": 194.6182461569504,
        "profiling_runtime": 39879.266048926875
    },
    "item": {
        "arachne": 47.44686555862427,
        "arachne_runtime": 11228.742000000004,
        "bq": 47.44686555862427,
        "bq_baseline_runtime": 11228.742000000004,
        "multi_cloud_plan": "gcp",
        "percent_diff": 0.0,
        "profiling_cost": 110.93981160902048,
        "profiling_runtime": 22693.594669565475
    },
    "promotion": {
        "arachne": 63.9519311846659,
        "arachne_runtime": 11842.858663015399,
        "bq": 115.51039338111877,
        "bq_baseline_runtime": 22579.337000000007,
        "multi_cloud_plan": "aws",
        "percent_diff": 44.63534465365311,
        "profiling_cost": 184.10388064604984,
        "profiling_runtime": 38254.908667848635
    },
    "reason": {
        "arachne": 64.57973156420489,
        "arachne_runtime": 12361.546165106683,
        "bq": 124.21853041648865,
        "bq_baseline_runtime": 29149.644000000008,
        "multi_cloud_plan": "aws",
        "percent_diff": 48.01119338018457,
        "profiling_cost": 193.5902154094397,
        "profiling_runtime": 45468.16292841236
    },
    "ship_mode": {
        "arachne": 64.73016627910899,
        "arachne_runtime": 12485.836783891875,
        "bq": 127.34686589241028,
        "bq_baseline_runtime": 29704.262000000013,
        "multi_cloud_plan": "aws",
        "percent_diff": 49.17019290149109,
        "profiling_cost": 197.01833281284402,
        "profiling_runtime": 46270.46367518826
    },
    "store": {
        "arachne": 61.71590098214148,
        "arachne_runtime": 9995.605172603722,
        "bq": 73.38376450538635,
        "bq_baseline_runtime": 19434.615999999998,
        "multi_cloud_plan": "aws",
        "percent_diff": 15.899788736496964,
        "profiling_cost": 139.14030099067966,
        "profiling_runtime": 32766.273416930428
    },
    "store_returns": {
        "arachne": 60.008086425884116,
        "arachne_runtime": 16456.51437659586,
        "bq": 100.11642980575562,
        "bq_baseline_runtime": 24971.007,
        "multi_cloud_plan": "multi",
        "percent_diff": 40.061699620820576,
        "profiling_cost": 164.3294293197698,
        "profiling_runtime": 39062.40409507767
    },
    "store_sales": {
        "arachne": 12.372905957355572,
        "arachne_runtime": 8796.937038474865,
        "bq": 12.7123703956604,
        "bq_baseline_runtime": 8720.065000000002,
        "multi_cloud_plan": "multi",
        "percent_diff": 2.6703472896031317,
        "profiling_cost": 47.8218828970275,
        "profiling_runtime": 13770.831041177325
    },
    "time_dim": {
        "arachne": 64.6505194927657,
        "arachne_runtime": 12420.150238847225,
        "bq": 123.0460274219513,
        "bq_baseline_runtime": 28742.781000000006,
        "multi_cloud_plan": "aws",
        "percent_diff": 47.45826350730921,
        "profiling_cost": 192.56048756057677,
        "profiling_runtime": 45179.38058038851
    },
    "warehouse": {
        "arachne": 64.03826357763764,
        "arachne_runtime": 12270.277385478914,
        "bq": 125.02735805511475,
        "bq_baseline_runtime": 23665.57900000001,
        "multi_cloud_plan": "multi",
        "percent_diff": 48.78059924340064,
        "profiling_cost": 194.04692438608834,
        "profiling_runtime": 39693.17418771713
    },
    "web_page": {
        "arachne": 64.60787131782695,
        "arachne_runtime": 12384.80258018184,
        "bq": 124.94837236404419,
        "bq_baseline_runtime": 29591.187000000005,
        "multi_cloud_plan": "aws",
        "percent_diff": 48.29234659448925,
        "profiling_cost": 194.48355745076734,
        "profiling_runtime": 46044.79838279225
    },
    "web_returns": {
        "arachne": 62.68727394089115,
        "arachne_runtime": 11411.52057025801,
        "bq": 109.39484739303589,
        "bq_baseline_runtime": 27105.24000000001,
        "multi_cloud_plan": "aws",
        "percent_diff": 42.69631940189365,
        "profiling_cost": 176.2086473325535,