{
    "call_center": {
        "arachne": 91.92732677287559,
        "arachne_runtime": 12391.856052751747,
        "bq": 93.8852596282959,
        "bq_baseline_runtime": 29449.216999999997,
        "multi_cloud_plan": "aws",
        "percent_diff": 2.0854528849065592,
        "profiling_cost": 190.7939332310541,
        "profiling_runtime": 45939.663042270855
    },
    "catalog_page": {
        "arachne": 88.67907047271729,
        "arachne_runtime": 29104.66300000001,
        "bq": 88.67907047271729,
        "bq_baseline_runtime": 29104.66300000001,
        "multi_cloud_plan": "gcp",
        "percent_diff": 0.0,
        "profiling_cost": 185.44224573483098,
        "profiling_runtime": 45475.15293996299
    },
    "catalog_returns": {
        "arachne": 77.67235279083252,
        "arachne_runtime": 20833.994,
        "bq": 77.67235279083252,
        "bq_baseline_runtime": 20833.994,
        "multi_cloud_plan": "gcp",
        "percent_diff": 0.0,
        "profiling_cost": 169.41182922083465,
        "profiling_runtime": 35022.07200460514
    },
    "catalog_sales": {
        "arachne": 41.535258293151855,
        "arachne_runtime": 12311.432999999999,
        "bq": 41.535258293151855,
        "bq_baseline_runtime": 12311.432999999999,
        "multi_cloud_plan": "gcp",
        "percent_diff": 0.0,
        "profiling_cost": 105.51065471546686,
        "profiling_runtime": 21606.498340940376
    },
    "customer": {
        "arachne": 74.27536487579346,
        "arachne_runtime": 23349.041,
        "bq": 74.27536487579346,
        "bq_baseline_runtime": 23349.041,
        "multi_cloud_plan": "gcp",
        "percent_diff": 0.0,
        "profiling_cost": 165.97604380657145,
        "profiling_runtime": 35665.71913469424
    },
    "customer_address": {
        "arachne": 76.7768144607544,
        "arachne_runtime": 23769.817000000003,
        "bq": 76.7768144607544,
        "bq_baseline_runtime": 23769.817000000003,
        "multi_cloud_plan": "gcp",
        "percent_diff": 0.0,
        "profiling_cost": 171.03689171231255,
        "profiling_runtime": 38109.02557090829
    },
    "customer_demographics": {
        "arachne": 82.86781311035156,
        "arachne_runtime": 21214.16300000001,
        "bq": 82.86781311035156,
        "bq_baseline_runtime": 21214.16300000001,
        "multi_cloud_plan": "gcp",
        "percent_diff": 0.0,
        "profiling_cost": 177.737222443189,
        "profiling_runtime": 36021.49977280881
    },
    "date_dim": {
        "arachne": 10.604453086853027,
        "arachne_runtime": 2806.467,
        "bq": 10.604453086853027,
        "bq_baseline_runtime": 2806.467,
        "multi_cloud_plan": "gcp",
        "percent_diff": 0.0,
        "profiling_cost": 95.51379226671192,
        "profiling_runtime": 9383.245532003053
    },
    "household_demographics": {
        "arachne": 84.45921897888184,
        "arachne_runtime": 21505.63999999999,
        "bq": 84.45921897888184,
        "bq_baseline_runtime": 21505.63999999999,
        "multi_cloud_plan": "gcp",
        "percent_diff": 0.0,
        "profiling_cost": 180.30170274343263,
        "profiling_runtime": 37115.19343576986
    },
    "income_band": {
        "arachne": 91.81412682187396,
        "arachne_runtime": 12298.327768549882,
        "bq": 92.41918087005615,
        "bq_baseline_runtime": 29432.815000000013,
        "multi_cloud_plan": "aws",
        "percent_diff": 0.6546844956707841,
        "profiling_cost": 189.24173627899455,
        "profiling_runtime": 45852.107970499965
    },
    "inventory": {
        "arachne": 90.68308003795481,
        "arachne_runtime": 12140.836991332566,
        "bq": 93.50381851196289,
        "bq_baseline_runtime": 23872.071000000007,
        "multi_cloud_plan": "aws",
        "percent_diff": 3.01670939101508,
        "profiling_cost": 188.88698693941336,
        "profiling_runtime": 39879.26604892687
    },
    "item": {
        "arachne": 35.14582633972168,
        "arachne_runtime": 11228.742000000002,
        "bq": 35.14582633972168,
        "bq_baseline_runtime": 11228.742000000002,
        "multi_cloud_plan": "gcp",
        "percent_diff": 0.0,
        "profiling_cost": 125.96540284360856,
        "profiling_runtime": 22693.59466956547
    },
    "promotion": {
        "arachne": 85.56325435638428,
        "arachne_runtime": 22579.337000000007,
        "bq": 85.56325435638428,
        "bq_baseline_runtime": 22579.337000000007,
        "multi_cloud_plan": "gcp",
        "percent_diff": 0.0,
        "profiling_cost": 181.48563550009658,
        "profiling_runtime": 38254.90866784863
    },
    "reason": {
        "arachne": 91.89733098536921,
        "arachne_runtime": 12367.072004107387,
        "bq": 92.01372623443604,
        "bq_baseline_runtime": 29149.644000000004,
        "multi_cloud_plan": "aws",
        "percent_diff": 0.12649770184316886,
        "profiling_cost": 188.71430997707387,
        "profiling_runtime": 45468.162928412356
    },
    "ship_mode": {
        "arachne": 92.04776570977737,
        "arachne_runtime": 12491.362622892579,
        "bq": 94.33101177215576,
        "bq_baseline_runtime": 29704.261999999988,
        "multi_cloud_plan": "aws",
        "percent_diff": 2.4204617542884823,
        "profiling_cost": 191.33137745178038,
        "profiling_runtime": 46270.463675188264
    },
    "store": {
        "arachne": 54.358344078063965,
        "arachne_runtime": 19434.616,
        "bq": 54.358344078063965,
        "bq_baseline_runtime": 19434.616,
        "multi_cloud_plan": "gcp",
        "percent_diff": 0.0,
        "profiling_cost": 147.44377295265105,
        "profiling_runtime": 32766.27341693043
    },
    "store_returns": {
        "arachne": 74.16031837463379,
        "arachne_runtime": 24971.006999999994,
        "bq": 74.16031837463379,
        "bq_baseline_runtime": 24971.006999999994,
        "multi_cloud_plan": "gcp",
        "percent_diff": 0.0,
        "profiling_cost": 164.34695880887904,
        "profiling_runtime": 39062.404095077676
    },
    "store_sales": {
        "arachne": 9.416570663452148,
        "arachne_runtime": 8720.064999999999,
        "bq": 9.416570663452148,
        "bq_baseline_runtime": 8720.064999999999,
        "multi_cloud_plan": "gcp",
        "percent_diff": 0.0,
        "profiling_cost": 60.499696842542576,
        "profiling_runtime": 13770.831041177324
    },
    "time_dim": {
        "arachne": 91.1452054977417,
        "arachne_runtime": 28742.781000000003,
        "bq": 91.1452054977417,
        "bq_baseline_runtime": 28742.781000000003,
        "multi_cloud_plan": "gcp",
        "percent_diff": 0.0,
        "profiling_cost": 187.98848552948138,
        "profiling_runtime": 45179.38058038851
    },
    "warehouse": {
        "arachne": 90.90807323678185,
        "arachne_runtime": 12275.803224479616,
        "bq": 92.61285781860352,
        "bq_baseline_runtime": 23665.57899999999,
        "multi_cloud_plan": "multi",
        "percent_diff": 1.8407644704807102,
        "profiling_cost": 188.96132280446454,
        "profiling_runtime": 39693.1741877171
    },
    "web_page": {
        "arachne": 91.92546602649345,
        "arachne_runtime": 12390.328419182542,
        "bq": 92.55434989929199,
        "bq_baseline_runtime": 29591.18700000001,
        "multi_cloud_plan": "aws",
        "percent_diff": 0.6794752202169052,
        "profiling_cost": 189.41842902315844,
        "profiling_runtime": 46044.79838279226
    },
    "web_returns": {
        "arachne": 81.0332202911377,
        "arachne_runtime": 27105.24000000001,
        "bq": 81.0332202911377,
        "bq_baseline_runtime": 27105.24000000001,
        "multi_cloud_plan": "gcp",
        "percent_diff": 0.0,
        "profiling_cost": 174.76735687747484,
        "profiling_runtime": 41923.931324592595
    },
    "web_sales": {
        "arachne": 48.173699378967285,
        "arachne_runtime": 19348.599000000002,
        "bq": 48.173699378967285,
        "bq_baseline_runtime": 19348.599000000002,