{
    "call_center": {
        "arachne": 37.55410385131836,
        "arachne_runtime": 29449.217,
        "bq": 37.55410385131836,
        "bq_baseline_runtime": 29449.217,
        "multi_cloud_plan": "gcp",
        "percent_diff": 0.0,
        "profiling_cost": 107.13387923522976,
        "profiling_runtime": 45939.66304227086
    },
    "catalog_page": {
        "arachne": 35.471628189086914,
        "arachne_runtime": 29104.66300000001,
        "bq": 35.471628189086914,
        "bq_baseline_runtime": 29104.66300000001,
        "multi_cloud_plan": "gcp",
        "percent_diff": 0.0,
        "profiling_cost": 104.90601521748927,
        "profiling_runtime": 45475.15293996298
    },
    "catalog_returns": {
        "arachne": 31.068941116333008,
        "arachne_runtime": 20833.99399999999,
        "bq": 31.068941116333008,
        "bq_baseline_runtime": 20833.99399999999,
        "multi_cloud_plan": "gcp",
        "percent_diff": 0.0,
        "profiling_cost": 96.32515492905445,
        "profiling_runtime": 35022.07200460514
    },
    "catalog_sales": {
        "arachne": 16.614103317260742,
        "arachne_runtime": 12311.433000000003,
        "bq": 16.614103317260742,
        "bq_baseline_runtime": 12311.433000000003,
        "multi_cloud_plan": "gcp",
        "percent_diff": 0.0,
        "profiling_cost": 61.86047418588265,
        "profiling_runtime": 21606.498340940383
    },
    "customer": {
        "arachne": 29.710145950317383,
        "arachne_runtime": 23349.040999999994,
        "bq": 29.710145950317383,
        "bq_baseline_runtime": 23349.040999999994,
        "multi_cloud_plan": "gcp",
        "percent_diff": 0.0,
        "profiling_cost": 94.13740385019872,
        "profiling_runtime": 35665.71913469423
    },
    "customer_address": {
        "arachne": 30.710725784301758,
        "arachne_runtime": 23769.817000000006,
        "bq": 30.710725784301758,
        "bq_baseline_runtime": 23769.817000000006,
        "multi_cloud_plan": "gcp",
        "percent_diff": 0.0,
        "profiling_cost": 97.6578247766141,
        "profiling_runtime": 38109.025570908285
    },
    "customer_demographics": {
        "arachne": 33.147125244140625,
        "arachne_runtime": 21214.16300000001,
        "bq": 33.147125244140625,
        "bq_baseline_runtime": 21214.16300000001,
        "multi_cloud_plan": "gcp",
        "percent_diff": 0.0,
        "profiling_cost": 100.6883884707312,
        "profiling_runtime": 36021.49977280882
    },
    "date_dim": {
        "arachne": 4.241781234741211,
        "arachne_runtime": 2806.467,
        "bq": 4.241781234741211,
        "bq_baseline_runtime": 2806.467,
        "multi_cloud_plan": "gcp",
        "percent_diff": 0.0,
        "profiling_cost": 61.822351107640486,
        "profiling_runtime": 9383.245532003053
    },
    "household_demographics": {
        "arachne": 33.783687591552734,
        "arachne_runtime": 21505.64,
        "bq": 33.783687591552734,
        "bq_baseline_runtime": 21505.64,
        "multi_cloud_plan": "gcp",
        "percent_diff": 0.0,
        "profiling_cost": 102.29727479866634,
        "profiling_runtime": 37115.19343576986
    },
    "income_band": {
        "arachne": 36.96767234802246,
        "arachne_runtime": 29432.815,
        "bq": 36.96767234802246,
        "bq_baseline_runtime": 29432.815,
        "multi_cloud_plan": "gcp",
        "percent_diff": 0.0,
        "profiling_cost": 106.461328946375,
        "profiling_runtime": 45852.10797049997
    },
    "inventory": {
        "arachne": 37.401527404785156,
        "arachne_runtime": 23872.07100000001,
        "bq": 37.401527404785156,
        "bq_baseline_runtime": 23872.07100000001,
        "multi_cloud_plan": "gcp",
        "percent_diff": 0.0,
        "profiling_cost": 105.7896185705857,
        "profiling_runtime": 39879.26604892687
    },
    "item": {
        "arachne": 14.058330535888672,
        "arachne_runtime": 11228.741999999998,
        "bq": 14.058330535888672,
        "bq_baseline_runtime": 11228.741999999998,
        "multi_cloud_plan": "gcp",
        "percent_diff": 0.0,
        "profiling_cost": 77.5512765862849,
        "profiling_runtime": 22693.594669565475
    },
    "promotion": {
        "arachne": 34.22530174255371,
        "arachne_runtime": 22579.336999999996,
        "bq": 34.22530174255371,
        "bq_baseline_runtime": 22579.336999999996,
        "multi_cloud_plan": "gcp",
        "percent_diff": 0.0,
        "profiling_cost": 102.81878900748472,
        "profiling_runtime": 38254.90866784862
    },
    "reason": {
        "arachne": 36.805490493774414,
        "arachne_runtime": 29149.644000000004,
        "bq": 36.805490493774414,
        "bq_baseline_runtime": 29149.644000000004,
        "multi_cloud_plan": "gcp",
        "percent_diff": 0.0,
        "profiling_cost": 106.1771754867255,
        "profiling_runtime": 45468.16292841235
    },
    "ship_mode": {
        "arachne": 37.732404708862305,
        "arachne_runtime": 29704.262000000017,
        "bq": 37.732404708862305,
        "bq_baseline_runtime": 29704.262000000017,
        "multi_cloud_plan": "gcp",
        "percent_diff": 0.0,
        "profiling_cost": 107.403871629296,
        "profiling_runtime": 46270.46367518828
    },
    "store": {
        "arachne": 21.743337631225586,
        "arachne_runtime": 19434.616,
        "bq": 21.743337631225586,
        "bq_baseline_runtime": 19434.616,
        "multi_cloud_plan": "gcp",
        "percent_diff": 0.0,
        "profiling_cost": 87.49987411651895,
        "profiling_runtime": 32766.27341693042
    },
    "store_returns": {
        "arachne": 29.664127349853516,
        "arachne_runtime": 24971.007,
        "bq": 29.664127349853516,
        "bq_baseline_runtime": 24971.007,
        "multi_cloud_plan": "gcp",
        "percent_diff": 0.0,
        "profiling_cost": 93.87712686386773,
        "profiling_runtime": 39062.404095077676
    },
    "store_sales": {
        "arachne": 3.7666282653808594,
        "arachne_runtime": 8720.064999999999,
        "bq": 3.7666282653808594,
        "bq_baseline_runtime": 8720.064999999999,
        "multi_cloud_plan": "gcp",
        "percent_diff": 0.0,
        "profiling_cost": 38.87614076674795,
        "profiling_runtime": 13770.831041177322
    },
    "time_dim": {
        "arachne": 36.45808219909668,
        "arachne_runtime": 28742.781000000003,
        "bq": 36.45808219909668,
        "bq_baseline_runtime": 28742.781000000003,
        "multi_cloud_plan": "gcp",
        "percent_diff": 0.0,
        "profiling_cost": 105.97254233772222,
        "profiling_runtime": 45179.380580388526
    },
    "warehouse": {
        "arachne": 37.045143127441406,
        "arachne_runtime": 23665.579,
        "bq": 37.045143127441406,
        "bq_baseline_runtime": 23665.579,
        "multi_cloud_plan": "gcp",
        "percent_diff": 0.0,
        "profiling_cost": 106.06470945841492,
        "profiling_runtime": 39693.17418771713
    },
    "web_page": {
        "arachne": 37.0217399597168,
        "arachne_runtime": 29591.187000000013,
        "bq": 37.0217399597168,
        "bq_baseline_runtime": 29591.187000000013,
        "multi_cloud_plan": "gcp",
        "percent_diff": 0.0,
        "profiling_cost": 106.5569250464399,
        "profiling_runtime": 46044.79838279225
    },
    "web_returns": {
        "arachne": 32.41328811645508,
        "arachne_runtime": 27105.24,
        "bq": 32.41328811645508,
        "bq_baseline_runtime": 27105.24,
        "multi_cloud_plan": "gcp",
        "percent_diff": 0.0,
        "profiling_cost": 99.22708805597274,
        "profiling_runtime": 41923.931324592566
    },
    "web_sales": {
        "arachne": 19.269479751586914,
        "arachne_runtime": 19348.599000000002,
        "bq": 19.269479751586914,
        "bq_baseline_runtime": 19348.599000000002,
        "multi_cloud_plan": "gcp",
        "percent_diff": 0.0,
        "profiling_cost": 73.34210938322605,
        "profiling_runtime": 29565.525529842893
    },