{
    "call_center": {
        "arachne": 93.8852596282959,
        "arachne_runtime": 29449.217000000008,
        "bq": 93.8852596282959,
        "bq_baseline_runtime": 29449.217000000008,
        "multi_cloud_plan": "gcp",
        "percent_diff": 0.0,
        "profiling_cost": 194.9983791108767,
        "profiling_runtime": 45939.66304227087
    },
    "catalog_page": {
        "arachne": 88.67907047271729,
        "arachne_runtime": 29104.66299999999,
        "bq": 88.67907047271729,
        "bq_baseline_runtime": 29104.66299999999,
        "multi_cloud_plan": "gcp",
        "percent_diff": 0.0,
        "profiling_cost": 189.6466746938635,
        "profiling_runtime": 45475.15293996298
    },
    "catalog_returns": {
        "arachne": 77.67235279083252,
        "arachne_runtime": 20833.994000000006,
        "bq": 77.67235279083252,
        "bq_baseline_runtime": 20833.994000000006,
        "multi_cloud_plan": "gcp",
        "percent_diff": 0.0,
        "profiling_cost": 173.4861773158009,
        "profiling_runtime": 35022.07200460514
    },
    "catalog_sales": {
        "arachne": 41.535258293151855,
        "arachne_runtime": 12311.433,
        "bq": 41.535258293151855,
        "bq_baseline_runtime": 12311.433,
        "multi_cloud_plan": "gcp",
        "percent_diff": 0.0,
        "profiling_cost": 108.39204326218888,
        "profiling_runtime": 21606.498340940376
    },
    "customer": {
        "arachne": 74.27536487579346,
        "arachne_runtime": 23349.041,
        "bq": 74.27536487579346,
        "bq_baseline_runtime": 23349.041,
        "multi_cloud_plan": "gcp",
        "percent_diff": 0.0,
        "profiling_cost": 170.17195473440177,
        "profiling_runtime": 35665.71913469423
    },
    "customer_address": {
        "arachne": 76.7768144607544,
        "arachne_runtime": 23769.817000000003,
        "bq": 76.7768144607544,
        "bq_baseline_runtime": 23769.817000000003,
        "multi_cloud_plan": "gcp",
        "percent_diff": 0.0,
        "profiling_cost": 175.23888836758118,
        "profiling_runtime": 38109.025570908285
    },
    "customer_demographics": {
        "arachne": 82.86781311035156,
        "arachne_runtime": 21214.163,
        "bq": 82.86781311035156,
        "bq_baseline_runtime": 21214.163,
        "multi_cloud_plan": "gcp",
        "percent_diff": 0.0,
        "profiling_cost": 181.9415526133808,
        "profiling_runtime": 36021.499772808806
    },
    "date_dim": {
        "arachne": 10.604453086853027,
        "arachne_runtime": 2806.4669999999996,
        "bq": 10.604453086853027,
        "bq_baseline_runtime": 2806.4669999999996,
        "multi_cloud_plan": "gcp",
        "percent_diff": 0.0,
        "profiling_cost": 99.71821831393648,
        "profiling_runtime": 9383.245532003053
    },
    "household_demographics": {
        "arachne": 84.45921897888184,
        "arachne_runtime": 21505.64000000001,
        "bq": 84.45921897888184,
        "bq_baseline_runtime": 21505.64000000001,
        "multi_cloud_plan": "gcp",
        "percent_diff": 0.0,
        "profiling_cost": 184.50614836765376,
        "profiling_runtime": 37115.19343576987
    },
    "income_band": {
        "arachne": 92.41918087005615,
        "arachne_runtime": 29432.815000000006,
        "bq": 92.41918087005615,
        "bq_baseline_runtime": 29432.815000000006,
        "multi_cloud_plan": "gcp",
        "percent_diff": 0.0,
        "profiling_cost": 193.44618224985402,
        "profiling_runtime": 45852.10797049996
    },
    "inventory": {
        "arachne": 93.50381851196289,
        "arachne_runtime": 23872.071000000007,
        "bq": 93.50381851196289,
        "bq_baseline_runtime": 23872.071000000007,
        "multi_cloud_plan": "gcp",
        "percent_diff": 0.0,
        "profiling_cost": 193.040075748898,
        "profiling_runtime": 39879.26604892687
    },
    "item": {
        "arachne": 35.14582633972168,
        "arachne_runtime": 11228.742,
        "bq": 35.14582633972168,
        "bq_baseline_runtime": 11228.742,
        "multi_cloud_plan": "gcp",
        "percent_diff": 0.0,
        "profiling_cost": 130.16949983645324,
        "profiling_runtime": 22693.59466956548
    },
    "promotion": {
        "arachne": 85.56325435638428,
        "arachne_runtime": 22579.337000000014,
        "bq": 85.56325435638428,
        "bq_baseline_runtime": 22579.337000000014,
        "multi_cloud_plan": "gcp",
        "percent_diff": 0.0,
        "profiling_cost": 185.6900807122168,
        "profiling_runtime": 38254.908667848635
    },
    "reason": {
        "arachne": 92.01372623443604,
        "arachne_runtime": 29149.64400000001,
        "bq": 92.01372623443604,
        "bq_baseline_runtime": 29149.64400000001,
        "multi_cloud_plan": "gcp",
        "percent_diff": 0.0,
        "profiling_cost": 192.91875593856417,
        "profiling_runtime": 45468.16292841234
    },
    "ship_mode": {
        "arachne": 94.33101177215576,
        "arachne_runtime": 29704.262000000006,
        "bq": 94.33101177215576,
        "bq_baseline_runtime": 29704.262000000006,
        "multi_cloud_plan": "gcp",
        "percent_diff": 0.0,
        "profiling_cost": 195.53582341473285,
        "profiling_runtime": 46270.46367518827
    },
    "store": {
        "arachne": 54.358344078063965,
        "arachne_runtime": 19434.616,
        "bq": 54.358344078063965,
        "bq_baseline_runtime": 19434.616,
        "multi_cloud_plan": "gcp",
        "percent_diff": 0.0,
        "profiling_cost": 151.64821793561933,
        "profiling_runtime": 32766.27341693043
    },
    "store_returns": {
        "arachne": 74.16031837463379,
        "arachne_runtime": 24971.006999999998,
        "bq": 74.16031837463379,
        "bq_baseline_runtime": 24971.006999999998,
        "multi_cloud_plan": "gcp",
        "percent_diff": 0.0,
        "profiling_cost": 168.34290356583776,
        "profiling_runtime": 39062.404095077676
    },
    "store_sales": {
        "arachne": 9.416570663452148,
        "arachne_runtime": 8720.064999999997,
        "bq": 9.416570663452148,
        "bq_baseline_runtime": 8720.064999999997,
        "multi_cloud_plan": "gcp",
        "percent_diff": 0.0,
        "profiling_cost": 62.95717586988464,
        "profiling_runtime": 13770.831041177324
    },
    "time_dim": {
        "arachne": 91.1452054977417,
        "arachne_runtime": 28742.781000000006,
        "bq": 91.1452054977417,
        "bq_baseline_runtime": 28742.781000000006,
        "multi_cloud_plan": "gcp",
        "percent_diff": 0.0,
        "profiling_cost": 192.19291935919136,
        "profiling_runtime": 45179.380580388504
    },
    "warehouse": {
        "arachne": 92.61285781860352,
        "arachne_runtime": 23665.578999999998,
        "bq": 92.61285781860352,
        "bq_baseline_runtime": 23665.578999999998,
        "multi_cloud_plan": "gcp",
        "percent_diff": 0.0,
        "profiling_cost": 193.1657687513702,
        "profiling_runtime": 39693.1741877171
    },
    "web_page": {
        "arachne": 92.55434989929199,
        "arachne_runtime": 29591.187,
        "bq": 92.55434989929199,
        "bq_baseline_runtime": 29591.187,
        "multi_cloud_plan": "gcp",
        "percent_diff": 0.0,
        "profiling_cost": 193.62287425964203,
        "profiling_runtime": 46044.79838279223
    },
    "web_returns": {
        "arachne": 81.0332202911377,
        "arachne_runtime": 27105.24,
        "bq": 81.0332202911377,
        "bq_baseline_runtime": 27105.24,
        "multi_cloud_plan": "gcp",
        "percent_diff": 0.0,
        "profiling_cost": 178.9089471308317,
        "profiling_runtime": 41923.931324592566
    },
    "web_sales": {
        "arachne": 48.173699378967285,
        "arachne_runtime": 19348.599,
        "bq": 48.173699378967285,
        "bq_baseline_runtime": 19348.599,
        "multi_cloud_plan": "gcp",
        "percent_diff": 0.0,
        "profiling_cost": 128.75386196596327,
        "profiling_runtime": 29565.525529842904
    },