{
    "call_center": {
        "arachne": 64.58324415156291,
        "arachne_runtime": 12391.856052751747,
        "bq": 75.10820770263672,
        "bq_baseline_runtime": 29449.216999999997,
        "multi_cloud_plan": "aws",
        "percent_diff": 14.01306711077906,
        "profiling_cost": 144.68798308654806,
        "profiling_runtime": 45939.66304227085
    },
    "catalog_page": {
        "arachne": 64.40250001803585,
        "arachne_runtime": 12242.688609301207,
        "bq": 70.94325637817383,
        "bq_baseline_runtime": 29104.663,
        "multi_cloud_plan": "aws",
        "percent_diff": 9.219701341691279,
        "profiling_cost": 140.37764340657614,
        "profiling_runtime": 45475.15293996298
    },
    "catalog_returns": {
        "arachne": 61.00167076426506,
        "arachne_runtime": 11150.92796210095,
        "bq": 62.137882232666016,
        "bq_baseline_runtime": 20833.994000000006,
        "multi_cloud_plan": "multi",
        "percent_diff": 1.8285326560480195,
        "profiling_cost": 127.39409604538747,
        "profiling_runtime": 35022.07200460515
    },
    "catalog_sales": {
        "arachne": 33.228206634521484,
        "arachne_runtime": 12311.433000000003,
        "bq": 33.228206634521484,
        "bq_baseline_runtime": 12311.433000000003,
        "multi_cloud_plan": "gcp",
        "percent_diff": 0.0,
        "profiling_cost": 78.47457750314342,
        "profiling_runtime": 21606.498340940383
    },
    "customer": {
        "arachne": 59.420291900634766,
        "arachne_runtime": 23349.041,
        "bq": 59.420291900634766,
        "bq_baseline_runtime": 23349.041,
        "multi_cloud_plan": "gcp",
        "percent_diff": 0.0,
        "profiling_cost": 123.84754980051609,
        "profiling_runtime": 35665.71913469423
    },
    "customer_address": {
        "arachne": 61.421451568603516,
        "arachne_runtime": 23769.817000000003,
        "bq": 61.421451568603516,
        "bq_baseline_runtime": 23769.817000000003,
        "multi_cloud_plan": "gcp",
        "percent_diff": 0.0,
        "profiling_cost": 128.36855056091582,
        "profiling_runtime": 38109.0255709083
    },
    "customer_demographics": {
        "arachne": 63.38797170025823,
        "arachne_runtime": 11405.447698060983,
        "bq": 66.29425048828125,
        "bq_baseline_runtime": 21214.162999999997,
        "multi_cloud_plan": "aws",
        "percent_diff": 4.383907754620082,
        "profiling_cost": 133.8355137148718,
        "profiling_runtime": 36021.499772808806
    },
    "date_dim": {
        "arachne": 8.483562469482422,
        "arachne_runtime": 2806.4669999999996,
        "bq": 8.483562469482422,
        "bq_baseline_runtime": 2806.4669999999996,
        "multi_cloud_plan": "gcp",
        "percent_diff": 0.0,
        "profiling_cost": 66.06413234238173,
        "profiling_runtime": 9383.245532003053
    },
    "household_demographics": {
        "arachne": 63.967255966224826,
        "arachne_runtime": 11882.931394599007,
        "bq": 67.56737518310547,
        "bq_baseline_runtime": 21505.640000000003,
        "multi_cloud_plan": "aws",
        "percent_diff": 5.328191611890254,
        "profiling_cost": 136.080962390219,
        "profiling_runtime": 37115.19343576988
    },
    "income_band": {
        "arachne": 64.4700436088222,
        "arachne_runtime": 12298.327768549882,
        "bq": 73.93534469604492,
        "bq_baseline_runtime": 29432.814999999995,
        "multi_cloud_plan": "aws",
        "percent_diff": 12.802132898866518,
        "profiling_cost": 143.42900129439738,
        "profiling_runtime": 45852.10797049993
    },
    "inventory": {
        "arachne": 63.67281837383898,
        "arachne_runtime": 12140.836991332566,
        "bq": 74.80305480957031,
        "bq_baseline_runtime": 23872.071000000004,
        "multi_cloud_plan": "aws",
        "percent_diff": 14.87938756520854,
        "profiling_cost": 143.19114597537086,
        "profiling_runtime": 39879.26604892686
    },
    "item": {
        "arachne": 28.116661071777344,
        "arachne_runtime": 11228.741999999997,
        "bq": 28.116661071777344,
        "bq_baseline_runtime": 11228.741999999997,
        "multi_cloud_plan": "gcp",
        "percent_diff": 0.0,
        "profiling_cost": 91.60960712217356,
        "profiling_runtime": 22693.59466956547
    },
    "promotion": {
        "arachne": 63.92544745372481,
        "arachne_runtime": 11848.3845020161,
        "bq": 68.45060348510742,
        "bq_baseline_runtime": 22579.336999999996,
        "multi_cloud_plan": "aws",
        "percent_diff": 6.610834384195223,
        "profiling_cost": 137.04409075003844,
        "profiling_runtime": 38254.90866784862
    },
    "reason": {
        "arachne": 64.55324783321662,
        "arachne_runtime": 12367.072004107386,
        "bq": 73.61098098754883,
        "bq_baseline_runtime": 29149.644000000008,
        "multi_cloud_plan": "aws",
        "percent_diff": 12.304866791361349,
        "profiling_cost": 142.9826659804999,
        "profiling_runtime": 45468.162928412356
    },
    "ship_mode": {
        "arachne": 64.70368254812063,
        "arachne_runtime": 12491.362622892577,
        "bq": 75.46480941772461,
        "bq_baseline_runtime": 29704.262,
        "multi_cloud_plan": "aws",
        "percent_diff": 14.259794668051583,
        "profiling_cost": 145.13627633815832,
        "profiling_runtime": 46270.46367518824
    },
    "store": {
        "arachne": 43.48667526245117,
        "arachne_runtime": 19434.616000000005,
        "bq": 43.48667526245117,
        "bq_baseline_runtime": 19434.616000000005,
        "multi_cloud_plan": "gcp",
        "percent_diff": 0.0,
        "profiling_cost": 109.24321174774452,
        "profiling_runtime": 32766.273416930428
    },
    "store_returns": {
        "arachne": 58.96144705740439,
        "arachne_runtime": 16687.455489284155,
        "bq": 59.32825469970703,
        "bq_baseline_runtime": 24971.00700000001,
        "multi_cloud_plan": "multi",
        "percent_diff": 0.6182680480982538,
        "profiling_cost": 123.54125421372122,
        "profiling_runtime": 39062.404095077676
    },
    "store_sales": {
        "arachne": 7.533256530761719,
        "arachne_runtime": 8720.064999999999,
        "bq": 7.533256530761719,
        "bq_baseline_runtime": 8720.064999999999,
        "multi_cloud_plan": "gcp",
        "percent_diff": 0.0,
        "profiling_cost": 42.64276903212881,
        "profiling_runtime": 13770.831041177324
    },
    "time_dim": {
        "arachne": 64.62403576254115,
        "arachne_runtime": 12425.67607784793,
        "bq": 72.91616439819336,
        "bq_baseline_runtime": 28742.781000000003,
        "multi_cloud_plan": "aws",
        "percent_diff": 11.372140463079074,
        "profiling_cost": 142.43062453681884,
        "profiling_runtime": 45179.380580388504
    },
    "warehouse": {
        "arachne": 63.83268542728175,
        "arachne_runtime": 12275.803224479616,
        "bq": 74.09028625488281,
        "bq_baseline_runtime": 23665.57900000001,
        "multi_cloud_plan": "multi",
        "percent_diff": 13.844730997951904,
        "profiling_cost": 143.10985258585637,
        "profiling_runtime": 39693.174187717115
    },
    "web_page": {
        "arachne": 64.5813875868843,
        "arachne_runtime": 12390.328419182544,
        "bq": 74.0434799194336,
        "bq_baseline_runtime": 29591.187000000005,
        "multi_cloud_plan": "aws",
        "percent_diff": 12.779102687832816,
        "profiling_cost": 143.5786650061567,
        "profiling_runtime": 46044.798382792236
    },
    "web_returns": {
        "arachne": 62.673943669491464,
        "arachne_runtime": 11407.152731648315,
        "bq": 64.82657623291016,
        "bq_baseline_runtime": 27105.239999999998,
        "multi_cloud_plan": "aws",
        "percent_diff": 3.320601963745043,
        "profiling_cost": 131.64037617242778,
        "profiling_runtime": 41923.93132459257
    },