{
    "call_center": {
        "arachne": 64.60222465464518,
        "arachne_runtime": 12391.856052751747,
        "bq": 98.5795226097107,
        "bq_baseline_runtime": 29449.217000000004,
        "multi_cloud_plan": "aws",
        "percent_diff": 34.466892368292456,
        "profiling_cost": 168.15929799362198,
        "profiling_runtime": 45939.66304227089
    },
    "catalog_page": {
        "arachne": 64.42148052111813,
        "arachne_runtime": 12242.688609301207,
        "bq": 93.11302399635315,
        "bq_baseline_runtime": 29104.663000000015,
        "multi_cloud_plan": "aws",
        "percent_diff": 30.813673795363737,
        "profiling_cost": 162.54741102475546,
        "profiling_runtime": 45475.15293996297
    },
    "catalog_returns": {
        "arachne": 61.21192138033866,
        "arachne_runtime": 11150.92796210095,
        "bq": 81.55597043037415,
        "bq_baseline_runtime": 20833.994,
        "multi_cloud_plan": "multi",
        "percent_diff": 24.944892375970905,
        "profiling_cost": 146.81218424309554,
        "profiling_runtime": 35022.07200460514
    },
    "catalog_sales": {
        "arachne": 35.11638767890843,
        "arachne_runtime": 8165.579752677704,
        "bq": 43.61202120780945,
        "bq_baseline_runtime": 12311.433000000003,
        "multi_cloud_plan": "multi",
        "percent_diff": 19.480027051302393,
        "profiling_cost": 88.85839207643139,
        "profiling_runtime": 21606.49834094038
    },
    "customer": {
        "arachne": 61.43246820702371,
        "arachne_runtime": 9844.562218824733,
        "bq": 77.98913311958313,
        "bq_baseline_runtime": 23349.04100000001,
        "multi_cloud_plan": "aws",
        "percent_diff": 21.229451143113202,
        "profiling_cost": 142.4163910194645,
        "profiling_runtime": 35665.719134694235
    },
    "customer_address": {
        "arachne": 62.956924439170955,
        "arachne_runtime": 11044.705378627736,
        "bq": 80.61565518379211,
        "bq_baseline_runtime": 23769.816999999995,
        "multi_cloud_plan": "aws",
        "percent_diff": 21.904840572667666,
        "profiling_cost": 147.56275417610442,
        "profiling_runtime": 38109.025570908285
    },
    "customer_demographics": {
        "arachne": 63.4069522033405,
        "arachne_runtime": 11405.447698060982,
        "bq": 87.01120376586914,
        "bq_baseline_runtime": 21214.163000000004,
        "multi_cloud_plan": "aws",
        "percent_diff": 27.127830142475972,
        "profiling_cost": 154.55246699245967,
        "profiling_runtime": 36021.49977280882
    },
    "date_dim": {
        "arachne": 11.134675741195679,
        "arachne_runtime": 2806.4669999999996,
        "bq": 11.134675741195679,
        "bq_baseline_runtime": 2806.4669999999996,
        "multi_cloud_plan": "gcp",
        "percent_diff": 0.0,
        "profiling_cost": 68.715245614095,
        "profiling_runtime": 9383.245532003053
    },
    "household_demographics": {
        "arachne": 63.9862364693071,
        "arachne_runtime": 11882.931394599007,
        "bq": 88.68217992782593,
        "bq_baseline_runtime": 21505.64,
        "multi_cloud_plan": "aws",
        "percent_diff": 27.84769553321495,
        "profiling_cost": 157.19576713493942,
        "profiling_runtime": 37115.19343576986
    },
    "income_band": {
        "arachne": 64.48902411190447,
        "arachne_runtime": 12298.327768549882,
        "bq": 97.04013991355896,
        "bq_baseline_runtime": 29432.81500000001,
        "multi_cloud_plan": "aws",
        "percent_diff": 33.54397039271609,
        "profiling_cost": 166.5337965119115,
        "profiling_runtime": 45852.10797049994
    },
    "inventory": {
        "arachne": 63.69179887692125,
        "arachne_runtime": 12140.836991332564,
        "bq": 98.17900943756104,
        "bq_baseline_runtime": 23872.071000000004,
        "multi_cloud_plan": "aws",
        "percent_diff": 35.12686750274522,
        "profiling_cost": 166.56710060336158,
        "profiling_runtime": 39879.26604892687
    },
    "item": {
        "arachne": 36.903117656707764,
        "arachne_runtime": 11228.742000000004,
        "bq": 36.903117656707764,
        "bq_baseline_runtime": 11228.742000000004,
        "multi_cloud_plan": "gcp",
        "percent_diff": 0.0,
        "profiling_cost": 100.39606370710396,
        "profiling_runtime": 22693.59466956547
    },
    "promotion": {
        "arachne": 63.94442795680708,
        "arachne_runtime": 11848.3845020161,
        "bq": 89.84141707420349,
        "bq_baseline_runtime": 22579.337000000003,
        "multi_cloud_plan": "aws",
        "percent_diff": 28.825223333250726,
        "profiling_cost": 158.43490433913445,
        "profiling_runtime": 38254.90866784862
    },
    "reason": {
        "arachne": 64.57222833629889,
        "arachne_runtime": 12367.072004107386,
        "bq": 96.61441254615784,
        "bq_baseline_runtime": 29149.644000000004,
        "multi_cloud_plan": "aws",
        "percent_diff": 33.16501478964196,
        "profiling_cost": 165.98609753910895,
        "profiling_runtime": 45468.16292841235
    },
    "ship_mode": {
        "arachne": 64.72266305120289,
        "arachne_runtime": 12491.362622892579,
        "bq": 99.04756236076355,
        "bq_baseline_runtime": 29704.26200000001,
        "multi_cloud_plan": "aws",
        "percent_diff": 34.65496625200949,
        "profiling_cost": 168.71902928119732,
        "profiling_runtime": 46270.46367518825
    },
    "store": {
        "arachne": 57.07626128196716,
        "arachne_runtime": 19434.616,
        "bq": 57.07626128196716,
        "bq_baseline_runtime": 19434.616,
        "multi_cloud_plan": "gcp",
        "percent_diff": 0.0,
        "profiling_cost": 122.83279776726049,
        "profiling_runtime": 32766.27341693042
    },
    "store_returns": {
        "arachne": 59.51268034903037,
        "arachne_runtime": 16687.455489284155,
        "bq": 77.86833429336548,
        "bq_baseline_runtime": 24971.00699999999,
        "multi_cloud_plan": "multi",
        "percent_diff": 23.572680873307245,
        "profiling_cost": 142.08133380737968,
        "profiling_runtime": 39062.404095077676
    },
    "store_sales": {
        "arachne": 9.818104016437603,
        "arachne_runtime": 8796.937038474865,
        "bq": 9.887399196624756,
        "bq_baseline_runtime": 8720.064999999999,
        "multi_cloud_plan": "multi",
        "percent_diff": 0.7008433543454765,
        "profiling_cost": 44.99691169799185,
        "profiling_runtime": 13770.831041177325
    },
    "time_dim": {
        "arachne": 64.64301626562343,
        "arachne_runtime": 12425.676077847927,
        "bq": 95.70246577262878,
        "bq_baseline_runtime": 28742.78100000001,
        "multi_cloud_plan": "aws",
        "percent_diff": 32.4541789558451,
        "profiling_cost": 165.21692591125432,
        "profiling_runtime": 45179.38058038852
    },
    "warehouse": {
        "arachne": 63.93307395419826,
        "arachne_runtime": 12275.803224479616,
        "bq": 97.24350070953369,
        "bq_baseline_runtime": 23665.579,
        "multi_cloud_plan": "multi",
        "percent_diff": 34.25465610790141,
        "profiling_cost": 166.26306704050722,
        "profiling_runtime": 39693.174187717115
    },
    "web_page": {
        "arachne": 64.60036808996657,
        "arachne_runtime": 12390.328419182542,
        "bq": 97.18206739425659,
        "bq_baseline_runtime": 29591.187000000005,
        "multi_cloud_plan": "aws",
        "percent_diff": 33.52645213042214,
        "profiling_cost": 166.71725248097974,
        "profiling_runtime": 46044.79838279222
    },
    "web_returns": {
        "arachne": 62.68594208448475,
        "arachne_runtime": 11407.152731648315,
        "bq": 85.08488130569458,
        "bq_baseline_runtime": 27105.240000000005,
        "multi_cloud_plan": "aws",
        "percent_diff": 26.32540455775509,
        "profiling_cost": 151.89868124521226,