{
    "call_center": {
        "arachne": 83.5184350132304,
        "arachne_runtime": 12391.856052751746,
        "bq": 93.8852596282959,
        "bq_baseline_runtime": 29449.216999999997,
        "multi_cloud_plan": "aws",
        "percent_diff": 11.04201517480925,
        "profiling_cost": 182.38504147140893,
        "profiling_runtime": 45939.663042270855
    },
    "catalog_page": {
        "arachne": 83.33761473614804,
        "arachne_runtime": 12242.688609301205,
        "bq": 88.67907047271729,
        "bq_baseline_runtime": 29104.663000000004,
        "multi_cloud_plan": "aws",
        "percent_diff": 6.023355576570437,
        "profiling_cost": 177.03338781676592,
        "profiling_runtime": 45475.15293996297
    },
    "catalog_returns": {
        "arachne": 77.67235279083252,
        "arachne_runtime": 20833.994000000002,
        "bq": 77.67235279083252,
        "bq_baseline_runtime": 20833.994000000002,
        "multi_cloud_plan": "gcp",
        "percent_diff": 0.0,
        "profiling_cost": 161.2631330309021,
        "profiling_runtime": 35022.07200460514
    },
    "catalog_sales": {
        "arachne": 41.535258293151855,
        "arachne_runtime": 12311.433,
        "bq": 41.535258293151855,
        "bq_baseline_runtime": 12311.433,
        "multi_cloud_plan": "gcp",
        "percent_diff": 0.0,
        "profiling_cost": 99.74787762202283,
        "profiling_runtime": 21606.498340940372
    },
    "customer": {
        "arachne": 74.27536487579346,
        "arachne_runtime": 23349.040999999994,
        "bq": 74.27536487579346,
        "bq_baseline_runtime": 23349.040999999994,
        "multi_cloud_plan": "gcp",
        "percent_diff": 0.0,
        "profiling_cost": 157.584221950911,
        "profiling_runtime": 35665.71913469423
    },
    "customer_address": {
        "arachne": 76.7768144607544,
        "arachne_runtime": 23769.817000000017,
        "bq": 76.7768144607544,
        "bq_baseline_runtime": 23769.817000000017,
        "multi_cloud_plan": "gcp",
        "percent_diff": 0.0,
        "profiling_cost": 162.63289840177538,
        "profiling_runtime": 38109.0255709083
    },
    "customer_demographics": {
        "arachne": 82.32264184553702,
        "arachne_runtime": 11405.447698060983,
        "bq": 82.86781311035156,
        "bq_baseline_runtime": 21214.162999999997,
        "multi_cloud_plan": "aws",
        "percent_diff": 0.6578805984520917,
        "profiling_cost": 169.32856210280534,
        "profiling_runtime": 36021.499772808806
    },
    "date_dim": {
        "arachne": 10.604453086853027,
        "arachne_runtime": 2806.4669999999996,
        "bq": 10.604453086853027,
        "bq_baseline_runtime": 2806.4669999999996,
        "multi_cloud_plan": "gcp",
        "percent_diff": 0.0,
        "profiling_cost": 87.10494017226281,
        "profiling_runtime": 9383.245532003053
    },
    "household_demographics": {
        "arachne": 82.90244565463543,
        "arachne_runtime": 11882.931394599007,
        "bq": 84.45921897888184,
        "bq_baseline_runtime": 21505.640000000003,
        "multi_cloud_plan": "aws",
        "percent_diff": 1.8432248641035414,
        "profiling_cost": 171.8928114949904,
        "profiling_runtime": 37115.19343576987
    },
    "income_band": {
        "arachne": 83.4052348801552,
        "arachne_runtime": 12298.327768549883,
        "bq": 92.41918087005615,
        "bq_baseline_runtime": 29432.81500000001,
        "multi_cloud_plan": "aws",
        "percent_diff": 9.7533281566029,
        "profiling_cost": 180.83284433727584,
        "profiling_runtime": 45852.107970499936
    },
    "inventory": {
        "arachne": 82.3769024189856,
        "arachne_runtime": 12140.836991332566,
        "bq": 93.50381851196289,
        "bq_baseline_runtime": 23872.071000000007,
        "multi_cloud_plan": "aws",
        "percent_diff": 11.899959028468679,
        "profiling_cost": 180.5808093204442,
        "profiling_runtime": 39879.26604892688
    },
    "item": {
        "arachne": 35.14582633972168,
        "arachne_runtime": 11228.741999999998,
        "bq": 35.14582633972168,
        "bq_baseline_runtime": 11228.741999999998,
        "multi_cloud_plan": "gcp",
        "percent_diff": 0.0,
        "profiling_cost": 117.55720885791914,
        "profiling_runtime": 22693.594669565475
    },
    "promotion": {
        "arachne": 82.8606353107315,
        "arachne_runtime": 11848.3845020161,
        "bq": 85.56325435638428,
        "bq_baseline_runtime": 22579.337,
        "multi_cloud_plan": "aws",
        "percent_diff": 3.1586211464046845,
        "profiling_cost": 173.07674507585617,
        "profiling_runtime": 38254.90866784862
    },
    "reason": {
        "arachne": 83.48843906238866,
        "arachne_runtime": 12367.072004107387,
        "bq": 92.01372623443604,
        "bq_baseline_runtime": 29149.64400000001,
        "multi_cloud_plan": "aws",
        "percent_diff": 9.265234135096675,
        "profiling_cost": 180.30541805409337,
        "profiling_runtime": 45468.16292841235
    },
    "ship_mode": {
        "arachne": 83.63887378387247,
        "arachne_runtime": 12491.362622892577,
        "bq": 94.33101177215576,
        "bq_baseline_runtime": 29704.262000000017,
        "multi_cloud_plan": "aws",
        "percent_diff": 11.334700844838551,
        "profiling_cost": 182.92248552587552,
        "profiling_runtime": 46270.46367518825
    },
    "store": {
        "arachne": 54.358344078063965,
        "arachne_runtime": 19434.616000000005,
        "bq": 54.358344078063965,
        "bq_baseline_runtime": 19434.616000000005,
        "multi_cloud_plan": "gcp",
        "percent_diff": 0.0,
        "profiling_cost": 139.03488298671456,
        "profiling_runtime": 32766.273416930435
    },
    "store_returns": {
        "arachne": 74.16031837463379,
        "arachne_runtime": 24971.007000000005,
        "bq": 74.16031837463379,
        "bq_baseline_runtime": 24971.007000000005,
        "multi_cloud_plan": "gcp",
        "percent_diff": 0.0,
        "profiling_cost": 156.35506929496177,
        "profiling_runtime": 39062.404095077676
    },
    "store_sales": {
        "arachne": 9.416570663452148,
        "arachne_runtime": 8720.064999999999,
        "bq": 9.416570663452148,
        "bq_baseline_runtime": 8720.064999999999,
        "multi_cloud_plan": "gcp",
        "percent_diff": 0.0,
        "profiling_cost": 55.584738787858484,
        "profiling_runtime": 13770.831041177324
    },
    "time_dim": {
        "arachne": 83.55917239870146,
        "arachne_runtime": 12425.67607784793,
        "bq": 91.1452054977417,
        "bq_baseline_runtime": 28742.781000000003,
        "multi_cloud_plan": "aws",
        "percent_diff": 8.32301935972726,
        "profiling_cost": 179.57961787006167,
        "profiling_runtime": 45179.380580388526
    },
    "warehouse": {
        "arachne": 82.6018957020228,
        "arachne_runtime": 12275.803224479616,
        "bq": 92.61285781860352,
        "bq_baseline_runtime": 23665.579000000005,
        "multi_cloud_plan": "multi",
        "percent_diff": 10.809473276581874,
        "profiling_cost": 180.5524309106529,
        "profiling_runtime": 39693.174187717115
    },
    "web_page": {
        "arachne": 83.51657555352628,
        "arachne_runtime": 12390.328419182542,
        "bq": 92.55434989929199,
        "bq_baseline_runtime": 29591.18700000001,
        "multi_cloud_plan": "aws",
        "percent_diff": 9.76482937387565,
        "profiling_cost": 181.00953855019122,
        "profiling_runtime": 46044.79838279224
    },
    "web_returns": {
        "arachne": 81.0332202911377,
        "arachne_runtime": 27105.240000000005,
        "bq": 81.0332202911377,
        "bq_baseline_runtime": 27105.240000000005,
        "multi_cloud_plan": "gcp",
        "percent_diff": 0.0,
        "profiling_cost": 166.4841763707611,
        "profiling_runtime": 41923.93132459257
    },
    "web_sales": {
        "arachne": 48.173699378967285,