{
    "call_center": {
        "arachne": 34.190890218346844,
        "arachne_runtime": 20221.30885643026,
        "bq": 93.8852596282959,
        "bq_baseline_runtime": 29449.217,
        "multi_cloud_plan": "aws",
        "percent_diff": 63.582259500891745,
        "profiling_cost": 125.62502209380393,
        "profiling_runtime": 45939.66304227086
    },
    "catalog_page": {
        "arachne": 34.437998522844296,
        "arachne_runtime": 20169.39955704939,
        "bq": 88.67907047271729,
        "bq_baseline_runtime": 29104.663,
        "multi_cloud_plan": "aws",
        "percent_diff": 61.16558468726916,
        "profiling_cost": 120.27359686982692,
        "profiling_runtime": 45475.15293996299
    },
    "catalog_returns": {
        "arachne": 24.621623588037668,
        "arachne_runtime": 10929.880527023051,
        "bq": 77.67235279083252,
        "bq_baseline_runtime": 20833.994,
        "multi_cloud_plan": "aws",
        "percent_diff": 68.30065949676795,
        "profiling_cost": 106.25943374885753,
        "profiling_runtime": 35022.07200460514
    },
    "catalog_sales": {
        "arachne": 45.2451522882208,
        "arachne_runtime": 14400.29153473317,
        "bq": 41.535258293151855,
        "bq_baseline_runtime": 12311.433,
        "multi_cloud_plan": "multi",
        "percent_diff": -8.931915070528444,
        "profiling_cost": 60.84913224127567,
        "profiling_runtime": 21606.498340940376
    },
    "customer": {
        "arachne": 30.471522168619632,
        "arachne_runtime": 17514.561069099775,
        "bq": 74.27536487579346,
        "bq_baseline_runtime": 23349.041,
        "multi_cloud_plan": "aws",
        "percent_diff": 58.97492766333029,
        "profiling_cost": 100.93942442520245,
        "profiling_runtime": 35665.71913469423
    },
    "customer_address": {
        "arachne": 31.222544449409835,
        "arachne_runtime": 18592.66201674076,
        "bq": 76.7768144607544,
        "bq_baseline_runtime": 23769.817000000003,
        "multi_cloud_plan": "aws",
        "percent_diff": 59.3333681936365,
        "profiling_cost": 105.9059435556494,
        "profiling_runtime": 38109.0255709083
    },
    "customer_demographics": {
        "arachne": 32.9106133417779,
        "arachne_runtime": 13653.48915404319,
        "bq": 82.86781311035156,
        "bq_baseline_runtime": 21214.163,
        "multi_cloud_plan": "aws",
        "percent_diff": 60.285408644786806,
        "profiling_cost": 112.57010480521565,
        "profiling_runtime": 36021.49977280882
    },
    "date_dim": {
        "arachne": 9.695373017179058,
        "arachne_runtime": 3375.3302374191767,
        "bq": 10.604453086853027,
        "bq_baseline_runtime": 2806.467,
        "multi_cloud_plan": "multi",
        "percent_diff": 8.572625690626232,
        "profiling_cost": 30.345188534731335,
        "profiling_runtime": 9383.245532003053
    },
    "household_demographics": {
        "arachne": 33.631822045398906,
        "arachne_runtime": 14120.748403121039,
        "bq": 84.45921897888184,
        "bq_baseline_runtime": 21505.640000000003,
        "multi_cloud_plan": "aws",
        "percent_diff": 60.17980931861542,
        "profiling_cost": 115.13279556800535,
        "profiling_runtime": 37115.19343576987
    },
    "income_band": {
        "arachne": 34.497759040594374,
        "arachne_runtime": 20208.018256728137,
        "bq": 92.41918087005615,
        "bq_baseline_runtime": 29432.81500000001,
        "multi_cloud_plan": "aws",
        "percent_diff": 62.67251157625044,
        "profiling_cost": 124.07282373067432,
        "profiling_runtime": 45852.10797049996
    },
    "inventory": {
        "arachne": 33.825372160624376,
        "arachne_runtime": 14407.553956182035,
        "bq": 93.50381851196289,
        "bq_baseline_runtime": 23872.071,
        "multi_cloud_plan": "aws",
        "percent_diff": 63.82460877114152,
        "profiling_cost": 124.5141103924019,
        "profiling_runtime": 39879.26604892686
    },
    "item": {
        "arachne": 21.853853136147777,
        "arachne_runtime": 8457.427555754077,
        "bq": 35.14582633972168,
        "bq_baseline_runtime": 11228.741999999997,
        "multi_cloud_plan": "aws",
        "percent_diff": 37.81949263361427,
        "profiling_cost": 60.80189945451543,
        "profiling_runtime": 22693.594669565475
    },
    "promotion": {
        "arachne": 26.100624947108912,
        "arachne_runtime": 11848.384502016102,
        "bq": 85.56325435638428,
        "bq_baseline_runtime": 22579.337000000014,
        "multi_cloud_plan": "aws",
        "percent_diff": 69.49552101139615,
        "profiling_cost": 116.31673471223361,
        "profiling_runtime": 38254.908667848635
    },
    "reason": {
        "arachne": 33.915862716179475,
        "arachne_runtime": 20044.55330207911,
        "bq": 92.01372623443604,
        "bq_baseline_runtime": 29149.644000000008,
        "multi_cloud_plan": "aws",
        "percent_diff": 63.140431211570146,
        "profiling_cost": 123.54539757397467,
        "profiling_runtime": 45468.16292841233
    },
    "ship_mode": {
        "arachne": 34.739028001946394,
        "arachne_runtime": 20418.07357064076,
        "bq": 94.33101177215576,
        "bq_baseline_runtime": 29704.261999999995,
        "multi_cloud_plan": "aws",
        "percent_diff": 63.173268950137015,
        "profiling_cost": 126.1624650260174,
        "profiling_runtime": 46270.46367518826
    },
    "store": {
        "arachne": 23.864749960579637,
        "arachne_runtime": 10001.131011604424,
        "bq": 54.358344078063965,
        "bq_baseline_runtime": 19434.616,
        "multi_cloud_plan": "aws",
        "percent_diff": 56.097356596611014,
        "profiling_cost": 82.27487571664288,
        "profiling_runtime": 32766.273416930424
    },
    "store_returns": {
        "arachne": 25.27437521338696,
        "arachne_runtime": 16613.60255052402,
        "bq": 74.16031837463379,
        "bq_baseline_runtime": 24971.007,
        "multi_cloud_plan": "aws",
        "percent_diff": 65.91927358549212,
        "profiling_cost": 102.40981507602031,
        "profiling_runtime": 39062.40409507768
    },
    "store_sales": {
        "arachne": 8.926768725748582,
        "arachne_runtime": 8796.937038474865,
        "bq": 9.416570663452148,
        "bq_baseline_runtime": 8720.064999999999,
        "multi_cloud_plan": "multi",
        "percent_diff": 5.201489535936888,
        "profiling_cost": 22.408771918740786,
        "profiling_runtime": 13770.831041177324
    },
    "time_dim": {
        "arachne": 34.659490426755156,
        "arachne_runtime": 20352.387025596112,
        "bq": 91.1452054977417,
        "bq_baseline_runtime": 28742.781000000003,
        "multi_cloud_plan": "aws",
        "percent_diff": 61.97332570870784,
        "profiling_cost": 122.81976116897823,
        "profiling_runtime": 45179.380580388526
    },
    "warehouse": {
        "arachne": 33.83635609184521,
        "arachne_runtime": 14520.786114311159,
        "bq": 92.61285781860352,
        "bq_baseline_runtime": 23665.578999999994,
        "multi_cloud_plan": "multi",
        "percent_diff": 63.464731691879216,
        "profiling_cost": 123.79241062742514,
        "profiling_runtime": 39693.17418771712
    },
    "web_page": {
        "arachne": 34.47377597145977,
        "arachne_runtime": 20327.2638143909,
        "bq": 92.55434989929199,
        "bq_baseline_runtime": 29591.186999999994,
        "multi_cloud_plan": "aws",
        "percent_diff": 62.75293812881777,
        "profiling_cost": 124.24952785766278,
        "profiling_runtime": 46044.79838279225
    },
    "web_returns": {
        "arachne": 31.002087402697793,
        "arachne_runtime": 18915.310451968064,
        "bq": 81.0332202911377,
        "bq_baseline_runtime": 27105.24000000001,
        "multi_cloud_plan": "aws",
        "percent_diff": 61.74150886350943,
        "profiling_cost": 110.57270795044373,