{
    "call_center": {
        "arachne": 108.06093874790457,
        "arachne_runtime": 33343.39473982451,
        "bq": 93.8852596282959,
        "bq_baseline_runtime": 29449.217000000008,
        "multi_cloud_plan": "aws",
        "percent_diff": -15.098940105967703,
        "profiling_cost": 129.82946797362644,
        "profiling_runtime": 45939.66304227086
    },
    "catalog_page": {
        "arachne": 102.85123692632123,
        "arachne_runtime": 32995.991753739,
        "bq": 88.67907047271729,
        "bq_baseline_runtime": 29104.663000000004,
        "multi_cloud_plan": "aws",
        "percent_diff": -15.981410695959102,
        "profiling_cost": 124.47802582885944,
        "profiling_runtime": 45475.15293996298
    },
    "catalog_returns": {
        "arachne": 91.1711707831612,
        "arachne_runtime": 24578.12825742123,
        "bq": 77.67235279083252,
        "bq_baseline_runtime": 20833.994000000006,
        "multi_cloud_plan": "aws",
        "percent_diff": -17.379179987865534,
        "profiling_cost": 110.33378184382383,
        "profiling_runtime": 35022.07200460514
    },
    "catalog_sales": {
        "arachne": 47.996425840819235,
        "arachne_runtime": 14400.291534733164,
        "bq": 41.535258293151855,
        "bq_baseline_runtime": 12311.433,
        "multi_cloud_plan": "multi",
        "percent_diff": -15.555862207633526,
        "profiling_cost": 63.73052078799769,
        "profiling_runtime": 21606.49834094038
    },
    "customer": {
        "arachne": 88.40954881382855,
        "arachne_runtime": 27246.50066060673,
        "bq": 74.27536487579346,
        "bq_baseline_runtime": 23349.041,
        "multi_cloud_plan": "aws",
        "percent_diff": -19.02943723221138,
        "profiling_cost": 105.13533535303267,
        "profiling_runtime": 35665.71913469423
    },
    "customer_address": {
        "arachne": 90.92977677895873,
        "arachne_runtime": 27663.653043847997,
        "bq": 76.7768144607544,
        "bq_baseline_runtime": 23769.817000000003,
        "multi_cloud_plan": "aws",
        "percent_diff": -18.433901455287423,
        "profiling_cost": 110.10794021091795,
        "profiling_runtime": 38109.0255709083
    },
    "customer_demographics": {
        "arachne": 97.04617996653432,
        "arachne_runtime": 25121.65005787658,
        "bq": 82.86781311035156,
        "bq_baseline_runtime": 21214.163000000004,
        "multi_cloud_plan": "aws",
        "percent_diff": -17.109618709621348,
        "profiling_cost": 116.77443497540752,
        "profiling_runtime": 36021.49977280881
    },
    "date_dim": {
        "arachne": 10.604453086853027,
        "arachne_runtime": 2806.4669999999996,
        "bq": 10.604453086853027,
        "bq_baseline_runtime": 2806.4669999999996,
        "multi_cloud_plan": "gcp",
        "percent_diff": 0.0,
        "profiling_cost": 34.54961458195588,
        "profiling_runtime": 9383.245532003053
    },
    "household_demographics": {
        "arachne": 101.44878962685,
        "arachne_runtime": 26072.80009067253,
        "bq": 84.45921897888184,
        "bq_baseline_runtime": 21505.63999999999,
        "multi_cloud_plan": "aws",
        "percent_diff": -20.11570892245195,
        "profiling_cost": 119.3372411922265,
        "profiling_runtime": 37115.19343576986
    },
    "income_band": {
        "arachne": 106.60260461219836,
        "arachne_runtime": 33344.10765593812,
        "bq": 92.41918087005615,
        "bq_baseline_runtime": 29432.815000000002,
        "multi_cloud_plan": "aws",
        "percent_diff": -15.346839918527827,
        "profiling_cost": 128.27726970153364,
        "profiling_runtime": 45852.10797049998
    },
    "inventory": {
        "arachne": 30.46329230042787,
        "arachne_runtime": 12140.836991332566,
        "bq": 93.50381851196289,
        "bq_baseline_runtime": 23872.07100000001,
        "multi_cloud_plan": "aws",
        "percent_diff": 67.42026926255382,
        "profiling_cost": 128.66719920188646,
        "profiling_runtime": 39879.26604892688
    },
    "item": {
        "arachne": 26.006592198633996,
        "arachne_runtime": 8457.427555754077,
        "bq": 35.14582633972168,
        "bq_baseline_runtime": 11228.741999999998,
        "multi_cloud_plan": "aws",
        "percent_diff": 26.003753767936182,
        "profiling_cost": 65.00599644736016,
        "profiling_runtime": 22693.59466956547
    },
    "promotion": {
        "arachne": 99.73527166842945,
        "arachne_runtime": 26470.49141840176,
        "bq": 85.56325435638428,
        "bq_baseline_runtime": 22579.337000000007,
        "multi_cloud_plan": "aws",
        "percent_diff": -16.563205103228672,
        "profiling_cost": 120.52117992435377,
        "profiling_runtime": 38254.90866784863
    },
    "reason": {
        "arachne": 109.11792884600598,
        "arachne_runtime": 33806.30586373988,
        "bq": 92.01372623443604,
        "bq_baseline_runtime": 29149.644,
        "multi_cloud_plan": "aws",
        "percent_diff": -18.588751169571392,
        "profiling_cost": 127.74984353546495,
        "profiling_runtime": 45468.16292841235
    },
    "ship_mode": {
        "arachne": 108.50659668570604,
        "arachne_runtime": 33598.36164442844,
        "bq": 94.33101177215576,
        "bq_baseline_runtime": 29704.262,
        "multi_cloud_plan": "aws",
        "percent_diff": -15.027491645896426,
        "profiling_cost": 130.36691098896986,
        "profiling_runtime": 46270.463675188264
    },
    "store": {
        "arachne": 71.18827068831924,
        "arachne_runtime": 23947.68267898953,
        "bq": 54.358344078063965,
        "bq_baseline_runtime": 19434.616000000005,
        "multi_cloud_plan": "aws",
        "percent_diff": -30.961073034318026,
        "profiling_cost": 86.47932069961115,
        "profiling_runtime": 32766.27341693044
    },
    "store_returns": {
        "arachne": 87.67729334920715,
        "arachne_runtime": 28809.153319395336,
        "bq": 74.16031837463379,
        "bq_baseline_runtime": 24971.007000000012,
        "multi_cloud_plan": "aws",
        "percent_diff": -18.22669491019443,
        "profiling_cost": 106.4057598329789,
        "profiling_runtime": 39062.40409507769
    },
    "store_sales": {
        "arachne": 8.978494833215548,
        "arachne_runtime": 8796.937038474867,
        "bq": 9.416570663452148,
        "bq_baseline_runtime": 8720.065,
        "multi_cloud_plan": "multi",
        "percent_diff": 4.6521801396008495,
        "profiling_cost": 24.86625094608284,
        "profiling_runtime": 13770.831041177327
    },
    "time_dim": {
        "arachne": 108.1278523833039,
        "arachne_runtime": 33293.53290406367,
        "bq": 91.1452054977417,
        "bq_baseline_runtime": 28742.781,
        "multi_cloud_plan": "aws",
        "percent_diff": -18.63251807137895,
        "profiling_cost": 127.02419499868807,
        "profiling_runtime": 45179.38058038852
    },
    "warehouse": {
        "arachne": 30.688286109778783,
        "arachne_runtime": 12275.803224479616,
        "bq": 92.61285781860352,
        "bq_baseline_runtime": 23665.57900000001,
        "multi_cloud_plan": "multi",
        "percent_diff": 66.86390331471414,
        "profiling_cost": 127.99685657433093,
        "profiling_runtime": 39693.17418771712
    },
    "web_page": {
        "arachne": 106.87809312759023,
        "arachne_runtime": 33519.231719937095,
        "bq": 92.55434989929199,
        "bq_baseline_runtime": 29591.187000000005,
        "multi_cloud_plan": "aws",
        "percent_diff": -15.47603461521133,
        "profiling_cost": 128.45397309414636,
        "profiling_runtime": 46044.79838279226
    },
    "web_returns": {
        "arachne": 94.88777758608751,
        "arachne_runtime": 30931.833264082776,
        "bq": 81.0332202911377,
        "bq_baseline_runtime": 27105.239999999998,
        "multi_cloud_plan": "aws",
        "percent_diff": -17.09737962427372,
        "profiling_cost": 114.71429820380061,