{
    "call_center": {
        "arachne": 188.25856733471838,
        "arachne_runtime": 33343.39473982449,
        "bq": 145.52215242385864,
        "bq_baseline_runtime": 29449.216999999997,
        "multi_cloud_plan": "aws",
        "percent_diff": -29.36763523561861,
        "profiling_cost": 215.10192780777015,
        "profiling_runtime": 45939.663042270855
    },
    "catalog_page": {
        "arachne": 180.1853261112462,
        "arachne_runtime": 32995.991753739,
        "bq": 137.4525592327118,
        "bq_baseline_runtime": 29104.663000000015,
        "multi_cloud_plan": "aws",
        "percent_diff": -31.089102390728435,
        "profiling_cost": 206.8869462611141,
        "profiling_runtime": 45475.152939962965
    },
    "catalog_returns": {
        "arachne": 161.41078219492647,
        "arachne_runtime": 24578.128257421227,
        "bq": 120.3921468257904,
        "bq_baseline_runtime": 20833.994000000006,
        "multi_cloud_plan": "aws",
        "percent_diff": -34.07085632295499,
        "profiling_cost": 185.6483606385118,
        "profiling_runtime": 35022.07200460514
    },
    "catalog_sales": {
        "arachne": 78.2942790243915,
        "arachne_runtime": 13554.257279216883,
        "bq": 64.37965035438538,
        "bq_baseline_runtime": 12311.433,
        "multi_cloud_plan": "multi",
        "percent_diff": -21.613395837677604,
        "profiling_cost": 109.62602122300733,
        "profiling_runtime": 21606.49834094038
    },
    "customer": {
        "arachne": 157.76104282429188,
        "arachne_runtime": 27246.500660606744,
        "bq": 115.12681555747986,
        "bq_baseline_runtime": 23349.041000000016,
        "multi_cloud_plan": "aws",
        "percent_diff": -37.032403841245696,
        "profiling_cost": 179.5540734573612,
        "profiling_runtime": 35665.71913469424
    },
    "customer_address": {
        "arachne": 161.70575388065723,
        "arachne_runtime": 27663.653043847997,
        "bq": 119.00406241416931,
        "bq_baseline_runtime": 23769.817000000006,
        "multi_cloud_plan": "aws",
        "percent_diff": -35.88254938547678,
        "profiling_cost": 185.95116140648165,
        "profiling_runtime": 38109.0255709083
    },
    "customer_demographics": {
        "arachne": 171.19087444489716,
        "arachne_runtime": 25121.65005787658,
        "bq": 128.44511032104492,
        "bq_baseline_runtime": 21214.163000000004,
        "multi_cloud_plan": "aws",
        "percent_diff": -33.27940161911217,
        "profiling_cost": 195.98637354763548,
        "profiling_runtime": 36021.49977280881
    },
    "date_dim": {
        "arachne": 16.436902284622192,
        "arachne_runtime": 2806.467,
        "bq": 16.436902284622192,
        "bq_baseline_runtime": 2806.467,
        "multi_cloud_plan": "gcp",
        "percent_diff": 0.0,
        "profiling_cost": 74.0174721575215,
        "profiling_runtime": 9383.245532003053
    },
    "household_demographics": {
        "arachne": 178.04203456659445,
        "arachne_runtime": 26072.800090672532,
        "bq": 130.91178941726685,
        "bq_baseline_runtime": 21505.639999999992,
        "multi_cloud_plan": "aws",
        "percent_diff": -36.00152847892497,
        "profiling_cost": 199.4253766243804,
        "profiling_runtime": 37115.19343576986
    },
    "income_band": {
        "arachne": 186.00147780471735,
        "arachne_runtime": 33344.10765593812,
        "bq": 143.24973034858704,
        "bq_baseline_runtime": 29432.815000000006,
        "multi_cloud_plan": "aws",
        "percent_diff": -29.844207980075964,
        "profiling_cost": 212.74338694693955,
        "profiling_runtime": 45852.10797049996
    },
    "inventory": {
        "arachne": 63.699322713620134,
        "arachne_runtime": 12135.311152331862,
        "bq": 144.93091869354248,
        "bq_baseline_runtime": 23872.070999999996,
        "multi_cloud_plan": "aws",
        "percent_diff": 56.048493111181585,
        "profiling_cost": 213.31900985934305,
        "profiling_runtime": 39879.26604892686
    },
    "item": {
        "arachne": 54.4760308265686,
        "arachne_runtime": 11228.742000000002,
        "bq": 54.4760308265686,
        "bq_baseline_runtime": 11228.742000000002,
        "multi_cloud_plan": "gcp",
        "percent_diff": 0.0,
        "profiling_cost": 117.96897687696483,
        "profiling_runtime": 22693.59466956547
    },
    "promotion": {
        "arachne": 175.35579201407262,
        "arachne_runtime": 26470.49141840174,
        "bq": 132.62304425239563,
        "bq_baseline_runtime": 22579.336999999992,
        "multi_cloud_plan": "aws",
        "percent_diff": -32.22120861616784,
        "profiling_cost": 201.21653151732667,
        "profiling_runtime": 38254.90866784862
    },
    "reason": {
        "arachne": 189.965019832377,
        "arachne_runtime": 33806.30586373988,
        "bq": 142.62127566337585,
        "bq_baseline_runtime": 29149.644000000004,
        "multi_cloud_plan": "aws",
        "percent_diff": -33.19542890693601,
        "profiling_cost": 211.99296065632709,
        "profiling_runtime": 45468.16292841234
    },
    "ship_mode": {
        "arachne": 188.94938961668157,
        "arachne_runtime": 33598.36164442845,
        "bq": 146.21306824684143,
        "bq_baseline_runtime": 29704.262,
        "multi_cloud_plan": "aws",
        "percent_diff": -29.22879731768665,
        "profiling_cost": 215.88453516727512,
        "profiling_runtime": 46270.463675188264
    },
    "store": {
        "arachne": 131.13188070912065,
        "arachne_runtime": 23947.682678989528,
        "bq": 84.25543332099915,
        "bq_baseline_runtime": 19434.616,
        "multi_cloud_plan": "aws",
        "percent_diff": -55.63611216564522,
        "profiling_cost": 150.01196980629248,
        "profiling_runtime": 32766.273416930424
    },
    "store_returns": {
        "arachne": 155.66864100955496,
        "arachne_runtime": 28809.153319395326,
        "bq": 114.94849348068237,
        "bq_baseline_runtime": 24971.007,
        "multi_cloud_plan": "aws",
        "percent_diff": -35.42469004669104,
        "profiling_cost": 179.16149299469654,
        "profiling_runtime": 39062.40409507768
    },
    "store_sales": {
        "arachne": 14.076107251300884,
        "arachne_runtime": 8796.937038474865,
        "bq": 14.59568452835083,
        "bq_baseline_runtime": 8720.065,
        "multi_cloud_plan": "multi",
        "percent_diff": 3.5598006797194923,
        "profiling_cost": 49.70519702971792,
        "profiling_runtime": 13770.831041177324
    },
    "time_dim": {
        "arachne": 188.39070839886693,
        "arachne_runtime": 33293.53290406367,
        "bq": 141.27506852149963,
        "bq_baseline_runtime": 28742.781000000003,
        "multi_cloud_plan": "aws",
        "percent_diff": -33.35028633887876,
        "profiling_cost": 210.78952866012523,
        "profiling_runtime": 45179.380580388526
    },
    "warehouse": {
        "arachne": 64.10341383856293,
        "arachne_runtime": 12270.277385478916,
        "bq": 143.54992961883545,
        "bq_baseline_runtime": 23665.579,
        "multi_cloud_plan": "multi",
        "percent_diff": 55.34416909240212,
        "profiling_cost": 212.56949594980892,
        "profiling_runtime": 39693.17418771712
    },
    "web_page": {
        "arachne": 186.43014152115265,
        "arachne_runtime": 33519.23171993709,
        "bq": 143.4592423439026,
        "bq_baseline_runtime": 29591.186999999998,
        "multi_cloud_plan": "aws",
        "percent_diff": -29.95338499992883,
        "profiling_cost": 212.9944274306257,
        "profiling_runtime": 46044.79838279224
    },
    "web_returns": {
        "arachne": 167.51380339014526,
        "arachne_runtime": 30931.83326408279,
        "bq": 125.60149145126343,
        "bq_baseline_runtime": 27105.240000000013,
        "multi_cloud_plan": "aws",
        "percent_diff": -33.36927886333648,
        "profiling_cost": 192.41529139078114,