{
    "call_center": {
        "arachne": 64.60632784878287,
        "arachne_runtime": 12396.223891361442,
        "bq": 107.96804857254028,
        "bq_baseline_runtime": 29449.217000000008,
        "multi_cloud_plan": "aws",
        "percent_diff": 40.161623088541845,
        "profiling_cost": 177.5478239564516,
        "profiling_runtime": 45939.663042270884
    },
    "catalog_page": {
        "arachne": 64.42558371462489,
        "arachne_runtime": 12247.056447910902,
        "bq": 101.98093104362488,
        "bq_baseline_runtime": 29104.663000000004,
        "multi_cloud_plan": "aws",
        "percent_diff": 36.825852583101785,
        "profiling_cost": 171.41531807202722,
        "profiling_runtime": 45475.15293996299
    },
    "catalog_returns": {
        "arachne": 61.294810424438666,
        "arachne_runtime": 10929.880527023051,
        "bq": 89.3232057094574,
        "bq_baseline_runtime": 20833.994000000002,
        "multi_cloud_plan": "aws",
        "percent_diff": 31.37862671004779,
        "profiling_cost": 154.57941952217877,
        "profiling_runtime": 35022.07200460514
    },
    "catalog_sales": {
        "arachne": 35.857995821761214,
        "arachne_runtime": 8165.579752677705,
        "bq": 47.765547037124634,
        "bq_baseline_runtime": 12311.432999999999,
        "multi_cloud_plan": "multi",
        "percent_diff": 24.92916328605754,
        "profiling_cost": 93.01191790574656,
        "profiling_runtime": 21606.49834094038
    },
    "customer": {
        "arachne": 61.432480127952665,
        "arachne_runtime": 9844.562218824733,
        "bq": 85.41666960716248,
        "bq_baseline_runtime": 23349.04100000001,
        "multi_cloud_plan": "aws",
        "percent_diff": 28.079050130981287,
        "profiling_cost": 149.84392750704376,
        "profiling_runtime": 35665.719134694235
    },
    "customer_address": {
        "arachne": 62.95693636009991,
        "arachne_runtime": 11044.705378627736,
        "bq": 88.29333662986755,
        "bq_baseline_runtime": 23769.817000000003,
        "multi_cloud_plan": "aws",
        "percent_diff": 28.695710499626692,
        "profiling_cost": 155.24043562217983,
        "profiling_runtime": 38109.0255709083
    },
    "customer_demographics": {
        "arachne": 63.41105539316351,
        "arachne_runtime": 11409.815536670678,
        "bq": 95.2979850769043,
        "bq_baseline_runtime": 21214.162999999997,
        "multi_cloud_plan": "aws",
        "percent_diff": 33.46023492312921,
        "profiling_cost": 162.83924830349488,
        "profiling_runtime": 36021.499772808806
    },
    "date_dim": {
        "arachne": 12.195121049880981,
        "arachne_runtime": 2806.4669999999996,
        "bq": 12.195121049880981,
        "bq_baseline_runtime": 2806.4669999999996,
        "multi_cloud_plan": "gcp",
        "percent_diff": 0.0,
        "profiling_cost": 69.77569092278029,
        "profiling_runtime": 9383.245532003053
    },
    "household_demographics": {
        "arachne": 63.990339663435066,
        "arachne_runtime": 11887.299233208701,
        "bq": 97.12810182571411,
        "bq_baseline_runtime": 21505.640000000007,
        "multi_cloud_plan": "aws",
        "percent_diff": 34.11758444712652,
        "profiling_cost": 165.64168903282766,
        "profiling_runtime": 37115.19343576987
    },
    "income_band": {
        "arachne": 64.49312730604555,
        "arachne_runtime": 12302.695607159578,
        "bq": 106.28205800056458,
        "bq_baseline_runtime": 29432.81500000001,
        "multi_cloud_plan": "aws",
        "percent_diff": 39.31889491102726,
        "profiling_cost": 175.77571459891706,
        "profiling_runtime": 45852.107970499965
    },
    "inventory": {
        "arachne": 63.69590015609042,
        "arachne_runtime": 12145.20482994226,
        "bq": 107.52939128875732,
        "bq_baseline_runtime": 23872.071000000007,
        "multi_cloud_plan": "aws",
        "percent_diff": 40.764195358418156,
        "profiling_cost": 175.91748245455787,
        "profiling_runtime": 39879.26604892688
    },
    "item": {
        "arachne": 40.41770029067993,
        "arachne_runtime": 11228.742,
        "bq": 40.41770029067993,
        "bq_baseline_runtime": 11228.742,
        "multi_cloud_plan": "gcp",
        "percent_diff": 0.0,
        "profiling_cost": 103.91064634107614,
        "profiling_runtime": 22693.59466956547
    },
    "promotion": {
        "arachne": 63.94853115091988,
        "arachne_runtime": 11852.752340625797,
        "bq": 98.39774250984192,
        "bq_baseline_runtime": 22579.336999999992,
        "multi_cloud_plan": "aws",
        "percent_diff": 35.01016433936619,
        "profiling_cost": 166.991229774773,
        "profiling_runtime": 38254.90866784862
    },
    "reason": {
        "arachne": 64.57633153043962,
        "arachne_runtime": 12371.439842717082,
        "bq": 105.81578516960144,
        "bq_baseline_runtime": 29149.644000000015,
        "multi_cloud_plan": "aws",
        "percent_diff": 38.972874957231824,
        "profiling_cost": 175.18747016255247,
        "profiling_runtime": 45468.162928412356
    },
    "ship_mode": {
        "arachne": 64.72676624534368,
        "arachne_runtime": 12495.730461502273,
        "bq": 108.48066353797913,
        "bq_baseline_runtime": 29704.262,
        "multi_cloud_plan": "aws",
        "percent_diff": 40.33336067982031,
        "profiling_cost": 178.1521304584128,
        "profiling_runtime": 46270.46367518827
    },
    "store": {
        "arachne": 61.71250094883808,
        "arachne_runtime": 10005.49885021412,
        "bq": 62.51209568977356,
        "bq_baseline_runtime": 19434.615999999998,
        "multi_cloud_plan": "aws",
        "percent_diff": 1.2791040391664386,
        "profiling_cost": 128.2686321750669,
        "profiling_runtime": 32766.27341693043
    },
    "store_returns": {
        "arachne": 59.731908942339444,
        "arachne_runtime": 16466.40805420626,
        "bq": 85.28436613082886,
        "bq_baseline_runtime": 24971.007000000005,
        "multi_cloud_plan": "multi",
        "percent_diff": 29.96147869504143,
        "profiling_cost": 149.497365644843,
        "profiling_runtime": 39062.404095077676
    },
    "store_sales": {
        "arachne": 10.66970466341026,
        "arachne_runtime": 8796.937038474864,
        "bq": 10.82905626296997,
        "bq_baseline_runtime": 8720.064999999999,
        "multi_cloud_plan": "multi",
        "percent_diff": 1.4715188072723853,
        "profiling_cost": 45.93856876433707,
        "profiling_runtime": 13770.831041177324
    },
    "time_dim": {
        "arachne": 64.6471194593118,
        "arachne_runtime": 12430.043916457624,
        "bq": 104.81698632240295,
        "bq_baseline_runtime": 28742.781000000003,
        "multi_cloud_plan": "aws",
        "percent_diff": 38.323813985200886,
        "profiling_cost": 174.33144646102843,
        "profiling_runtime": 45179.38058038853
    },
    "warehouse": {
        "arachne": 63.96973844289954,
        "arachne_runtime": 12280.17106308931,
        "bq": 106.50478649139404,
        "bq_baseline_runtime": 23665.57900000001,
        "multi_cloud_plan": "multi",
        "percent_diff": 39.93721733053893,
        "profiling_cost": 175.52435282236752,
        "profiling_runtime": 39693.17418771712
    },
    "web_page": {
        "arachne": 64.60447128408029,
        "arachne_runtime": 12394.696257792239,
        "bq": 106.43750238418579,
        "bq_baseline_runtime": 29591.187000000005,
        "multi_cloud_plan": "aws",
        "percent_diff": 39.30290561414089,
        "profiling_cost": 175.9726874709089,
        "profiling_runtime": 46044.798382792236
    },
    "web_returns": {
        "arachne": 62.68725009903324,
        "arachne_runtime": 11411.52057025801,
        "bq": 93.18820333480835,
        "bq_baseline_runtime": 27105.240000000005,
        "multi_cloud_plan": "aws",
        "percent_diff": 32.73048749120176,
        "profiling_cost": 160.00200327432592,