{
    "call_center": {
        "arachne": 116.46983050754977,
        "arachne_runtime": 33343.39473982451,
        "bq": 93.8852596282959,
        "bq_baseline_runtime": 29449.217000000004,
        "multi_cloud_plan": "aws",
        "percent_diff": -24.05550239587041,
        "profiling_cost": 138.23835973327164,
        "profiling_runtime": 45939.66304227086
    },
    "catalog_page": {
        "arachne": 111.26009484438627,
        "arachne_runtime": 32995.991753739014,
        "bq": 88.67907047271729,
        "bq_baseline_runtime": 29104.663000000026,
        "multi_cloud_plan": "aws",
        "percent_diff": -25.46375852982829,
        "profiling_cost": 132.88688374692447,
        "profiling_runtime": 45475.152939962994
    },
    "catalog_returns": {
        "arachne": 99.31983293919546,
        "arachne_runtime": 24578.12825742123,
        "bq": 77.67235279083252,
        "bq_baseline_runtime": 20833.994000000002,
        "multi_cloud_plan": "aws",
        "percent_diff": -27.870251602469732,
        "profiling_cost": 118.48247803375637,
        "profiling_runtime": 35022.07200460514
    },
    "catalog_sales": {
        "arachne": 48.32844056024689,
        "arachne_runtime": 13554.257279216883,
        "bq": 41.535258293151855,
        "bq_baseline_runtime": 12311.432999999999,
        "multi_cloud_plan": "multi",
        "percent_diff": -16.3552185450477,
        "profiling_cost": 69.49329788144173,
        "profiling_runtime": 21606.498340940372
    },
    "customer": {
        "arachne": 96.80137065924453,
        "arachne_runtime": 27246.500660606725,
        "bq": 74.27536487579346,
        "bq_baseline_runtime": 23349.040999999994,
        "multi_cloud_plan": "aws",
        "percent_diff": -30.32769454733753,
        "profiling_cost": 113.52715720869323,
        "profiling_runtime": 35665.71913469423
    },
    "customer_address": {
        "arachne": 99.33377007925135,
        "arachne_runtime": 27663.653043848004,
        "bq": 76.7768144607544,
        "bq_baseline_runtime": 23769.817000000006,
        "multi_cloud_plan": "aws",
        "percent_diff": -29.379905609430146,
        "profiling_cost": 118.51193352145518,
        "profiling_runtime": 38109.02557090829
    },
    "customer_demographics": {
        "arachne": 105.45484029667342,
        "arachne_runtime": 25121.650057876574,
        "bq": 82.86781311035156,
        "bq_baseline_runtime": 21214.162999999997,
        "multi_cloud_plan": "aws",
        "percent_diff": -27.256695137162207,
        "profiling_cost": 125.18309531579119,
        "profiling_runtime": 36021.499772808806
    },
    "date_dim": {
        "arachne": 10.604453086853027,
        "arachne_runtime": 2806.4669999999996,
        "bq": 10.604453086853027,
        "bq_baseline_runtime": 2806.4669999999996,
        "multi_cloud_plan": "gcp",
        "percent_diff": 0.0,
        "profiling_cost": 42.95846667640499,
        "profiling_runtime": 9383.245532003053
    },
    "household_demographics": {
        "arachne": 109.85768086504768,
        "arachne_runtime": 26072.800090672525,
        "bq": 84.45921897888184,
        "bq_baseline_runtime": 21505.639999999985,
        "multi_cloud_plan": "aws",
        "percent_diff": -30.071864496540602,
        "profiling_cost": 127.7461324406687,
        "profiling_runtime": 37115.19343576986
    },
    "income_band": {
        "arachne": 115.01149655391713,
        "arachne_runtime": 33344.107655938125,
        "bq": 92.41918087005615,
        "bq_baseline_runtime": 29432.815000000017,
        "multi_cloud_plan": "aws",
        "percent_diff": -24.445483579459957,
        "profiling_cost": 136.68616164325235,
        "profiling_runtime": 45852.10797049996
    },
    "inventory": {
        "arachne": 38.7694699193971,
        "arachne_runtime": 12140.836991332566,
        "bq": 93.50381851196289,
        "bq_baseline_runtime": 23872.071000000004,
        "multi_cloud_plan": "aws",
        "percent_diff": 58.53701962510019,
        "profiling_cost": 136.97337682085572,
        "profiling_runtime": 39879.26604892686
    },
    "item": {
        "arachne": 33.389449332014316,
        "arachne_runtime": 10012.920672146185,
        "bq": 35.14582633972168,
        "bq_baseline_runtime": 11228.742,
        "multi_cloud_plan": "multi",
        "percent_diff": 4.9973985267272365,
        "profiling_cost": 73.4141904330496,
        "profiling_runtime": 22693.594669565475
    },
    "promotion": {
        "arachne": 108.14416209266983,
        "arachne_runtime": 26470.49141840175,
        "bq": 85.56325435638428,
        "bq_baseline_runtime": 22579.336999999992,
        "multi_cloud_plan": "aws",
        "percent_diff": -26.3908939721163,
        "profiling_cost": 128.93007034859409,
        "profiling_runtime": 38254.90866784863
    },
    "reason": {
        "arachne": 117.52682076898652,
        "arachne_runtime": 33806.305863739864,
        "bq": 92.01372623443604,
        "bq_baseline_runtime": 29149.643999999993,
        "multi_cloud_plan": "aws",
        "percent_diff": -27.727487602824898,
        "profiling_cost": 136.1587354584455,
        "profiling_runtime": 45468.16292841235
    },
    "ship_mode": {
        "arachne": 116.91548861161095,
        "arachne_runtime": 33598.36164442845,
        "bq": 94.33101177215576,
        "bq_baseline_runtime": 29704.262000000002,
        "multi_cloud_plan": "aws",
        "percent_diff": -23.94173073644651,
        "profiling_cost": 138.7758029148747,
        "profiling_runtime": 46270.46367518827
    },
    "store": {
        "arachne": 79.59712662035751,
        "arachne_runtime": 23947.682678989528,
        "bq": 54.358344078063965,
        "bq_baseline_runtime": 19434.615999999998,
        "multi_cloud_plan": "aws",
        "percent_diff": -46.43037415938969,
        "profiling_cost": 94.88821066554772,
        "profiling_runtime": 32766.273416930428
    },
    "store_returns": {
        "arachne": 95.6691488189816,
        "arachne_runtime": 28809.153319395333,
        "bq": 74.16031837463379,
        "bq_baseline_runtime": 24971.007,
        "multi_cloud_plan": "aws",
        "percent_diff": -29.00315278541847,
        "profiling_cost": 114.39764934689619,
        "profiling_runtime": 39062.404095077676
    },
    "store_sales": {
        "arachne": 9.08194704814948,
        "arachne_runtime": 8796.937038474865,
        "bq": 9.416570663452148,
        "bq_baseline_runtime": 8720.064999999999,
        "multi_cloud_plan": "multi",
        "percent_diff": 3.553561346928754,
        "profiling_cost": 29.78120900076694,
        "profiling_runtime": 13770.831041177324
    },
    "time_dim": {
        "arachne": 116.53672004272367,
        "arachne_runtime": 33293.53290406368,
        "bq": 91.1452054977417,
        "bq_baseline_runtime": 28742.781000000014,
        "multi_cloud_plan": "aws",
        "percent_diff": -27.85831071016796,
        "profiling_cost": 135.4330626581079,
        "profiling_runtime": 45179.38058038853
    },
    "warehouse": {
        "arachne": 38.994463644537824,
        "arachne_runtime": 12275.803224479616,
        "bq": 92.61285781860352,
        "bq_baseline_runtime": 23665.578999999998,
        "multi_cloud_plan": "multi",
        "percent_diff": 57.89519450861298,
        "profiling_cost": 136.40574846814246,
        "profiling_runtime": 39693.174187717115
    },
    "web_page": {
        "arachne": 115.2869836005574,
        "arachne_runtime": 33519.231719937095,
        "bq": 92.55434989929199,
        "bq_baseline_runtime": 29591.187000000005,
        "multi_cloud_plan": "aws",
        "percent_diff": -24.561388768870074,
        "profiling_cost": 136.86286356711352,
        "profiling_runtime": 46044.79838279224
    },
    "web_returns": {
        "arachne": 103.17092405890293,
        "arachne_runtime": 30931.83326408278,
        "bq": 81.0332202911377,
        "bq_baseline_runtime": 27105.24,
        "multi_cloud_plan": "aws",
        "percent_diff": -27.319294097196767,