{
    "call_center": {
        "arachne": 192.49148202092138,
        "arachne_runtime": 33343.3947398245,
        "bq": 150.21641540527344,
        "bq_baseline_runtime": 29449.217,
        "multi_cloud_plan": "aws",
        "percent_diff": -28.142774211189074,
        "profiling_cost": 219.7961907891848,
        "profiling_runtime": 45939.66304227086
    },
    "catalog_page": {
        "arachne": 184.15793133967028,
        "arachne_runtime": 32995.991753739,
        "bq": 141.88651275634766,
        "bq_baseline_runtime": 29104.663000000015,
        "multi_cloud_plan": "aws",
        "percent_diff": -29.792414911142785,
        "profiling_cost": 211.32089978474988,
        "profiling_runtime": 45475.15293996299
    },
    "catalog_returns": {
        "arachne": 164.8330515392563,
        "arachne_runtime": 24578.12825742123,
        "bq": 124.27576446533203,
        "bq_baseline_runtime": 20833.994000000002,
        "multi_cloud_plan": "aws",
        "percent_diff": -32.63491256594775,
        "profiling_cost": 189.53197827805343,
        "profiling_runtime": 35022.07200460515
    },
    "catalog_sales": {
        "arachne": 79.91755048969301,
        "arachne_runtime": 13554.257279216881,
        "bq": 66.45641326904297,
        "bq_baseline_runtime": 12311.432999999997,
        "multi_cloud_plan": "multi",
        "percent_diff": -20.255587923702425,
        "profiling_cost": 111.7027841376649,
        "profiling_runtime": 21606.498340940372
    },
    "customer": {
        "arachne": 161.0141525178191,
        "arachne_runtime": 27246.500660606733,
        "bq": 118.84058380126953,
        "bq_baseline_runtime": 23349.041000000005,
        "multi_cloud_plan": "aws",
        "percent_diff": -35.4875139178667,
        "profiling_cost": 183.26784170115087,
        "profiling_runtime": 35665.71913469424
    },
    "customer_address": {
        "arachne": 165.0839360534325,
        "arachne_runtime": 27663.653043848004,
        "bq": 122.84290313720703,
        "bq_baseline_runtime": 23769.81700000001,
        "multi_cloud_plan": "aws",
        "percent_diff": -34.386221619205095,
        "profiling_cost": 189.7900021295193,
        "profiling_runtime": 38109.0255709083
    },
    "customer_demographics": {
        "arachne": 174.8736065501523,
        "arachne_runtime": 25121.650057876577,
        "bq": 132.5885009765625,
        "bq_baseline_runtime": 21214.162999999997,
        "multi_cloud_plan": "aws",
        "percent_diff": -31.891985550892134,
        "profiling_cost": 200.12976420315306,
        "profiling_runtime": 36021.49977280881
    },
    "date_dim": {
        "arachne": 16.967124938964844,
        "arachne_runtime": 2806.4669999999996,
        "bq": 16.967124938964844,
        "bq_baseline_runtime": 2806.4669999999996,
        "multi_cloud_plan": "gcp",
        "percent_diff": 0.0,
        "profiling_cost": 74.54769481186415,
        "profiling_runtime": 9383.245532003053
    },
    "household_demographics": {
        "arachne": 181.94727820177206,
        "arachne_runtime": 26072.80009067254,
        "bq": 135.13475036621094,
        "bq_baseline_runtime": 21505.64,
        "multi_cloud_plan": "aws",
        "percent_diff": -34.64136923234079,
        "profiling_cost": 203.64833757332445,
        "profiling_runtime": 37115.19343576986
    },
    "income_band": {
        "arachne": 190.1617782979577,
        "arachne_runtime": 33344.10765593812,
        "bq": 147.87068939208984,
        "bq_baseline_runtime": 29432.815000000013,
        "multi_cloud_plan": "aws",
        "percent_diff": -28.600048515179356,
        "profiling_cost": 217.36434599044236,
        "profiling_runtime": 45852.10797049995
    },
    "inventory": {
        "arachne": 63.69932867408461,
        "arachne_runtime": 12135.311152331862,
        "bq": 149.60610961914062,
        "bq_baseline_runtime": 23872.071,
        "multi_cloud_plan": "aws",
        "percent_diff": 57.421973717352174,
        "profiling_cost": 217.99420078494106,
        "profiling_runtime": 39879.26604892687
    },
    "item": {
        "arachne": 55.517759823233476,
        "arachne_runtime": 10012.920672146185,
        "bq": 56.23332214355469,
        "bq_baseline_runtime": 11228.742,
        "multi_cloud_plan": "multi",
        "percent_diff": 1.2724880783221295,
        "profiling_cost": 119.72626819395089,
        "profiling_runtime": 22693.59466956547
    },
    "promotion": {
        "arachne": 179.17260643668004,
        "arachne_runtime": 26470.491418401754,
        "bq": 136.90120697021484,
        "bq_baseline_runtime": 22579.337000000003,
        "multi_cloud_plan": "aws",
        "percent_diff": -30.877302254655838,
        "profiling_cost": 205.49469423514591,
        "profiling_runtime": 38254.90866784862
    },
    "reason": {
        "arachne": 194.25697649550872,
        "arachne_runtime": 33806.305863739886,
        "bq": 147.22196197509766,
        "bq_baseline_runtime": 29149.64400000001,
        "multi_cloud_plan": "aws",
        "percent_diff": -31.948368225365016,
        "profiling_cost": 216.5936469680487,
        "profiling_runtime": 45468.16292841235
    },
    "ship_mode": {
        "arachne": 193.20459191007757,
        "arachne_runtime": 33598.361644428456,
        "bq": 150.92961883544922,
        "bq_baseline_runtime": 29704.26200000001,
        "multi_cloud_plan": "aws",
        "percent_diff": -28.009726255731536,
        "profiling_cost": 220.60108575588285,
        "profiling_runtime": 46270.46367518825
    },
    "store": {
        "arachne": 133.52353400845232,
        "arachne_runtime": 23947.682678989528,
        "bq": 86.97335052490234,
        "bq_baseline_runtime": 19434.616000000005,
        "multi_cloud_plan": "aws",
        "percent_diff": -53.52235276968161,
        "profiling_cost": 152.72988701019568,
        "profiling_runtime": 32766.27341693043
    },
    "store_returns": {
        "arachne": 158.94354335330496,
        "arachne_runtime": 28809.153319395326,
        "bq": 118.65650939941406,
        "bq_baseline_runtime": 24971.006999999998,
        "multi_cloud_plan": "aws",
        "percent_diff": -33.95265388962288,
        "profiling_cost": 182.86950891342826,
        "profiling_runtime": 39062.404095077676
    },
    "store_sales": {
        "arachne": 14.501907574787213,
        "arachne_runtime": 8796.937038474865,
        "bq": 15.066513061523438,
        "bq_baseline_runtime": 8720.065,
        "multi_cloud_plan": "multi",
        "percent_diff": 3.7474197541971623,
        "profiling_cost": 50.17602556289054,
        "profiling_runtime": 13770.831041177325
    },
    "time_dim": {
        "arachne": 192.6295616150382,
        "arachne_runtime": 33293.53290406367,
        "bq": 145.83232879638672,
        "bq_baseline_runtime": 28742.781000000003,
        "multi_cloud_plan": "aws",
        "percent_diff": -32.0897521179892,
        "profiling_cost": 215.34678893501228,
        "profiling_runtime": 45179.380580388526
    },
    "warehouse": {
        "arachne": 64.11970140379425,
        "arachne_runtime": 12270.277385478916,
        "bq": 148.18057250976562,
        "bq_baseline_runtime": 23665.579,
        "multi_cloud_plan": "multi",
        "percent_diff": 56.72867210742587,
        "profiling_cost": 217.2001388407392,
        "profiling_runtime": 39693.17418771712
    },
    "web_page": {
        "arachne": 190.60436756676117,
        "arachne_runtime": 33519.2317199371,
        "bq": 148.0869598388672,
        "bq_baseline_runtime": 29591.187000000016,
        "multi_cloud_plan": "aws",
        "percent_diff": -28.711108509592602,
        "profiling_cost": 217.62214492559028,
        "profiling_runtime": 46044.79838279223
    },
    "web_returns": {
        "arachne": 171.10411610949035,
        "arachne_runtime": 30931.833264082772,
        "bq": 129.6531524658203,
        "bq_baseline_runtime": 27105.24,
        "multi_cloud_plan": "aws",
        "percent_diff": -31.9706562126189,