{
    "all": {
        "arachne": 41.15322458286827,
        "arachne_runtime": 5876.5978642344735,
        "baseline_cost": 59.520470856374125,
        "baseline_runtime": 49326.35706329346,
        "exec_details": {
            "api_cost": 0.02220315751003325,
            "load_cost": 4.515034677619934,
            "load_runtime": 3741.741445541382,
            "moved_cost": 2.8242721557617188,
            "moved_queries": [
                "10a",
                "10b",
                "11a",
                "11b",
                "11c",
                "1a",
                "1d",
                "3a",
                "3c",
                "6a",
                "6b",
                "6c",
                "6d",
                "7d",
                "8b",
                "9a",
                "9b",
                "9c"
            ],
            "moved_runtime": 1493.2720000000002,
            "moved_tables": [
                "catalog_sales",
                "customer",
                "store_sales"
            ],
            "mvmt_cost": 31.041992791100753,
            "mvmt_runtime": 641.5844186930917,
            "stayed_cost": 2.7379637840811406,
            "stayed_queries": [
                "04",
                "10c",
                "1c",
                "1e",
                "1f",
                "27",
                "2a",
                "2c",
                "2d",
                "2e",
                "36",
                "3d",
                "3e",
                "4a",
                "4b",
                "4c",
                "4d",
                "4e",
                "5a",
                "5b",
                "5c",
                "5d",
                "5e",
                "64",
                "75",
                "88",
                "8a",
                "8d"
            ],
            "stayed_runtime": 2269.0307602882385,
            "stayed_tables": [
                "call_center",
                "catalog_page",
                "catalog_returns",
                "customer_address",
                "customer_demographics",
                "date_dim",
                "household_demographics",
                "income_band",
                "inventory",
                "item",
                "promotion",
                "reason",
                "ship_mode",
                "store",
                "store_returns",
                "time_dim",
                "warehouse",
                "web_page",
                "web_returns",
                "web_sales",
                "web_site"
            ],
            "storage_cost": 0.011758016794686195,
            "storage_runtime": 5235.013445541382
        },
        "multi_cloud_plan": "multi",
        "percent_diff": 30.85870459228547,
        "profiling_cost": 120.2130701312659,
        "profiling_runtime": 58994.953533784945
    }
}