{
    "all": {
        "arachne": 27.10637232453494,
        "arachne_runtime": 8824.402499707416,
        "baseline_cost": 35.561591386795044,
        "baseline_runtime": 3553.108000000001,
        "exec_details": {
            "api_cost": 0.030288229295527935,
            "load_cost": 6.16582885922591,
            "load_runtime": 5109.802922010422,
            "moved_cost": 3.4303526450332007,
            "moved_queries": [
                "04",
                "10c",
                "11a",
                "1c",
                "1d",
                "1e",
                "1f",
                "27",
                "2c",
                "2d",
                "2e",
                "36",
                "3d",
                "3e",
                "4a",
                "4b",
                "4c",
                "4d",
                "4e",
                "5a",
                "5b",
                "5c",
                "5e",
                "64",
                "75",
                "88",
                "8a",
                "8b",
                "8d",
                "9b"
            ],
            "moved_runtime": 2842.8336837291718,
            "moved_tables": [
                "catalog_returns",
                "catalog_sales",
                "customer",
                "customer_address",
                "customer_demographics",
                "date_dim",
                "household_demographics",
                "income_band",
                "item",
                "promotion",
                "store",
                "store_returns",
                "store_sales",
                "time_dim",
                "web_returns",
                "web_sales"
            ],
            "mvmt_cost": 10.795367653634864,
            "mvmt_runtime": 871.7658939678222,
            "stayed_cost": 6.660264730453491,
            "stayed_queries": [
                "10a",
                "10b",
                "11b",
                "11c",
                "1a",
                "2a",
                "3a",
                "3c",
                "5d",
                "6a",
                "6b",
                "6c",
                "6d",
                "7d",
                "9a",
                "9c"
            ],
            "stayed_runtime": 1576.0149999999999,
            "stayed_tables": [
                "call_center",
                "catalog_page",
                "inventory",
                "reason",
                "ship_mode",
                "warehouse",
                "web_page",
                "web_site"
            ],
            "storage_cost": 0.024270206891946346,
            "storage_runtime": 7952.6366057395935
        },
        "multi_cloud_plan": "move",
        "percent_diff": 23.776267406862303,
        "profiling_cost": 112.54837143262417,
        "profiling_runtime": 58994.953533784945
    }
}