{
    "call_center": {
        "arachne": 93.8852596282959,
        "arachne_runtime": 29449.217000000004,
        "bq": 93.8852596282959,
        "bq_baseline_runtime": 29449.217000000004,
        "multi_cloud_plan": "gcp",
        "percent_diff": 0.0,
        "profiling_cost": 538.8926424426776,
        "profiling_runtime": 75079.86038848136
    },
    "catalog_page": {
        "arachne": 88.67907047271729,
        "arachne_runtime": 29104.663000000008,
        "bq": 88.67907047271729,
        "bq_baseline_runtime": 29104.663000000008,
        "multi_cloud_plan": "gcp",
        "percent_diff": 0.0,
        "profiling_cost": 533.8195290172507,
        "profiling_runtime": 75176.80913107358
    },
    "catalog_returns": {
        "arachne": 77.67235279083252,
        "arachne_runtime": 20833.99399999999,
        "bq": 77.67235279083252,
        "bq_baseline_runtime": 20833.99399999999,
        "multi_cloud_plan": "gcp",
        "percent_diff": 0.0,
        "profiling_cost": 507.7627548982909,
        "profiling_runtime": 61310.47553901751
    },
    "catalog_sales": {
        "arachne": 41.535258293151855,
        "arachne_runtime": 12311.433,
        "bq": 41.535258293151855,
        "bq_baseline_runtime": 12311.433,
        "multi_cloud_plan": "gcp",
        "percent_diff": 0.0,
        "profiling_cost": 344.70656322071045,
        "profiling_runtime": 37778.680030441195
    },
    "customer": {
        "arachne": 74.27536487579346,
        "arachne_runtime": 23349.041000000005,
        "bq": 74.27536487579346,
        "bq_baseline_runtime": 23349.041000000005,
        "multi_cloud_plan": "gcp",
        "percent_diff": 0.0,
        "profiling_cost": 515.315398235786,
        "profiling_runtime": 58853.41535199276
    },
    "customer_address": {
        "arachne": 76.7768144607544,
        "arachne_runtime": 23769.817000000003,
        "bq": 76.7768144607544,
        "bq_baseline_runtime": 23769.817000000003,
        "multi_cloud_plan": "gcp",
        "percent_diff": 0.0,
        "profiling_cost": 520.4829102770631,
        "profiling_runtime": 65961.46608809542
    },
    "customer_demographics": {
        "arachne": 82.86781311035156,
        "arachne_runtime": 21214.163,
        "bq": 82.86781311035156,
        "bq_baseline_runtime": 21214.163,
        "multi_cloud_plan": "gcp",
        "percent_diff": 0.0,
        "profiling_cost": 526.9689115125169,
        "profiling_runtime": 63915.61898615147
    },
    "date_dim": {
        "arachne": 10.604453086853027,
        "arachne_runtime": 2806.4669999999996,
        "bq": 10.604453086853027,
        "bq_baseline_runtime": 2806.4669999999996,
        "multi_cloud_plan": "gcp",
        "percent_diff": 0.0,
        "profiling_cost": 448.09618856948265,
        "profiling_runtime": 23830.25519010127
    },
    "household_demographics": {
        "arachne": 84.45921897888184,
        "arachne_runtime": 21505.64,
        "bq": 84.45921897888184,
        "bq_baseline_runtime": 21505.64,
        "multi_cloud_plan": "gcp",
        "percent_diff": 0.0,
        "profiling_cost": 528.6577193196158,
        "profiling_runtime": 64487.30382786352
    },
    "income_band": {
        "arachne": 92.41918087005615,
        "arachne_runtime": 29432.815000000013,
        "bq": 92.41918087005615,
        "bq_baseline_runtime": 29432.815000000013,
        "multi_cloud_plan": "gcp",
        "percent_diff": 0.0,
        "profiling_cost": 537.5142989623057,
        "profiling_runtime": 75350.75816633696
    },
    "inventory": {
        "arachne": 93.50381851196289,
        "arachne_runtime": 23872.071000000014,
        "bq": 93.50381851196289,
        "bq_baseline_runtime": 23872.071000000014,
        "multi_cloud_plan": "gcp",
        "percent_diff": 0.0,
        "profiling_cost": 532.7259656479802,
        "profiling_runtime": 67807.05682112649
    },
    "item": {
        "arachne": 35.14582633972168,
        "arachne_runtime": 11228.741999999998,
        "bq": 35.14582633972168,
        "bq_baseline_runtime": 11228.741999999998,
        "multi_cloud_plan": "gcp",
        "percent_diff": 0.0,
        "profiling_cost": 475.77296443268693,
        "profiling_runtime": 42631.39600513868
    },
    "promotion": {
        "arachne": 85.56325435638428,
        "arachne_runtime": 22579.337000000018,
        "bq": 85.56325435638428,
        "bq_baseline_runtime": 22579.337000000018,
        "multi_cloud_plan": "gcp",
        "percent_diff": 0.0,
        "profiling_cost": 530.0667788258049,
        "profiling_runtime": 66560.08396606258
    },
    "reason": {
        "arachne": 92.01372623443604,
        "arachne_runtime": 29149.64400000001,
        "bq": 92.01372623443604,
        "bq_baseline_runtime": 29149.64400000001,
        "multi_cloud_plan": "gcp",
        "percent_diff": 0.0,
        "profiling_cost": 536.8276190715334,
        "profiling_runtime": 74146.58618528643
    },
    "ship_mode": {
        "arachne": 94.33101177215576,
        "arachne_runtime": 29704.262000000017,
        "bq": 94.33101177215576,
        "bq_baseline_runtime": 29704.262000000017,
        "multi_cloud_plan": "gcp",
        "percent_diff": 0.0,
        "profiling_cost": 539.4822213445551,
        "profiling_runtime": 75805.90570800229
    },
    "store": {
        "arachne": 54.358344078063965,
        "arachne_runtime": 19434.616000000005,
        "bq": 54.358344078063965,
        "bq_baseline_runtime": 19434.616000000005,
        "multi_cloud_plan": "gcp",
        "percent_diff": 0.0,
        "profiling_cost": 497.1084437527148,
        "profiling_runtime": 57673.02723019718
    },
    "store_returns": {
        "arachne": 74.16031837463379,
        "arachne_runtime": 24971.007000000012,
        "bq": 74.16031837463379,
        "bq_baseline_runtime": 24971.007000000012,
        "multi_cloud_plan": "gcp",
        "percent_diff": 0.0,
        "profiling_cost": 496.3785587888968,
        "profiling_runtime": 66001.60903372779
    },
    "store_sales": {
        "arachne": 9.416570663452148,
        "arachne_runtime": 8720.064999999999,
        "bq": 9.416570663452148,
        "bq_baseline_runtime": 8720.064999999999,
        "multi_cloud_plan": "gcp",
        "percent_diff": 0.0,
        "profiling_cost": 265.89981076292037,
        "profiling_runtime": 23601.782073100614
    },
    "time_dim": {
        "arachne": 91.1452054977417,
        "arachne_runtime": 28742.781000000003,
        "bq": 91.1452054977417,
        "bq_baseline_runtime": 28742.781000000003,
        "multi_cloud_plan": "gcp",
        "percent_diff": 0.0,
        "profiling_cost": 536.2079438868568,
        "profiling_runtime": 74558.75989743373
    },
    "warehouse": {
        "arachne": 92.61285781860352,
        "arachne_runtime": 23665.579,
        "bq": 92.61285781860352,
        "bq_baseline_runtime": 23665.579,
        "multi_cloud_plan": "gcp",
        "percent_diff": 0.0,
        "profiling_cost": 537.1265901515836,
        "profiling_runtime": 67679.5095935437
    },
    "web_page": {
        "arachne": 92.55434989929199,
        "arachne_runtime": 29591.18700000001,
        "bq": 92.55434989929199,
        "bq_baseline_runtime": 29591.18700000001,
        "multi_cloud_plan": "gcp",
        "percent_diff": 0.0,
        "profiling_cost": 537.7192062838154,
        "profiling_runtime": 75737.76762631867
    },
    "web_returns": {
        "arachne": 81.0332202911377,
        "arachne_runtime": 27105.240000000005,
        "bq": 81.0332202911377,
        "bq_baseline_runtime": 27105.240000000005,
        "multi_cloud_plan": "gcp",
        "percent_diff": 0.0,
        "profiling_cost": 518.6673294588724,
        "profiling_runtime": 69701.56819950676
    },
    "web_sales": {
        "arachne": 48.173699378967285,
        "arachne_runtime": 19348.598999999995,
        "bq": 48.173699378967285,
        "bq_baseline_runtime": 19348.598999999995,
        "multi_cloud_plan": "gcp",
        "percent_diff": 0.0,
        "profiling_cost": 419.58559166074224,