{
    "call_center": {
        "arachne": 93.8852596282959,
        "arachne_runtime": 29449.217,
        "bq": 93.8852596282959,
        "bq_baseline_runtime": 29449.217,
        "multi_cloud_plan": "gcp",
        "percent_diff": 0.0,
        "profiling_cost": 559.9148718417906,
        "profiling_runtime": 75079.86038848135
    },
    "catalog_page": {
        "arachne": 88.67907047271729,
        "arachne_runtime": 29104.663000000004,
        "bq": 88.67907047271729,
        "bq_baseline_runtime": 29104.663000000004,
        "multi_cloud_plan": "gcp",
        "percent_diff": 0.0,
        "profiling_cost": 554.8416738124134,
        "profiling_runtime": 75176.80913107358
    },
    "catalog_returns": {
        "arachne": 77.67235279083252,
        "arachne_runtime": 20833.994000000006,
        "bq": 77.67235279083252,
        "bq_baseline_runtime": 20833.994000000006,
        "multi_cloud_plan": "gcp",
        "percent_diff": 0.0,
        "profiling_cost": 528.1344953731223,
        "profiling_runtime": 61310.47553901752
    },
    "catalog_sales": {
        "arachne": 41.535258293151855,
        "arachne_runtime": 12311.433,
        "bq": 41.535258293151855,
        "bq_baseline_runtime": 12311.433,
        "multi_cloud_plan": "gcp",
        "percent_diff": 0.0,
        "profiling_cost": 359.11350595432054,
        "profiling_runtime": 37778.68003044118
    },
    "customer": {
        "arachne": 74.27536487579346,
        "arachne_runtime": 23349.040999999997,
        "bq": 74.27536487579346,
        "bq_baseline_runtime": 23349.040999999997,
        "multi_cloud_plan": "gcp",
        "percent_diff": 0.0,
        "profiling_cost": 536.294952874937,
        "profiling_runtime": 58853.41535199275
    },
    "customer_address": {
        "arachne": 76.7768144607544,
        "arachne_runtime": 23769.817,
        "bq": 76.7768144607544,
        "bq_baseline_runtime": 23769.817,
        "multi_cloud_plan": "gcp",
        "percent_diff": 0.0,
        "profiling_cost": 541.4928935534059,
        "profiling_runtime": 65961.46608809539
    },
    "customer_demographics": {
        "arachne": 82.86781311035156,
        "arachne_runtime": 21214.163,
        "bq": 82.86781311035156,
        "bq_baseline_runtime": 21214.163,
        "multi_cloud_plan": "gcp",
        "percent_diff": 0.0,
        "profiling_cost": 547.9905623634761,
        "profiling_runtime": 63915.618986151465
    },
    "date_dim": {
        "arachne": 10.604453086853027,
        "arachne_runtime": 2806.4669999999996,
        "bq": 10.604453086853027,
        "bq_baseline_runtime": 2806.4669999999996,
        "multi_cloud_plan": "gcp",
        "percent_diff": 0.0,
        "profiling_cost": 469.1183188056054,
        "profiling_runtime": 23830.25519010127
    },
    "household_demographics": {
        "arachne": 84.45921897888184,
        "arachne_runtime": 21505.640000000003,
        "bq": 84.45921897888184,
        "bq_baseline_runtime": 21505.640000000003,
        "multi_cloud_plan": "gcp",
        "percent_diff": 0.0,
        "profiling_cost": 549.6799474407213,
        "profiling_runtime": 64487.30382786353
    },
    "income_band": {
        "arachne": 92.41918087005615,
        "arachne_runtime": 29432.815000000006,
        "bq": 92.41918087005615,
        "bq_baseline_runtime": 29432.815000000006,
        "multi_cloud_plan": "gcp",
        "percent_diff": 0.0,
        "profiling_cost": 558.5365288166026,
        "profiling_runtime": 75350.75816633698
    },
    "inventory": {
        "arachne": 93.50381851196289,
        "arachne_runtime": 23872.071000000007,
        "bq": 93.50381851196289,
        "bq_baseline_runtime": 23872.071000000007,
        "multi_cloud_plan": "gcp",
        "percent_diff": 0.0,
        "profiling_cost": 553.4914096954031,
        "profiling_runtime": 67807.05682112646
    },
    "item": {
        "arachne": 35.14582633972168,
        "arachne_runtime": 11228.741999999997,
        "bq": 35.14582633972168,
        "bq_baseline_runtime": 11228.741999999997,
        "multi_cloud_plan": "gcp",
        "percent_diff": 0.0,
        "profiling_cost": 496.79344939691055,
        "profiling_runtime": 42631.396005138675
    },
    "promotion": {
        "arachne": 85.56325435638428,
        "arachne_runtime": 22579.337,
        "bq": 85.56325435638428,
        "bq_baseline_runtime": 22579.337,
        "multi_cloud_plan": "gcp",
        "percent_diff": 0.0,
        "profiling_cost": 551.0890048864059,
        "profiling_runtime": 66560.08396606258
    },
    "reason": {
        "arachne": 92.01372623443604,
        "arachne_runtime": 29149.644000000004,
        "bq": 92.01372623443604,
        "bq_baseline_runtime": 29149.644000000004,
        "multi_cloud_plan": "gcp",
        "percent_diff": 0.0,
        "profiling_cost": 557.8498488789849,
        "profiling_runtime": 74146.58618528643
    },
    "ship_mode": {
        "arachne": 94.33101177215576,
        "arachne_runtime": 29704.262000000006,
        "bq": 94.33101177215576,
        "bq_baseline_runtime": 29704.262000000006,
        "multi_cloud_plan": "gcp",
        "percent_diff": 0.0,
        "profiling_cost": 560.5044511593173,
        "profiling_runtime": 75805.90570800228
    },
    "store": {
        "arachne": 54.358344078063965,
        "arachne_runtime": 19434.615999999995,
        "bq": 54.358344078063965,
        "bq_baseline_runtime": 19434.615999999995,
        "multi_cloud_plan": "gcp",
        "percent_diff": 0.0,
        "profiling_cost": 518.130668667556,
        "profiling_runtime": 57673.027230197185
    },
    "store_returns": {
        "arachne": 74.16031837463379,
        "arachne_runtime": 24971.007000000016,
        "bq": 74.16031837463379,
        "bq_baseline_runtime": 24971.007000000016,
        "multi_cloud_plan": "gcp",
        "percent_diff": 0.0,
        "profiling_cost": 516.3582825736902,
        "profiling_runtime": 66001.60903372779
    },
    "store_sales": {
        "arachne": 9.416570663452148,
        "arachne_runtime": 8720.065,
        "bq": 9.416570663452148,
        "bq_baseline_runtime": 8720.065,
        "multi_cloud_plan": "gcp",
        "percent_diff": 0.0,
        "profiling_cost": 278.18720589963067,
        "profiling_runtime": 23601.782073100614
    },
    "time_dim": {
        "arachne": 91.1452054977417,
        "arachne_runtime": 28742.781000000006,
        "bq": 91.1452054977417,
        "bq_baseline_runtime": 28742.781000000006,
        "multi_cloud_plan": "gcp",
        "percent_diff": 0.0,
        "profiling_cost": 557.2301130354064,
        "profiling_runtime": 74558.75989743372
    },
    "warehouse": {
        "arachne": 92.61285781860352,
        "arachne_runtime": 23665.578999999994,
        "bq": 92.61285781860352,
        "bq_baseline_runtime": 23665.578999999994,
        "multi_cloud_plan": "gcp",
        "percent_diff": 0.0,
        "profiling_cost": 558.1488198861124,
        "profiling_runtime": 67679.50959354368
    },
    "web_page": {
        "arachne": 92.55434989929199,
        "arachne_runtime": 29591.187,
        "bq": 92.55434989929199,
        "bq_baseline_runtime": 29591.187,
        "multi_cloud_plan": "gcp",
        "percent_diff": 0.0,
        "profiling_cost": 558.7414324662333,
        "profiling_runtime": 75737.76762631867
    },
    "web_returns": {
        "arachne": 81.0332202911377,
        "arachne_runtime": 27105.239999999998,
        "bq": 81.0332202911377,
        "bq_baseline_runtime": 27105.239999999998,
        "multi_cloud_plan": "gcp",
        "percent_diff": 0.0,
        "profiling_cost": 539.3752807256566,
        "profiling_runtime": 69701.56819950673
    },
    "web_sales": {
        "arachne": 48.173699378967285,
        "arachne_runtime": 19348.599000000006,
        "bq": 48.173699378967285,
        "bq_baseline_runtime": 19348.599000000006,
        "multi_cloud_plan": "gcp",
        "percent_diff": 0.0,
        "profiling_cost": 437.25728029764684,
        "profiling_runtime": 49018.12811992697
    },