{
    "call_center": {
        "arachne": 61.33273516267933,
        "arachne_runtime": 35243.20573469564,
        "bq": 140.82788944244385,
        "bq_baseline_runtime": 29449.216999999997,
        "multi_cloud_plan": "aws",
        "percent_diff": 56.448445399910696,
        "profiling_cost": 205.3329201328805,
        "profiling_runtime": 75079.86038848135
    },
    "catalog_page": {
        "arachne": 61.41699843595793,
        "arachne_runtime": 35519.83359482825,
        "bq": 133.01860570907593,
        "bq_baseline_runtime": 29104.663000000004,
        "multi_cloud_plan": "aws",
        "percent_diff": 53.82826476900334,
        "profiling_cost": 197.6582434611663,
        "profiling_runtime": 75176.80913107358
    },
    "catalog_returns": {
        "arachne": 58.879385771566334,
        "arachne_runtime": 32345.73005925152,
        "bq": 116.50852918624878,
        "bq_baseline_runtime": 20833.994,
        "multi_cloud_plan": "aws",
        "percent_diff": 49.46345457898397,
        "profiling_cost": 177.8704286992604,
        "profiling_runtime": 61310.47553901752
    },
    "catalog_sales": {
        "arachne": 36.77902836072122,
        "arachne_runtime": 18184.86922317707,
        "bq": 62.30288743972778,
        "bq_baseline_runtime": 12311.432999999997,
        "multi_cloud_plan": "multi",
        "percent_diff": 40.967377481017245,
        "profiling_cost": 104.70852888894443,
        "profiling_runtime": 37778.680030441195
    },
    "customer": {
        "arachne": 59.1439084199138,
        "arachne_runtime": 28411.774179855693,
        "bq": 111.41304731369019,
        "bq_baseline_runtime": 23349.041000000012,
        "multi_cloud_plan": "aws",
        "percent_diff": 46.91473768472507,
        "profiling_cost": 172.72314170504367,
        "profiling_runtime": 58853.41535199273
    },
    "customer_address": {
        "arachne": 60.667953339662034,
        "arachne_runtime": 33162.80323300358,
        "bq": 115.16522169113159,
        "bq_baseline_runtime": 23769.81700000001,
        "multi_cloud_plan": "aws",
        "percent_diff": 47.32094251303488,
        "profiling_cost": 178.5906202056324,
        "profiling_runtime": 65961.4660880954
    },
    "customer_demographics": {
        "arachne": 60.953745389552786,
        "arachne_runtime": 34006.62768272018,
        "bq": 124.30171966552734,
        "bq_baseline_runtime": 21214.163000000004,
        "multi_cloud_plan": "aws",
        "percent_diff": 50.963071505713756,
        "profiling_cost": 187.9109376653326,
        "profiling_runtime": 63915.61898615146
    },
    "date_dim": {
        "arachne": 15.906679630279541,
        "arachne_runtime": 2806.467,
        "bq": 15.906679630279541,
        "bq_baseline_runtime": 2806.467,
        "multi_cloud_plan": "gcp",
        "percent_diff": 0.0,
        "profiling_cost": 72.89785783908721,
        "profiling_runtime": 23830.255190101274
    },
    "household_demographics": {
        "arachne": 61.010649070211514,
        "arachne_runtime": 34188.426655880976,
        "bq": 126.68882846832275,
        "bq_baseline_runtime": 21505.64,
        "multi_cloud_plan": "aws",
        "percent_diff": 51.84212388113873,
        "profiling_cost": 190.38499981704564,
        "profiling_runtime": 64487.30382786353
    },
    "income_band": {
        "arachne": 61.372313726225464,
        "arachne_runtime": 35372.820727423634,
        "bq": 138.62877130508423,
        "bq_baseline_runtime": 29432.814999999995,
        "multi_cloud_plan": "aws",
        "percent_diff": 55.729021365152484,
        "profiling_cost": 203.2215290345601,
        "profiling_runtime": 75350.75816633696
    },
    "inventory": {
        "arachne": 60.53539019498212,
        "arachne_runtime": 34659.920544021166,
        "bq": 140.25572776794434,
        "bq_baseline_runtime": 23872.070999999996,
        "multi_cloud_plan": "aws",
        "percent_diff": 56.83927411853082,
        "profiling_cost": 203.62333764560378,
        "profiling_runtime": 67807.05682112648
    },
    "item": {
        "arachne": 52.71873950958252,
        "arachne_runtime": 11228.742,
        "bq": 52.71873950958252,
        "bq_baseline_runtime": 11228.742,
        "multi_cloud_plan": "gcp",
        "percent_diff": 0.0,
        "profiling_cost": 112.87509975010092,
        "profiling_runtime": 42631.39600513867
    },
    "promotion": {
        "arachne": 61.1170796348317,
        "arachne_runtime": 34536.96682827953,
        "bq": 128.34488153457642,
        "bq_baseline_runtime": 22579.337000000003,
        "multi_cloud_plan": "aws",
        "percent_diff": 52.38058666300096,
        "profiling_cost": 192.34611430711973,
        "profiling_runtime": 66560.08396606255
    },
    "reason": {
        "arachne": 61.35395178802358,
        "arachne_runtime": 35312.68631017009,
        "bq": 138.02058935165405,
        "bq_baseline_runtime": 29149.64400000001,
        "multi_cloud_plan": "aws",
        "percent_diff": 55.54724691712215,
        "profiling_cost": 202.33212267388186,
        "profiling_runtime": 74146.58618528643
    },
    "ship_mode": {
        "arachne": 61.51541673955706,
        "arachne_runtime": 35841.47904110547,
        "bq": 141.49651765823364,
        "bq_baseline_runtime": 29704.262000000013,
        "multi_cloud_plan": "aws",
        "percent_diff": 56.52513732660226,
        "profiling_cost": 206.1453675834362,
        "profiling_runtime": 75805.9057080023
    },
    "store": {
        "arachne": 59.571194088591305,
        "arachne_runtime": 29474.952340095635,
        "bq": 81.53751611709595,
        "bq_baseline_runtime": 19434.61600000001,
        "multi_cloud_plan": "aws",
        "percent_diff": 26.94014126817259,
        "profiling_cost": 143.78534483311822,
        "profiling_runtime": 57673.027230197156
    },
    "store_returns": {
        "arachne": 57.95901396400678,
        "arachne_runtime": 32427.120246294286,
        "bq": 111.24047756195068,
        "bq_baseline_runtime": 24971.007000000005,
        "multi_cloud_plan": "aws",
        "percent_diff": 47.89755021347427,
        "profiling_cost": 171.82571747145727,
        "profiling_runtime": 66001.60903372779
    },
    "store_sales": {
        "arachne": 13.60604066703524,
        "arachne_runtime": 9271.998296314068,
        "bq": 14.124855995178223,
        "bq_baseline_runtime": 8720.065,
        "multi_cloud_plan": "multi",
        "percent_diff": 3.6730663188360304,
        "profiling_cost": 48.20624412019073,
        "profiling_runtime": 23601.78207310062
    },
    "time_dim": {
        "arachne": 61.453674334474826,
        "arachne_runtime": 35639.753701543304,
        "bq": 136.71780824661255,
        "bq_baseline_runtime": 28742.781000000003,
        "multi_cloud_plan": "aws",
        "percent_diff": 55.050717150450325,
        "profiling_cost": 201.279285046983,
        "profiling_runtime": 74558.75989743375
    },
    "warehouse": {
        "arachne": 60.988029804370655,
        "arachne_runtime": 34760.799596076904,
        "bq": 138.91928672790527,
        "bq_baseline_runtime": 23665.578999999994,
        "multi_cloud_plan": "multi",
        "percent_diff": 56.09822707783905,
        "profiling_cost": 202.93066086591392,
        "profiling_runtime": 67679.50959354371
    },
    "web_page": {
        "arachne": 61.47479183307015,
        "arachne_runtime": 35708.46240121532,
        "bq": 138.831524848938,
        "bq_baseline_runtime": 29591.186999999998,
        "multi_cloud_plan": "aws",
        "percent_diff": 55.71986124912146,
        "profiling_cost": 203.49408733169668,
        "profiling_runtime": 75737.7676263187
    },
    "web_returns": {
        "arachne": 60.13120464085595,
        "arachne_runtime": 33790.830417136065,
        "bq": 121.54983043670654,
        "bq_baseline_runtime": 27105.240000000005,
        "multi_cloud_plan": "aws",
        "percent_diff": 50.529585747001526,
        "profiling_cost": 184.37002167564683,