{
    "call_center": {
        "arachne": 52.923783798389366,
        "arachne_runtime": 35243.20573469564,
        "bq": 93.8852596282959,
        "bq_baseline_runtime": 29449.217000000004,
        "multi_cloud_plan": "aws",
        "percent_diff": 43.62929387645985,
        "profiling_cost": 149.98139855908727,
        "profiling_runtime": 75079.86038848135
    },
    "catalog_page": {
        "arachne": 53.008080913248115,
        "arachne_runtime": 35519.83359482825,
        "bq": 88.67907047271729,
        "bq_baseline_runtime": 29104.662999999993,
        "multi_cloud_plan": "aws",
        "percent_diff": 40.22481220125508,
        "profiling_cost": 144.90985030674258,
        "profiling_runtime": 75176.8091310736
    },
    "catalog_returns": {
        "arachne": 50.7306640108873,
        "arachne_runtime": 32345.73005925152,
        "bq": 77.67235279083252,
        "bq_baseline_runtime": 20833.99399999999,
        "multi_cloud_plan": "aws",
        "percent_diff": 34.686330221639786,
        "profiling_cost": 130.88555611391163,
        "profiling_runtime": 61310.47553901752
    },
    "catalog_sales": {
        "arachne": 29.937022029538536,
        "arachne_runtime": 17638.5245287359,
        "bq": 41.535258293151855,
        "bq_baseline_runtime": 12311.433,
        "multi_cloud_plan": "multi",
        "percent_diff": 27.923833244888197,
        "profiling_cost": 78.17812264892447,
        "profiling_runtime": 37778.68003044119
    },
    "customer": {
        "arachne": 50.752026969853056,
        "arachne_runtime": 28411.774179855693,
        "bq": 74.27536487579346,
        "bq_baseline_runtime": 23349.041000000005,
        "multi_cloud_plan": "aws",
        "percent_diff": 31.670444090415668,
        "profiling_cost": 127.19363741148632,
        "profiling_runtime": 58853.41535199273
    },
    "customer_address": {
        "arachne": 52.263900434724626,
        "arachne_runtime": 33162.80323300358,
        "bq": 76.7768144607544,
        "bq_baseline_runtime": 23769.817000000003,
        "multi_cloud_plan": "aws",
        "percent_diff": 31.92749555734682,
        "profiling_cost": 131.79821966471803,
        "profiling_runtime": 65961.46608809539
    },
    "customer_demographics": {
        "arachne": 52.545025454768904,
        "arachne_runtime": 34006.62768272018,
        "bq": 82.86781311035156,
        "bq_baseline_runtime": 21214.163000000008,
        "multi_cloud_plan": "aws",
        "percent_diff": 36.59175561348902,
        "profiling_cost": 138.06837076977314,
        "profiling_runtime": 63915.61898615146
    },
    "date_dim": {
        "arachne": 10.604453086853027,
        "arachne_runtime": 2806.4670000000006,
        "bq": 10.604453086853027,
        "bq_baseline_runtime": 2806.4670000000006,
        "multi_cloud_plan": "gcp",
        "percent_diff": 0.0,
        "profiling_cost": 59.186779201211614,
        "profiling_runtime": 23830.255190101274
    },
    "household_demographics": {
        "arachne": 52.60169822736906,
        "arachne_runtime": 34188.426655880976,
        "bq": 84.45921897888184,
        "bq_baseline_runtime": 21505.640000000014,
        "multi_cloud_plan": "aws",
        "percent_diff": 37.7194119678971,
        "profiling_cost": 139.74649907916242,
        "profiling_runtime": 64487.30382786352
    },
    "income_band": {
        "arachne": 52.96336217986194,
        "arachne_runtime": 35372.820727423634,
        "bq": 92.41918087005615,
        "bq_baseline_runtime": 29432.81500000001,
        "multi_cloud_plan": "aws",
        "percent_diff": 42.6922402024642,
        "profiling_cost": 148.60304665781317,
        "profiling_runtime": 75350.75816633698
    },
    "inventory": {
        "arachne": 52.229152971368116,
        "arachne_runtime": 34659.920544021166,
        "bq": 93.50381851196289,
        "bq_baseline_runtime": 23872.071000000004,
        "multi_cloud_plan": "aws",
        "percent_diff": 44.142224560929655,
        "profiling_cost": 148.56525077065305,
        "profiling_runtime": 67807.05682112652
    },
    "item": {
        "arachne": 35.14582633972168,
        "arachne_runtime": 11228.741999999997,
        "bq": 35.14582633972168,
        "bq_baseline_runtime": 11228.741999999997,
        "multi_cloud_plan": "gcp",
        "percent_diff": 0.0,
        "profiling_cost": 86.89399259455064,
        "profiling_runtime": 42631.396005138675
    },
    "promotion": {
        "arachne": 52.70812960594654,
        "arachne_runtime": 34536.96682827953,
        "bq": 85.56325435638428,
        "bq_baseline_runtime": 22579.337000000007,
        "multi_cloud_plan": "aws",
        "percent_diff": 38.39863852488713,
        "profiling_cost": 141.1555967046872,
        "profiling_runtime": 66560.08396606256
    },
    "reason": {
        "arachne": 52.94500026039826,
        "arachne_runtime": 35312.68631017009,
        "bq": 92.01372623443604,
        "bq_baseline_runtime": 29149.644000000015,
        "multi_cloud_plan": "aws",
        "percent_diff": 42.45967158692933,
        "profiling_cost": 147.9163676336832,
        "profiling_runtime": 74146.58618528642
    },
    "ship_mode": {
        "arachne": 53.10646520900739,
        "arachne_runtime": 35841.47904110547,
        "bq": 94.33101177215576,
        "bq_baseline_runtime": 29704.262,
        "multi_cloud_plan": "aws",
        "percent_diff": 43.7020082671443,
        "profiling_cost": 150.5709697714534,
        "profiling_runtime": 75805.90570800228
    },
    "store": {
        "arachne": 51.16227855190826,
        "arachne_runtime": 29474.952340095635,
        "bq": 54.358344078063965,
        "bq_baseline_runtime": 19434.616000000005,
        "multi_cloud_plan": "aws",
        "percent_diff": 5.879622678655994,
        "profiling_cost": 108.19728282814964,
        "profiling_runtime": 57673.027230197185
    },
    "store_returns": {
        "arachne": 49.567836129829686,
        "arachne_runtime": 37025.00067158068,
        "bq": 74.16031837463379,
        "bq_baseline_runtime": 24971.007,
        "multi_cloud_plan": "multi",
        "percent_diff": 33.1612414614658,
        "profiling_cost": 126.75366877022313,
        "profiling_runtime": 66001.60903372781
    },
    "store_sales": {
        "arachne": 9.244585217238027,
        "arachne_runtime": 9271.998296314068,
        "bq": 9.416570663452148,
        "bq_baseline_runtime": 8720.065,
        "multi_cloud_plan": "multi",
        "percent_diff": 1.8264127394236593,
        "profiling_cost": 38.583000733780565,
        "profiling_runtime": 23601.78207310062
    },
    "time_dim": {
        "arachne": 53.04474707041027,
        "arachne_runtime": 35639.753701543304,
        "bq": 91.1452054977417,
        "bq_baseline_runtime": 28742.78100000001,
        "multi_cloud_plan": "aws",
        "percent_diff": 41.80193375972524,
        "profiling_cost": 147.2978146386924,
        "profiling_runtime": 74558.75989743372
    },
    "warehouse": {
        "arachne": 52.518976617298385,
        "arachne_runtime": 34760.799596076904,
        "bq": 92.61285781860352,
        "bq_baseline_runtime": 23665.579,
        "multi_cloud_plan": "multi",
        "percent_diff": 43.29191663627868,
        "profiling_cost": 148.21534006280064,
        "profiling_runtime": 67679.50959354371
    },
    "web_page": {
        "arachne": 53.0658417554582,
        "arachne_runtime": 35708.46240121532,
        "bq": 92.55434989929199,
        "bq_baseline_runtime": 29591.186999999994,
        "multi_cloud_plan": "aws",
        "percent_diff": 42.6652104269557,
        "profiling_cost": 148.80802190908338,
        "profiling_runtime": 75737.7676263187
    },
    "web_returns": {
        "arachne": 51.84799856339575,
        "arachne_runtime": 33790.830417136065,
        "bq": 81.0332202911377,
        "bq_baseline_runtime": 27105.240000000005,
        "multi_cloud_plan": "aws",
        "percent_diff": 36.01636664923932,
        "profiling_cost": 135.57023102336427,