{
    "call_center": {
        "arachne": 93.8852596282959,
        "arachne_runtime": 29449.217,
        "bq": 93.8852596282959,
        "bq_baseline_runtime": 29449.217,
        "multi_cloud_plan": "gcp",
        "percent_diff": 0.0,
        "profiling_cost": 286.6258896533218,
        "profiling_runtime": 75079.86038848138
    },
    "catalog_page": {
        "arachne": 88.67907047271729,
        "arachne_runtime": 29104.66300000001,
        "bq": 88.67907047271729,
        "bq_baseline_runtime": 29104.66300000001,
        "multi_cloud_plan": "gcp",
        "percent_diff": 0.0,
        "profiling_cost": 281.55379147529953,
        "profiling_runtime": 75176.80913107358
    },
    "catalog_returns": {
        "arachne": 77.67235279083252,
        "arachne_runtime": 20833.993999999995,
        "bq": 77.67235279083252,
        "bq_baseline_runtime": 20833.993999999995,
        "multi_cloud_plan": "gcp",
        "percent_diff": 0.0,
        "profiling_cost": 263.3018692003152,
        "profiling_runtime": 61310.47553901753
    },
    "catalog_sales": {
        "arachne": 41.535258293151855,
        "arachne_runtime": 12311.432999999994,
        "bq": 41.535258293151855,
        "bq_baseline_runtime": 12311.432999999994,
        "multi_cloud_plan": "gcp",
        "percent_diff": 0.0,
        "profiling_cost": 171.82325041738983,
        "profiling_runtime": 37778.6800304412
    },
    "customer": {
        "arachne": 74.27536487579346,
        "arachne_runtime": 23349.041000000005,
        "bq": 74.27536487579346,
        "bq_baseline_runtime": 23349.041000000005,
        "multi_cloud_plan": "gcp",
        "percent_diff": 0.0,
        "profiling_cost": 263.56074256597003,
        "profiling_runtime": 58853.415351992735
    },
    "customer_address": {
        "arachne": 76.7768144607544,
        "arachne_runtime": 23769.81700000001,
        "bq": 76.7768144607544,
        "bq_baseline_runtime": 23769.81700000001,
        "multi_cloud_plan": "gcp",
        "percent_diff": 0.0,
        "profiling_cost": 268.3631109609474,
        "profiling_runtime": 65961.4660880954
    },
    "customer_demographics": {
        "arachne": 82.86781311035156,
        "arachne_runtime": 21214.163,
        "bq": 82.86781311035156,
        "bq_baseline_runtime": 21214.163,
        "multi_cloud_plan": "gcp",
        "percent_diff": 0.0,
        "profiling_cost": 274.7091013010075,
        "profiling_runtime": 63915.61898615146
    },
    "date_dim": {
        "arachne": 10.604453086853027,
        "arachne_runtime": 2806.4669999999996,
        "bq": 10.604453086853027,
        "bq_baseline_runtime": 2806.4669999999996,
        "multi_cloud_plan": "gcp",
        "percent_diff": 0.0,
        "profiling_cost": 195.83062573600955,
        "profiling_runtime": 23830.255190101274
    },
    "household_demographics": {
        "arachne": 84.45921897888184,
        "arachne_runtime": 21505.640000000014,
        "bq": 84.45921897888184,
        "bq_baseline_runtime": 21505.640000000014,
        "multi_cloud_plan": "gcp",
        "percent_diff": 0.0,
        "profiling_cost": 276.39098186634885,
        "profiling_runtime": 64487.303827863514
    },
    "income_band": {
        "arachne": 92.41918087005615,
        "arachne_runtime": 29432.815000000013,
        "bq": 92.41918087005615,
        "bq_baseline_runtime": 29432.815000000013,
        "multi_cloud_plan": "gcp",
        "percent_diff": 0.0,
        "profiling_cost": 285.2475407107431,
        "profiling_runtime": 75350.75816633696
    },
    "inventory": {
        "arachne": 93.50381851196289,
        "arachne_runtime": 23872.071000000004,
        "bq": 93.50381851196289,
        "bq_baseline_runtime": 23872.071000000004,
        "multi_cloud_plan": "gcp",
        "percent_diff": 0.0,
        "profiling_cost": 283.54063707890316,
        "profiling_runtime": 67807.0568211265
    },
    "item": {
        "arachne": 35.14582633972168,
        "arachne_runtime": 11228.741999999997,
        "bq": 35.14582633972168,
        "bq_baseline_runtime": 11228.741999999997,
        "multi_cloud_plan": "gcp",
        "percent_diff": 0.0,
        "profiling_cost": 223.5271448620039,
        "profiling_runtime": 42631.39600513867
    },
    "promotion": {
        "arachne": 85.56325435638428,
        "arachne_runtime": 22579.336999999992,
        "bq": 85.56325435638428,
        "bq_baseline_runtime": 22579.336999999992,
        "multi_cloud_plan": "gcp",
        "percent_diff": 0.0,
        "profiling_cost": 277.80006609859345,
        "profiling_runtime": 66560.08396606258
    },
    "reason": {
        "arachne": 92.01372623443604,
        "arachne_runtime": 29149.644000000008,
        "bq": 92.01372623443604,
        "bq_baseline_runtime": 29149.644000000008,
        "multi_cloud_plan": "gcp",
        "percent_diff": 0.0,
        "profiling_cost": 284.5608613821171,
        "profiling_runtime": 74146.58618528642
    },
    "ship_mode": {
        "arachne": 94.33101177215576,
        "arachne_runtime": 29704.262000000013,
        "bq": 94.33101177215576,
        "bq_baseline_runtime": 29704.262000000013,
        "multi_cloud_plan": "gcp",
        "percent_diff": 0.0,
        "profiling_cost": 287.2154635674081,
        "profiling_runtime": 75805.9057080023
    },
    "store": {
        "arachne": 54.358344078063965,
        "arachne_runtime": 19434.616,
        "bq": 54.358344078063965,
        "bq_baseline_runtime": 19434.616,
        "multi_cloud_plan": "gcp",
        "percent_diff": 0.0,
        "profiling_cost": 244.84174477461852,
        "profiling_runtime": 57673.02723019718
    },
    "store_returns": {
        "arachne": 74.16031837463379,
        "arachne_runtime": 24971.007000000005,
        "bq": 74.16031837463379,
        "bq_baseline_runtime": 24971.007000000005,
        "multi_cloud_plan": "gcp",
        "percent_diff": 0.0,
        "profiling_cost": 256.6218733713787,
        "profiling_runtime": 66001.60903372779
    },
    "store_sales": {
        "arachne": 9.416570663452148,
        "arachne_runtime": 8720.064999999999,
        "bq": 9.416570663452148,
        "bq_baseline_runtime": 8720.064999999999,
        "multi_cloud_plan": "gcp",
        "percent_diff": 0.0,
        "profiling_cost": 118.45106912239721,
        "profiling_runtime": 23601.78207310062
    },
    "time_dim": {
        "arachne": 91.1452054977417,
        "arachne_runtime": 28742.781000000006,
        "bq": 91.1452054977417,
        "bq_baseline_runtime": 28742.781000000006,
        "multi_cloud_plan": "gcp",
        "percent_diff": 0.0,
        "profiling_cost": 283.94191410426384,
        "profiling_runtime": 74558.75989743372
    },
    "warehouse": {
        "arachne": 92.61285781860352,
        "arachne_runtime": 23665.578999999998,
        "bq": 92.61285781860352,
        "bq_baseline_runtime": 23665.578999999998,
        "multi_cloud_plan": "gcp",
        "percent_diff": 0.0,
        "profiling_cost": 284.85983333723794,
        "profiling_runtime": 67679.5095935437
    },
    "web_page": {
        "arachne": 92.55434989929199,
        "arachne_runtime": 29591.187000000005,
        "bq": 92.55434989929199,
        "bq_baseline_runtime": 29591.187000000005,
        "multi_cloud_plan": "gcp",
        "percent_diff": 0.0,
        "profiling_cost": 285.4524920948001,
        "profiling_runtime": 75737.7676263187
    },
    "web_returns": {
        "arachne": 81.0332202911377,
        "arachne_runtime": 27105.239999999998,
        "bq": 81.0332202911377,
        "bq_baseline_runtime": 27105.239999999998,
        "multi_cloud_plan": "gcp",
        "percent_diff": 0.0,
        "profiling_cost": 270.1719142574618,
        "profiling_runtime": 69701.56819950676
    },
    "web_sales": {
        "arachne": 48.173699378967285,
        "arachne_runtime": 19348.599000000002,
        "bq": 48.173699378967285,
        "bq_baseline_runtime": 19348.599000000002,
        "multi_cloud_plan": "gcp",
        "percent_diff": 0.0,