{
    "call_center": {
        "arachne": 34.00377733918767,
        "arachne_runtime": 35243.20573469564,
        "bq": 93.8852596282959,
        "bq_baseline_runtime": 29449.217000000008,
        "multi_cloud_plan": "aws",
        "percent_diff": 63.78155902874093,
        "profiling_cost": 131.06139209988564,
        "profiling_runtime": 75079.86038848133
    },
    "catalog_page": {
        "arachne": 34.088150597601775,
        "arachne_runtime": 35519.83359482825,
        "bq": 88.67907047271729,
        "bq_baseline_runtime": 29104.66300000002,
        "multi_cloud_plan": "aws",
        "percent_diff": 61.56009482746075,
        "profiling_cost": 125.98991999109614,
        "profiling_runtime": 75176.80913107356
    },
    "catalog_returns": {
        "arachne": 32.39617415981021,
        "arachne_runtime": 32345.73005925152,
        "bq": 77.67235279083252,
        "bq_baseline_runtime": 20833.994000000006,
        "multi_cloud_plan": "aws",
        "percent_diff": 58.29124135449925,
        "profiling_cost": 112.55098968656344,
        "profiling_runtime": 61310.47553901752
    },
    "catalog_sales": {
        "arachne": 21.084793438477,
        "arachne_runtime": 18184.86922317707,
        "bq": 41.535258293151855,
        "bq_baseline_runtime": 12311.432999999997,
        "multi_cloud_plan": "multi",
        "percent_diff": 49.23639744897562,
        "profiling_cost": 65.21187418867542,
        "profiling_runtime": 37778.68003044119
    },
    "customer": {
        "arachne": 31.8704278176671,
        "arachne_runtime": 28411.774179855693,
        "bq": 74.27536487579346,
        "bq_baseline_runtime": 23349.041000000012,
        "multi_cloud_plan": "aws",
        "percent_diff": 57.09152304944952,
        "profiling_cost": 108.31203823625015,
        "profiling_runtime": 58853.41535199271
    },
    "customer_address": {
        "arachne": 33.35491550906618,
        "arachne_runtime": 33162.80323300358,
        "bq": 76.7768144607544,
        "bq_baseline_runtime": 23769.817000000003,
        "multi_cloud_plan": "aws",
        "percent_diff": 56.55600490416799,
        "profiling_cost": 112.88923471600927,
        "profiling_runtime": 65961.46608809542
    },
    "customer_demographics": {
        "arachne": 33.62553971195593,
        "arachne_runtime": 34006.62768272018,
        "bq": 82.86781311035156,
        "bq_baseline_runtime": 21214.163000000004,
        "multi_cloud_plan": "aws",
        "percent_diff": 59.422677575455964,
        "profiling_cost": 119.14888500390994,
        "profiling_runtime": 63915.61898615144
    },
    "date_dim": {
        "arachne": 10.604453086853027,
        "arachne_runtime": 2806.4669999999996,
        "bq": 10.604453086853027,
        "bq_baseline_runtime": 2806.4669999999996,
        "multi_cloud_plan": "gcp",
        "percent_diff": 0.0,
        "profiling_cost": 40.26686198870112,
        "profiling_runtime": 23830.25519010127
    },
    "household_demographics": {
        "arachne": 33.68169294142427,
        "arachne_runtime": 34188.426655880976,
        "bq": 84.45921897888184,
        "bq_baseline_runtime": 21505.640000000003,
        "multi_cloud_plan": "aws",
        "percent_diff": 60.120762009596575,
        "profiling_cost": 120.82649377016737,
        "profiling_runtime": 64487.30382786355
    },
    "income_band": {
        "arachne": 34.043355310994734,
        "arachne_runtime": 35372.820727423634,
        "bq": 92.41918087005615,
        "bq_baseline_runtime": 29432.815000000006,
        "multi_cloud_plan": "aws",
        "percent_diff": 63.16418843956148,
        "profiling_cost": 129.68303978894602,
        "profiling_runtime": 75350.75816633701
    },
    "inventory": {
        "arachne": 33.54025332868734,
        "arachne_runtime": 34659.920544021166,
        "bq": 93.50381851196289,
        "bq_baseline_runtime": 23872.071,
        "multi_cloud_plan": "aws",
        "percent_diff": 64.1295362452003,
        "profiling_cost": 129.87635112797233,
        "profiling_runtime": 67807.05682112646
    },
    "item": {
        "arachne": 30.090587489393563,
        "arachne_runtime": 23365.199232860934,
        "bq": 35.14582633972168,
        "bq_baseline_runtime": 11228.742,
        "multi_cloud_plan": "aws",
        "percent_diff": 14.383610735066727,
        "profiling_cost": 67.97555612674938,
        "profiling_runtime": 42631.39600513867
    },
    "promotion": {
        "arachne": 33.78812615140567,
        "arachne_runtime": 34536.96682827953,
        "bq": 85.56325435638428,
        "bq_baseline_runtime": 22579.337,
        "multi_cloud_plan": "aws",
        "percent_diff": 60.51093847988429,
        "profiling_cost": 122.23559325014632,
        "profiling_runtime": 66560.08396606258
    },
    "reason": {
        "arachne": 34.024993433692025,
        "arachne_runtime": 35312.68631017009,
        "bq": 92.01372623443604,
        "bq_baseline_runtime": 29149.644000000008,
        "multi_cloud_plan": "aws",
        "percent_diff": 63.02182856174973,
        "profiling_cost": 128.9963608069769,
        "profiling_runtime": 74146.58618528642
    },
    "ship_mode": {
        "arachne": 34.18645837572136,
        "arachne_runtime": 35841.47904110547,
        "bq": 94.33101177215576,
        "bq_baseline_runtime": 29704.262000000006,
        "multi_cloud_plan": "aws",
        "percent_diff": 63.75904622088196,
        "profiling_cost": 131.65096293816734,
        "profiling_runtime": 75805.90570800228
    },
    "store": {
        "arachne": 32.242352704822125,
        "arachne_runtime": 29474.952340095635,
        "bq": 54.358344078063965,
        "bq_baseline_runtime": 19434.616000000005,
        "multi_cloud_plan": "aws",
        "percent_diff": 40.68555021006727,
        "profiling_cost": 89.27728040479242,
        "profiling_runtime": 57673.02723019718
    },
    "store_returns": {
        "arachne": 31.98542408259503,
        "arachne_runtime": 32427.120246294286,
        "bq": 74.16031837463379,
        "bq_baseline_runtime": 24971.006999999998,
        "multi_cloud_plan": "aws",
        "percent_diff": 56.86989378738225,
        "profiling_cost": 108.7719173639093,
        "profiling_runtime": 66001.6090337278
    },
    "store_sales": {
        "arachne": 9.01181773363668,
        "arachne_runtime": 9271.998296314066,
        "bq": 9.416570663452148,
        "bq_baseline_runtime": 8720.065,
        "multi_cloud_plan": "multi",
        "percent_diff": 4.29830502293587,
        "profiling_cost": 27.524345110741322,
        "profiling_runtime": 23601.782073100618
    },
    "time_dim": {
        "arachne": 34.12479483671578,
        "arachne_runtime": 35639.753701543304,
        "bq": 91.1452054977417,
        "bq_baseline_runtime": 28742.781000000006,
        "multi_cloud_plan": "aws",
        "percent_diff": 62.55996719700052,
        "profiling_cost": 128.3778624049978,
        "profiling_runtime": 74558.75989743372
    },
    "warehouse": {
        "arachne": 33.83007716409053,
        "arachne_runtime": 34760.799596076904,
        "bq": 92.61285781860352,
        "bq_baseline_runtime": 23665.579000000005,
        "multi_cloud_plan": "multi",
        "percent_diff": 63.471511450006304,
        "profiling_cost": 129.29533330172472,
        "profiling_runtime": 67679.50959354368
    },
    "web_page": {
        "arachne": 34.14583819128205,
        "arachne_runtime": 35708.46240121532,
        "bq": 92.55434989929199,
        "bq_baseline_runtime": 29591.187000000016,
        "multi_cloud_plan": "aws",
        "percent_diff": 63.10725727268789,
        "profiling_cost": 129.8880183449073,
        "profiling_runtime": 75737.76762631867
    },
    "web_returns": {
        "arachne": 33.21091899956104,
        "arachne_runtime": 33790.830417136065,
        "bq": 81.0332202911377,
        "bq_baseline_runtime": 27105.24000000001,
        "multi_cloud_plan": "aws",
        "percent_diff": 59.015674213316196,
        "profiling_cost": 116.93307488325847,