{
    "call_center": {
        "arachne": 61.33271132082142,
        "arachne_runtime": 35243.20573469564,
        "bq": 122.05083751678467,
        "bq_baseline_runtime": 29449.21700000001,
        "multi_cloud_plan": "aws",
        "percent_diff": 49.748225765032686,
        "profiling_cost": 186.5558682072212,
        "profiling_runtime": 75079.86038848135
    },
    "catalog_page": {
        "arachne": 61.41697459410002,
        "arachne_runtime": 35519.83359482825,
        "bq": 115.28279161453247,
        "bq_baseline_runtime": 29104.663000000004,
        "multi_cloud_plan": "aws",
        "percent_diff": 46.72494156850567,
        "profiling_cost": 179.9224293666228,
        "profiling_runtime": 75176.80913107359
    },
    "catalog_returns": {
        "arachne": 58.87936192970842,
        "arachne_runtime": 32345.73005925152,
        "bq": 100.97405862808228,
        "bq_baseline_runtime": 20833.994,
        "multi_cloud_plan": "aws",
        "percent_diff": 41.6886250491537,
        "profiling_cost": 162.3359581410939,
        "profiling_runtime": 61310.47553901752
    },
    "catalog_sales": {
        "arachne": 35.748937075015654,
        "arachne_runtime": 18184.869223177073,
        "bq": 53.99583578109741,
        "bq_baseline_runtime": 12311.432999999999,
        "multi_cloud_plan": "multi",
        "percent_diff": 33.79315912444778,
        "profiling_cost": 96.40147723031404,
        "profiling_runtime": 37778.680030441195
    },
    "customer": {
        "arachne": 59.143884578055896,
        "arachne_runtime": 28411.774179855693,
        "bq": 96.5579743385315,
        "bq_baseline_runtime": 23349.041000000005,
        "multi_cloud_plan": "aws",
        "percent_diff": 38.74779894336028,
        "profiling_cost": 157.86806872988495,
        "profiling_runtime": 58853.41535199275
    },
    "customer_address": {
        "arachne": 60.667929497804124,
        "arachne_runtime": 33162.80323300358,
        "bq": 99.80985879898071,
        "bq_baseline_runtime": 23769.81700000001,
        "multi_cloud_plan": "aws",
        "percent_diff": 39.216496017702326,
        "profiling_cost": 163.23525731348153,
        "profiling_runtime": 65961.46608809539
    },
    "customer_demographics": {
        "arachne": 60.953721547694876,
        "arachne_runtime": 34006.62768272018,
        "bq": 107.72815704345703,
        "bq_baseline_runtime": 21214.163000000004,
        "multi_cloud_plan": "aws",
        "percent_diff": 43.41895079193973,
        "profiling_cost": 171.33737504326223,
        "profiling_runtime": 63915.618986151465
    },
    "date_dim": {
        "arachne": 13.785789012908936,
        "arachne_runtime": 2806.4669999999996,
        "bq": 13.785789012908936,
        "bq_baseline_runtime": 2806.4669999999996,
        "multi_cloud_plan": "gcp",
        "percent_diff": 0.0,
        "profiling_cost": 70.7769672217166,
        "profiling_runtime": 23830.25519010127
    },
    "household_demographics": {
        "arachne": 61.010625228353604,
        "arachne_runtime": 34188.426655880976,
        "bq": 109.79698467254639,
        "bq_baseline_runtime": 21505.639999999992,
        "multi_cloud_plan": "aws",
        "percent_diff": 44.43324157734481,
        "profiling_cost": 173.49315602126924,
        "profiling_runtime": 64487.303827863536
    },
    "income_band": {
        "arachne": 61.372289884367554,
        "arachne_runtime": 35372.820727423634,
        "bq": 120.144935131073,
        "bq_baseline_runtime": 29432.81500000001,
        "multi_cloud_plan": "aws",
        "percent_diff": 48.91812141942313,
        "profiling_cost": 184.73769286054883,
        "profiling_runtime": 75350.75816633698
    },
    "inventory": {
        "arachne": 60.53536635312421,
        "arachne_runtime": 34659.920544021166,
        "bq": 121.55496406555176,
        "bq_baseline_runtime": 23872.071,
        "multi_cloud_plan": "aws",
        "percent_diff": 50.199182058513955,
        "profiling_cost": 184.9225739432112,
        "profiling_runtime": 67807.05682112649
    },
    "item": {
        "arachne": 45.689574241638184,
        "arachne_runtime": 11228.742000000006,
        "bq": 45.689574241638184,
        "bq_baseline_runtime": 11228.742000000006,
        "multi_cloud_plan": "gcp",
        "percent_diff": 0.0,
        "profiling_cost": 105.84593448215657,
        "profiling_runtime": 42631.39600513867
    },
    "promotion": {
        "arachne": 61.11705579297378,
        "arachne_runtime": 34536.96682827953,
        "bq": 111.23223066329956,
        "bq_baseline_runtime": 22579.336999999992,
        "multi_cloud_plan": "aws",
        "percent_diff": 45.05454450700052,
        "profiling_cost": 175.2334634358429,
        "profiling_runtime": 66560.08396606261
    },
    "reason": {
        "arachne": 61.35392794616567,
        "arachne_runtime": 35312.68631017009,
        "bq": 119.61784410476685,
        "bq_baseline_runtime": 29149.644000000004,
        "multi_cloud_plan": "aws",
        "percent_diff": 48.70838175913866,
        "profiling_cost": 183.9293774269945,
        "profiling_runtime": 74146.58618528643
    },
    "ship_mode": {
        "arachne": 61.51539289769915,
        "arachne_runtime": 35841.47904110547,
        "bq": 122.63031530380249,
        "bq_baseline_runtime": 29704.262000000006,
        "multi_cloud_plan": "aws",
        "percent_diff": 49.83671635736902,
        "profiling_cost": 187.27916522900506,
        "profiling_runtime": 75805.90570800228
    },
    "store": {
        "arachne": 59.571170246733395,
        "arachne_runtime": 29474.952340095635,
        "bq": 70.66584730148315,
        "bq_baseline_runtime": 19434.616000000005,
        "multi_cloud_plan": "aws",
        "percent_diff": 15.700196740606973,
        "profiling_cost": 132.91367601750534,
        "profiling_runtime": 57673.027230197185
    },
    "store_returns": {
        "arachne": 57.70871081102306,
        "arachne_runtime": 37025.000671580674,
        "bq": 96.40841388702393,
        "bq_baseline_runtime": 24971.007000000012,
        "multi_cloud_plan": "multi",
        "percent_diff": 40.14141662090932,
        "profiling_cost": 156.99365379653054,
        "profiling_runtime": 66001.60903372779
    },
    "store_sales": {
        "arachne": 11.902839373089927,
        "arachne_runtime": 9271.99829631407,
        "bq": 12.241541862487793,
        "bq_baseline_runtime": 8720.065,
        "multi_cloud_plan": "multi",
        "percent_diff": 2.766828665886969,
        "profiling_cost": 46.32292998750031,
        "profiling_runtime": 23601.782073100618
    },
    "time_dim": {
        "arachne": 61.453650492616916,
        "arachne_runtime": 35639.753701543304,
        "bq": 118.48876714706421,
        "bq_baseline_runtime": 28742.781,
        "multi_cloud_plan": "aws",
        "percent_diff": 48.13546298752291,
        "profiling_cost": 183.05024394743464,
        "profiling_runtime": 74558.75989743372
    },
    "warehouse": {
        "arachne": 60.92287954344536,
        "arachne_runtime": 34760.799596076904,
        "bq": 120.39671516418457,
        "bq_baseline_runtime": 23665.579,
        "multi_cloud_plan": "multi",
        "percent_diff": 49.39822115548165,
        "profiling_cost": 184.40808930219316,
        "profiling_runtime": 67679.50959354368
    },
    "web_page": {
        "arachne": 61.47476799121224,
        "arachne_runtime": 35708.46240121532,
        "bq": 120.32065486907959,
        "bq_baseline_runtime": 29591.18699999999,
        "multi_cloud_plan": "aws",
        "percent_diff": 48.90755202579085,
        "profiling_cost": 184.98321735183814,
        "profiling_runtime": 75737.76762631873
    },
    "web_returns": {
        "arachne": 60.13118079899804,
        "arachne_runtime": 33790.830417136065,
        "bq": 105.343186378479,
        "bq_baseline_runtime": 27105.24,
        "multi_cloud_plan": "aws",
        "percent_diff": 42.918775417559914,
        "profiling_cost": 168.16337761741934,