{
    "call_center": {
        "arachne": 73.94601319750232,
        "arachne_runtime": 35243.20573469564,
        "bq": 93.8852596282959,
        "bq_baseline_runtime": 29449.21700000001,
        "multi_cloud_plan": "aws",
        "percent_diff": 21.237888151703128,
        "profiling_cost": 171.00362795820027,
        "profiling_runtime": 75079.86038848132
    },
    "catalog_page": {
        "arachne": 74.03022570841071,
        "arachne_runtime": 35519.83359482825,
        "bq": 88.67907047271729,
        "bq_baseline_runtime": 29104.663000000004,
        "multi_cloud_plan": "aws",
        "percent_diff": 16.518942616582105,
        "profiling_cost": 165.93199510190516,
        "profiling_runtime": 75176.80913107356
    },
    "catalog_returns": {
        "arachne": 70.82214067423118,
        "arachne_runtime": 32191.5600579147,
        "bq": 77.67235279083252,
        "bq_baseline_runtime": 20833.994,
        "multi_cloud_plan": "multi",
        "percent_diff": 8.819369917953425,
        "profiling_cost": 151.25729658874295,
        "profiling_runtime": 61310.47553901752
    },
    "catalog_sales": {
        "arachne": 38.986059530335375,
        "arachne_runtime": 17638.524528735903,
        "bq": 41.535258293151855,
        "bq_baseline_runtime": 12311.433,
        "multi_cloud_plan": "multi",
        "percent_diff": 6.137433273736933,
        "profiling_cost": 92.58506538253452,
        "profiling_runtime": 37778.68003044119
    },
    "customer": {
        "arachne": 71.73158158339298,
        "arachne_runtime": 28411.774179855693,
        "bq": 74.27536487579346,
        "bq_baseline_runtime": 23349.041000000012,
        "multi_cloud_plan": "aws",
        "percent_diff": 3.4248008026003016,
        "profiling_cost": 148.17319205063774,
        "profiling_runtime": 58853.41535199274
    },
    "customer_address": {
        "arachne": 73.27388368545621,
        "arachne_runtime": 33162.80323300358,
        "bq": 76.7768144607544,
        "bq_baseline_runtime": 23769.817,
        "multi_cloud_plan": "aws",
        "percent_diff": 4.5624851719899855,
        "profiling_cost": 152.80820294106098,
        "profiling_runtime": 65961.4660880954
    },
    "customer_demographics": {
        "arachne": 73.56667628011665,
        "arachne_runtime": 34006.62768272018,
        "bq": 82.86781311035156,
        "bq_baseline_runtime": 21214.163000000004,
        "multi_cloud_plan": "aws",
        "percent_diff": 11.224064544636866,
        "profiling_cost": 159.09002162073224,
        "profiling_runtime": 63915.618986151465
    },
    "date_dim": {
        "arachne": 10.604453086853027,
        "arachne_runtime": 2806.4669999999996,
        "bq": 10.604453086853027,
        "bq_baseline_runtime": 2806.4669999999996,
        "multi_cloud_plan": "gcp",
        "percent_diff": 0.0,
        "profiling_cost": 80.20890943733436,
        "profiling_runtime": 23830.25519010127
    },
    "household_demographics": {
        "arachne": 73.62392632286326,
        "arachne_runtime": 34188.426655880976,
        "bq": 84.45921897888184,
        "bq_baseline_runtime": 21505.64,
        "multi_cloud_plan": "aws",
        "percent_diff": 12.82902303267549,
        "profiling_cost": 160.76872720026805,
        "profiling_runtime": 64487.303827863536
    },
    "income_band": {
        "arachne": 73.98559203415884,
        "arachne_runtime": 35372.820727423634,
        "bq": 92.41918087005615,
        "bq_baseline_runtime": 29432.815000000002,
        "multi_cloud_plan": "aws",
        "percent_diff": 19.94563105013388,
        "profiling_cost": 169.62527651211013,
        "profiling_runtime": 75350.758166337
    },
    "inventory": {
        "arachne": 72.99459701879118,
        "arachne_runtime": 34659.920544021166,
        "bq": 93.50381851196289,
        "bq_baseline_runtime": 23872.071000000004,
        "multi_cloud_plan": "aws",
        "percent_diff": 21.93410046729563,
        "profiling_cost": 169.33069481807615,
        "profiling_runtime": 67807.05682112649
    },
    "item": {
        "arachne": 35.14582633972168,
        "arachne_runtime": 11228.742000000004,
        "bq": 35.14582633972168,
        "bq_baseline_runtime": 11228.742000000004,
        "multi_cloud_plan": "gcp",
        "percent_diff": 0.0,
        "profiling_cost": 107.9144775587742,
        "profiling_runtime": 42631.39600513867
    },
    "promotion": {
        "arachne": 73.73035566654748,
        "arachne_runtime": 34536.96682827953,
        "bq": 85.56325435638428,
        "bq_baseline_runtime": 22579.337,
        "multi_cloud_plan": "aws",
        "percent_diff": 13.829416352668087,
        "profiling_cost": 162.17782276528823,
        "profiling_runtime": 66560.08396606258
    },
    "reason": {
        "arachne": 73.96723006784963,
        "arachne_runtime": 35312.68631017009,
        "bq": 92.01372623443604,
        "bq_baseline_runtime": 29149.644,
        "multi_cloud_plan": "aws",
        "percent_diff": 19.612830503795557,
        "profiling_cost": 168.93859744113456,
        "profiling_runtime": 74146.5861852864
    },
    "ship_mode": {
        "arachne": 74.12869502376962,
        "arachne_runtime": 35841.47904110547,
        "bq": 94.33101177215576,
        "bq_baseline_runtime": 29704.26200000001,
        "multi_cloud_plan": "aws",
        "percent_diff": 21.416410540769135,
        "profiling_cost": 171.5931995862156,
        "profiling_runtime": 75805.90570800229
    },
    "store": {
        "arachne": 54.358344078063965,
        "arachne_runtime": 19434.616,
        "bq": 54.358344078063965,
        "bq_baseline_runtime": 19434.616,
        "multi_cloud_plan": "gcp",
        "percent_diff": 0.0,
        "profiling_cost": 129.21950774299103,
        "profiling_runtime": 57673.02723019718
    },
    "store_returns": {
        "arachne": 68.61698297740742,
        "arachne_runtime": 36870.83067024386,
        "bq": 74.16031837463379,
        "bq_baseline_runtime": 24971.007000000012,
        "multi_cloud_plan": "multi",
        "percent_diff": 7.474799891261585,
        "profiling_cost": 146.73339255501628,
        "profiling_runtime": 66001.60903372781
    },
    "store_sales": {
        "arachne": 9.416570663452148,
        "arachne_runtime": 8720.065,
        "bq": 9.416570663452148,
        "bq_baseline_runtime": 8720.065,
        "multi_cloud_plan": "gcp",
        "percent_diff": 0.0,
        "profiling_cost": 50.870395870490825,
        "profiling_runtime": 23601.78207310062
    },
    "time_dim": {
        "arachne": 74.06691621895972,
        "arachne_runtime": 35639.753701543304,
        "bq": 91.1452054977417,
        "bq_baseline_runtime": 28742.781000000006,
        "multi_cloud_plan": "aws",
        "percent_diff": 18.737452162752685,
        "profiling_cost": 168.31998378724177,
        "profiling_runtime": 74558.75989743372
    },
    "warehouse": {
        "arachne": 73.28442045419598,
        "arachne_runtime": 34760.799596076904,
        "bq": 92.61285781860352,
        "bq_baseline_runtime": 23665.57900000001,
        "multi_cloud_plan": "multi",
        "percent_diff": 20.87014462102578,
        "profiling_cost": 169.2375697973295,
        "profiling_runtime": 67679.5095935437
    },
    "web_page": {
        "arachne": 74.08806793787616,
        "arachne_runtime": 35708.46240121532,
        "bq": 92.55434989929199,
        "bq_baseline_runtime": 29591.186999999998,
        "multi_cloud_plan": "aws",
        "percent_diff": 19.95182504280881,
        "profiling_cost": 169.83024809150132,
        "profiling_runtime": 75737.76762631869
    },
    "web_returns": {
        "arachne": 72.5558647454343,
        "arachne_runtime": 33790.830417136065,
        "bq": 81.0332202911377,
        "bq_baseline_runtime": 27105.239999999998,
        "multi_cloud_plan": "aws",
        "percent_diff": 10.461580466931691,
        "profiling_cost": 156.27818229014852,
        "profiling_runtime": 69701.56819950673
    },
    "web_sales": {
        "arachne": 45.624500616150804,