{
    "call_center": {
        "arachne": 93.8852596282959,
        "arachne_runtime": 29449.217,
        "bq": 93.8852596282959,
        "bq_baseline_runtime": 29449.217,
        "multi_cloud_plan": "gcp",
        "percent_diff": 0.0,
        "profiling_cost": 198.33252617704716,
        "profiling_runtime": 75079.86038848133
    },
    "catalog_page": {
        "arachne": 88.67907047271729,
        "arachne_runtime": 29104.663,
        "bq": 88.67907047271729,
        "bq_baseline_runtime": 29104.663,
        "multi_cloud_plan": "gcp",
        "percent_diff": 0.0,
        "profiling_cost": 193.2607833356165,
        "profiling_runtime": 75176.80913107359
    },
    "catalog_returns": {
        "arachne": 77.67235279083252,
        "arachne_runtime": 20833.994000000006,
        "bq": 77.67235279083252,
        "bq_baseline_runtime": 20833.994000000006,
        "multi_cloud_plan": "gcp",
        "percent_diff": 0.0,
        "profiling_cost": 177.74055920602365,
        "profiling_runtime": 61310.47553901752
    },
    "catalog_sales": {
        "arachne": 41.535258293151855,
        "arachne_runtime": 12311.432999999995,
        "bq": 41.535258293151855,
        "bq_baseline_runtime": 12311.432999999995,
        "multi_cloud_plan": "gcp",
        "percent_diff": 0.0,
        "profiling_cost": 111.31409093622757,
        "profiling_runtime": 37778.680030441195
    },
    "customer": {
        "arachne": 74.27536487579346,
        "arachne_runtime": 23349.041,
        "bq": 74.27536487579346,
        "bq_baseline_runtime": 23349.041,
        "multi_cloud_plan": "gcp",
        "percent_diff": 0.0,
        "profiling_cost": 175.44661308153445,
        "profiling_runtime": 58853.41535199274
    },
    "customer_address": {
        "arachne": 76.7768144607544,
        "arachne_runtime": 23769.81700000001,
        "bq": 76.7768144607544,
        "bq_baseline_runtime": 23769.81700000001,
        "multi_cloud_plan": "gcp",
        "percent_diff": 0.0,
        "profiling_cost": 180.12118120030686,
        "profiling_runtime": 65961.46608809542
    },
    "customer_demographics": {
        "arachne": 82.86781311035156,
        "arachne_runtime": 21214.163,
        "bq": 82.86781311035156,
        "bq_baseline_runtime": 21214.163,
        "multi_cloud_plan": "gcp",
        "percent_diff": 0.0,
        "profiling_cost": 186.41816772697914,
        "profiling_runtime": 63915.61898615147
    },
    "date_dim": {
        "arachne": 10.604453086853027,
        "arachne_runtime": 2806.4669999999996,
        "bq": 10.604453086853027,
        "bq_baseline_runtime": 2806.4669999999996,
        "multi_cloud_plan": "gcp",
        "percent_diff": 0.0,
        "profiling_cost": 107.53767874429396,
        "profiling_runtime": 23830.25519010127
    },
    "household_demographics": {
        "arachne": 84.45921897888184,
        "arachne_runtime": 21505.640000000007,
        "bq": 84.45921897888184,
        "bq_baseline_runtime": 21505.640000000007,
        "multi_cloud_plan": "gcp",
        "percent_diff": 0.0,
        "profiling_cost": 188.09762375770532,
        "profiling_runtime": 64487.303827863514
    },
    "income_band": {
        "arachne": 92.41918087005615,
        "arachne_runtime": 29432.815000000002,
        "bq": 92.41918087005615,
        "bq_baseline_runtime": 29432.815000000002,
        "multi_cloud_plan": "gcp",
        "percent_diff": 0.0,
        "profiling_cost": 196.95417532269607,
        "profiling_runtime": 75350.75816633695
    },
    "inventory": {
        "arachne": 93.50381851196289,
        "arachne_runtime": 23872.071,
        "bq": 93.50381851196289,
        "bq_baseline_runtime": 23872.071,
        "multi_cloud_plan": "gcp",
        "percent_diff": 0.0,
        "profiling_cost": 196.32577207972616,
        "profiling_runtime": 67807.05682112648
    },
    "item": {
        "arachne": 35.14582633972168,
        "arachne_runtime": 11228.742000000002,
        "bq": 35.14582633972168,
        "bq_baseline_runtime": 11228.742000000002,
        "multi_cloud_plan": "gcp",
        "percent_diff": 0.0,
        "profiling_cost": 135.2411080122649,
        "profiling_runtime": 42631.396005138675
    },
    "promotion": {
        "arachne": 85.56325435638428,
        "arachne_runtime": 22579.337000000003,
        "bq": 85.56325435638428,
        "bq_baseline_runtime": 22579.337000000003,
        "multi_cloud_plan": "gcp",
        "percent_diff": 0.0,
        "profiling_cost": 189.50671664406943,
        "profiling_runtime": 66560.08396606261
    },
    "reason": {
        "arachne": 92.01372623443604,
        "arachne_runtime": 29149.64400000002,
        "bq": 92.01372623443604,
        "bq_baseline_runtime": 29149.64400000002,
        "multi_cloud_plan": "gcp",
        "percent_diff": 0.0,
        "profiling_cost": 196.2674961908213,
        "profiling_runtime": 74146.58618528643
    },
    "ship_mode": {
        "arachne": 94.33101177215576,
        "arachne_runtime": 29704.261999999995,
        "bq": 94.33101177215576,
        "bq_baseline_runtime": 29704.261999999995,
        "multi_cloud_plan": "gcp",
        "percent_diff": 0.0,
        "profiling_cost": 198.92209834540654,
        "profiling_runtime": 75805.9057080023
    },
    "store": {
        "arachne": 54.358344078063965,
        "arachne_runtime": 19434.616000000005,
        "bq": 54.358344078063965,
        "bq_baseline_runtime": 19434.616000000005,
        "multi_cloud_plan": "gcp",
        "percent_diff": 0.0,
        "profiling_cost": 156.5484001322848,
        "profiling_runtime": 57673.02723019717
    },
    "store_returns": {
        "arachne": 74.16031837463379,
        "arachne_runtime": 24971.007000000016,
        "bq": 74.16031837463379,
        "bq_baseline_runtime": 24971.007000000016,
        "multi_cloud_plan": "gcp",
        "percent_diff": 0.0,
        "profiling_cost": 172.70703347524739,
        "profiling_runtime": 66001.6090337278
    },
    "store_sales": {
        "arachne": 9.416570663452148,
        "arachne_runtime": 8720.064999999999,
        "bq": 9.416570663452148,
        "bq_baseline_runtime": 8720.064999999999,
        "multi_cloud_plan": "gcp",
        "percent_diff": 0.0,
        "profiling_cost": 66.84400954821413,
        "profiling_runtime": 23601.78207310062
    },
    "time_dim": {
        "arachne": 91.1452054977417,
        "arachne_runtime": 28742.78100000001,
        "bq": 91.1452054977417,
        "bq_baseline_runtime": 28742.78100000001,
        "multi_cloud_plan": "gcp",
        "percent_diff": 0.0,
        "profiling_cost": 195.64880368035602,
        "profiling_runtime": 74558.75989743375
    },
    "warehouse": {
        "arachne": 92.61285781860352,
        "arachne_runtime": 23665.578999999998,
        "bq": 92.61285781860352,
        "bq_baseline_runtime": 23665.578999999998,
        "multi_cloud_plan": "gcp",
        "percent_diff": 0.0,
        "profiling_cost": 196.5664684522169,
        "profiling_runtime": 67679.50959354371
    },
    "web_page": {
        "arachne": 92.55434989929199,
        "arachne_runtime": 29591.18700000001,
        "bq": 92.55434989929199,
        "bq_baseline_runtime": 29591.18700000001,
        "multi_cloud_plan": "gcp",
        "percent_diff": 0.0,
        "profiling_cost": 197.15914212864467,
        "profiling_runtime": 75737.76762631867
    },
    "web_returns": {
        "arachne": 81.0332202911377,
        "arachne_runtime": 27105.24,
        "bq": 81.0332202911377,
        "bq_baseline_runtime": 27105.24,
        "multi_cloud_plan": "gcp",
        "percent_diff": 0.0,
        "profiling_cost": 183.19851893696801,
        "profiling_runtime": 69701.56819950673
    },
    "web_sales": {
        "arachne": 48.173699378967285,
        "arachne_runtime": 19348.598999999995,
        "bq": 48.173699378967285,
        "bq_baseline_runtime": 19348.598999999995,
        "multi_cloud_plan": "gcp",
        "percent_diff": 0.0,
        "profiling_cost": 133.30423574288793,