{
    "call_center": {
        "arachne": 61.332699399892455,
        "arachne_runtime": 35243.20573469564,
        "bq": 112.66231155395508,
        "bq_baseline_runtime": 29449.217000000008,
        "multi_cloud_plan": "aws",
        "percent_diff": 45.560588493233936,
        "profiling_cost": 177.1673422443917,
        "profiling_runtime": 75079.86038848132
    },
    "catalog_page": {
        "arachne": 61.416962673171064,
        "arachne_runtime": 35519.83359482825,
        "bq": 106.41488456726074,
        "bq_baseline_runtime": 29104.663000000008,
        "multi_cloud_plan": "aws",
        "percent_diff": 42.28536456819462,
        "profiling_cost": 171.054522319351,
        "profiling_runtime": 75176.80913107359
    },
    "catalog_returns": {
        "arachne": 58.87935000877947,
        "arachne_runtime": 32345.73005925152,
        "bq": 93.20682334899902,
        "bq_baseline_runtime": 20833.994000000013,
        "multi_cloud_plan": "aws",
        "percent_diff": 36.829356593009784,
        "profiling_cost": 154.56872286201065,
        "profiling_runtime": 61310.47553901753
    },
    "catalog_sales": {
        "arachne": 35.03985331556283,
        "arachne_runtime": 17638.5245287359,
        "bq": 49.84230995178223,
        "bq_baseline_runtime": 12311.432999999997,
        "multi_cloud_plan": "multi",
        "percent_diff": 29.69857667218752,
        "profiling_cost": 92.24795140099886,
        "profiling_runtime": 37778.68003044119
    },
    "customer": {
        "arachne": 59.143872657126934,
        "arachne_runtime": 28411.774179855693,
        "bq": 89.13043785095215,
        "bq_baseline_runtime": 23349.04100000001,
        "multi_cloud_plan": "aws",
        "percent_diff": 33.6434622300073,
        "profiling_cost": 150.4405322423056,
        "profiling_runtime": 58853.41535199273
    },
    "customer_address": {
        "arachne": 60.66791757687517,
        "arachne_runtime": 33162.80323300358,
        "bq": 92.13217735290527,
        "bq_baseline_runtime": 23769.817000000003,
        "multi_cloud_plan": "aws",
        "percent_diff": 34.151216958119484,
        "profiling_cost": 155.5575758674061,
        "profiling_runtime": 65961.46608809539
    },
    "customer_demographics": {
        "arachne": 60.953709626765914,
        "arachne_runtime": 34006.62768272018,
        "bq": 99.44137573242188,
        "bq_baseline_runtime": 21214.163000000004,
        "multi_cloud_plan": "aws",
        "percent_diff": 38.703875345830966,
        "profiling_cost": 163.05059373222713,
        "profiling_runtime": 63915.61898615149
    },
    "date_dim": {
        "arachne": 12.725343704223633,
        "arachne_runtime": 2806.4669999999996,
        "bq": 12.725343704223633,
        "bq_baseline_runtime": 2806.4669999999996,
        "multi_cloud_plan": "gcp",
        "percent_diff": 0.0,
        "profiling_cost": 69.71652191303131,
        "profiling_runtime": 23830.255190101274
    },
    "household_demographics": {
        "arachne": 61.01061330742465,
        "arachne_runtime": 34188.426655880976,
        "bq": 101.3510627746582,
        "bq_baseline_runtime": 21505.64000000001,
        "multi_cloud_plan": "aws",
        "percent_diff": 39.8026901374736,
        "profiling_cost": 165.04723412338103,
        "profiling_runtime": 64487.303827863514
    },
    "income_band": {
        "arachne": 61.3722779634386,
        "arachne_runtime": 35372.820727423634,
        "bq": 110.90301704406738,
        "bq_baseline_runtime": 29432.815000000006,
        "multi_cloud_plan": "aws",
        "percent_diff": 44.661308953342285,
        "profiling_cost": 175.4957747735432,
        "profiling_runtime": 75350.75816633698
    },
    "inventory": {
        "arachne": 60.535354432195255,
        "arachne_runtime": 34659.920544021166,
        "bq": 112.20458221435547,
        "bq_baseline_runtime": 23872.071000000004,
        "multi_cloud_plan": "aws",
        "percent_diff": 46.04912452100343,
        "profiling_cost": 175.57219209201492,
        "profiling_runtime": 67807.05682112649
    },
    "item": {
        "arachne": 42.174991607666016,
        "arachne_runtime": 11228.742,
        "bq": 42.174991607666016,
        "bq_baseline_runtime": 11228.742,
        "multi_cloud_plan": "gcp",
        "percent_diff": 0.0,
        "profiling_cost": 102.3313518481844,
        "profiling_runtime": 42631.396005138675
    },
    "promotion": {
        "arachne": 61.117043872044825,
        "arachne_runtime": 34536.96682827953,
        "bq": 102.67590522766113,
        "bq_baseline_runtime": 22579.337000000003,
        "multi_cloud_plan": "aws",
        "percent_diff": 40.47576815950024,
        "profiling_cost": 166.6771380002045,
        "profiling_runtime": 66560.08396606258
    },
    "reason": {
        "arachne": 61.353916025236714,
        "arachne_runtime": 35312.68631017009,
        "bq": 110.41647148132324,
        "bq_baseline_runtime": 29149.64400000002,
        "multi_cloud_plan": "aws",
        "percent_diff": 44.434091035398986,
        "profiling_cost": 174.72800480355087,
        "profiling_runtime": 74146.58618528643
    },
    "ship_mode": {
        "arachne": 61.5153809767702,
        "arachne_runtime": 35841.47904110547,
        "bq": 113.19721412658691,
        "bq_baseline_runtime": 29704.262,
        "multi_cloud_plan": "aws",
        "percent_diff": 45.656453251598236,
        "profiling_cost": 177.8460640517894,
        "profiling_runtime": 75805.90570800228
    },
    "store": {
        "arachne": 59.57115832580444,
        "arachne_runtime": 29474.952340095635,
        "bq": 65.23001289367676,
        "bq_baseline_runtime": 19434.61600000001,
        "multi_cloud_plan": "aws",
        "percent_diff": 8.675231410878464,
        "profiling_cost": 127.47784160969898,
        "profiling_runtime": 57673.02723019718
    },
    "store_returns": {
        "arachne": 57.57230581987316,
        "arachne_runtime": 37025.00067158068,
        "bq": 88.99238204956055,
        "bq_baseline_runtime": 24971.007,
        "multi_cloud_plan": "multi",
        "percent_diff": 35.30647849406852,
        "profiling_cost": 149.57762195906716,
        "profiling_runtime": 66001.60903372781
    },
    "store_sales": {
        "arachne": 11.05123872611727,
        "arachne_runtime": 9271.998296314066,
        "bq": 11.299884796142578,
        "bq_baseline_runtime": 8720.064999999999,
        "multi_cloud_plan": "multi",
        "percent_diff": 2.200430132793806,
        "profiling_cost": 45.38127292115509,
        "profiling_runtime": 23601.782073100614
    },
    "time_dim": {
        "arachne": 61.45363857168796,
        "arachne_runtime": 35639.753701543304,
        "bq": 109.37424659729004,
        "bq_baseline_runtime": 28742.780999999995,
        "multi_cloud_plan": "aws",
        "percent_diff": 43.81342913569327,
        "profiling_cost": 173.9357233976605,
        "profiling_runtime": 74558.75989743372
    },
    "warehouse": {
        "arachne": 60.890304412982715,
        "arachne_runtime": 34760.799596076904,
        "bq": 111.13542938232422,
        "bq_baseline_runtime": 23665.57900000001,
        "multi_cloud_plan": "multi",
        "percent_diff": 45.21071745400828,
        "profiling_cost": 175.1468035203328,
        "profiling_runtime": 67679.50959354367
    },
    "web_page": {
        "arachne": 61.474756070283284,
        "arachne_runtime": 35708.46240121532,
        "bq": 111.06521987915039,
        "bq_baseline_runtime": 29591.187,
        "multi_cloud_plan": "aws",
        "percent_diff": 44.64985876120921,
        "profiling_cost": 175.72778236190896,
        "profiling_runtime": 75737.76762631872
    },
    "web_returns": {
        "arachne": 60.13116887806908,
        "arachne_runtime": 33790.830417136065,
        "bq": 97.23986434936523,
        "bq_baseline_runtime": 27105.240000000005,
        "multi_cloud_plan": "aws",
        "percent_diff": 38.1620189616589,
        "profiling_cost": 160.0600555883055,