{
    "call_center": {
        "arachne": 28.16557788848877,
        "arachne_runtime": 29449.217000000008,
        "bq": 28.16557788848877,
        "bq_baseline_runtime": 29449.217000000008,
        "multi_cloud_plan": "gcp",
        "percent_diff": 0.0,
        "profiling_cost": 92.67060857892537,
        "profiling_runtime": 75079.86038848132
    },
    "catalog_page": {
        "arachne": 26.603721141815186,
        "arachne_runtime": 29104.663000000015,
        "bq": 26.603721141815186,
        "bq_baseline_runtime": 29104.663000000015,
        "multi_cloud_plan": "gcp",
        "percent_diff": 0.0,
        "profiling_cost": 91.24335889390545,
        "profiling_runtime": 75176.80913107356
    },
    "catalog_returns": {
        "arachne": 23.301705837249756,
        "arachne_runtime": 20833.994,
        "bq": 23.301705837249756,
        "bq_baseline_runtime": 20833.994,
        "multi_cloud_plan": "gcp",
        "percent_diff": 0.0,
        "profiling_cost": 84.66360535026134,
        "profiling_runtime": 61310.475539017534
    },
    "catalog_sales": {
        "arachne": 12.460577487945557,
        "arachne_runtime": 12311.433000000003,
        "bq": 12.460577487945557,
        "bq_baseline_runtime": 12311.433000000003,
        "multi_cloud_plan": "gcp",
        "percent_diff": 0.0,
        "profiling_cost": 54.866218937162216,
        "profiling_runtime": 37778.68003044118
    },
    "customer": {
        "arachne": 22.282609462738037,
        "arachne_runtime": 23349.041,
        "bq": 22.282609462738037,
        "bq_baseline_runtime": 23349.041,
        "multi_cloud_plan": "gcp",
        "percent_diff": 0.0,
        "profiling_cost": 83.59270385409145,
        "profiling_runtime": 58853.41535199274
    },
    "customer_address": {
        "arachne": 23.03304433822632,
        "arachne_runtime": 23769.81700000001,
        "bq": 23.03304433822632,
        "bq_baseline_runtime": 23769.81700000001,
        "multi_cloud_plan": "gcp",
        "percent_diff": 0.0,
        "profiling_cost": 86.45844285272707,
        "profiling_runtime": 65961.46608809539
    },
    "customer_demographics": {
        "arachne": 24.86034393310547,
        "arachne_runtime": 21214.163000000008,
        "bq": 24.86034393310547,
        "bq_baseline_runtime": 21214.163000000008,
        "multi_cloud_plan": "gcp",
        "percent_diff": 0.0,
        "profiling_cost": 88.46956193291066,
        "profiling_runtime": 63915.61898615149
    },
    "date_dim": {
        "arachne": 3.181335926055908,
        "arachne_runtime": 2806.467,
        "bq": 3.181335926055908,
        "bq_baseline_runtime": 2806.467,
        "multi_cloud_plan": "gcp",
        "percent_diff": 0.0,
        "profiling_cost": 60.1725141348636,
        "profiling_runtime": 23830.255190101274
    },
    "household_demographics": {
        "arachne": 25.33776569366455,
        "arachne_runtime": 21505.639999999996,
        "bq": 25.33776569366455,
        "bq_baseline_runtime": 21505.639999999996,
        "multi_cloud_plan": "gcp",
        "percent_diff": 0.0,
        "profiling_cost": 89.0339370423874,
        "profiling_runtime": 64487.3038278635
    },
    "income_band": {
        "arachne": 27.725754261016846,
        "arachne_runtime": 29432.815000000002,
        "bq": 27.725754261016846,
        "bq_baseline_runtime": 29432.815000000002,
        "multi_cloud_plan": "gcp",
        "percent_diff": 0.0,
        "profiling_cost": 92.31851199049268,
        "profiling_runtime": 75350.75816633696
    },
    "inventory": {
        "arachne": 28.051145553588867,
        "arachne_runtime": 23872.071000000007,
        "bq": 28.051145553588867,
        "bq_baseline_runtime": 23872.071000000007,
        "multi_cloud_plan": "gcp",
        "percent_diff": 0.0,
        "profiling_cost": 91.41875543124829,
        "profiling_runtime": 67807.05682112649
    },
    "item": {
        "arachne": 10.543747901916504,
        "arachne_runtime": 11228.741999999997,
        "bq": 10.543747901916504,
        "bq_baseline_runtime": 11228.741999999997,
        "multi_cloud_plan": "gcp",
        "percent_diff": 0.0,
        "profiling_cost": 70.7001081424349,
        "profiling_runtime": 42631.39600513867
    },
    "promotion": {
        "arachne": 25.668976306915283,
        "arachne_runtime": 22579.337,
        "bq": 25.668976306915283,
        "bq_baseline_runtime": 22579.337,
        "multi_cloud_plan": "gcp",
        "percent_diff": 0.0,
        "profiling_cost": 89.67020907945862,
        "profiling_runtime": 66560.0839660626
    },
    "reason": {
        "arachne": 27.60411787033081,
        "arachne_runtime": 29149.644,
        "bq": 27.60411787033081,
        "bq_baseline_runtime": 29149.644,
        "multi_cloud_plan": "gcp",
        "percent_diff": 0.0,
        "profiling_cost": 91.91565119255846,
        "profiling_runtime": 74146.5861852864
    },
    "ship_mode": {
        "arachne": 28.29930353164673,
        "arachne_runtime": 29704.262000000006,
        "bq": 28.29930353164673,
        "bq_baseline_runtime": 29704.262000000006,
        "multi_cloud_plan": "gcp",
        "percent_diff": 0.0,
        "profiling_cost": 92.94815345684927,
        "profiling_runtime": 75805.90570800228
    },
    "store": {
        "arachne": 16.30750322341919,
        "arachne_runtime": 19434.616,
        "bq": 16.30750322341919,
        "bq_baseline_runtime": 19434.616,
        "multi_cloud_plan": "gcp",
        "percent_diff": 0.0,
        "profiling_cost": 78.55533193944142,
        "profiling_runtime": 57673.027230197185
    },
    "store_returns": {
        "arachne": 22.248095512390137,
        "arachne_runtime": 24971.00700000001,
        "bq": 22.248095512390137,
        "bq_baseline_runtime": 24971.00700000001,
        "multi_cloud_plan": "gcp",
        "percent_diff": 0.0,
        "profiling_cost": 82.83333542189673,
        "profiling_runtime": 66001.60903372779
    },
    "store_sales": {
        "arachne": 2.8249711990356445,
        "arachne_runtime": 8720.065,
        "bq": 2.8249711990356445,
        "bq_baseline_runtime": 8720.065,
        "multi_cloud_plan": "gcp",
        "percent_diff": 0.0,
        "profiling_cost": 36.90635932404816,
        "profiling_runtime": 23601.78207310062
    },
    "time_dim": {
        "arachne": 27.34356164932251,
        "arachne_runtime": 28742.781,
        "bq": 27.34356164932251,
        "bq_baseline_runtime": 28742.781,
        "multi_cloud_plan": "gcp",
        "percent_diff": 0.0,
        "profiling_cost": 91.90503844969297,
        "profiling_runtime": 74558.75989743372
    },
    "warehouse": {
        "arachne": 27.783857345581055,
        "arachne_runtime": 23665.578999999994,
        "bq": 27.783857345581055,
        "bq_baseline_runtime": 23665.578999999994,
        "multi_cloud_plan": "gcp",
        "percent_diff": 0.0,
        "profiling_cost": 91.79523148358965,
        "profiling_runtime": 67679.50959354371
    },
    "web_page": {
        "arachne": 27.766304969787598,
        "arachne_runtime": 29591.187,
        "bq": 27.766304969787598,
        "bq_baseline_runtime": 29591.187,
        "multi_cloud_plan": "gcp",
        "percent_diff": 0.0,
        "profiling_cost": 92.42886745254617,
        "profiling_runtime": 75737.7676263187
    },
    "web_returns": {
        "arachne": 24.30996608734131,
        "arachne_runtime": 27105.240000000013,
        "bq": 24.30996608734131,
        "bq_baseline_runtime": 27105.240000000013,
        "multi_cloud_plan": "gcp",
        "percent_diff": 0.0,
        "profiling_cost": 87.13015732628158,
        "profiling_runtime": 69701.56819950673
    },
    "web_sales": {
        "arachne": 14.452109813690186,
        "arachne_runtime": 19348.599,
        "bq": 14.452109813690186,
        "bq_baseline_runtime": 19348.599,
        "multi_cloud_plan": "gcp",
        "percent_diff": 0.0,
        "profiling_cost": 66.00643776749207,
        "profiling_runtime": 49018.12811992697
    },