{
    "call_center": {
        "arachne": 61.332770925466185,
        "arachne_runtime": 35243.20573469564,
        "bq": 168.99346733093262,
        "bq_baseline_runtime": 29449.217000000008,
        "multi_cloud_plan": "aws",
        "percent_diff": 63.70701667102856,
        "profiling_cost": 233.49849802136927,
        "profiling_runtime": 75079.86038848135
    },
    "catalog_page": {
        "arachne": 61.4170341987448,
        "arachne_runtime": 35519.83359482825,
        "bq": 159.6223268508911,
        "bq_baseline_runtime": 29104.663,
        "multi_cloud_plan": "aws",
        "percent_diff": 61.5235315695425,
        "profiling_cost": 224.2619646029814,
        "profiling_runtime": 75176.80913107359
    },
    "catalog_returns": {
        "arachne": 58.8794215343532,
        "arachne_runtime": 32345.73005925152,
        "bq": 139.81023502349854,
        "bq_baseline_runtime": 20833.994000000002,
        "multi_cloud_plan": "aws",
        "percent_diff": 57.88618656963342,
        "profiling_cost": 201.17213453651027,
        "profiling_runtime": 61310.47553901751
    },
    "catalog_sales": {
        "arachne": 38.32416528927957,
        "arachne_runtime": 18184.86922317707,
        "bq": 74.76346492767334,
        "bq_baseline_runtime": 12311.433,
        "multi_cloud_plan": "multi",
        "percent_diff": 48.73944736730083,
        "profiling_cost": 117.16910637688997,
        "profiling_runtime": 37778.68003044118
    },
    "customer": {
        "arachne": 59.14394418270067,
        "arachne_runtime": 28411.774179855693,
        "bq": 133.69565677642822,
        "bq_baseline_runtime": 23349.041,
        "multi_cloud_plan": "aws",
        "percent_diff": 55.762254654536925,
        "profiling_cost": 195.00575116778168,
        "profiling_runtime": 58853.41535199274
    },
    "customer_address": {
        "arachne": 60.6679891024489,
        "arachne_runtime": 33162.80323300358,
        "bq": 138.1982660293579,
        "bq_baseline_runtime": 23769.817000000003,
        "multi_cloud_plan": "aws",
        "percent_diff": 56.10075954964514,
        "profiling_cost": 201.6236645438587,
        "profiling_runtime": 65961.46608809542
    },
    "customer_demographics": {
        "arachne": 60.95378115233965,
        "arachne_runtime": 34006.62768272018,
        "bq": 149.1620635986328,
        "bq_baseline_runtime": 21214.163000000004,
        "multi_cloud_plan": "aws",
        "percent_diff": 59.13586894563563,
        "profiling_cost": 212.77128159843807,
        "profiling_runtime": 63915.61898615149
    },
    "date_dim": {
        "arachne": 19.08801555633545,
        "arachne_runtime": 2806.467,
        "bq": 19.08801555633545,
        "bq_baseline_runtime": 2806.467,
        "multi_cloud_plan": "gcp",
        "percent_diff": 0.0,
        "profiling_cost": 76.07919376514312,
        "profiling_runtime": 23830.25519010127
    },
    "household_demographics": {
        "arachne": 61.01068483299838,
        "arachne_runtime": 34188.426655880976,
        "bq": 152.0265941619873,
        "bq_baseline_runtime": 21505.64,
        "multi_cloud_plan": "aws",
        "percent_diff": 59.86841304358216,
        "profiling_cost": 215.72276551071013,
        "profiling_runtime": 64487.30382786352
    },
    "income_band": {
        "arachne": 61.37234948901233,
        "arachne_runtime": 35372.820727423634,
        "bq": 166.35452556610107,
        "bq_baseline_runtime": 29432.815,
        "multi_cloud_plan": "aws",
        "percent_diff": 63.10749630635929,
        "profiling_cost": 230.94728329557685,
        "profiling_runtime": 75350.75816633698
    },
    "inventory": {
        "arachne": 60.535425957768986,
        "arachne_runtime": 34659.920544021166,
        "bq": 168.3068733215332,
        "bq_baseline_runtime": 23872.070999999996,
        "multi_cloud_plan": "aws",
        "percent_diff": 64.03270718354906,
        "profiling_cost": 231.6744831991927,
        "profiling_runtime": 67807.05682112649
    },
    "item": {
        "arachne": 57.083391395553974,
        "arachne_runtime": 23365.199232860934,
        "bq": 63.26248741149902,
        "bq_baseline_runtime": 11228.742,
        "multi_cloud_plan": "aws",
        "percent_diff": 9.767393393421793,
        "profiling_cost": 123.41884765201745,
        "profiling_runtime": 42631.39600513868
    },
    "promotion": {
        "arachne": 61.117115397618555,
        "arachne_runtime": 34536.96682827953,
        "bq": 154.0138578414917,
        "bq_baseline_runtime": 22579.337000000007,
        "multi_cloud_plan": "aws",
        "percent_diff": 60.31713233200144,
        "profiling_cost": 218.0150906140351,
        "profiling_runtime": 66560.08396606258
    },
    "reason": {
        "arachne": 61.35398755081045,
        "arachne_runtime": 35312.68631017009,
        "bq": 165.62470722198486,
        "bq_baseline_runtime": 29149.64400000001,
        "multi_cloud_plan": "aws",
        "percent_diff": 62.95601750493759,
        "profiling_cost": 229.93624054421258,
        "profiling_runtime": 74146.5861852864
    },
    "ship_mode": {
        "arachne": 61.515452502343926,
        "arachne_runtime": 35841.47904110547,
        "bq": 169.79582118988037,
        "bq_baseline_runtime": 29704.262000000017,
        "multi_cloud_plan": "aws",
        "percent_diff": 63.770926709938266,
        "profiling_cost": 234.44467111508297,
        "profiling_runtime": 75805.90570800228
    },
    "store": {
        "arachne": 59.57122985137817,
        "arachne_runtime": 29474.952340095635,
        "bq": 97.84501934051514,
        "bq_baseline_runtime": 19434.615999999998,
        "multi_cloud_plan": "aws",
        "percent_diff": 39.11674783970201,
        "profiling_cost": 160.0928480565373,
        "profiling_runtime": 57673.02723019719
    },
    "store_returns": {
        "arachne": 57.959049726793644,
        "arachne_runtime": 32427.120246294286,
        "bq": 133.48857307434082,
        "bq_baseline_runtime": 24971.007000000012,
        "multi_cloud_plan": "aws",
        "percent_diff": 56.58126505366433,
        "profiling_cost": 194.07381298384746,
        "profiling_runtime": 66001.60903372779
    },
    "store_sales": {
        "arachne": 16.16084260795321,
        "arachne_runtime": 9271.998296314068,
        "bq": 16.949827194213867,
        "bq_baseline_runtime": 8720.065000000002,
        "multi_cloud_plan": "multi",
        "percent_diff": 4.654823776197501,
        "profiling_cost": 51.031215319226376,
        "profiling_runtime": 23601.78207310062
    },
    "time_dim": {
        "arachne": 61.45371009726169,
        "arachne_runtime": 35639.753701543304,
        "bq": 164.06136989593506,
        "bq_baseline_runtime": 28742.78100000001,
        "multi_cloud_plan": "aws",
        "percent_diff": 62.54224249362169,
        "profiling_cost": 228.62284669630543,
        "profiling_runtime": 74558.75989743375
    },
    "warehouse": {
        "arachne": 61.085755195758594,
        "arachne_runtime": 34760.799596076904,
        "bq": 166.70314407348633,
        "bq_baseline_runtime": 23665.57900000001,
        "multi_cloud_plan": "multi",
        "percent_diff": 63.35656682705956,
        "profiling_cost": 230.71451821149498,
        "profiling_runtime": 67679.5095935437
    },
    "web_page": {
        "arachne": 61.474827595857015,
        "arachne_runtime": 35708.46240121532,
        "bq": 166.5978298187256,
        "bq_baseline_runtime": 29591.187,
        "multi_cloud_plan": "aws",
        "percent_diff": 63.09986290772963,
        "profiling_cost": 231.2603923014842,
        "profiling_runtime": 75737.7676263187
    },
    "web_returns": {
        "arachne": 60.13124040364281,
        "arachne_runtime": 33790.830417136065,
        "bq": 145.85979652404785,
        "bq_baseline_runtime": 27105.240000000005,
        "multi_cloud_plan": "aws",
        "percent_diff": 58.774630270563286,
        "profiling_cost": 208.67998776298813,
        "profiling_runtime": 69701.56819950673
    },