{
    "call_center": {
        "arachne": 93.8852596282959,
        "arachne_runtime": 29449.217000000004,
        "bq": 93.8852596282959,
        "bq_baseline_runtime": 29449.217000000004,
        "multi_cloud_plan": "gcp",
        "percent_diff": 0.0,
        "profiling_cost": 349.69257785066077,
        "profiling_runtime": 75079.86038848135
    },
    "catalog_page": {
        "arachne": 88.67907047271729,
        "arachne_runtime": 29104.663000000008,
        "bq": 88.67907047271729,
        "bq_baseline_runtime": 29104.663000000008,
        "multi_cloud_plan": "gcp",
        "percent_diff": 0.0,
        "profiling_cost": 344.6202258607873,
        "profiling_runtime": 75176.80913107356
    },
    "catalog_returns": {
        "arachne": 77.67235279083252,
        "arachne_runtime": 20833.994000000006,
        "bq": 77.67235279083252,
        "bq_baseline_runtime": 20833.994000000006,
        "multi_cloud_plan": "gcp",
        "percent_diff": 0.0,
        "profiling_cost": 324.4170906248091,
        "profiling_runtime": 61310.47553901751
    },
    "catalog_sales": {
        "arachne": 41.535258293151855,
        "arachne_runtime": 12311.432999999997,
        "bq": 41.535258293151855,
        "bq_baseline_runtime": 12311.432999999997,
        "multi_cloud_plan": "gcp",
        "percent_diff": 0.0,
        "profiling_cost": 215.04407861821994,
        "profiling_runtime": 37778.68003044119
    },
    "customer": {
        "arachne": 74.27536487579346,
        "arachne_runtime": 23349.041000000005,
        "bq": 74.27536487579346,
        "bq_baseline_runtime": 23349.041000000005,
        "multi_cloud_plan": "gcp",
        "percent_diff": 0.0,
        "profiling_cost": 326.4994064834241,
        "profiling_runtime": 58853.41535199274
    },
    "customer_address": {
        "arachne": 76.7768144607544,
        "arachne_runtime": 23769.81700000001,
        "bq": 76.7768144607544,
        "bq_baseline_runtime": 23769.81700000001,
        "multi_cloud_plan": "gcp",
        "percent_diff": 0.0,
        "profiling_cost": 331.39306078997635,
        "profiling_runtime": 65961.46608809542
    },
    "customer_demographics": {
        "arachne": 82.86781311035156,
        "arachne_runtime": 21214.163,
        "bq": 82.86781311035156,
        "bq_baseline_runtime": 21214.163,
        "multi_cloud_plan": "gcp",
        "percent_diff": 0.0,
        "profiling_cost": 337.7740538538848,
        "profiling_runtime": 63915.61898615148
    },
    "date_dim": {
        "arachne": 10.604453086853027,
        "arachne_runtime": 2806.467,
        "bq": 10.604453086853027,
        "bq_baseline_runtime": 2806.467,
        "multi_cloud_plan": "gcp",
        "percent_diff": 0.0,
        "profiling_cost": 258.8970164443778,
        "profiling_runtime": 23830.255190101274
    },
    "household_demographics": {
        "arachne": 84.45921897888184,
        "arachne_runtime": 21505.640000000003,
        "bq": 84.45921897888184,
        "bq_baseline_runtime": 21505.640000000003,
        "multi_cloud_plan": "gcp",
        "percent_diff": 0.0,
        "profiling_cost": 339.45766622966556,
        "profiling_runtime": 64487.30382786352
    },
    "income_band": {
        "arachne": 92.41918087005615,
        "arachne_runtime": 29432.81500000001,
        "bq": 92.41918087005615,
        "bq_baseline_runtime": 29432.81500000001,
        "multi_cloud_plan": "gcp",
        "percent_diff": 0.0,
        "profiling_cost": 348.31423027363377,
        "profiling_runtime": 75350.75816633698
    },
    "inventory": {
        "arachne": 93.50381851196289,
        "arachne_runtime": 23872.070999999996,
        "bq": 93.50381851196289,
        "bq_baseline_runtime": 23872.070999999996,
        "multi_cloud_plan": "gcp",
        "percent_diff": 0.0,
        "profiling_cost": 345.8369692211724,
        "profiling_runtime": 67807.05682112652
    },
    "item": {
        "arachne": 35.14582633972168,
        "arachne_runtime": 11228.741999999997,
        "bq": 35.14582633972168,
        "bq_baseline_runtime": 11228.741999999997,
        "multi_cloud_plan": "gcp",
        "percent_diff": 0.0,
        "profiling_cost": 286.58859975467476,
        "profiling_runtime": 42631.39600513868
    },
    "promotion": {
        "arachne": 85.56325435638428,
        "arachne_runtime": 22579.337000000014,
        "bq": 85.56325435638428,
        "bq_baseline_runtime": 22579.337000000014,
        "multi_cloud_plan": "gcp",
        "percent_diff": 0.0,
        "profiling_cost": 340.8667442803963,
        "profiling_runtime": 66560.08396606256
    },
    "reason": {
        "arachne": 92.01372623443604,
        "arachne_runtime": 29149.644,
        "bq": 92.01372623443604,
        "bq_baseline_runtime": 29149.644,
        "multi_cloud_plan": "gcp",
        "percent_diff": 0.0,
        "profiling_cost": 347.6275508044711,
        "profiling_runtime": 74146.58618528643
    },
    "ship_mode": {
        "arachne": 94.33101177215576,
        "arachne_runtime": 29704.26200000001,
        "bq": 94.33101177215576,
        "bq_baseline_runtime": 29704.26200000001,
        "multi_cloud_plan": "gcp",
        "percent_diff": 0.0,
        "profiling_cost": 350.2821530116948,
        "profiling_runtime": 75805.90570800228
    },
    "store": {
        "arachne": 54.358344078063965,
        "arachne_runtime": 19434.616000000005,
        "bq": 54.358344078063965,
        "bq_baseline_runtime": 19434.616000000005,
        "multi_cloud_plan": "gcp",
        "percent_diff": 0.0,
        "profiling_cost": 307.9084195191426,
        "profiling_runtime": 57673.02723019718
    },
    "store_returns": {
        "arachne": 74.16031837463379,
        "arachne_runtime": 24971.007,
        "bq": 74.16031837463379,
        "bq_baseline_runtime": 24971.007,
        "multi_cloud_plan": "gcp",
        "percent_diff": 0.0,
        "profiling_cost": 316.5610447257583,
        "profiling_runtime": 66001.60903372779
    },
    "store_sales": {
        "arachne": 9.416570663452148,
        "arachne_runtime": 8720.064999999997,
        "bq": 9.416570663452148,
        "bq_baseline_runtime": 8720.064999999997,
        "multi_cloud_plan": "gcp",
        "percent_diff": 0.0,
        "profiling_cost": 155.31325453252802,
        "profiling_runtime": 23601.782073100614
    },
    "time_dim": {
        "arachne": 91.1452054977417,
        "arachne_runtime": 28742.781000000014,
        "bq": 91.1452054977417,
        "bq_baseline_runtime": 28742.781000000014,
        "multi_cloud_plan": "gcp",
        "percent_diff": 0.0,
        "profiling_cost": 347.00842154991204,
        "profiling_runtime": 74558.75989743372
    },
    "warehouse": {
        "arachne": 92.61285781860352,
        "arachne_runtime": 23665.579000000005,
        "bq": 92.61285781860352,
        "bq_baseline_runtime": 23665.579000000005,
        "multi_cloud_plan": "gcp",
        "percent_diff": 0.0,
        "profiling_cost": 347.9265225408244,
        "profiling_runtime": 67679.50959354367
    },
    "web_page": {
        "arachne": 92.55434989929199,
        "arachne_runtime": 29591.187000000013,
        "bq": 92.55434989929199,
        "bq_baseline_runtime": 29591.187000000013,
        "multi_cloud_plan": "gcp",
        "percent_diff": 0.0,
        "profiling_cost": 348.51917064205384,
        "profiling_runtime": 75737.76762631867
    },
    "web_returns": {
        "arachne": 81.0332202911377,
        "arachne_runtime": 27105.24,
        "bq": 81.0332202911377,
        "bq_baseline_runtime": 27105.24,
        "multi_cloud_plan": "gcp",
        "percent_diff": 0.0,
        "profiling_cost": 332.2957680578144,
        "profiling_runtime": 69701.56819950673
    },
    "web_sales": {
        "arachne": 48.173699378967285,
        "arachne_runtime": 19348.599000000002,
        "bq": 48.173699378967285,
        "bq_baseline_runtime": 19348.599000000002,
        "multi_cloud_plan": "gcp",
        "percent_diff": 0.0,
        "profiling_cost": 260.54039392860096,