{
    "call_center": {
        "arachne": 61.332723241750365,
        "arachne_runtime": 35243.20573469564,
        "bq": 131.43936347961426,
        "bq_baseline_runtime": 29449.217000000004,
        "multi_cloud_plan": "aws",
        "percent_diff": 53.33762914086021,
        "profiling_cost": 195.94439417005086,
        "profiling_runtime": 75079.86038848132
    },
    "catalog_page": {
        "arachne": 61.41698651502898,
        "arachne_runtime": 35519.83359482825,
        "bq": 124.1506986618042,
        "bq_baseline_runtime": 29104.663000000008,
        "multi_cloud_plan": "aws",
        "percent_diff": 50.53029328305799,
        "profiling_cost": 188.7903364138945,
        "profiling_runtime": 75176.80913107359
    },
    "catalog_returns": {
        "arachne": 58.87937385063738,
        "arachne_runtime": 32345.73005925152,
        "bq": 108.74129390716553,
        "bq_baseline_runtime": 20833.994000000002,
        "multi_cloud_plan": "aws",
        "percent_diff": 45.85371229727706,
        "profiling_cost": 170.10319342017715,
        "profiling_runtime": 61310.47553901753
    },
    "catalog_sales": {
        "arachne": 36.26398271786844,
        "arachne_runtime": 18184.869223177073,
        "bq": 58.1493616104126,
        "bq_baseline_runtime": 12311.433,
        "multi_cloud_plan": "multi",
        "percent_diff": 37.63649038689571,
        "profiling_cost": 100.55500305962924,
        "profiling_runtime": 37778.68003044119
    },
    "customer": {
        "arachne": 59.14389649898485,
        "arachne_runtime": 28411.774179855693,
        "bq": 103.98551082611084,
        "bq_baseline_runtime": 23349.041,
        "multi_cloud_plan": "aws",
        "percent_diff": 43.122944697662845,
        "profiling_cost": 165.2956052174643,
        "profiling_runtime": 58853.41535199275
    },
    "customer_address": {
        "arachne": 60.66794141873308,
        "arachne_runtime": 33162.80323300358,
        "bq": 107.48754024505615,
        "bq_baseline_runtime": 23769.817000000003,
        "multi_cloud_plan": "aws",
        "percent_diff": 43.55816378305905,
        "profiling_cost": 170.91293875955697,
        "profiling_runtime": 65961.46608809539
    },
    "customer_demographics": {
        "arachne": 60.95373346862383,
        "arachne_runtime": 34006.62768272018,
        "bq": 116.01493835449219,
        "bq_baseline_runtime": 21214.162999999997,
        "multi_cloud_plan": "aws",
        "percent_diff": 47.46044403146152,
        "profiling_cost": 179.62415635429747,
        "profiling_runtime": 63915.618986151465
    },
    "date_dim": {
        "arachne": 14.846234321594238,
        "arachne_runtime": 2806.4669999999996,
        "bq": 14.846234321594238,
        "bq_baseline_runtime": 2806.4669999999996,
        "multi_cloud_plan": "gcp",
        "percent_diff": 0.0,
        "profiling_cost": 71.83741253040192,
        "profiling_runtime": 23830.255190101274
    },
    "household_demographics": {
        "arachne": 61.01063714928256,
        "arachne_runtime": 34188.426655880976,
        "bq": 118.24290657043457,
        "bq_baseline_runtime": 21505.639999999992,
        "multi_cloud_plan": "aws",
        "percent_diff": 48.402285668662984,
        "profiling_cost": 181.9390779191574,
        "profiling_runtime": 64487.303827863514
    },
    "income_band": {
        "arachne": 61.37230180529651,
        "arachne_runtime": 35372.820727423634,
        "bq": 129.3868532180786,
        "bq_baseline_runtime": 29432.81500000001,
        "multi_cloud_plan": "aws",
        "percent_diff": 52.56681781892101,
        "profiling_cost": 193.97961094755442,
        "profiling_runtime": 75350.75816633695
    },
    "inventory": {
        "arachne": 60.535378274053166,
        "arachne_runtime": 34659.920544021166,
        "bq": 130.90534591674805,
        "bq_baseline_runtime": 23872.071,
        "multi_cloud_plan": "aws",
        "percent_diff": 53.756374233523,
        "profiling_cost": 194.2729557944075,
        "profiling_runtime": 67807.05682112652
    },
    "item": {
        "arachne": 49.20415687561035,
        "arachne_runtime": 11228.742000000002,
        "bq": 49.20415687561035,
        "bq_baseline_runtime": 11228.742000000002,
        "multi_cloud_plan": "gcp",
        "percent_diff": 0.0,
        "profiling_cost": 109.36051711612873,
        "profiling_runtime": 42631.39600513867
    },
    "promotion": {
        "arachne": 61.117067713902735,
        "arachne_runtime": 34536.96682827953,
        "bq": 119.78855609893799,
        "bq_baseline_runtime": 22579.337,
        "multi_cloud_plan": "aws",
        "percent_diff": 48.97920994771505,
        "profiling_cost": 183.78978887148136,
        "profiling_runtime": 66560.08396606261
    },
    "reason": {
        "arachne": 61.353939867094624,
        "arachne_runtime": 35312.68631017009,
        "bq": 128.81921672821045,
        "bq_baseline_runtime": 29149.64399999999,
        "multi_cloud_plan": "aws",
        "percent_diff": 52.3720595223441,
        "profiling_cost": 193.13075005043814,
        "profiling_runtime": 74146.58618528643
    },
    "ship_mode": {
        "arachne": 61.515404818628106,
        "arachne_runtime": 35841.47904110547,
        "bq": 132.06341648101807,
        "bq_baseline_runtime": 29704.262000000002,
        "multi_cloud_plan": "aws",
        "percent_diff": 53.41979901945826,
        "profiling_cost": 196.71226640622064,
        "profiling_runtime": 75805.9057080023
    },
    "store": {
        "arachne": 59.57118216766235,
        "arachne_runtime": 29474.952340095635,
        "bq": 76.10168170928955,
        "bq_baseline_runtime": 19434.615999999998,
        "multi_cloud_plan": "aws",
        "percent_diff": 21.72159559465998,
        "profiling_cost": 138.34951042531176,
        "profiling_runtime": 57673.02723019718
    },
    "store_returns": {
        "arachne": 57.84511580217296,
        "arachne_runtime": 37025.000671580674,
        "bq": 103.8244457244873,
        "bq_baseline_runtime": 24971.006999999994,
        "multi_cloud_plan": "multi",
        "percent_diff": 44.28564930105857,
        "profiling_cost": 164.4096856339939,
        "profiling_runtime": 66001.60903372781
    },
    "store_sales": {
        "arachne": 12.754440020062583,
        "arachne_runtime": 9271.998296314068,
        "bq": 13.183198928833008,
        "bq_baseline_runtime": 8720.064999999999,
        "multi_cloud_plan": "multi",
        "percent_diff": 3.252313122823966,
        "profiling_cost": 47.264587053845524,
        "profiling_runtime": 23601.78207310062
    },
    "time_dim": {
        "arachne": 61.453662413545864,
        "arachne_runtime": 35639.753701543304,
        "bq": 127.60328769683838,
        "bq_baseline_runtime": 28742.781000000014,
        "multi_cloud_plan": "aws",
        "percent_diff": 51.84006343194832,
        "profiling_cost": 192.16476449720884,
        "profiling_runtime": 74558.75989743372
    },
    "warehouse": {
        "arachne": 60.95545467390801,
        "arachne_runtime": 34760.799596076904,
        "bq": 129.65800094604492,
        "bq_baseline_runtime": 23665.579000000005,
        "multi_cloud_plan": "multi",
        "percent_diff": 52.98751004245883,
        "profiling_cost": 193.66937508405357,
        "profiling_runtime": 67679.50959354368
    },
    "web_page": {
        "arachne": 61.474779912141194,
        "arachne_runtime": 35708.46240121532,
        "bq": 129.5760898590088,
        "bq_baseline_runtime": 29591.18700000001,
        "multi_cloud_plan": "aws",
        "percent_diff": 52.55700339543225,
        "profiling_cost": 194.23865234176733,
        "profiling_runtime": 75737.7676263187
    },
    "web_returns": {
        "arachne": 60.13119271992699,
        "arachne_runtime": 33790.830417136065,
        "bq": 113.44650840759277,
        "bq_baseline_runtime": 27105.240000000005,
        "multi_cloud_plan": "aws",
        "percent_diff": 46.99599523690363,
        "profiling_cost": 176.26669964653306,