{
    "call_center": {
        "arachne": 29.799331459365064,
        "arachne_runtime": 35243.20573469564,
        "bq": 93.8852596282959,
        "bq_baseline_runtime": 29449.217000000008,
        "multi_cloud_plan": "aws",
        "percent_diff": 68.25984017369228,
        "profiling_cost": 126.856946220063,
        "profiling_runtime": 75079.86038848135
    },
    "catalog_page": {
        "arachne": 29.88372163856926,
        "arachne_runtime": 35519.83359482825,
        "bq": 88.67907047271729,
        "bq_baseline_runtime": 29104.663000000004,
        "multi_cloud_plan": "aws",
        "percent_diff": 66.30126874439534,
        "profiling_cost": 121.78549103206365,
        "profiling_runtime": 75176.80913107359
    },
    "catalog_returns": {
        "arachne": 28.321843081793073,
        "arachne_runtime": 32345.73005925152,
        "bq": 77.67235279083252,
        "bq_baseline_runtime": 20833.994,
        "multi_cloud_plan": "aws",
        "percent_diff": 63.53677716180134,
        "profiling_cost": 108.47664159159713,
        "profiling_runtime": 61310.475539017505
    },
    "catalog_sales": {
        "arachne": 18.635156383584157,
        "arachne_runtime": 20016.85888457524,
        "bq": 41.535258293151855,
        "bq_baseline_runtime": 12311.432999999997,
        "multi_cloud_plan": "multi",
        "percent_diff": 55.13412664474357,
        "profiling_cost": 62.33048564195344,
        "profiling_runtime": 37778.68003044119
    },
    "customer": {
        "arachne": 27.67451689495911,
        "arachne_runtime": 28411.774179855693,
        "bq": 74.27536487579346,
        "bq_baseline_runtime": 23349.04100000001,
        "multi_cloud_plan": "aws",
        "percent_diff": 62.740651707012596,
        "profiling_cost": 104.11612730841988,
        "profiling_runtime": 58853.41535199275
    },
    "customer_address": {
        "arachne": 29.152918858919865,
        "arachne_runtime": 33162.80323300358,
        "bq": 76.7768144607544,
        "bq_baseline_runtime": 23769.817000000006,
        "multi_cloud_plan": "aws",
        "percent_diff": 62.029006981239355,
        "profiling_cost": 108.6872380607407,
        "profiling_runtime": 65961.46608809539
    },
    "customer_demographics": {
        "arachne": 29.421209546886377,
        "arachne_runtime": 34006.62768272018,
        "bq": 82.86781311035156,
        "bq_baseline_runtime": 21214.163000000004,
        "multi_cloud_plan": "aws",
        "percent_diff": 64.4962157892264,
        "profiling_cost": 114.94455483371804,
        "profiling_runtime": 63915.618986151465
    },
    "date_dim": {
        "arachne": 10.604453086853027,
        "arachne_runtime": 2806.4669999999996,
        "bq": 10.604453086853027,
        "bq_baseline_runtime": 2806.4669999999996,
        "multi_cloud_plan": "gcp",
        "percent_diff": 0.0,
        "profiling_cost": 36.06243594147658,
        "profiling_runtime": 23830.25519010127
    },
    "household_demographics": {
        "arachne": 29.47724732232542,
        "arachne_runtime": 34188.426655880976,
        "bq": 84.45921897888184,
        "bq_baseline_runtime": 21505.639999999996,
        "multi_cloud_plan": "aws",
        "percent_diff": 65.09883979664089,
        "profiling_cost": 116.6220481459463,
        "profiling_runtime": 64487.30382786353
    },
    "income_band": {
        "arachne": 29.83890934013536,
        "arachne_runtime": 35372.820727423634,
        "bq": 92.41918087005615,
        "bq_baseline_runtime": 29432.815000000006,
        "multi_cloud_plan": "aws",
        "percent_diff": 67.71351027002753,
        "profiling_cost": 125.4785938180866,
        "profiling_runtime": 75350.758166337
    },
    "inventory": {
        "arachne": 29.387164519202727,
        "arachne_runtime": 34659.920544021166,
        "bq": 93.50381851196289,
        "bq_baseline_runtime": 23872.071000000004,
        "multi_cloud_plan": "aws",
        "percent_diff": 68.57116106392711,
        "profiling_cost": 125.72326231848764,
        "profiling_runtime": 67807.05682112646
    },
    "item": {
        "arachne": 25.937848426907344,
        "arachne_runtime": 23365.199232860934,
        "bq": 35.14582633972168,
        "bq_baseline_runtime": 11228.741999999997,
        "multi_cloud_plan": "aws",
        "percent_diff": 26.19934960074481,
        "profiling_cost": 63.77145913390471,
        "profiling_runtime": 42631.39600513868
    },
    "promotion": {
        "arachne": 29.583680939285486,
        "arachne_runtime": 34536.96682827953,
        "bq": 85.56325435638428,
        "bq_baseline_runtime": 22579.337000000003,
        "multi_cloud_plan": "aws",
        "percent_diff": 65.42478291432809,
        "profiling_cost": 118.0311480380262,
        "profiling_runtime": 66560.0839660626
    },
    "reason": {
        "arachne": 29.82054747220176,
        "arachne_runtime": 35312.68631017009,
        "bq": 92.01372623443604,
        "bq_baseline_runtime": 29149.643999999997,
        "multi_cloud_plan": "aws",
        "percent_diff": 67.59119677837647,
        "profiling_cost": 124.7919148454866,
        "profiling_runtime": 74146.58618528643
    },
    "ship_mode": {
        "arachne": 29.98201241276891,
        "arachne_runtime": 35841.47904110547,
        "bq": 94.33101177215576,
        "bq_baseline_runtime": 29704.262000000006,
        "multi_cloud_plan": "aws",
        "percent_diff": 68.216165766157,
        "profiling_cost": 127.44651697521489,
        "profiling_runtime": 75805.90570800228
    },
    "store": {
        "arachne": 28.03792473880299,
        "arachne_runtime": 29474.952340095635,
        "bq": 54.358344078063965,
        "bq_baseline_runtime": 19434.616,
        "multi_cloud_plan": "aws",
        "percent_diff": 48.420200772603096,
        "profiling_cost": 85.07283542182417,
        "profiling_runtime": 57673.02723019718
    },
    "store_returns": {
        "arachne": 27.9894963477078,
        "arachne_runtime": 32427.120246294286,
        "bq": 74.16031837463379,
        "bq_baseline_runtime": 24971.007000000005,
        "multi_cloud_plan": "aws",
        "percent_diff": 62.25812272499428,
        "profiling_cost": 104.77597260695066,
        "profiling_runtime": 66001.60903372779
    },
    "store_sales": {
        "arachne": 8.960091626169714,
        "arachne_runtime": 9271.99829631407,
        "bq": 9.416570663452148,
        "bq_baseline_runtime": 8720.065,
        "multi_cloud_plan": "multi",
        "percent_diff": 4.847614419271908,
        "profiling_cost": 25.066866083399276,
        "profiling_runtime": 23601.782073100614
    },
    "time_dim": {
        "arachne": 29.920361007005887,
        "arachne_runtime": 35639.753701543304,
        "bq": 91.1452054977417,
        "bq_baseline_runtime": 28742.78100000001,
        "multi_cloud_plan": "aws",
        "percent_diff": 67.17286351639503,
        "profiling_cost": 124.17342857528803,
        "profiling_runtime": 74558.7598974337
    },
    "warehouse": {
        "arachne": 29.676988396711007,
        "arachne_runtime": 34760.799596076904,
        "bq": 92.61285781860352,
        "bq_baseline_runtime": 23665.579000000012,
        "multi_cloud_plan": "multi",
        "percent_diff": 67.95586585305688,
        "profiling_cost": 125.09088735481888,
        "profiling_runtime": 67679.50959354365
    },
    "web_page": {
        "arachne": 29.941392954798467,
        "arachne_runtime": 35708.46240121532,
        "bq": 92.55434989929199,
        "bq_baseline_runtime": 29591.186999999998,
        "multi_cloud_plan": "aws",
        "percent_diff": 67.64993434951727,
        "profiling_cost": 125.68357310842364,
        "profiling_runtime": 75737.7676263187
    },
    "web_returns": {
        "arachne": 29.069345763153333,
        "arachne_runtime": 33790.830417136065,
        "bq": 81.0332202911377,
        "bq_baseline_runtime": 27105.239999999998,
        "multi_cloud_plan": "aws",
        "percent_diff": 64.12663144977772,
        "profiling_cost": 112.79148462990159,