{
    "call_center": {
        "arachne": 80.25268201723622,
        "arachne_runtime": 35243.20573469564,
        "bq": 93.8852596282959,
        "bq_baseline_runtime": 29449.216999999997,
        "multi_cloud_plan": "aws",
        "percent_diff": 14.520466434276097,
        "profiling_cost": 177.31029677793418,
        "profiling_runtime": 75079.86038848135
    },
    "catalog_page": {
        "arachne": 80.33686914695951,
        "arachne_runtime": 35519.83359482825,
        "bq": 88.67907047271729,
        "bq_baseline_runtime": 29104.662999999997,
        "multi_cloud_plan": "aws",
        "percent_diff": 9.407181741180185,
        "profiling_cost": 172.238638540454,
        "profiling_runtime": 75176.80913107359
    },
    "catalog_returns": {
        "arachne": 76.83935370731967,
        "arachne_runtime": 32191.5600579147,
        "bq": 77.67235279083252,
        "bq_baseline_runtime": 20833.994,
        "multi_cloud_plan": "multi",
        "percent_diff": 1.0724524925311165,
        "profiling_cost": 157.36881873119233,
        "profiling_runtime": 61310.47553901754
    },
    "catalog_sales": {
        "arachne": 41.535258293151855,
        "arachne_runtime": 12311.433,
        "bq": 41.535258293151855,
        "bq_baseline_runtime": 12311.433,
        "multi_cloud_plan": "gcp",
        "percent_diff": 0.0,
        "profiling_cost": 96.90714820261756,
        "profiling_runtime": 37778.6800304412
    },
    "customer": {
        "arachne": 74.27536487579346,
        "arachne_runtime": 23349.041000000005,
        "bq": 74.27536487579346,
        "bq_baseline_runtime": 23349.041000000005,
        "multi_cloud_plan": "gcp",
        "percent_diff": 0.0,
        "profiling_cost": 154.46705844238312,
        "profiling_runtime": 58853.41535199274
    },
    "customer_address": {
        "arachne": 76.7768144607544,
        "arachne_runtime": 23769.817,
        "bq": 76.7768144607544,
        "bq_baseline_runtime": 23769.817,
        "multi_cloud_plan": "gcp",
        "percent_diff": 0.0,
        "profiling_cost": 159.11119792396386,
        "profiling_runtime": 65961.46608809542
    },
    "customer_demographics": {
        "arachne": 79.87317152772097,
        "arachne_runtime": 34006.62768272018,
        "bq": 82.86781311035156,
        "bq_baseline_runtime": 21214.163,
        "multi_cloud_plan": "aws",
        "percent_diff": 3.6137572239812275,
        "profiling_cost": 165.39651687602,
        "profiling_runtime": 63915.61898615148
    },
    "date_dim": {
        "arachne": 10.604453086853027,
        "arachne_runtime": 2806.467,
        "bq": 10.604453086853027,
        "bq_baseline_runtime": 2806.467,
        "multi_cloud_plan": "gcp",
        "percent_diff": 0.0,
        "profiling_cost": 86.51554850817118,
        "profiling_runtime": 23830.255190101274
    },
    "household_demographics": {
        "arachne": 79.93059475151153,
        "arachne_runtime": 34188.426655880976,
        "bq": 84.45921897888184,
        "bq_baseline_runtime": 21505.64,
        "multi_cloud_plan": "aws",
        "percent_diff": 5.361906352108983,
        "profiling_cost": 167.07539563659967,
        "profiling_runtime": 64487.30382786352
    },
    "income_band": {
        "arachne": 80.2922609904479,
        "arachne_runtime": 35372.820727423634,
        "bq": 92.41918087005615,
        "bq_baseline_runtime": 29432.81500000001,
        "multi_cloud_plan": "aws",
        "percent_diff": 13.121648304434796,
        "profiling_cost": 175.9319454683991,
        "profiling_runtime": 75350.75816633696
    },
    "inventory": {
        "arachne": 79.22423023301813,
        "arachne_runtime": 34659.920544021166,
        "bq": 93.50381851196289,
        "bq_baseline_runtime": 23872.070999999993,
        "multi_cloud_plan": "aws",
        "percent_diff": 15.271663239205385,
        "profiling_cost": 175.56032803230312,
        "profiling_runtime": 67807.0568211265
    },
    "item": {
        "arachne": 35.14582633972168,
        "arachne_runtime": 11228.742,
        "bq": 35.14582633972168,
        "bq_baseline_runtime": 11228.742,
        "multi_cloud_plan": "gcp",
        "percent_diff": 0.0,
        "profiling_cost": 114.2206230480413,
        "profiling_runtime": 42631.396005138675
    },
    "promotion": {
        "arachne": 80.03702348472777,
        "arachne_runtime": 34536.96682827953,
        "bq": 85.56325435638428,
        "bq_baseline_runtime": 22579.337,
        "multi_cloud_plan": "aws",
        "percent_diff": 6.4586497010023685,
        "profiling_cost": 168.48449058346844,
        "profiling_runtime": 66560.08396606258
    },
    "reason": {
        "arachne": 80.27389901008505,
        "arachne_runtime": 35312.68631017009,
        "bq": 92.01372623443604,
        "bq_baseline_runtime": 29149.644000000004,
        "multi_cloud_plan": "aws",
        "percent_diff": 12.75877817885542,
        "profiling_cost": 175.24526638337,
        "profiling_runtime": 74146.5861852864
    },
    "ship_mode": {
        "arachne": 80.43536396819832,
        "arachne_runtime": 35841.47904110547,
        "bq": 94.33101177215576,
        "bq_baseline_runtime": 29704.262000000006,
        "multi_cloud_plan": "aws",
        "percent_diff": 14.730731222856559,
        "profiling_cost": 177.8998685306443,
        "profiling_runtime": 75805.90570800228
    },
    "store": {
        "arachne": 54.358344078063965,
        "arachne_runtime": 19434.615999999998,
        "bq": 54.358344078063965,
        "bq_baseline_runtime": 19434.615999999998,
        "multi_cloud_plan": "gcp",
        "percent_diff": 0.0,
        "profiling_cost": 135.52617521744347,
        "profiling_runtime": 57673.02723019719
    },
    "store_returns": {
        "arachne": 74.16031837463379,
        "arachne_runtime": 24971.007000000005,
        "bq": 74.16031837463379,
        "bq_baseline_runtime": 24971.007000000005,
        "multi_cloud_plan": "gcp",
        "percent_diff": 0.0,
        "profiling_cost": 152.72730969045426,
        "profiling_runtime": 66001.60903372779
    },
    "store_sales": {
        "arachne": 9.416570663452148,
        "arachne_runtime": 8720.065000000002,
        "bq": 9.416570663452148,
        "bq_baseline_runtime": 8720.065000000002,
        "multi_cloud_plan": "gcp",
        "percent_diff": 0.0,
        "profiling_cost": 54.5566144115039,
        "profiling_runtime": 23601.782073100618
    },
    "time_dim": {
        "arachne": 80.37356696352455,
        "arachne_runtime": 35639.753701543304,
        "bq": 91.1452054977417,
        "bq_baseline_runtime": 28742.781000000014,
        "multi_cloud_plan": "aws",
        "percent_diff": 11.81810768366092,
        "profiling_cost": 174.62663453180662,
        "profiling_runtime": 74558.75989743373
    },
    "warehouse": {
        "arachne": 79.51405360526527,
        "arachne_runtime": 34760.799596076904,
        "bq": 92.61285781860352,
        "bq_baseline_runtime": 23665.579000000005,
        "multi_cloud_plan": "multi",
        "percent_diff": 14.143613016449894,
        "profiling_cost": 175.54423871768807,
        "profiling_runtime": 67679.50959354368
    },
    "web_page": {
        "arachne": 80.39473579260155,
        "arachne_runtime": 35708.46240121532,
        "bq": 92.55434989929199,
        "bq_baseline_runtime": 29591.187000000005,
        "multi_cloud_plan": "aws",
        "percent_diff": 13.137809427564742,
        "profiling_cost": 176.1369159462267,
        "profiling_runtime": 75737.76762631869
    },
    "web_returns": {
        "arachne": 78.76822460004588,
        "arachne_runtime": 33790.830417136065,
        "bq": 81.0332202911377,
        "bq_baseline_runtime": 27105.240000000016,
        "multi_cloud_plan": "aws",
        "percent_diff": 2.795144612239391,
        "profiling_cost": 162.49056767018376,
        "profiling_runtime": 69701.56819950671
    },
    "web_sales": {
        "arachne": 48.173699378967285,
        "arachne_runtime": 19348.598999999995,
        "bq": 48.173699378967285,