{
    "call_center": {
        "arachne": 42.248366832733154,
        "arachne_runtime": 29449.217000000004,
        "bq": 42.248366832733154,
        "bq_baseline_runtime": 29449.217000000004,
        "multi_cloud_plan": "gcp",
        "percent_diff": 0.0,
        "profiling_cost": 106.75339752316977,
        "profiling_runtime": 75079.86038848132
    },
    "catalog_page": {
        "arachne": 39.90558171272278,
        "arachne_runtime": 29104.663000000008,
        "bq": 39.90558171272278,
        "bq_baseline_runtime": 29104.663000000008,
        "multi_cloud_plan": "gcp",
        "percent_diff": 0.0,
        "profiling_cost": 104.54521946481307,
        "profiling_runtime": 75176.80913107359
    },
    "catalog_returns": {
        "arachne": 34.952558755874634,
        "arachne_runtime": 20833.994000000006,
        "bq": 34.952558755874634,
        "bq_baseline_runtime": 20833.994000000006,
        "multi_cloud_plan": "gcp",
        "percent_diff": 0.0,
        "profiling_cost": 96.31445826888621,
        "profiling_runtime": 61310.475539017505
    },
    "catalog_sales": {
        "arachne": 18.690866231918335,
        "arachne_runtime": 12311.432999999999,
        "bq": 18.690866231918335,
        "bq_baseline_runtime": 12311.432999999999,
        "multi_cloud_plan": "gcp",
        "percent_diff": 0.0,
        "profiling_cost": 61.09650768113499,
        "profiling_runtime": 37778.68003044119
    },
    "customer": {
        "arachne": 33.423914194107056,
        "arachne_runtime": 23349.041000000012,
        "bq": 33.423914194107056,
        "bq_baseline_runtime": 23349.041000000012,
        "multi_cloud_plan": "gcp",
        "percent_diff": 0.0,
        "profiling_cost": 94.73400858546049,
        "profiling_runtime": 58853.415351992735
    },
    "customer_address": {
        "arachne": 34.54956650733948,
        "arachne_runtime": 23769.817000000003,
        "bq": 34.54956650733948,
        "bq_baseline_runtime": 23769.817000000003,
        "multi_cloud_plan": "gcp",
        "percent_diff": 0.0,
        "profiling_cost": 97.97496502184023,
        "profiling_runtime": 65961.46608809539
    },
    "customer_demographics": {
        "arachne": 37.2905158996582,
        "arachne_runtime": 21214.163000000008,
        "bq": 37.2905158996582,
        "bq_baseline_runtime": 21214.163000000008,
        "multi_cloud_plan": "gcp",
        "percent_diff": 0.0,
        "profiling_cost": 100.8997338994634,
        "profiling_runtime": 63915.618986151465
    },
    "date_dim": {
        "arachne": 4.772003889083862,
        "arachne_runtime": 2806.4670000000006,
        "bq": 4.772003889083862,
        "bq_baseline_runtime": 2806.4670000000006,
        "multi_cloud_plan": "gcp",
        "percent_diff": 0.0,
        "profiling_cost": 61.76318209789155,
        "profiling_runtime": 23830.25519010127
    },
    "household_demographics": {
        "arachne": 38.006648540496826,
        "arachne_runtime": 21505.640000000003,
        "bq": 38.006648540496826,
        "bq_baseline_runtime": 21505.640000000003,
        "multi_cloud_plan": "gcp",
        "percent_diff": 0.0,
        "profiling_cost": 101.70281988921967,
        "profiling_runtime": 64487.30382786351
    },
    "income_band": {
        "arachne": 41.58863139152527,
        "arachne_runtime": 29432.815000000002,
        "bq": 41.58863139152527,
        "bq_baseline_runtime": 29432.815000000002,
        "multi_cloud_plan": "gcp",
        "percent_diff": 0.0,
        "profiling_cost": 106.18138912100109,
        "profiling_runtime": 75350.75816633696
    },
    "inventory": {
        "arachne": 42.0767183303833,
        "arachne_runtime": 23872.071000000004,
        "bq": 42.0767183303833,
        "bq_baseline_runtime": 23872.071000000004,
        "multi_cloud_plan": "gcp",
        "percent_diff": 0.0,
        "profiling_cost": 105.44432820804275,
        "profiling_runtime": 67807.05682112652
    },
    "item": {
        "arachne": 15.815621852874756,
        "arachne_runtime": 11228.742000000002,
        "bq": 15.815621852874756,
        "bq_baseline_runtime": 11228.742000000002,
        "multi_cloud_plan": "gcp",
        "percent_diff": 0.0,
        "profiling_cost": 75.97198209339314,
        "profiling_runtime": 42631.39600513867
    },
    "promotion": {
        "arachne": 38.503464460372925,
        "arachne_runtime": 22579.337000000003,
        "bq": 38.503464460372925,
        "bq_baseline_runtime": 22579.337000000003,
        "multi_cloud_plan": "gcp",
        "percent_diff": 0.0,
        "profiling_cost": 102.50469723291626,
        "profiling_runtime": 66560.08396606258
    },
    "reason": {
        "arachne": 41.406176805496216,
        "arachne_runtime": 29149.644000000004,
        "bq": 41.406176805496216,
        "bq_baseline_runtime": 29149.644000000004,
        "multi_cloud_plan": "gcp",
        "percent_diff": 0.0,
        "profiling_cost": 105.71771012772388,
        "profiling_runtime": 74146.58618528643
    },
    "ship_mode": {
        "arachne": 42.44895529747009,
        "arachne_runtime": 29704.262000000006,
        "bq": 42.44895529747009,
        "bq_baseline_runtime": 29704.262000000006,
        "multi_cloud_plan": "gcp",
        "percent_diff": 0.0,
        "profiling_cost": 107.0978052226726,
        "profiling_runtime": 75805.90570800228
    },
    "store": {
        "arachne": 24.461254835128784,
        "arachne_runtime": 19434.61600000001,
        "bq": 24.461254835128784,
        "bq_baseline_runtime": 19434.61600000001,
        "multi_cloud_plan": "gcp",
        "percent_diff": 0.0,
        "profiling_cost": 86.709083551151,
        "profiling_runtime": 57673.02723019718
    },
    "store_returns": {
        "arachne": 33.372143268585205,
        "arachne_runtime": 24971.007000000005,
        "bq": 33.372143268585205,
        "bq_baseline_runtime": 24971.007000000005,
        "multi_cloud_plan": "gcp",
        "percent_diff": 0.0,
        "profiling_cost": 93.95738317809182,
        "profiling_runtime": 66001.6090337278
    },
    "store_sales": {
        "arachne": 4.237456798553467,
        "arachne_runtime": 8720.065,
        "bq": 4.237456798553467,
        "bq_baseline_runtime": 8720.065,
        "multi_cloud_plan": "gcp",
        "percent_diff": 0.0,
        "profiling_cost": 38.31884492356598,
        "profiling_runtime": 23601.782073100618
    },
    "time_dim": {
        "arachne": 41.015342473983765,
        "arachne_runtime": 28742.781,
        "bq": 41.015342473983765,
        "bq_baseline_runtime": 28742.781,
        "multi_cloud_plan": "gcp",
        "percent_diff": 0.0,
        "profiling_cost": 105.57681927435425,
        "profiling_runtime": 74558.75989743372
    },
    "warehouse": {
        "arachne": 41.67578601837158,
        "arachne_runtime": 23665.578999999998,
        "bq": 41.67578601837158,
        "bq_baseline_runtime": 23665.578999999998,
        "multi_cloud_plan": "gcp",
        "percent_diff": 0.0,
        "profiling_cost": 105.68716015638019,
        "profiling_runtime": 67679.50959354368
    },
    "web_page": {
        "arachne": 41.6494574546814,
        "arachne_runtime": 29591.187,
        "bq": 41.6494574546814,
        "bq_baseline_runtime": 29591.187,
        "multi_cloud_plan": "gcp",
        "percent_diff": 0.0,
        "profiling_cost": 106.31201993743996,
        "profiling_runtime": 75737.7676263187
    },
    "web_returns": {
        "arachne": 36.46494913101196,
        "arachne_runtime": 27105.240000000016,
        "bq": 36.46494913101196,
        "bq_baseline_runtime": 27105.240000000016,
        "multi_cloud_plan": "gcp",
        "percent_diff": 0.0,
        "profiling_cost": 99.28514036995223,
        "profiling_runtime": 69701.56819950673
    },
    "web_sales": {
        "arachne": 21.67816472053528,
        "arachne_runtime": 19348.599000000002,
        "bq": 21.67816472053528,
        "bq_baseline_runtime": 19348.599000000002,
        "multi_cloud_plan": "gcp",
        "percent_diff": 0.0,