{
    "call_center": {
        "arachne": 63.434898497945845,
        "arachne_runtime": 35243.20573469564,
        "bq": 93.8852596282959,
        "bq_baseline_runtime": 29449.217000000026,
        "multi_cloud_plan": "aws",
        "percent_diff": 32.433591014081486,
        "profiling_cost": 160.49251325864378,
        "profiling_runtime": 75079.86038848132
    },
    "catalog_page": {
        "arachne": 63.519153310829424,
        "arachne_runtime": 35519.83359482825,
        "bq": 88.67907047271729,
        "bq_baseline_runtime": 29104.663000000004,
        "multi_cloud_plan": "aws",
        "percent_diff": 28.37187740891858,
        "profiling_cost": 155.4209227043238,
        "profiling_runtime": 75176.80913107359
    },
    "catalog_returns": {
        "arachne": 60.79345228575036,
        "arachne_runtime": 32191.5600579147,
        "bq": 77.67235279083252,
        "bq_baseline_runtime": 20833.994,
        "multi_cloud_plan": "multi",
        "percent_diff": 21.730898960323927,
        "profiling_cost": 141.07142635132726,
        "profiling_runtime": 61310.47553901751
    },
    "catalog_sales": {
        "arachne": 34.46154077993695,
        "arachne_runtime": 17638.524528735903,
        "bq": 41.535258293151855,
        "bq_baseline_runtime": 12311.433,
        "multi_cloud_plan": "multi",
        "percent_diff": 17.03063325931257,
        "profiling_cost": 85.3815940157295,
        "profiling_runtime": 37778.68003044119
    },
    "customer": {
        "arachne": 61.24180427662303,
        "arachne_runtime": 28411.774179855693,
        "bq": 74.27536487579346,
        "bq_baseline_runtime": 23349.040999999997,
        "multi_cloud_plan": "aws",
        "percent_diff": 17.54762244650797,
        "profiling_cost": 137.68341473106207,
        "profiling_runtime": 58853.41535199273
    },
    "customer_address": {
        "arachne": 62.76889206009042,
        "arachne_runtime": 33162.80323300358,
        "bq": 76.7768144607544,
        "bq_baseline_runtime": 23769.81700000001,
        "multi_cloud_plan": "aws",
        "percent_diff": 18.244990364668396,
        "profiling_cost": 142.30321130288948,
        "profiling_runtime": 65961.46608809542
    },
    "customer_demographics": {
        "arachne": 63.055850867442786,
        "arachne_runtime": 34006.62768272018,
        "bq": 82.86781311035156,
        "bq_baseline_runtime": 21214.163000000008,
        "multi_cloud_plan": "aws",
        "percent_diff": 23.907910079062937,
        "profiling_cost": 148.5791961952527,
        "profiling_runtime": 63915.61898615146
    },
    "date_dim": {
        "arachne": 10.604453086853027,
        "arachne_runtime": 2806.467,
        "bq": 10.604453086853027,
        "bq_baseline_runtime": 2806.467,
        "multi_cloud_plan": "gcp",
        "percent_diff": 0.0,
        "profiling_cost": 69.69784431927299,
        "profiling_runtime": 23830.255190101274
    },
    "household_demographics": {
        "arachne": 63.11281227511616,
        "arachne_runtime": 34188.426655880976,
        "bq": 84.45921897888184,
        "bq_baseline_runtime": 21505.64,
        "multi_cloud_plan": "aws",
        "percent_diff": 25.27421750028629,
        "profiling_cost": 150.2576131397152,
        "profiling_runtime": 64487.30382786353
    },
    "income_band": {
        "arachne": 63.47447710701038,
        "arachne_runtime": 35372.820727423634,
        "bq": 92.41918087005615,
        "bq_baseline_runtime": 29432.81500000001,
        "multi_cloud_plan": "aws",
        "percent_diff": 31.318935626299048,
        "profiling_cost": 159.1141615849617,
        "profiling_runtime": 75350.75816633695
    },
    "inventory": {
        "arachne": 62.61187499507965,
        "arachne_runtime": 34659.920544021166,
        "bq": 93.50381851196289,
        "bq_baseline_runtime": 23872.071000000007,
        "multi_cloud_plan": "aws",
        "percent_diff": 33.03816251411264,
        "profiling_cost": 158.94797279436463,
        "profiling_runtime": 67807.05682112648
    },
    "item": {
        "arachne": 35.14582633972168,
        "arachne_runtime": 11228.741999999998,
        "bq": 35.14582633972168,
        "bq_baseline_runtime": 11228.741999999998,
        "multi_cloud_plan": "gcp",
        "percent_diff": 0.0,
        "profiling_cost": 97.40423507666245,
        "profiling_runtime": 42631.39600513868
    },
    "promotion": {
        "arachne": 63.21924263624701,
        "arachne_runtime": 34536.96682827953,
        "bq": 85.56325435638428,
        "bq_baseline_runtime": 22579.336999999996,
        "multi_cloud_plan": "aws",
        "percent_diff": 26.114027438777608,
        "profiling_cost": 151.66670973498773,
        "profiling_runtime": 66560.08396606256
    },
    "reason": {
        "arachne": 63.45611516412394,
        "arachne_runtime": 35312.68631017009,
        "bq": 92.01372623443604,
        "bq_baseline_runtime": 29149.644,
        "multi_cloud_plan": "aws",
        "percent_diff": 31.036251045362445,
        "profiling_cost": 158.4274825374088,
        "profiling_runtime": 74146.58618528645
    },
    "ship_mode": {
        "arachne": 63.61758011638851,
        "arachne_runtime": 35841.47904110547,
        "bq": 94.33101177215576,
        "bq_baseline_runtime": 29704.262000000013,
        "multi_cloud_plan": "aws",
        "percent_diff": 32.559209403956714,
        "profiling_cost": 161.08208467883452,
        "profiling_runtime": 75805.90570800229
    },
    "store": {
        "arachne": 54.31567390051726,
        "arachne_runtime": 19986.549296314068,
        "bq": 54.358344078063965,
        "bq_baseline_runtime": 19434.616,
        "multi_cloud_plan": "multi",
        "percent_diff": 0.07849793489924042,
        "profiling_cost": 118.70839528557035,
        "profiling_runtime": 57673.027230197185
    },
    "store_returns": {
        "arachne": 59.10954764928983,
        "arachne_runtime": 36870.83067024386,
        "bq": 74.16031837463379,
        "bq_baseline_runtime": 24971.00700000001,
        "multi_cloud_plan": "multi",
        "percent_diff": 20.294911153579957,
        "profiling_cost": 136.7435306626197,
        "profiling_runtime": 66001.60903372781
    },
    "store_sales": {
        "arachne": 9.373900485905441,
        "arachne_runtime": 9271.998296314068,
        "bq": 9.416570663452148,
        "bq_baseline_runtime": 8720.064999999999,
        "multi_cloud_plan": "multi",
        "percent_diff": 0.45313924858356325,
        "profiling_cost": 44.72669830213569,
        "profiling_runtime": 23601.782073100618
    },
    "time_dim": {
        "arachne": 63.555831644684986,
        "arachne_runtime": 35639.753701543304,
        "bq": 91.1452054977417,
        "bq_baseline_runtime": 28742.781000000003,
        "multi_cloud_plan": "aws",
        "percent_diff": 30.26969296123897,
        "profiling_cost": 157.80889921296708,
        "profiling_runtime": 74558.75989743372
    },
    "warehouse": {
        "arachne": 62.90169853574719,
        "arachne_runtime": 34760.799596076904,
        "bq": 92.61285781860352,
        "bq_baseline_runtime": 23665.578999999998,
        "multi_cloud_plan": "multi",
        "percent_diff": 32.08103062865222,
        "profiling_cost": 158.72645493006496,
        "profiling_runtime": 67679.50959354371
    },
    "web_page": {
        "arachne": 63.57695484666717,
        "arachne_runtime": 35708.46240121532,
        "bq": 92.55434989929199,
        "bq_baseline_runtime": 29591.187000000013,
        "multi_cloud_plan": "aws",
        "percent_diff": 31.30851773488227,
        "profiling_cost": 159.3191350002924,
        "profiling_runtime": 75737.76762631869
    },
    "web_returns": {
        "arachne": 62.20193165441503,
        "arachne_runtime": 33790.830417136065,
        "bq": 81.0332202911377,
        "bq_baseline_runtime": 27105.240000000016,
        "multi_cloud_plan": "aws",
        "percent_diff": 23.238973558085508,
        "profiling_cost": 145.92420665675638,