{
    "call_center": {
        "arachne": 93.8852596282959,
        "arachne_runtime": 29449.217000000008,
        "bq": 93.8852596282959,
        "bq_baseline_runtime": 29449.217000000008,
        "multi_cloud_plan": "gcp",
        "percent_diff": 0.0,
        "profiling_cost": 412.75926604799963,
        "profiling_runtime": 75079.86038848133
    },
    "catalog_page": {
        "arachne": 88.67907047271729,
        "arachne_runtime": 29104.663,
        "bq": 88.67907047271729,
        "bq_baseline_runtime": 29104.663,
        "multi_cloud_plan": "gcp",
        "percent_diff": 0.0,
        "profiling_cost": 407.68666024627515,
        "profiling_runtime": 75176.80913107359
    },
    "catalog_returns": {
        "arachne": 77.67235279083252,
        "arachne_runtime": 20833.993999999995,
        "bq": 77.67235279083252,
        "bq_baseline_runtime": 20833.993999999995,
        "multi_cloud_plan": "gcp",
        "percent_diff": 0.0,
        "profiling_cost": 385.53231204930313,
        "profiling_runtime": 61310.475539017505
    },
    "catalog_sales": {
        "arachne": 41.535258293151855,
        "arachne_runtime": 12311.432999999997,
        "bq": 41.535258293151855,
        "bq_baseline_runtime": 12311.432999999997,
        "multi_cloud_plan": "gcp",
        "percent_diff": 0.0,
        "profiling_cost": 258.2649068190501,
        "profiling_runtime": 37778.68003044119
    },
    "customer": {
        "arachne": 74.27536487579346,
        "arachne_runtime": 23349.041000000005,
        "bq": 74.27536487579346,
        "bq_baseline_runtime": 23349.041000000005,
        "multi_cloud_plan": "gcp",
        "percent_diff": 0.0,
        "profiling_cost": 389.438070400878,
        "profiling_runtime": 58853.41535199274
    },
    "customer_address": {
        "arachne": 76.7768144607544,
        "arachne_runtime": 23769.817000000006,
        "bq": 76.7768144607544,
        "bq_baseline_runtime": 23769.817000000006,
        "multi_cloud_plan": "gcp",
        "percent_diff": 0.0,
        "profiling_cost": 394.4230106190052,
        "profiling_runtime": 65961.4660880954
    },
    "customer_demographics": {
        "arachne": 82.86781311035156,
        "arachne_runtime": 21214.163,
        "bq": 82.86781311035156,
        "bq_baseline_runtime": 21214.163,
        "multi_cloud_plan": "gcp",
        "percent_diff": 0.0,
        "profiling_cost": 400.83900640676217,
        "profiling_runtime": 63915.61898615149
    },
    "date_dim": {
        "arachne": 10.604453086853027,
        "arachne_runtime": 2806.467,
        "bq": 10.604453086853027,
        "bq_baseline_runtime": 2806.467,
        "multi_cloud_plan": "gcp",
        "percent_diff": 0.0,
        "profiling_cost": 321.96340715274613,
        "profiling_runtime": 23830.25519010127
    },
    "household_demographics": {
        "arachne": 84.45921897888184,
        "arachne_runtime": 21505.640000000007,
        "bq": 84.45921897888184,
        "bq_baseline_runtime": 21505.640000000007,
        "multi_cloud_plan": "gcp",
        "percent_diff": 0.0,
        "profiling_cost": 402.5243505929823,
        "profiling_runtime": 64487.303827863514
    },
    "income_band": {
        "arachne": 92.41918087005615,
        "arachne_runtime": 29432.815000000002,
        "bq": 92.41918087005615,
        "bq_baseline_runtime": 29432.815000000002,
        "multi_cloud_plan": "gcp",
        "percent_diff": 0.0,
        "profiling_cost": 411.3809198365245,
        "profiling_runtime": 75350.75816633698
    },
    "inventory": {
        "arachne": 93.50381851196289,
        "arachne_runtime": 23872.070999999996,
        "bq": 93.50381851196289,
        "bq_baseline_runtime": 23872.070999999996,
        "multi_cloud_plan": "gcp",
        "percent_diff": 0.0,
        "profiling_cost": 408.1333013634417,
        "profiling_runtime": 67807.05682112649
    },
    "item": {
        "arachne": 35.14582633972168,
        "arachne_runtime": 11228.742000000002,
        "bq": 35.14582633972168,
        "bq_baseline_runtime": 11228.742000000002,
        "multi_cloud_plan": "gcp",
        "percent_diff": 0.0,
        "profiling_cost": 349.65005464734554,
        "profiling_runtime": 42631.39600513867
    },
    "promotion": {
        "arachne": 85.56325435638428,
        "arachne_runtime": 22579.336999999996,
        "bq": 85.56325435638428,
        "bq_baseline_runtime": 22579.336999999996,
        "multi_cloud_plan": "gcp",
        "percent_diff": 0.0,
        "profiling_cost": 403.9334224621992,
        "profiling_runtime": 66560.0839660626
    },
    "reason": {
        "arachne": 92.01372623443604,
        "arachne_runtime": 29149.643999999993,
        "bq": 92.01372623443604,
        "bq_baseline_runtime": 29149.643999999993,
        "multi_cloud_plan": "gcp",
        "percent_diff": 0.0,
        "profiling_cost": 410.69424022682534,
        "profiling_runtime": 74146.58618528645
    },
    "ship_mode": {
        "arachne": 94.33101177215576,
        "arachne_runtime": 29704.26199999999,
        "bq": 94.33101177215576,
        "bq_baseline_runtime": 29704.26199999999,
        "multi_cloud_plan": "gcp",
        "percent_diff": 0.0,
        "profiling_cost": 413.3488424559815,
        "profiling_runtime": 75805.9057080023
    },
    "store": {
        "arachne": 54.358344078063965,
        "arachne_runtime": 19434.615999999995,
        "bq": 54.358344078063965,
        "bq_baseline_runtime": 19434.615999999995,
        "multi_cloud_plan": "gcp",
        "percent_diff": 0.0,
        "profiling_cost": 370.9750942636667,
        "profiling_runtime": 57673.02723019719
    },
    "store_returns": {
        "arachne": 74.16031837463379,
        "arachne_runtime": 24971.007000000005,
        "bq": 74.16031837463379,
        "bq_baseline_runtime": 24971.007000000005,
        "multi_cloud_plan": "gcp",
        "percent_diff": 0.0,
        "profiling_cost": 376.50021608013776,
        "profiling_runtime": 66001.60903372781
    },
    "store_sales": {
        "arachne": 9.416570663452148,
        "arachne_runtime": 8720.064999999999,
        "bq": 9.416570663452148,
        "bq_baseline_runtime": 8720.064999999999,
        "multi_cloud_plan": "gcp",
        "percent_diff": 0.0,
        "profiling_cost": 192.1754399426588,
        "profiling_runtime": 23601.782073100618
    },
    "time_dim": {
        "arachne": 91.1452054977417,
        "arachne_runtime": 28742.781,
        "bq": 91.1452054977417,
        "bq_baseline_runtime": 28742.781,
        "multi_cloud_plan": "gcp",
        "percent_diff": 0.0,
        "profiling_cost": 410.0749289955604,
        "profiling_runtime": 74558.75989743372
    },
    "warehouse": {
        "arachne": 92.61285781860352,
        "arachne_runtime": 23665.579,
        "bq": 92.61285781860352,
        "bq_baseline_runtime": 23665.579,
        "multi_cloud_plan": "gcp",
        "percent_diff": 0.0,
        "profiling_cost": 410.99321174441087,
        "profiling_runtime": 67679.5095935437
    },
    "web_page": {
        "arachne": 92.55434989929199,
        "arachne_runtime": 29591.18700000001,
        "bq": 92.55434989929199,
        "bq_baseline_runtime": 29591.18700000001,
        "multi_cloud_plan": "gcp",
        "percent_diff": 0.0,
        "profiling_cost": 411.5858491893077,
        "profiling_runtime": 75737.7676263187
    },
    "web_returns": {
        "arachne": 81.0332202911377,
        "arachne_runtime": 27105.240000000013,
        "bq": 81.0332202911377,
        "bq_baseline_runtime": 27105.240000000013,
        "multi_cloud_plan": "gcp",
        "percent_diff": 0.0,
        "profiling_cost": 394.4196218581671,
        "profiling_runtime": 69701.56819950671
    },
    "web_sales": {
        "arachne": 48.173699378967285,
        "arachne_runtime": 19348.599000000006,
        "bq": 48.173699378967285,
        "bq_baseline_runtime": 19348.599000000006,
        "multi_cloud_plan": "gcp",
        "percent_diff": 0.0,
        "profiling_cost": 313.5554598393148,