{
    "call_center": {
        "arachne": 61.33278880685962,
        "arachne_runtime": 35243.20573469564,
        "bq": 183.076256275177,
        "bq_baseline_runtime": 29449.217000000004,
        "multi_cloud_plan": "aws",
        "percent_diff": 66.49877485222773,
        "profiling_cost": 247.58128696561366,
        "profiling_runtime": 75079.86038848133
    },
    "catalog_page": {
        "arachne": 61.417052080138234,
        "arachne_runtime": 35519.83359482825,
        "bq": 172.9241874217987,
        "bq_baseline_runtime": 29104.663000000015,
        "multi_cloud_plan": "aws",
        "percent_diff": 64.48324956974987,
        "profiling_cost": 237.563825173889,
        "profiling_runtime": 75176.80913107359
    },
    "catalog_returns": {
        "arachne": 58.87943941574663,
        "arachne_runtime": 32345.73005925152,
        "bq": 151.4610879421234,
        "bq_baseline_runtime": 20833.994,
        "multi_cloud_plan": "aws",
        "percent_diff": 61.12569887372937,
        "profiling_cost": 212.82298745513498,
        "profiling_runtime": 61310.475539017505
    },
    "catalog_sales": {
        "arachne": 39.096733753558745,
        "arachne_runtime": 18184.86922317707,
        "bq": 80.99375367164612,
        "bq_baseline_runtime": 12311.432999999997,
        "multi_cloud_plan": "multi",
        "percent_diff": 51.728705015871455,
        "profiling_cost": 123.39939512086274,
        "profiling_runtime": 37778.68003044119
    },
    "customer": {
        "arachne": 59.143962064094104,
        "arachne_runtime": 28411.774179855693,
        "bq": 144.83696150779724,
        "bq_baseline_runtime": 23349.04100000001,
        "multi_cloud_plan": "aws",
        "percent_diff": 59.16514579677226,
        "profiling_cost": 206.1470558991507,
        "profiling_runtime": 58853.41535199274
    },
    "customer_address": {
        "arachne": 60.66800698384233,
        "arachne_runtime": 33162.80323300358,
        "bq": 149.71478819847107,
        "bq_baseline_runtime": 23769.81700000001,
        "multi_cloud_plan": "aws",
        "percent_diff": 59.47761225603371,
        "profiling_cost": 213.1401867129719,
        "profiling_runtime": 65961.46608809539
    },
    "customer_demographics": {
        "arachne": 60.953799033733084,
        "arachne_runtime": 34006.62768272018,
        "bq": 161.59223556518555,
        "bq_baseline_runtime": 21214.163,
        "multi_cloud_plan": "aws",
        "percent_diff": 62.27925257637481,
        "profiling_cost": 225.20145356499077,
        "profiling_runtime": 63915.618986151465
    },
    "date_dim": {
        "arachne": 20.678683519363403,
        "arachne_runtime": 2806.4669999999996,
        "bq": 20.678683519363403,
        "bq_baseline_runtime": 2806.4669999999996,
        "multi_cloud_plan": "gcp",
        "percent_diff": 0.0,
        "profiling_cost": 77.66986172817109,
        "profiling_runtime": 23830.25519010127
    },
    "household_demographics": {
        "arachne": 61.01070271439181,
        "arachne_runtime": 34188.426655880976,
        "bq": 164.69547700881958,
        "bq_baseline_runtime": 21505.64,
        "multi_cloud_plan": "aws",
        "percent_diff": 62.95544733682963,
        "profiling_cost": 228.39164835754244,
        "profiling_runtime": 64487.30382786352
    },
    "income_band": {
        "arachne": 61.372367370405755,
        "arachne_runtime": 35372.820727423634,
        "bq": 180.2174026966095,
        "bq_baseline_runtime": 29432.815000000006,
        "multi_cloud_plan": "aws",
        "percent_diff": 65.94537128374652,
        "profiling_cost": 244.81016042608536,
        "profiling_runtime": 75350.75816633695
    },
    "inventory": {
        "arachne": 60.53544383916242,
        "arachne_runtime": 34659.920544021166,
        "bq": 182.33244609832764,
        "bq_baseline_runtime": 23872.071,
        "multi_cloud_plan": "aws",
        "percent_diff": 66.79941220855609,
        "profiling_cost": 245.7000559759872,
        "profiling_runtime": 67807.0568211265
    },
    "item": {
        "arachne": 57.083391395553974,
        "arachne_runtime": 23365.199232860934,
        "bq": 68.53436136245728,
        "bq_baseline_runtime": 11228.742,
        "multi_cloud_plan": "aws",
        "percent_diff": 16.708363132389348,
        "profiling_cost": 128.69072160297569,
        "profiling_runtime": 42631.396005138675
    },
    "promotion": {
        "arachne": 61.11713327901199,
        "arachne_runtime": 34536.96682827953,
        "bq": 166.84834599494934,
        "bq_baseline_runtime": 22579.337000000007,
        "multi_cloud_plan": "aws",
        "percent_diff": 63.369649897001636,
        "profiling_cost": 230.8495787674927,
        "profiling_runtime": 66560.08396606258
    },
    "reason": {
        "arachne": 61.35400543220388,
        "arachne_runtime": 35312.68631017009,
        "bq": 179.42676615715027,
        "bq_baseline_runtime": 29149.643999999997,
        "multi_cloud_plan": "aws",
        "percent_diff": 65.80554465409737,
        "profiling_cost": 243.73829947937782,
        "profiling_runtime": 74146.58618528643
    },
    "ship_mode": {
        "arachne": 61.515470383737366,
        "arachne_runtime": 35841.47904110547,
        "bq": 183.94547295570374,
        "bq_baseline_runtime": 29704.26200000001,
        "multi_cloud_plan": "aws",
        "percent_diff": 66.55776878045212,
        "profiling_cost": 248.5943228809063,
        "profiling_runtime": 75805.90570800228
    },
    "store": {
        "arachne": 59.5712477327716,
        "arachne_runtime": 29474.952340095635,
        "bq": 105.99877095222473,
        "bq_baseline_runtime": 19434.616000000005,
        "multi_cloud_plan": "aws",
        "percent_diff": 43.800058059521014,
        "profiling_cost": 168.24659966824692,
        "profiling_runtime": 57673.02723019717
    },
    "store_returns": {
        "arachne": 57.95906760818708,
        "arachne_runtime": 32427.120246294286,
        "bq": 144.6126208305359,
        "bq_baseline_runtime": 24971.007000000012,
        "multi_cloud_plan": "aws",
        "percent_diff": 59.92115537681436,
        "profiling_cost": 205.19786074004247,
        "profiling_runtime": 66001.60903372779
    },
    "store_sales": {
        "arachne": 17.438243578412195,
        "arachne_runtime": 9271.99829631407,
        "bq": 18.36231279373169,
        "bq_baseline_runtime": 8720.065000000002,
        "multi_cloud_plan": "multi",
        "percent_diff": 5.032422798259612,
        "profiling_cost": 52.443700918744206,
        "profiling_runtime": 23601.782073100614
    },
    "time_dim": {
        "arachne": 61.453727978655124,
        "arachne_runtime": 35639.753701543304,
        "bq": 177.7331507205963,
        "bq_baseline_runtime": 28742.781,
        "multi_cloud_plan": "aws",
        "percent_diff": 65.42359839484145,
        "profiling_cost": 242.2946275209668,
        "profiling_runtime": 74558.7598974337
    },
    "warehouse": {
        "arachne": 61.134617891452564,
        "arachne_runtime": 34760.799596076904,
        "bq": 180.59507274627686,
        "bq_baseline_runtime": 23665.578999999998,
        "multi_cloud_plan": "multi",
        "percent_diff": 66.14823596137514,
        "profiling_cost": 244.60644688428567,
        "profiling_runtime": 67679.50959354371
    },
    "web_page": {
        "arachne": 61.47484547725045,
        "arachne_runtime": 35708.46240121532,
        "bq": 180.48098230361938,
        "bq_baseline_runtime": 29591.187000000005,
        "multi_cloud_plan": "aws",
        "percent_diff": 65.9383250841174,
        "profiling_cost": 245.14354478637796,
        "profiling_runtime": 75737.76762631869
    },
    "web_returns": {
        "arachne": 60.131258285036246,
        "arachne_runtime": 33790.830417136065,
        "bq": 158.0147795677185,
        "bq_baseline_runtime": 27105.24000000001,
        "multi_cloud_plan": "aws",
        "percent_diff": 61.945801241163956,
        "profiling_cost": 220.83497080665876,