{
    "call_center": {
        "arachne": 61.33274708360828,
        "arachne_runtime": 35243.20573469564,
        "bq": 150.21641540527344,
        "bq_baseline_runtime": 29449.217000000008,
        "multi_cloud_plan": "aws",
        "percent_diff": 59.17040962657989,
        "profiling_cost": 214.7214460957099,
        "profiling_runtime": 75079.86038848132
    },
    "catalog_page": {
        "arachne": 61.41701035688689,
        "arachne_runtime": 35519.83359482825,
        "bq": 141.88651275634766,
        "bq_baseline_runtime": 29104.663000000004,
        "multi_cloud_plan": "aws",
        "percent_diff": 56.71398981920554,
        "profiling_cost": 206.52615050843798,
        "profiling_runtime": 75176.80913107359
    },
    "catalog_returns": {
        "arachne": 58.87939769249529,
        "arachne_runtime": 32345.73005925152,
        "bq": 124.27576446533203,
        "bq_baseline_runtime": 20833.993999999995,
        "multi_cloud_plan": "aws",
        "percent_diff": 52.62197907547751,
        "profiling_cost": 185.63766397834365,
        "profiling_runtime": 61310.47553901753
    },
    "catalog_sales": {
        "arachne": 37.294074003573996,
        "arachne_runtime": 18184.86922317707,
        "bq": 66.45641326904297,
        "bq_baseline_runtime": 12311.432999999997,
        "multi_cloud_plan": "multi",
        "percent_diff": 43.881903688373605,
        "profiling_cost": 108.8620547182596,
        "profiling_runtime": 37778.68003044119
    },
    "customer": {
        "arachne": 59.14392034084276,
        "arachne_runtime": 28411.774179855693,
        "bq": 118.84058380126953,
        "bq_baseline_runtime": 23349.040999999994,
        "multi_cloud_plan": "aws",
        "percent_diff": 50.23255654840452,
        "profiling_cost": 180.150678192623,
        "profiling_runtime": 58853.41535199274
    },
    "customer_address": {
        "arachne": 60.66796526059099,
        "arachne_runtime": 33162.80323300358,
        "bq": 122.84290313720703,
        "bq_baseline_runtime": 23769.817000000003,
        "multi_cloud_plan": "aws",
        "percent_diff": 50.61337390176372,
        "profiling_cost": 186.2683016517078,
        "profiling_runtime": 65961.46608809539
    },
    "customer_demographics": {
        "arachne": 60.953757310481734,
        "arachne_runtime": 34006.62768272018,
        "bq": 132.5885009765625,
        "bq_baseline_runtime": 21214.163000000004,
        "multi_cloud_plan": "aws",
        "percent_diff": 54.027870545684465,
        "profiling_cost": 196.19771897636767,
        "profiling_runtime": 63915.61898615147
    },
    "date_dim": {
        "arachne": 16.967124938964844,
        "arachne_runtime": 2806.467,
        "bq": 16.967124938964844,
        "bq_baseline_runtime": 2806.467,
        "multi_cloud_plan": "gcp",
        "percent_diff": 0.0,
        "profiling_cost": 73.95830314777253,
        "profiling_runtime": 23830.255190101274
    },
    "household_demographics": {
        "arachne": 61.01066099114047,
        "arachne_runtime": 34188.426655880976,
        "bq": 135.13475036621094,
        "bq_baseline_runtime": 21505.640000000007,
        "multi_cloud_plan": "aws",
        "percent_diff": 54.851982317055025,
        "profiling_cost": 198.83092171493374,
        "profiling_runtime": 64487.303827863514
    },
    "income_band": {
        "arachne": 61.37232564715442,
        "arachne_runtime": 35372.820727423634,
        "bq": 147.87068939208984,
        "bq_baseline_runtime": 29432.815000000002,
        "multi_cloud_plan": "aws",
        "percent_diff": 58.49594946810504,
        "profiling_cost": 212.46344712156568,
        "profiling_runtime": 75350.75816633696
    },
    "inventory": {
        "arachne": 60.535402115911076,
        "arachne_runtime": 34659.920544021166,
        "bq": 149.60610961914062,
        "bq_baseline_runtime": 23872.071000000004,
        "multi_cloud_plan": "aws",
        "percent_diff": 59.53681151791266,
        "profiling_cost": 212.97371949680007,
        "profiling_runtime": 67807.05682112649
    },
    "item": {
        "arachne": 54.92413939408493,
        "arachne_runtime": 16349.714471308096,
        "bq": 56.23332214355469,
        "bq_baseline_runtime": 11228.742,
        "multi_cloud_plan": "multi",
        "percent_diff": 2.3281262773834013,
        "profiling_cost": 116.38968238407307,
        "profiling_runtime": 42631.39600513868
    },
    "promotion": {
        "arachne": 61.117091555760645,
        "arachne_runtime": 34536.96682827953,
        "bq": 136.90120697021484,
        "bq_baseline_runtime": 22579.337000000007,
        "multi_cloud_plan": "aws",
        "percent_diff": 55.35679128887614,
        "profiling_cost": 200.90243974275828,
        "profiling_runtime": 66560.08396606256
    },
    "reason": {
        "arachne": 61.353963708952534,
        "arachne_runtime": 35312.68631017009,
        "bq": 147.22196197509766,
        "bq_baseline_runtime": 29149.644000000004,
        "multi_cloud_plan": "aws",
        "percent_diff": 58.32553588755294,
        "profiling_cost": 211.53349529732535,
        "profiling_runtime": 74146.58618528645
    },
    "ship_mode": {
        "arachne": 61.515428660486016,
        "arachne_runtime": 35841.47904110547,
        "bq": 150.92961883544922,
        "bq_baseline_runtime": 29704.261999999995,
        "multi_cloud_plan": "aws",
        "percent_diff": 59.242308345353266,
        "profiling_cost": 215.57846876065176,
        "profiling_runtime": 75805.90570800229
    },
    "store": {
        "arachne": 59.57120600952026,
        "arachne_runtime": 29474.952340095635,
        "bq": 86.97335052490234,
        "bq_baseline_runtime": 19434.616,
        "multi_cloud_plan": "aws",
        "percent_diff": 31.50636873249612,
        "profiling_cost": 149.22117924092456,
        "profiling_runtime": 57673.02723019717
    },
    "store_returns": {
        "arachne": 57.959025884935734,
        "arachne_runtime": 32427.120246294286,
        "bq": 118.65650939941406,
        "bq_baseline_runtime": 24971.007,
        "multi_cloud_plan": "aws",
        "percent_diff": 51.15394327854554,
        "profiling_cost": 179.24174930892065,
        "profiling_runtime": 66001.60903372781
    },
    "store_sales": {
        "arachne": 14.457641314007896,
        "arachne_runtime": 9271.998296314066,
        "bq": 15.066513061523438,
        "bq_baseline_runtime": 8720.064999999999,
        "multi_cloud_plan": "multi",
        "percent_diff": 4.041225365346586,
        "profiling_cost": 49.147901186535954,
        "profiling_runtime": 23601.782073100618
    },
    "time_dim": {
        "arachne": 61.45368625540378,
        "arachne_runtime": 35639.753701543304,
        "bq": 145.83232879638672,
        "bq_baseline_runtime": 28742.781000000003,
        "multi_cloud_plan": "aws",
        "percent_diff": 57.860039154139585,
        "profiling_cost": 210.39380559675715,
        "profiling_runtime": 74558.75989743372
    },
    "warehouse": {
        "arachne": 61.0206049348333,
        "arachne_runtime": 34760.799596076904,
        "bq": 148.18057250976562,
        "bq_baseline_runtime": 23665.579000000005,
        "multi_cloud_plan": "multi",
        "percent_diff": 58.82010448379673,
        "profiling_cost": 212.19194664777433,
        "profiling_runtime": 67679.5095935437
    },
    "web_page": {
        "arachne": 61.47480375399911,
        "arachne_runtime": 35708.46240121532,
        "bq": 148.0869598388672,
        "bq_baseline_runtime": 29591.187000000005,
        "multi_cloud_plan": "aws",
        "percent_diff": 58.48736187109953,
        "profiling_cost": 212.74952232162573,
        "profiling_runtime": 75737.7676263187
    },
    "web_returns": {
        "arachne": 60.1312165617849,
        "arachne_runtime": 33790.830417136065,
        "bq": 129.6531524658203,
        "bq_baseline_runtime": 27105.24,
        "multi_cloud_plan": "aws",
        "percent_diff": 53.6214774433372,
        "profiling_cost": 192.47334370476057,