{
    "call_center": {
        "arachne": 32.859840869903564,
        "arachne_runtime": 29449.217,
        "bq": 32.859840869903564,
        "bq_baseline_runtime": 29449.217,
        "multi_cloud_plan": "gcp",
        "percent_diff": 0.0,
        "profiling_cost": 97.36487156034016,
        "profiling_runtime": 75079.86038848132
    },
    "catalog_page": {
        "arachne": 31.03767466545105,
        "arachne_runtime": 29104.663000000008,
        "bq": 31.03767466545105,
        "bq_baseline_runtime": 29104.663000000008,
        "multi_cloud_plan": "gcp",
        "percent_diff": 0.0,
        "profiling_cost": 95.67731241754132,
        "profiling_runtime": 75176.80913107359
    },
    "catalog_returns": {
        "arachne": 27.185323476791382,
        "arachne_runtime": 20833.994,
        "bq": 27.185323476791382,
        "bq_baseline_runtime": 20833.994,
        "multi_cloud_plan": "gcp",
        "percent_diff": 0.0,
        "profiling_cost": 88.54722298980295,
        "profiling_runtime": 61310.47553901752
    },
    "catalog_sales": {
        "arachne": 14.53734040260315,
        "arachne_runtime": 12311.433,
        "bq": 14.53734040260315,
        "bq_baseline_runtime": 12311.433,
        "multi_cloud_plan": "gcp",
        "percent_diff": 0.0,
        "profiling_cost": 56.94298185181981,
        "profiling_runtime": 37778.68003044118
    },
    "customer": {
        "arachne": 25.99637770652771,
        "arachne_runtime": 23349.041,
        "bq": 25.99637770652771,
        "bq_baseline_runtime": 23349.041,
        "multi_cloud_plan": "gcp",
        "percent_diff": 0.0,
        "profiling_cost": 87.30647209788113,
        "profiling_runtime": 58853.41535199274
    },
    "customer_address": {
        "arachne": 26.871885061264038,
        "arachne_runtime": 23769.817,
        "bq": 26.871885061264038,
        "bq_baseline_runtime": 23769.817,
        "multi_cloud_plan": "gcp",
        "percent_diff": 0.0,
        "profiling_cost": 90.29728357576481,
        "profiling_runtime": 65961.46608809539
    },
    "customer_demographics": {
        "arachne": 29.003734588623047,
        "arachne_runtime": 21214.163000000004,
        "bq": 29.003734588623047,
        "bq_baseline_runtime": 21214.163000000004,
        "multi_cloud_plan": "gcp",
        "percent_diff": 0.0,
        "profiling_cost": 92.61295258842827,
        "profiling_runtime": 63915.61898615148
    },
    "date_dim": {
        "arachne": 3.7115585803985596,
        "arachne_runtime": 2806.4669999999996,
        "bq": 3.7115585803985596,
        "bq_baseline_runtime": 2806.4669999999996,
        "multi_cloud_plan": "gcp",
        "percent_diff": 0.0,
        "profiling_cost": 60.70273678920625,
        "profiling_runtime": 23830.255190101274
    },
    "household_demographics": {
        "arachne": 29.560726642608643,
        "arachne_runtime": 21505.64,
        "bq": 29.560726642608643,
        "bq_baseline_runtime": 21505.64,
        "multi_cloud_plan": "gcp",
        "percent_diff": 0.0,
        "profiling_cost": 93.2568979913315,
        "profiling_runtime": 64487.30382786353
    },
    "income_band": {
        "arachne": 32.34671330451965,
        "arachne_runtime": 29432.815000000002,
        "bq": 32.34671330451965,
        "bq_baseline_runtime": 29432.815000000002,
        "multi_cloud_plan": "gcp",
        "percent_diff": 0.0,
        "profiling_cost": 96.93947103399547,
        "profiling_runtime": 75350.75816633696
    },
    "inventory": {
        "arachne": 32.72633647918701,
        "arachne_runtime": 23872.070999999996,
        "bq": 32.72633647918701,
        "bq_baseline_runtime": 23872.070999999996,
        "multi_cloud_plan": "gcp",
        "percent_diff": 0.0,
        "profiling_cost": 96.09394635684643,
        "profiling_runtime": 67807.0568211265
    },
    "item": {
        "arachne": 12.301039218902588,
        "arachne_runtime": 11228.742000000004,
        "bq": 12.301039218902588,
        "bq_baseline_runtime": 11228.742000000004,
        "multi_cloud_plan": "gcp",
        "percent_diff": 0.0,
        "profiling_cost": 72.45739945942098,
        "profiling_runtime": 42631.39600513868
    },
    "promotion": {
        "arachne": 29.947139024734497,
        "arachne_runtime": 22579.33700000001,
        "bq": 29.947139024734497,
        "bq_baseline_runtime": 22579.33700000001,
        "multi_cloud_plan": "gcp",
        "percent_diff": 0.0,
        "profiling_cost": 93.94837179727784,
        "profiling_runtime": 66560.08396606258
    },
    "reason": {
        "arachne": 32.20480418205261,
        "arachne_runtime": 29149.644,
        "bq": 32.20480418205261,
        "bq_baseline_runtime": 29149.644,
        "multi_cloud_plan": "gcp",
        "percent_diff": 0.0,
        "profiling_cost": 96.51633750428026,
        "profiling_runtime": 74146.58618528645
    },
    "ship_mode": {
        "arachne": 33.01585412025452,
        "arachne_runtime": 29704.262,
        "bq": 33.01585412025452,
        "bq_baseline_runtime": 29704.262,
        "multi_cloud_plan": "gcp",
        "percent_diff": 0.0,
        "profiling_cost": 97.66470404545703,
        "profiling_runtime": 75805.90570800229
    },
    "store": {
        "arachne": 19.025420427322388,
        "arachne_runtime": 19434.616000000005,
        "bq": 19.025420427322388,
        "bq_baseline_runtime": 19434.616000000005,
        "multi_cloud_plan": "gcp",
        "percent_diff": 0.0,
        "profiling_cost": 81.27324914334461,
        "profiling_runtime": 57673.027230197185
    },
    "store_returns": {
        "arachne": 25.956111431121826,
        "arachne_runtime": 24971.006999999998,
        "bq": 25.956111431121826,
        "bq_baseline_runtime": 24971.006999999998,
        "multi_cloud_plan": "gcp",
        "percent_diff": 0.0,
        "profiling_cost": 86.54135134062841,
        "profiling_runtime": 66001.60903372781
    },
    "store_sales": {
        "arachne": 3.295799732208252,
        "arachne_runtime": 8720.065,
        "bq": 3.295799732208252,
        "bq_baseline_runtime": 8720.065,
        "multi_cloud_plan": "gcp",
        "percent_diff": 0.0,
        "profiling_cost": 37.37718785722077,
        "profiling_runtime": 23601.782073100618
    },
    "time_dim": {
        "arachne": 31.900821924209595,
        "arachne_runtime": 28742.781000000003,
        "bq": 31.900821924209595,
        "bq_baseline_runtime": 28742.781000000003,
        "multi_cloud_plan": "gcp",
        "percent_diff": 0.0,
        "profiling_cost": 96.46229872458004,
        "profiling_runtime": 74558.75989743375
    },
    "warehouse": {
        "arachne": 32.41450023651123,
        "arachne_runtime": 23665.579000000005,
        "bq": 32.41450023651123,
        "bq_baseline_runtime": 23665.579000000005,
        "multi_cloud_plan": "gcp",
        "percent_diff": 0.0,
        "profiling_cost": 96.42587437451981,
        "profiling_runtime": 67679.50959354371
    },
    "web_page": {
        "arachne": 32.3940224647522,
        "arachne_runtime": 29591.187,
        "bq": 32.3940224647522,
        "bq_baseline_runtime": 29591.187,
        "multi_cloud_plan": "gcp",
        "percent_diff": 0.0,
        "profiling_cost": 97.05658494751079,
        "profiling_runtime": 75737.76762631867
    },
    "web_returns": {
        "arachne": 28.361627101898193,
        "arachne_runtime": 27105.24,
        "bq": 28.361627101898193,
        "bq_baseline_runtime": 27105.24,
        "multi_cloud_plan": "gcp",
        "percent_diff": 0.0,
        "profiling_cost": 91.18181834083843,
        "profiling_runtime": 69701.56819950674
    },
    "web_sales": {
        "arachne": 16.86079478263855,
        "arachne_runtime": 19348.59899999999,
        "bq": 16.86079478263855,
        "bq_baseline_runtime": 19348.59899999999,
        "multi_cloud_plan": "gcp",
        "percent_diff": 0.0,
        "profiling_cost": 68.41512273644044,
        "profiling_runtime": 49018.128119926965
    },
    "web_site": {
        "arachne": 30.778953790664673,