{
    "call_center": {
        "arachne": 69.74156731767974,
        "arachne_runtime": 35243.20573469564,
        "bq": 93.8852596282959,
        "bq_baseline_runtime": 29449.217000000004,
        "multi_cloud_plan": "aws",
        "percent_diff": 25.716169296654467,
        "profiling_cost": 166.79918207837767,
        "profiling_runtime": 75079.86038848135
    },
    "catalog_page": {
        "arachne": 69.8257967493782,
        "arachne_runtime": 35519.83359482825,
        "bq": 88.67907047271729,
        "bq_baseline_runtime": 29104.663,
        "multi_cloud_plan": "aws",
        "percent_diff": 21.26011653351669,
        "profiling_cost": 161.72756614287266,
        "profiling_runtime": 75176.80913107358
    },
    "catalog_returns": {
        "arachne": 66.81066531883886,
        "arachne_runtime": 32191.5600579147,
        "bq": 77.67235279083252,
        "bq_baseline_runtime": 20833.994,
        "multi_cloud_plan": "multi",
        "percent_diff": 13.983981534901618,
        "profiling_cost": 147.18294849377662,
        "profiling_runtime": 61310.47553901753
    },
    "catalog_sales": {
        "arachne": 37.17625203017601,
        "arachne_runtime": 17638.524528735903,
        "bq": 41.535258293151855,
        "bq_baseline_runtime": 12311.432999999997,
        "multi_cloud_plan": "multi",
        "percent_diff": 10.49471326796718,
        "profiling_cost": 89.70367683581252,
        "profiling_runtime": 37778.680030441195
    },
    "customer": {
        "arachne": 67.53567066068501,
        "arachne_runtime": 28411.774179855693,
        "bq": 74.27536487579346,
        "bq_baseline_runtime": 23349.041000000005,
        "multi_cloud_plan": "aws",
        "percent_diff": 9.073929460163349,
        "profiling_cost": 143.97728112280745,
        "profiling_runtime": 58853.41535199274
    },
    "customer_address": {
        "arachne": 69.0718870353099,
        "arachne_runtime": 33162.80323300358,
        "bq": 76.7768144607544,
        "bq_baseline_runtime": 23769.817000000006,
        "multi_cloud_plan": "aws",
        "percent_diff": 10.035487249061346,
        "profiling_cost": 148.60620628579238,
        "profiling_runtime": 65961.46608809539
    },
    "customer_demographics": {
        "arachne": 69.36234611504712,
        "arachne_runtime": 34006.62768272018,
        "bq": 82.86781311035156,
        "bq_baseline_runtime": 21214.163000000004,
        "multi_cloud_plan": "aws",
        "percent_diff": 16.29760275840728,
        "profiling_cost": 154.88569145054052,
        "profiling_runtime": 63915.61898615147
    },
    "date_dim": {
        "arachne": 10.604453086853027,
        "arachne_runtime": 2806.4669999999996,
        "bq": 10.604453086853027,
        "bq_baseline_runtime": 2806.4669999999996,
        "multi_cloud_plan": "gcp",
        "percent_diff": 0.0,
        "profiling_cost": 76.00448339010981,
        "profiling_runtime": 23830.255190101274
    },
    "household_demographics": {
        "arachne": 69.41948070376444,
        "arachne_runtime": 34188.426655880976,
        "bq": 84.45921897888184,
        "bq_baseline_runtime": 21505.640000000007,
        "multi_cloud_plan": "aws",
        "percent_diff": 17.80710081971979,
        "profiling_cost": 156.5642815760469,
        "profiling_runtime": 64487.303827863514
    },
    "income_band": {
        "arachne": 69.78114606329947,
        "arachne_runtime": 35372.820727423634,
        "bq": 92.41918087005615,
        "bq_baseline_runtime": 29432.815,
        "multi_cloud_plan": "aws",
        "percent_diff": 24.49495288059993,
        "profiling_cost": 165.42083054125075,
        "profiling_runtime": 75350.75816633698
    },
    "inventory": {
        "arachne": 68.84150820930658,
        "arachne_runtime": 34659.920544021166,
        "bq": 93.50381851196289,
        "bq_baseline_runtime": 23872.070999999996,
        "multi_cloud_plan": "aws",
        "percent_diff": 26.375725286022423,
        "profiling_cost": 165.17760600859157,
        "profiling_runtime": 67807.05682112648
    },
    "item": {
        "arachne": 35.14582633972168,
        "arachne_runtime": 11228.742000000004,
        "bq": 35.14582633972168,
        "bq_baseline_runtime": 11228.742000000004,
        "multi_cloud_plan": "gcp",
        "percent_diff": 0.0,
        "profiling_cost": 103.71038056592951,
        "profiling_runtime": 42631.396005138675
    },
    "promotion": {
        "arachne": 69.5259104544273,
        "arachne_runtime": 34536.96682827953,
        "bq": 85.56325435638428,
        "bq_baseline_runtime": 22579.336999999992,
        "multi_cloud_plan": "aws",
        "percent_diff": 18.743260787111883,
        "profiling_cost": 157.97337755316806,
        "profiling_runtime": 66560.0839660626
    },
    "reason": {
        "arachne": 69.76278410635936,
        "arachne_runtime": 35312.68631017009,
        "bq": 92.01372623443604,
        "bq_baseline_runtime": 29149.643999999997,
        "multi_cloud_plan": "aws",
        "percent_diff": 24.182198720422303,
        "profiling_cost": 164.73415147964425,
        "profiling_runtime": 74146.58618528646
    },
    "ship_mode": {
        "arachne": 69.92424906081719,
        "arachne_runtime": 35841.47904110547,
        "bq": 94.33101177215576,
        "bq_baseline_runtime": 29704.262000000013,
        "multi_cloud_plan": "aws",
        "percent_diff": 25.873530086044155,
        "profiling_cost": 167.3887536232632,
        "profiling_runtime": 75805.90570800228
    },
    "store": {
        "arachne": 54.358344078063965,
        "arachne_runtime": 19434.616000000005,
        "bq": 54.358344078063965,
        "bq_baseline_runtime": 19434.616000000005,
        "multi_cloud_plan": "gcp",
        "percent_diff": 0.0,
        "profiling_cost": 125.01506276002273,
        "profiling_runtime": 57673.027230197185
    },
    "store_returns": {
        "arachne": 64.81400884616039,
        "arachne_runtime": 36870.83067024386,
        "bq": 74.16031837463379,
        "bq_baseline_runtime": 24971.007000000016,
        "multi_cloud_plan": "multi",
        "percent_diff": 12.602844396188923,
        "profiling_cost": 142.73744779805767,
        "profiling_runtime": 66001.60903372779
    },
    "store_sales": {
        "arachne": 9.416570663452148,
        "arachne_runtime": 8720.065,
        "bq": 9.416570663452148,
        "bq_baseline_runtime": 8720.065,
        "multi_cloud_plan": "gcp",
        "percent_diff": 0.0,
        "profiling_cost": 48.41291684314878,
        "profiling_runtime": 23601.78207310062
    },
    "time_dim": {
        "arachne": 69.86248238924983,
        "arachne_runtime": 35639.753701543304,
        "bq": 91.1452054977417,
        "bq_baseline_runtime": 28742.781000000003,
        "multi_cloud_plan": "aws",
        "percent_diff": 23.35034848214719,
        "profiling_cost": 164.1155499575319,
        "profiling_runtime": 74558.75989743373
    },
    "warehouse": {
        "arachne": 69.13133168681645,
        "arachne_runtime": 34760.799596076904,
        "bq": 92.61285781860352,
        "bq_baseline_runtime": 23665.579,
        "multi_cloud_plan": "multi",
        "percent_diff": 25.35449902407637,
        "profiling_cost": 165.03312385042366,
        "profiling_runtime": 67679.50959354368
    },
    "web_page": {
        "arachne": 69.88362270139258,
        "arachne_runtime": 35708.46240121532,
        "bq": 92.55434989929199,
        "bq_baseline_runtime": 29591.187000000005,
        "multi_cloud_plan": "aws",
        "percent_diff": 24.494502119638177,
        "profiling_cost": 165.62580285501772,
        "profiling_runtime": 75737.7676263187
    },
    "web_returns": {
        "arachne": 68.4142915090266,
        "arachne_runtime": 33790.830417136065,
        "bq": 81.0332202911377,
        "bq_baseline_runtime": 27105.240000000005,
        "multi_cloud_plan": "aws",
        "percent_diff": 15.572537703393213,
        "profiling_cost": 152.13659203679165,
        "profiling_runtime": 69701.56819950673
    },