{
    "call_center": {
        "arachne": 93.8852596282959,
        "arachne_runtime": 29449.217,
        "bq": 93.8852596282959,
        "bq_baseline_runtime": 29449.217,
        "multi_cloud_plan": "gcp",
        "percent_diff": 0.0,
        "profiling_cost": 192.0258573573133,
        "profiling_runtime": 75079.86038848132
    },
    "catalog_page": {
        "arachne": 88.67907047271729,
        "arachne_runtime": 29104.662999999997,
        "bq": 88.67907047271729,
        "bq_baseline_runtime": 29104.662999999997,
        "multi_cloud_plan": "gcp",
        "percent_diff": 0.0,
        "profiling_cost": 186.95413989706773,
        "profiling_runtime": 75176.80913107359
    },
    "catalog_returns": {
        "arachne": 77.67235279083252,
        "arachne_runtime": 20833.994000000002,
        "bq": 77.67235279083252,
        "bq_baseline_runtime": 20833.994000000002,
        "multi_cloud_plan": "gcp",
        "percent_diff": 0.0,
        "profiling_cost": 171.62903706357423,
        "profiling_runtime": 61310.47553901752
    },
    "catalog_sales": {
        "arachne": 41.535258293151855,
        "arachne_runtime": 12311.433000000003,
        "bq": 41.535258293151855,
        "bq_baseline_runtime": 12311.433000000003,
        "multi_cloud_plan": "gcp",
        "percent_diff": 0.0,
        "profiling_cost": 106.99200811614458,
        "profiling_runtime": 37778.68003044119
    },
    "customer": {
        "arachne": 74.27536487579346,
        "arachne_runtime": 23349.041000000005,
        "bq": 74.27536487579346,
        "bq_baseline_runtime": 23349.041000000005,
        "multi_cloud_plan": "gcp",
        "percent_diff": 0.0,
        "profiling_cost": 169.152746689789,
        "profiling_runtime": 58853.41535199275
    },
    "customer_address": {
        "arachne": 76.7768144607544,
        "arachne_runtime": 23769.817000000006,
        "bq": 76.7768144607544,
        "bq_baseline_runtime": 23769.817000000006,
        "multi_cloud_plan": "gcp",
        "percent_diff": 0.0,
        "profiling_cost": 173.818186217404,
        "profiling_runtime": 65961.46608809539
    },
    "customer_demographics": {
        "arachne": 82.86781311035156,
        "arachne_runtime": 21214.162999999997,
        "bq": 82.86781311035156,
        "bq_baseline_runtime": 21214.162999999997,
        "multi_cloud_plan": "gcp",
        "percent_diff": 0.0,
        "profiling_cost": 180.11167247169138,
        "profiling_runtime": 63915.61898615149
    },
    "date_dim": {
        "arachne": 10.604453086853027,
        "arachne_runtime": 2806.4669999999996,
        "bq": 10.604453086853027,
        "bq_baseline_runtime": 2806.4669999999996,
        "multi_cloud_plan": "gcp",
        "percent_diff": 0.0,
        "profiling_cost": 101.23103967345713,
        "profiling_runtime": 23830.255190101274
    },
    "household_demographics": {
        "arachne": 84.45921897888184,
        "arachne_runtime": 21505.64,
        "bq": 84.45921897888184,
        "bq_baseline_runtime": 21505.64,
        "multi_cloud_plan": "gcp",
        "percent_diff": 0.0,
        "profiling_cost": 181.79095532137364,
        "profiling_runtime": 64487.30382786352
    },
    "income_band": {
        "arachne": 92.41918087005615,
        "arachne_runtime": 29432.81500000001,
        "bq": 92.41918087005615,
        "bq_baseline_runtime": 29432.81500000001,
        "multi_cloud_plan": "gcp",
        "percent_diff": 0.0,
        "profiling_cost": 190.64750636640701,
        "profiling_runtime": 75350.75816633695
    },
    "inventory": {
        "arachne": 93.50381851196289,
        "arachne_runtime": 23872.070999999996,
        "bq": 93.50381851196289,
        "bq_baseline_runtime": 23872.070999999996,
        "multi_cloud_plan": "gcp",
        "percent_diff": 0.0,
        "profiling_cost": 190.09613886549928,
        "profiling_runtime": 67807.05682112646
    },
    "item": {
        "arachne": 35.14582633972168,
        "arachne_runtime": 11228.741999999998,
        "bq": 35.14582633972168,
        "bq_baseline_runtime": 11228.741999999998,
        "multi_cloud_plan": "gcp",
        "percent_diff": 0.0,
        "profiling_cost": 128.93496252299784,
        "profiling_runtime": 42631.39600513868
    },
    "promotion": {
        "arachne": 85.56325435638428,
        "arachne_runtime": 22579.337000000007,
        "bq": 85.56325435638428,
        "bq_baseline_runtime": 22579.337000000007,
        "multi_cloud_plan": "gcp",
        "percent_diff": 0.0,
        "profiling_cost": 183.20004882588918,
        "profiling_runtime": 66560.08396606255
    },
    "reason": {
        "arachne": 92.01372623443604,
        "arachne_runtime": 29149.644,
        "bq": 92.01372623443604,
        "bq_baseline_runtime": 29149.644,
        "multi_cloud_plan": "gcp",
        "percent_diff": 0.0,
        "profiling_cost": 189.96082724858584,
        "profiling_runtime": 74146.58618528643
    },
    "ship_mode": {
        "arachne": 94.33101177215576,
        "arachne_runtime": 29704.262000000002,
        "bq": 94.33101177215576,
        "bq_baseline_runtime": 29704.262000000002,
        "multi_cloud_plan": "gcp",
        "percent_diff": 0.0,
        "profiling_cost": 192.61542940097786,
        "profiling_runtime": 75805.90570800229
    },
    "store": {
        "arachne": 54.358344078063965,
        "arachne_runtime": 19434.616000000005,
        "bq": 54.358344078063965,
        "bq_baseline_runtime": 19434.616000000005,
        "multi_cloud_plan": "gcp",
        "percent_diff": 0.0,
        "profiling_cost": 150.2417326578324,
        "profiling_runtime": 57673.027230197185
    },
    "store_returns": {
        "arachne": 74.16031837463379,
        "arachne_runtime": 24971.007,
        "bq": 74.16031837463379,
        "bq_baseline_runtime": 24971.007,
        "multi_cloud_plan": "gcp",
        "percent_diff": 0.0,
        "profiling_cost": 166.71311633980946,
        "profiling_runtime": 66001.6090337278
    },
    "store_sales": {
        "arachne": 9.416570663452148,
        "arachne_runtime": 8720.065,
        "bq": 9.416570663452148,
        "bq_baseline_runtime": 8720.065,
        "multi_cloud_plan": "gcp",
        "percent_diff": 0.0,
        "profiling_cost": 63.157791007201084,
        "profiling_runtime": 23601.78207310062
    },
    "time_dim": {
        "arachne": 91.1452054977417,
        "arachne_runtime": 28742.78099999999,
        "bq": 91.1452054977417,
        "bq_baseline_runtime": 28742.78099999999,
        "multi_cloud_plan": "gcp",
        "percent_diff": 0.0,
        "profiling_cost": 189.34215293579126,
        "profiling_runtime": 74558.75989743375
    },
    "warehouse": {
        "arachne": 92.61285781860352,
        "arachne_runtime": 23665.579000000012,
        "bq": 92.61285781860352,
        "bq_baseline_runtime": 23665.579000000012,
        "multi_cloud_plan": "gcp",
        "percent_diff": 0.0,
        "profiling_cost": 190.25979953185825,
        "profiling_runtime": 67679.50959354365
    },
    "web_page": {
        "arachne": 92.55434989929199,
        "arachne_runtime": 29591.186999999987,
        "bq": 92.55434989929199,
        "bq_baseline_runtime": 29591.186999999987,
        "multi_cloud_plan": "gcp",
        "percent_diff": 0.0,
        "profiling_cost": 190.8524742739193,
        "profiling_runtime": 75737.7676263187
    },
    "web_returns": {
        "arachne": 81.0332202911377,
        "arachne_runtime": 27105.240000000005,
        "bq": 81.0332202911377,
        "bq_baseline_runtime": 27105.240000000005,
        "multi_cloud_plan": "gcp",
        "percent_diff": 0.0,
        "profiling_cost": 176.98613355693277,
        "profiling_runtime": 69701.56819950671
    },
    "web_sales": {
        "arachne": 48.173699378967285,
        "arachne_runtime": 19348.59899999999,
        "bq": 48.173699378967285,
        "bq_baseline_runtime": 19348.59899999999,
        "multi_cloud_plan": "gcp",
        "percent_diff": 0.0,
        "profiling_cost": 128.0027291518165,