{
    "call_center": {
        "arachne": 61.33263979524768,
        "arachne_runtime": 35243.20573469564,
        "bq": 65.71968173980713,
        "bq_baseline_runtime": 29449.21700000001,
        "multi_cloud_plan": "aws",
        "percent_diff": 6.675385255102613,
        "profiling_cost": 130.22471243024376,
        "profiling_runtime": 75079.86038848133
    },
    "catalog_page": {
        "arachne": 61.416903068526295,
        "arachne_runtime": 35519.83359482825,
        "bq": 62.0753493309021,
        "bq_baseline_runtime": 29104.663,
        "multi_cloud_plan": "aws",
        "percent_diff": 1.0607209938777087,
        "profiling_cost": 126.71498708299234,
        "profiling_runtime": 75176.80913107358
    },
    "catalog_returns": {
        "arachne": 54.370646953582764,
        "arachne_runtime": 20833.994000000002,
        "bq": 54.370646953582764,
        "bq_baseline_runtime": 20833.994000000002,
        "multi_cloud_plan": "gcp",
        "percent_diff": 0.0,
        "profiling_cost": 115.73254646659434,
        "profiling_runtime": 61310.47553901753
    },
    "catalog_sales": {
        "arachne": 29.0746808052063,
        "arachne_runtime": 12311.432999999997,
        "bq": 29.0746808052063,
        "bq_baseline_runtime": 12311.432999999997,
        "multi_cloud_plan": "gcp",
        "percent_diff": 0.0,
        "profiling_cost": 71.48032225442294,
        "profiling_runtime": 37778.68003044119
    },
    "customer": {
        "arachne": 51.99275541305542,
        "arachne_runtime": 23349.040999999997,
        "bq": 51.99275541305542,
        "bq_baseline_runtime": 23349.040999999997,
        "multi_cloud_plan": "gcp",
        "percent_diff": 0.0,
        "profiling_cost": 113.30284980440885,
        "profiling_runtime": 58853.41535199274
    },
    "customer_address": {
        "arachne": 53.743770122528076,
        "arachne_runtime": 23769.817000000006,
        "bq": 53.743770122528076,
        "bq_baseline_runtime": 23769.817000000006,
        "multi_cloud_plan": "gcp",
        "percent_diff": 0.0,
        "profiling_cost": 117.16916863702882,
        "profiling_runtime": 65961.4660880954
    },
    "customer_demographics": {
        "arachne": 58.007469177246094,
        "arachne_runtime": 21214.163000000004,
        "bq": 58.007469177246094,
        "bq_baseline_runtime": 21214.163000000004,
        "multi_cloud_plan": "gcp",
        "percent_diff": 0.0,
        "profiling_cost": 121.6166871770513,
        "profiling_runtime": 63915.618986151465
    },
    "date_dim": {
        "arachne": 7.423117160797119,
        "arachne_runtime": 2806.4669999999996,
        "bq": 7.423117160797119,
        "bq_baseline_runtime": 2806.4669999999996,
        "multi_cloud_plan": "gcp",
        "percent_diff": 0.0,
        "profiling_cost": 64.41429536960482,
        "profiling_runtime": 23830.25519010127
    },
    "household_demographics": {
        "arachne": 59.121453285217285,
        "arachne_runtime": 21505.640000000007,
        "bq": 59.121453285217285,
        "bq_baseline_runtime": 21505.640000000007,
        "multi_cloud_plan": "gcp",
        "percent_diff": 0.0,
        "profiling_cost": 122.81762463394013,
        "profiling_runtime": 64487.303827863536
    },
    "income_band": {
        "arachne": 61.37221835879382,
        "arachne_runtime": 35372.820727423634,
        "bq": 64.6934266090393,
        "bq_baseline_runtime": 29432.815000000002,
        "multi_cloud_plan": "aws",
        "percent_diff": 5.133764625448711,
        "profiling_cost": 129.28618433851514,
        "profiling_runtime": 75350.75816633695
    },
    "inventory": {
        "arachne": 60.53529482755048,
        "arachne_runtime": 34659.920544021166,
        "bq": 65.45267295837402,
        "bq_baseline_runtime": 23872.071000000007,
        "multi_cloud_plan": "aws",
        "percent_diff": 7.512875958405628,
        "profiling_cost": 128.82028283603344,
        "profiling_runtime": 67807.05682112649
    },
    "item": {
        "arachne": 24.602078437805176,
        "arachne_runtime": 11228.742,
        "bq": 24.602078437805176,
        "bq_baseline_runtime": 11228.742,
        "multi_cloud_plan": "gcp",
        "percent_diff": 0.0,
        "profiling_cost": 84.75843867832356,
        "profiling_runtime": 42631.396005138675
    },
    "promotion": {
        "arachne": 59.894278049468994,
        "arachne_runtime": 22579.336999999996,
        "bq": 59.894278049468994,
        "bq_baseline_runtime": 22579.336999999996,
        "multi_cloud_plan": "gcp",
        "percent_diff": 0.0,
        "profiling_cost": 123.89551082201233,
        "profiling_runtime": 66560.08396606261
    },
    "reason": {
        "arachne": 61.35385642059194,
        "arachne_runtime": 35312.68631017009,
        "bq": 64.40960836410522,
        "bq_baseline_runtime": 29149.644000000008,
        "multi_cloud_plan": "aws",
        "percent_diff": 4.74424860067341,
        "profiling_cost": 128.72114168633286,
        "profiling_runtime": 74146.58618528643
    },
    "ship_mode": {
        "arachne": 61.51532137212542,
        "arachne_runtime": 35841.47904110547,
        "bq": 66.03170824050903,
        "bq_baseline_runtime": 29704.261999999995,
        "multi_cloud_plan": "aws",
        "percent_diff": 6.8397244122981915,
        "profiling_cost": 130.6805581657116,
        "profiling_runtime": 75805.90570800229
    },
    "store": {
        "arachne": 38.050840854644775,
        "arachne_runtime": 19434.615999999998,
        "bq": 38.050840854644775,
        "bq_baseline_runtime": 19434.615999999998,
        "multi_cloud_plan": "gcp",
        "percent_diff": 0.0,
        "profiling_cost": 100.298669570667,
        "profiling_runtime": 57673.027230197185
    },
    "store_returns": {
        "arachne": 51.91222286224365,
        "arachne_runtime": 24971.00700000001,
        "bq": 51.91222286224365,
        "bq_baseline_runtime": 24971.00700000001,
        "multi_cloud_plan": "gcp",
        "percent_diff": 0.0,
        "profiling_cost": 112.49746277175026,
        "profiling_runtime": 66001.60903372781
    },
    "store_sales": {
        "arachne": 6.591599464416504,
        "arachne_runtime": 8720.065000000002,
        "bq": 6.591599464416504,
        "bq_baseline_runtime": 8720.065000000002,
        "multi_cloud_plan": "gcp",
        "percent_diff": 0.0,
        "profiling_cost": 40.67298758942902,
        "profiling_runtime": 23601.78207310062
    },
    "time_dim": {
        "arachne": 61.453578967043185,
        "arachne_runtime": 35639.753701543304,
        "bq": 63.80164384841919,
        "bq_baseline_runtime": 28742.781000000003,
        "multi_cloud_plan": "aws",
        "percent_diff": 3.680257654418072,
        "profiling_cost": 128.36312064878965,
        "profiling_runtime": 74558.75989743373
    },
    "warehouse": {
        "arachne": 60.72742876066948,
        "arachne_runtime": 34760.799596076904,
        "bq": 64.82900047302246,
        "bq_baseline_runtime": 23665.579,
        "multi_cloud_plan": "multi",
        "percent_diff": 6.326754511755555,
        "profiling_cost": 128.84037461103108,
        "profiling_runtime": 67679.50959354371
    },
    "web_page": {
        "arachne": 61.47469646563851,
        "arachne_runtime": 35708.46240121532,
        "bq": 64.7880449295044,
        "bq_baseline_runtime": 29591.186999999994,
        "multi_cloud_plan": "aws",
        "percent_diff": 5.1141355900940155,
        "profiling_cost": 129.45060741226297,
        "profiling_runtime": 75737.76762631869
    },
    "web_returns": {
        "arachne": 56.72325420379639,
        "arachne_runtime": 27105.240000000016,
        "bq": 56.72325420379639,
        "bq_baseline_runtime": 27105.240000000016,
        "multi_cloud_plan": "gcp",
        "percent_diff": 0.0,
        "profiling_cost": 119.54344544273664,
        "profiling_runtime": 69701.56819950674
    },
    "web_sales": {
        "arachne": 33.7215895652771,
        "arachne_runtime": 19348.599,