{
    "call_center": {
        "arachne": 18.77705192565918,
        "arachne_runtime": 29449.21700000002,
        "bq": 18.77705192565918,
        "bq_baseline_runtime": 29449.21700000002,
        "multi_cloud_plan": "gcp",
        "percent_diff": 0.0,
        "profiling_cost": 83.28208261609578,
        "profiling_runtime": 75079.86038848135
    },
    "catalog_page": {
        "arachne": 17.735814094543457,
        "arachne_runtime": 29104.663000000008,
        "bq": 17.735814094543457,
        "bq_baseline_runtime": 29104.663000000008,
        "multi_cloud_plan": "gcp",
        "percent_diff": 0.0,
        "profiling_cost": 82.37545184663372,
        "profiling_runtime": 75176.80913107359
    },
    "catalog_returns": {
        "arachne": 15.534470558166504,
        "arachne_runtime": 20833.994,
        "bq": 15.534470558166504,
        "bq_baseline_runtime": 20833.994,
        "multi_cloud_plan": "gcp",
        "percent_diff": 0.0,
        "profiling_cost": 76.89637007117808,
        "profiling_runtime": 61310.47553901752
    },
    "catalog_sales": {
        "arachne": 8.307051658630371,
        "arachne_runtime": 12311.432999999999,
        "bq": 8.307051658630371,
        "bq_baseline_runtime": 12311.432999999999,
        "multi_cloud_plan": "gcp",
        "percent_diff": 0.0,
        "profiling_cost": 50.712693107847024,
        "profiling_runtime": 37778.68003044119
    },
    "customer": {
        "arachne": 14.855072975158691,
        "arachne_runtime": 23349.041,
        "bq": 14.855072975158691,
        "bq_baseline_runtime": 23349.041,
        "multi_cloud_plan": "gcp",
        "percent_diff": 0.0,
        "profiling_cost": 76.16516736651211,
        "profiling_runtime": 58853.415351992735
    },
    "customer_address": {
        "arachne": 15.355362892150879,
        "arachne_runtime": 23769.817000000003,
        "bq": 15.355362892150879,
        "bq_baseline_runtime": 23769.817000000003,
        "multi_cloud_plan": "gcp",
        "percent_diff": 0.0,
        "profiling_cost": 78.78076140665164,
        "profiling_runtime": 65961.46608809542
    },
    "customer_demographics": {
        "arachne": 16.573562622070312,
        "arachne_runtime": 21214.163,
        "bq": 16.573562622070312,
        "bq_baseline_runtime": 21214.163,
        "multi_cloud_plan": "gcp",
        "percent_diff": 0.0,
        "profiling_cost": 80.18278062187552,
        "profiling_runtime": 63915.61898615146
    },
    "date_dim": {
        "arachne": 2.1208906173706055,
        "arachne_runtime": 2806.467,
        "bq": 2.1208906173706055,
        "bq_baseline_runtime": 2806.467,
        "multi_cloud_plan": "gcp",
        "percent_diff": 0.0,
        "profiling_cost": 59.112068826178295,
        "profiling_runtime": 23830.255190101274
    },
    "household_demographics": {
        "arachne": 16.891843795776367,
        "arachne_runtime": 21505.640000000003,
        "bq": 16.891843795776367,
        "bq_baseline_runtime": 21505.640000000003,
        "multi_cloud_plan": "gcp",
        "percent_diff": 0.0,
        "profiling_cost": 80.58801514449921,
        "profiling_runtime": 64487.303827863514
    },
    "income_band": {
        "arachne": 18.48383617401123,
        "arachne_runtime": 29432.815000000002,
        "bq": 18.48383617401123,
        "bq_baseline_runtime": 29432.815000000002,
        "multi_cloud_plan": "gcp",
        "percent_diff": 0.0,
        "profiling_cost": 83.07659390348705,
        "profiling_runtime": 75350.75816633698
    },
    "inventory": {
        "arachne": 18.700763702392578,
        "arachne_runtime": 23872.070999999993,
        "bq": 18.700763702392578,
        "bq_baseline_runtime": 23872.070999999993,
        "multi_cloud_plan": "gcp",
        "percent_diff": 0.0,
        "profiling_cost": 82.06837358005198,
        "profiling_runtime": 67807.05682112649
    },
    "item": {
        "arachne": 7.029165267944336,
        "arachne_runtime": 11228.742,
        "bq": 7.029165267944336,
        "bq_baseline_runtime": 11228.742,
        "multi_cloud_plan": "gcp",
        "percent_diff": 0.0,
        "profiling_cost": 67.18552550846275,
        "profiling_runtime": 42631.396005138675
    },
    "promotion": {
        "arachne": 17.112650871276855,
        "arachne_runtime": 22579.337,
        "bq": 17.112650871276855,
        "bq_baseline_runtime": 22579.337,
        "multi_cloud_plan": "gcp",
        "percent_diff": 0.0,
        "profiling_cost": 81.1138836438202,
        "profiling_runtime": 66560.08396606258
    },
    "reason": {
        "arachne": 18.402745246887207,
        "arachne_runtime": 29149.644000000004,
        "bq": 18.402745246887207,
        "bq_baseline_runtime": 29149.644000000004,
        "multi_cloud_plan": "gcp",
        "percent_diff": 0.0,
        "profiling_cost": 82.71427856911485,
        "profiling_runtime": 74146.58618528643
    },
    "ship_mode": {
        "arachne": 18.866202354431152,
        "arachne_runtime": 29704.262,
        "bq": 18.866202354431152,
        "bq_baseline_runtime": 29704.262,
        "multi_cloud_plan": "gcp",
        "percent_diff": 0.0,
        "profiling_cost": 83.51505227963366,
        "profiling_runtime": 75805.90570800228
    },
    "store": {
        "arachne": 10.871668815612793,
        "arachne_runtime": 19434.616000000013,
        "bq": 10.871668815612793,
        "bq_baseline_runtime": 19434.616000000013,
        "multi_cloud_plan": "gcp",
        "percent_diff": 0.0,
        "profiling_cost": 73.119497531635,
        "profiling_runtime": 57673.02723019716
    },
    "store_returns": {
        "arachne": 14.832063674926758,
        "arachne_runtime": 24971.006999999998,
        "bq": 14.832063674926758,
        "bq_baseline_runtime": 24971.006999999998,
        "multi_cloud_plan": "gcp",
        "percent_diff": 0.0,
        "profiling_cost": 75.41730358443336,
        "profiling_runtime": 66001.60903372781
    },
    "store_sales": {
        "arachne": 1.8833141326904297,
        "arachne_runtime": 8720.064999999999,
        "bq": 1.8833141326904297,
        "bq_baseline_runtime": 8720.064999999999,
        "multi_cloud_plan": "gcp",
        "percent_diff": 0.0,
        "profiling_cost": 35.964702257702946,
        "profiling_runtime": 23601.782073100618
    },
    "time_dim": {
        "arachne": 18.22904109954834,
        "arachne_runtime": 28742.781000000006,
        "bq": 18.22904109954834,
        "bq_baseline_runtime": 28742.781000000006,
        "multi_cloud_plan": "gcp",
        "percent_diff": 0.0,
        "profiling_cost": 82.79051789991878,
        "profiling_runtime": 74558.75989743372
    },
    "warehouse": {
        "arachne": 18.522571563720703,
        "arachne_runtime": 23665.57900000001,
        "bq": 18.522571563720703,
        "bq_baseline_runtime": 23665.57900000001,
        "multi_cloud_plan": "gcp",
        "percent_diff": 0.0,
        "profiling_cost": 82.5339457017293,
        "profiling_runtime": 67679.50959354368
    },
    "web_page": {
        "arachne": 18.5108699798584,
        "arachne_runtime": 29591.187000000005,
        "bq": 18.5108699798584,
        "bq_baseline_runtime": 29591.187000000005,
        "multi_cloud_plan": "gcp",
        "percent_diff": 0.0,
        "profiling_cost": 83.17343246261697,
        "profiling_runtime": 75737.76762631867
    },
    "web_returns": {
        "arachne": 16.20664405822754,
        "arachne_runtime": 27105.24,
        "bq": 16.20664405822754,
        "bq_baseline_runtime": 27105.24,
        "multi_cloud_plan": "gcp",
        "percent_diff": 0.0,
        "profiling_cost": 79.0268352971678,
        "profiling_runtime": 69701.56819950673
    },
    "web_sales": {
        "arachne": 9.634739875793457,
        "arachne_runtime": 19348.599000000006,
        "bq": 9.634739875793457,
        "bq_baseline_runtime": 19348.599000000006,
        "multi_cloud_plan": "gcp",
        "percent_diff": 0.0,
        "profiling_cost": 61.18906782959536,
        "profiling_runtime": 49018.12811992697
    },