{
    "call_center": {
        "arachne": 48.71933791856675,
        "arachne_runtime": 35243.20573469564,
        "bq": 93.8852596282959,
        "bq_baseline_runtime": 29449.217000000015,
        "multi_cloud_plan": "aws",
        "percent_diff": 48.10757502141122,
        "profiling_cost": 145.7769526792647,
        "profiling_runtime": 75079.86038848132
    },
    "catalog_page": {
        "arachne": 48.8036519542156,
        "arachne_runtime": 35519.83359482825,
        "bq": 88.67907047271729,
        "bq_baseline_runtime": 29104.663000000008,
        "multi_cloud_plan": "aws",
        "percent_diff": 44.96598611818966,
        "profiling_cost": 140.70542134771003,
        "profiling_runtime": 75176.80913107359
    },
    "catalog_returns": {
        "arachne": 46.65633293287017,
        "arachne_runtime": 32345.73005925152,
        "bq": 77.67235279083252,
        "bq_baseline_runtime": 20833.994000000006,
        "multi_cloud_plan": "aws",
        "percent_diff": 39.93186602894189,
        "profiling_cost": 126.81120801894532,
        "profiling_runtime": 61310.47553901751
    },
    "catalog_sales": {
        "arachne": 28.127214529379167,
        "arachne_runtime": 17638.5245287359,
        "bq": 41.535258293151855,
        "bq_baseline_runtime": 12311.432999999997,
        "multi_cloud_plan": "multi",
        "percent_diff": 32.281113239118454,
        "profiling_cost": 75.29673410220245,
        "profiling_runtime": 37778.68003044119
    },
    "customer": {
        "arachne": 46.55611604714506,
        "arachne_runtime": 28411.774179855693,
        "bq": 74.27536487579346,
        "bq_baseline_runtime": 23349.041,
        "multi_cloud_plan": "aws",
        "percent_diff": 37.319572747978754,
        "profiling_cost": 122.99772648365607,
        "profiling_runtime": 58853.415351992735
    },
    "customer_address": {
        "arachne": 48.0619037845783,
        "arachne_runtime": 33162.80323300358,
        "bq": 76.7768144607544,
        "bq_baseline_runtime": 23769.817,
        "multi_cloud_plan": "aws",
        "percent_diff": 37.4004976344182,
        "profiling_cost": 127.59622300944935,
        "profiling_runtime": 65961.4660880954
    },
    "customer_demographics": {
        "arachne": 48.340695289699354,
        "arachne_runtime": 34006.62768272018,
        "bq": 82.86781311035156,
        "bq_baseline_runtime": 21214.163,
        "multi_cloud_plan": "aws",
        "percent_diff": 41.665293827259454,
        "profiling_cost": 133.8640405995814,
        "profiling_runtime": 63915.61898615147
    },
    "date_dim": {
        "arachne": 10.604453086853027,
        "arachne_runtime": 2806.4669999999996,
        "bq": 10.604453086853027,
        "bq_baseline_runtime": 2806.4669999999996,
        "multi_cloud_plan": "gcp",
        "percent_diff": 0.0,
        "profiling_cost": 54.982353153987056,
        "profiling_runtime": 23830.25519010127
    },
    "household_demographics": {
        "arachne": 48.397252608270215,
        "arachne_runtime": 34188.426655880976,
        "bq": 84.45921897888184,
        "bq_baseline_runtime": 21505.639999999996,
        "multi_cloud_plan": "aws",
        "percent_diff": 42.69748975494143,
        "profiling_cost": 135.54205345494128,
        "profiling_runtime": 64487.303827863536
    },
    "income_band": {
        "arachne": 48.75891620900255,
        "arachne_runtime": 35372.820727423634,
        "bq": 92.41918087005615,
        "bq_baseline_runtime": 29432.815000000017,
        "multi_cloud_plan": "aws",
        "percent_diff": 47.24156203293027,
        "profiling_cost": 144.3986006869539,
        "profiling_runtime": 75350.75816633696
    },
    "inventory": {
        "arachne": 48.076064161883494,
        "arachne_runtime": 34659.920544021166,
        "bq": 93.50381851196289,
        "bq_baseline_runtime": 23872.071000000004,
        "multi_cloud_plan": "aws",
        "percent_diff": 48.58384937965647,
        "profiling_cost": 144.41216196116852,
        "profiling_runtime": 67807.05682112649
    },
    "item": {
        "arachne": 35.14582633972168,
        "arachne_runtime": 11228.742000000002,
        "bq": 35.14582633972168,
        "bq_baseline_runtime": 11228.742000000002,
        "multi_cloud_plan": "gcp",
        "percent_diff": 0.0,
        "profiling_cost": 82.68989560170593,
        "profiling_runtime": 42631.39600513867
    },
    "promotion": {
        "arachne": 48.50368439382634,
        "arachne_runtime": 34536.96682827953,
        "bq": 85.56325435638428,
        "bq_baseline_runtime": 22579.337000000007,
        "multi_cloud_plan": "aws",
        "percent_diff": 43.31248295933095,
        "profiling_cost": 136.9511514925671,
        "profiling_runtime": 66560.08396606258
    },
    "reason": {
        "arachne": 48.74055429890799,
        "arachne_runtime": 35312.68631017009,
        "bq": 92.01372623443604,
        "bq_baseline_runtime": 29149.644000000004,
        "multi_cloud_plan": "aws",
        "percent_diff": 47.02903980355608,
        "profiling_cost": 143.71192167219291,
        "profiling_runtime": 74146.58618528642
    },
    "ship_mode": {
        "arachne": 48.902019246054934,
        "arachne_runtime": 35841.47904110547,
        "bq": 94.33101177215576,
        "bq_baseline_runtime": 29704.26200000001,
        "multi_cloud_plan": "aws",
        "percent_diff": 48.15912781241934,
        "profiling_cost": 146.36652380850097,
        "profiling_runtime": 75805.90570800228
    },
    "store": {
        "arachne": 46.95785058588911,
        "arachne_runtime": 29474.952340095635,
        "bq": 54.358344078063965,
        "bq_baseline_runtime": 19434.616000000005,
        "multi_cloud_plan": "aws",
        "percent_diff": 13.614273241191842,
        "profiling_cost": 103.99283784518138,
        "profiling_runtime": 57673.02723019719
    },
    "store_returns": {
        "arachne": 45.70200627595784,
        "arachne_runtime": 37025.000671580674,
        "bq": 74.16031837463379,
        "bq_baseline_runtime": 24971.007,
        "multi_cloud_plan": "multi",
        "percent_diff": 38.37404251005749,
        "profiling_cost": 122.7577240132645,
        "profiling_runtime": 66001.60903372783
    },
    "store_sales": {
        "arachne": 9.19285910977106,
        "arachne_runtime": 9271.99829631407,
        "bq": 9.416570663452148,
        "bq_baseline_runtime": 8720.065000000002,
        "multi_cloud_plan": "multi",
        "percent_diff": 2.3757221357597165,
        "profiling_cost": 36.12552170643851,
        "profiling_runtime": 23601.78207310062
    },
    "time_dim": {
        "arachne": 48.840313240700375,
        "arachne_runtime": 35639.753701543304,
        "bq": 91.1452054977417,
        "bq_baseline_runtime": 28742.781000000006,
        "multi_cloud_plan": "aws",
        "percent_diff": 46.41483007911975,
        "profiling_cost": 143.09338080898252,
        "profiling_runtime": 74558.75989743373
    },
    "warehouse": {
        "arachne": 48.365887849918856,
        "arachne_runtime": 34760.799596076904,
        "bq": 92.61285781860352,
        "bq_baseline_runtime": 23665.579,
        "multi_cloud_plan": "multi",
        "percent_diff": 47.776271039329266,
        "profiling_cost": 144.01089411589493,
        "profiling_runtime": 67679.50959354368
    },
    "web_page": {
        "arachne": 48.86139651897461,
        "arachne_runtime": 35708.46240121532,
        "bq": 92.55434989929199,
        "bq_baseline_runtime": 29591.186999999994,
        "multi_cloud_plan": "aws",
        "percent_diff": 47.20788750378508,
        "profiling_cost": 144.60357667259981,
        "profiling_runtime": 75737.7676263187
    },
    "web_returns": {
        "arachne": 47.70642532698803,
        "arachne_runtime": 33790.830417136065,
        "bq": 81.0332202911377,
        "bq_baseline_runtime": 27105.240000000005,
        "multi_cloud_plan": "aws",
        "percent_diff": 41.127323885700854,
        "profiling_cost": 131.42864077000746,