{
    "all": {
        "arachne": 61.376196722158895,
        "arachne_runtime": 35384.74363134359,
        "baseline_cost": 70.14021277427673,
        "baseline_runtime": 13069.058999999992,
        "exec_details": {
            "api_cost": 0.036566413232481484,
            "load_cost": 4.904835739518404,
            "load_runtime": 16259.12399840355,
            "moved_cost": 5.452053685248294,
            "moved_queries": [
                "01",
                "02",
                "03",
                "04",
                "05",
                "06",
                "07",
                "08",
                "09",
                "10",
                "11",
                "12",
                "13",
                "14",
                "15",
                "16",
                "17",
                "18",
                "19",
                "20",
                "21",
                "22",
                "23",
                "24",
                "25",
                "26",
                "27",
                "28",
                "29",
                "30",
                "31",
                "32",
                "33",
                "34",
                "35",
                "36",
                "37",
                "38",
                "39",
                "40",
                "42",
                "43",
                "44",
                "45",
                "46",
                "47",
                "48",
                "49",
                "50",
                "51",
                "52",
                "53",
                "54",
                "55",
                "56",
                "57",
                "58",
                "59",
                "60",
                "61",
                "62",
                "63",
                "64",
                "65",
                "66",
                "67",
                "68",
                "69",
                "70",
                "71",
                "72",
                "73",
                "74",
                "75",
                "76",
                "77",
                "78",
                "79",
                "80",
                "81",
                "82",
                "83",
                "84",
                "85",
                "86",
                "87",
                "88",
                "89",
                "90",
                "91",
                "92",
                "93",
                "94",
                "95",
                "96",
                "97",
                "98",
                "99"
            ],
            "moved_runtime": 18073.106138944626,
            "mvmt_cost": 50.856277784478074,
            "mvmt_runtime": 1051.1114939954132,
            "stayed_cost": 0.00013113021850585938,
            "stayed_runtime": 1.402,
            "storage_cost": 0.1263319694631408,
            "storage_runtime": 34332.230137348175
        },
        "multi_cloud_plan": "move",
        "percent_diff": 12.49499496148087,
        "profiling_cost": 135.87325799493635,
        "profiling_runtime": 62721.37594834494
    }
}