{
    "02": 131.38637447357178,
    "03": 101.25915622711182,
    "04": 2209.1555602550507,
    "07": 285.228364944458,
    "08": 117.35568284988403,
    "09": 872.2202665805817,
    "11": 1080.6707830429077,
    "13": 297.261545419693,
    "15": 75.0296151638031,
    "17": 131.18978905677795,
    "18": 673.6545932292938,
    "19": 150.23605179786682,
    "21": 5.49257230758667,
    "22": 4.298153877258301,
    "25": 3676.3024473190308,
    "26": 271.1370723247528,
    "27": 858.0606920719147,
    "28": 1299.100664615631,
    "29": 817.6566293239594,
    "31": 442.87186574935913,
    "33": 8.643419027328491,
    "34": 84.55263638496399,
    "37": 9.451454877853394,
    "39": 1.6624221801757812,
    "40": 1.3633739948272705,
    "42": 102.07092237472534,
    "43": 0.8294694423675537,
    "46": 239.14268803596497,
    "48": 226.97531032562256,
    "49": 405.15389370918274,
    "50": 84.07212901115417,
    "51": 148.7262532711029,
    "52": 101.86533713340759,
    "55": 101.74540543556213,
    "56": 1.4103219509124756,
    "59": 191.019451379776,
    "60": 2.015444755554199,
    "61": 1.9728038311004639,
    "62": 33.77915596961975,
    "66": 149.5612621307373,
    "68": 371.1285705566406,
    "71": 202.68039774894714,
    "72": 240.27323269844055,
    "73": 73.20301246643066,
    "74": 466.83017444610596,
    "75": 824.5544571876526,
    "78": 2840.108390569687,
    "79": 240.72157335281372,
    "82": 19.501853227615356,
    "83": 14.185516119003296,
    "84": 23.984590768814087,
    "85": 68.52108359336853,
    "87": 644.8718626499176,
    "88": 359.63002920150757,
    "90": 22.369220733642578,
    "91": 6.610003709793091,
    "93": 135.85354232788086,
    "95": 369.9943869113922,
    "96": 45.01462697982788,
    "97": 369.05654764175415,
    "99": 56.40456223487854
}