{
    "call_center": 17.787835121154785,
    "catalog_page": 16.51186513900757,
    "catalog_returns": 792.3353340625763,
    "catalog_sales": 10468.588836193085,
    "customer": 43.95826172828674,
    "customer_address": 29.4014310836792,
    "customer_demographics": 18.621631145477295,
    "date_dim": 17.62624192237854,
    "household_demographics": 14.504362106323242,
    "income_band": 11.28512978553772,
    "inventory": 26.02777934074402,
    "item": 18.263347625732422,
    "promotion": 15.89348840713501,
    "reason": 15.661879301071167,
    "ship_mode": 15.5767080783844,
    "store": 17.467938661575317,
    "store_returns": 1238.3976805210114,
    "store_sales": 14658.433431386948,
    "time_dim": 5.922625541687012,
    "warehouse": 1.443570613861084,
    "web_page": 5.115209341049194,
    "web_returns": 411.4147276878357,
    "web_sales": 4788.433502912521,
    "web_site": 2.0059096813201904
}
