{
    "call_center": 1.4071412086486816,
    "catalog_page": 1.3399872779846191,
    "catalog_returns": 72.83277678489685,
    "catalog_sales": 828.8185007572174,
    "customer": 10.654482126235962,
    "customer_address": 12.873530387878418,
    "customer_demographics": 2.528634786605835,
    "date_dim": 1.5980582237243652,
    "household_demographics": 1.2345860004425049,
    "income_band": 1.1782221794128418,
    "inventory": 70.55437922477722,
    "item": 3.4083025455474854,
    "promotion": 1.650777816772461,
    "reason": 1.0920372009277344,
    "ship_mode": 1.2269487380981445,
    "store": 1.380053997039795,
    "store_returns": 126.77754473686218,
    "store_sales": 1153.906495809555,
    "time_dim": 1.3845477104187012,
    "warehouse": 1.229947805404663,
    "web_page": 1.129546880722046,
    "web_returns": 27.667469024658203,
    "web_sales": 418.4448025226593,
    "web_site": 1.306727409362793
}