{
    "call_center": {
        "arachne": 14.700651168823242,
        "arachne_runtime": 11918.302999999996,
        "baseline_cost": 14.700651168823242,
        "baseline_runtime": 11918.302999999996,
        "exec_details": {
            "api_cost": 0,
            "load_cost": 0,
            "load_runtime": 0,
            "moved_cost": 0,
            "moved_queries": [],
            "moved_runtime": 0,
            "mvmt_cost": 0.0,
            "mvmt_runtime": 0.0,
            "stayed_cost": 14.700651168823242,
            "stayed_runtime": 11918.302999999996,
            "storage_cost": 0.0,
            "storage_runtime": 0
        },
        "multi_cloud_plan": "stay",
        "percent_diff": 0.0,
        "profiling_cost": 83.2826419255813,
        "profiling_runtime": 34088.06053427064
    },
    "catalog_page": {
        "arachne": 14.422792911529541,
        "arachne_runtime": 11818.854000000001,
        "baseline_cost": 14.422792911529541,
        "baseline_runtime": 11818.854000000001,
        "exec_details": {
            "api_cost": 0,
            "load_cost": 0,
            "load_runtime": 0,
            "moved_cost": 0,
            "moved_queries": [],
            "moved_runtime": 0,
            "mvmt_cost": 0.0,
            "mvmt_runtime": 0.0,
            "stayed_cost": 14.422792911529541,
            "stayed_runtime": 11818.854000000001,
            "storage_cost": 0.0,
            "storage_runtime": 0
        },
        "multi_cloud_plan": "stay",
        "percent_diff": 0.0,
        "profiling_cost": 82.65590603150528,
        "profiling_runtime": 33700.38861104725
    },
    "catalog_returns": {
        "arachne": 12.68431806564331,
        "arachne_runtime": 8215.814,
        "baseline_cost": 12.68431806564331,
        "baseline_runtime": 8215.814,
        "exec_details": {
            "api_cost": 0,
            "load_cost": 0,
            "load_runtime": 0,
            "moved_cost": 0,
            "moved_queries": [],
            "moved_runtime": 0,
            "mvmt_cost": 0.0,
            "mvmt_runtime": 0.0,
            "stayed_cost": 12.68431806564331,
            "stayed_runtime": 8215.814,
            "storage_cost": 0.0,
            "storage_runtime": 0
        },
        "multi_cloud_plan": "stay",
        "percent_diff": 0.0,
        "profiling_cost": 75.39480898418911,
        "profiling_runtime": 26683.99135892022
    },
    "catalog_sales": {
        "arachne": 7.428439378738403,
        "arachne_runtime": 4458.251999999999,
        "baseline_cost": 7.428439378738403,
        "baseline_runtime": 4458.251999999999,
        "exec_details": {
            "api_cost": 0,
            "load_cost": 0,
            "load_runtime": 0,
            "moved_cost": 0,
            "moved_queries": [],
            "moved_runtime": 0,
            "mvmt_cost": 0.0,
            "mvmt_runtime": 0.0,
            "stayed_cost": 7.428439378738403,
            "stayed_runtime": 4458.251999999999,
            "storage_cost": 0.0,
            "storage_runtime": 0
        },
        "multi_cloud_plan": "stay",
        "percent_diff": 0.0,
        "profiling_cost": 49.11446710671014,
        "profiling_runtime": 15141.697869799704
    },
    "customer": {
        "arachne": 11.043331861495972,
        "arachne_runtime": 8817.509999999998,
        "baseline_cost": 11.043331861495972,
        "baseline_runtime": 8817.509999999998,
        "exec_details": {
            "api_cost": 0,
            "load_cost": 0,
            "load_runtime": 0,
            "moved_cost": 0,
            "moved_queries": [],
            "moved_runtime": 0,
            "mvmt_cost": 0.0,
            "mvmt_runtime": 0.0,
            "stayed_cost": 11.043331861495972,
            "stayed_runtime": 8817.509999999998,
            "storage_cost": 0.0,
            "storage_runtime": 0
        },
        "multi_cloud_plan": "stay",
        "percent_diff": 0.0,
        "profiling_cost": 72.44192805186299,
        "profiling_runtime": 25123.285911238967
    },
    "customer_address": {
        "arachne": 11.433659791946411,
        "arachne_runtime": 9197.970000000001,
        "baseline_cost": 11.433659791946411,
        "baseline_runtime": 9197.970000000001,
        "exec_details": {
            "api_cost": 0,
            "load_cost": 0,
            "load_runtime": 0,
            "moved_cost": 0,
            "moved_queries": [],
            "moved_runtime": 0,
            "mvmt_cost": 0.0,
            "mvmt_runtime": 0.0,
            "stayed_cost": 11.433659791946411,
            "stayed_runtime": 9197.970000000001,
            "storage_cost": 0.0,
            "storage_runtime": 0
        },
        "multi_cloud_plan": "stay",
        "percent_diff": 0.0,
        "profiling_cost": 77.22243047797652,
        "profiling_runtime": 29074.417934685276
    },
    "customer_demographics": {
        "arachne": 12.47732663154602,
        "arachne_runtime": 8311.683,
        "baseline_cost": 12.47732663154602,
        "baseline_runtime": 8311.683,
        "exec_details": {
            "api_cost": 0,
            "load_cost": 0,
            "load_runtime": 0,
            "moved_cost": 0,
            "moved_queries": [],
            "moved_runtime": 0,
            "mvmt_cost": 0.0,
            "mvmt_runtime": 0.0,
            "stayed_cost": 12.47732663154602,
            "stayed_runtime": 8311.683,
            "storage_cost": 0.0,
            "storage_runtime": 0
        },
        "multi_cloud_plan": "stay",
        "percent_diff": 0.0,
        "profiling_cost": 78.0329330598931,
        "profiling_runtime": 27980.691174359334
    },
    "date_dim": {
        "arachne": 1.99519944190979,
        "arachne_runtime": 1201.052,
        "baseline_cost": 1.99519944190979,
        "baseline_runtime": 1201.052,
        "exec_details": {
            "api_cost": 0,
            "load_cost": 0,
            "load_runtime": 0,
            "moved_cost": 0,
            "moved_queries": [],
            "moved_runtime": 0,
            "mvmt_cost": 0.0,
            "mvmt_runtime": 0.0,
            "stayed_cost": 1.99519944190979,
            "stayed_runtime": 1201.052,
            "storage_cost": 0.0,
            "storage_runtime": 0
        },
        "multi_cloud_plan": "stay",
        "percent_diff": 0.0,
        "profiling_cost": 52.90312807357386,
        "profiling_runtime": 8761.462283764358
    },
    "household_demographics": {
        "arachne": 13.009730815887451,
        "arachne_runtime": 8746.996000000001,
        "baseline_cost": 13.009730815887451,
        "baseline_runtime": 8746.996000000001,
        "exec_details": {
            "api_cost": 0,
            "load_cost": 0,
            "load_runtime": 0,
            "moved_cost": 0,
            "moved_queries": [],
            "moved_runtime": 0,
            "mvmt_cost": 0.0,
            "mvmt_runtime": 0.0,
            "stayed_cost": 13.009730815887451,
            "stayed_runtime": 8746.996000000001,
            "storage_cost": 0.0,
            "storage_runtime": 0
        },
        "multi_cloud_plan": "stay",
        "percent_diff": 0.0,
        "profiling_cost": 79.45562448777022,
        "profiling_runtime": 29151.04095936819
    },
    "income_band": {
        "arachne": 14.369624376296997,
        "arachne_runtime": 11728.240999999998,
        "baseline_cost": 14.369624376296997,
        "baseline_runtime": 11728.240999999998,
        "exec_details": {
            "api_cost": 0,
            "load_cost": 0,
            "load_runtime": 0,
            "moved_cost": 0,
            "moved_queries": [],
            "moved_runtime": 0,
            "mvmt_cost": 0.0,
            "mvmt_runtime": 0.0,
            "stayed_cost": 14.369624376296997,
            "stayed_runtime": 11728.240999999998,
            "storage_cost": 0.0,
            "storage_runtime": 0
        },
        "multi_cloud_plan": "stay",
        "percent_diff": 0.0,
        "profiling_cost": 82.53907807416807,
        "profiling_runtime": 33556.99113811142
    },