{
    "call_center": {
        "arachne": 58.80260467529297,
        "arachne_runtime": 11918.303,
        "baseline_cost": 58.80260467529297,
        "baseline_runtime": 11918.303,
        "exec_details": {
            "api_cost": 0,
            "load_cost": 0,
            "load_runtime": 0,
            "moved_cost": 0,
            "moved_queries": [],
            "moved_runtime": 0,
            "mvmt_cost": 0.0,
            "mvmt_runtime": 0.0,
            "stayed_cost": 58.80260467529297,
            "stayed_runtime": 11918.303,
            "storage_cost": 0.0,
            "storage_runtime": 0
        },
        "multi_cloud_plan": "stay",
        "percent_diff": 0.0,
        "profiling_cost": 127.38459543205109,
        "profiling_runtime": 34088.06053427065
    },
    "catalog_page": {
        "arachne": 57.691171646118164,
        "arachne_runtime": 11818.854000000001,
        "baseline_cost": 57.691171646118164,
        "baseline_runtime": 11818.854000000001,
        "exec_details": {
            "api_cost": 0,
            "load_cost": 0,
            "load_runtime": 0,
            "moved_cost": 0,
            "moved_queries": [],
            "moved_runtime": 0,
            "mvmt_cost": 0.0,
            "mvmt_runtime": 0.0,
            "stayed_cost": 57.691171646118164,
            "stayed_runtime": 11818.854000000001,
            "storage_cost": 0.0,
            "storage_runtime": 0
        },
        "multi_cloud_plan": "stay",
        "percent_diff": 0.0,
        "profiling_cost": 125.92428476609396,
        "profiling_runtime": 33700.38861104724
    },
    "catalog_returns": {
        "arachne": 50.73727226257324,
        "arachne_runtime": 8215.813999999998,
        "baseline_cost": 50.73727226257324,
        "baseline_runtime": 8215.813999999998,
        "exec_details": {
            "api_cost": 0,
            "load_cost": 0,
            "load_runtime": 0,
            "moved_cost": 0,
            "moved_queries": [],
            "moved_runtime": 0,
            "mvmt_cost": 0.0,
            "mvmt_runtime": 0.0,
            "stayed_cost": 50.73727226257324,
            "stayed_runtime": 8215.813999999998,
            "storage_cost": 0.0,
            "storage_runtime": 0
        },
        "multi_cloud_plan": "stay",
        "percent_diff": 0.0,
        "profiling_cost": 113.44776318111907,
        "profiling_runtime": 26683.991358920233
    },
    "catalog_sales": {
        "arachne": 29.713757514953613,
        "arachne_runtime": 4458.2519999999995,
        "baseline_cost": 29.713757514953613,
        "baseline_runtime": 4458.2519999999995,
        "exec_details": {
            "api_cost": 0,
            "load_cost": 0,
            "load_runtime": 0,
            "moved_cost": 0,
            "moved_queries": [],
            "moved_runtime": 0,
            "mvmt_cost": 0.0,
            "mvmt_runtime": 0.0,
            "stayed_cost": 29.713757514953613,
            "stayed_runtime": 4458.2519999999995,
            "storage_cost": 0.0,
            "storage_runtime": 0
        },
        "multi_cloud_plan": "stay",
        "percent_diff": 0.0,
        "profiling_cost": 71.39978524292539,
        "profiling_runtime": 15141.697869799702
    },
    "customer": {
        "arachne": 44.17332744598389,
        "arachne_runtime": 8817.509999999998,
        "baseline_cost": 44.17332744598389,
        "baseline_runtime": 8817.509999999998,
        "exec_details": {
            "api_cost": 0,
            "load_cost": 0,
            "load_runtime": 0,
            "moved_cost": 0,
            "moved_queries": [],
            "moved_runtime": 0,
            "mvmt_cost": 0.0,
            "mvmt_runtime": 0.0,
            "stayed_cost": 44.17332744598389,
            "stayed_runtime": 8817.509999999998,
            "storage_cost": 0.0,
            "storage_runtime": 0
        },
        "multi_cloud_plan": "stay",
        "percent_diff": 0.0,
        "profiling_cost": 105.5719236363509,
        "profiling_runtime": 25123.285911238978
    },
    "customer_address": {
        "arachne": 45.734639167785645,
        "arachne_runtime": 9197.97,
        "baseline_cost": 45.734639167785645,
        "baseline_runtime": 9197.97,
        "exec_details": {
            "api_cost": 0,
            "load_cost": 0,
            "load_runtime": 0,
            "moved_cost": 0,
            "moved_queries": [],
            "moved_runtime": 0,
            "mvmt_cost": 0.0,
            "mvmt_runtime": 0.0,
            "stayed_cost": 45.734639167785645,
            "stayed_runtime": 9197.97,
            "storage_cost": 0.0,
            "storage_runtime": 0
        },
        "multi_cloud_plan": "stay",
        "percent_diff": 0.0,
        "profiling_cost": 111.52340985381576,
        "profiling_runtime": 29074.417934685272
    },
    "customer_demographics": {
        "arachne": 49.90930652618408,
        "arachne_runtime": 8311.682999999999,
        "baseline_cost": 49.90930652618408,
        "baseline_runtime": 8311.682999999999,
        "exec_details": {
            "api_cost": 0,
            "load_cost": 0,
            "load_runtime": 0,
            "moved_cost": 0,
            "moved_queries": [],
            "moved_runtime": 0,
            "mvmt_cost": 0.0,
            "mvmt_runtime": 0.0,
            "stayed_cost": 49.90930652618408,
            "stayed_runtime": 8311.682999999999,
            "storage_cost": 0.0,
            "storage_runtime": 0
        },
        "multi_cloud_plan": "stay",
        "percent_diff": 0.0,
        "profiling_cost": 115.46491295453117,
        "profiling_runtime": 27980.691174359334
    },
    "date_dim": {
        "arachne": 7.98079776763916,
        "arachne_runtime": 1201.0520000000001,
        "baseline_cost": 7.98079776763916,
        "baseline_runtime": 1201.0520000000001,
        "exec_details": {
            "api_cost": 0,
            "load_cost": 0,
            "load_runtime": 0,
            "moved_cost": 0,
            "moved_queries": [],
            "moved_runtime": 0,
            "mvmt_cost": 0.0,
            "mvmt_runtime": 0.0,
            "stayed_cost": 7.98079776763916,
            "stayed_runtime": 1201.0520000000001,
            "storage_cost": 0.0,
            "storage_runtime": 0
        },
        "multi_cloud_plan": "stay",
        "percent_diff": 0.0,
        "profiling_cost": 58.88872639930322,
        "profiling_runtime": 8761.462283764358
    },
    "household_demographics": {
        "arachne": 52.038923263549805,
        "arachne_runtime": 8746.996,
        "baseline_cost": 52.038923263549805,
        "baseline_runtime": 8746.996,
        "exec_details": {
            "api_cost": 0,
            "load_cost": 0,
            "load_runtime": 0,
            "moved_cost": 0,
            "moved_queries": [],
            "moved_runtime": 0,
            "mvmt_cost": 0.0,
            "mvmt_runtime": 0.0,
            "stayed_cost": 52.038923263549805,
            "stayed_runtime": 8746.996,
            "storage_cost": 0.0,
            "storage_runtime": 0
        },
        "multi_cloud_plan": "stay",
        "percent_diff": 0.0,
        "profiling_cost": 118.48481693543255,
        "profiling_runtime": 29151.040959368183
    },
    "income_band": {
        "arachne": 57.47849750518799,
        "arachne_runtime": 11728.241000000002,
        "baseline_cost": 57.47849750518799,
        "baseline_runtime": 11728.241000000002,
        "exec_details": {
            "api_cost": 0,
            "load_cost": 0,
            "load_runtime": 0,
            "moved_cost": 0,
            "moved_queries": [],
            "moved_runtime": 0,
            "mvmt_cost": 0.0,
            "mvmt_runtime": 0.0,
            "stayed_cost": 57.47849750518799,
            "stayed_runtime": 11728.241000000002,
            "storage_cost": 0.0,
            "storage_runtime": 0
        },
        "multi_cloud_plan": "stay",
        "percent_diff": 0.0,
        "profiling_cost": 125.64795120305907,
        "profiling_runtime": 33556.99113811141
    },