{
    "02": 51.01314187049866,
    "03": 7.088109970092773,
    "04": 225.4436309337616,
    "05": 144.6293487548828,
    "07": 122.06575155258179,
    "08": 29.388980627059937,
    "09": 170.15102410316467,
    "11": 104.88411974906921,
    "12": 7.086751937866211,
    "13": 58.46027135848999,
    "15": 20.895617723464966,
    "17": 102.2053587436676,
    "19": 11.071134328842163,
    "20": 36.32697010040283,
    "21": 12.62607216835022,
    "22": 36.30581188201904,
    "25": 167.5581932067871,
    "26": 65.92323207855225,
    "27": 143.39277482032776,
    "28": 85.7305736541748,
    "29": 76.12077021598816,
    "31": 75.71973633766174,
    "33": 42.59855651855469,
    "34": 12.362175703048706,
    "36": 54.294976472854614,
    "37": 15.148964405059814,
    "38": 21.87445378303528,
    "39": 5.919629096984863,
    "40": 33.37689423561096,
    "42": 6.939410448074341,
    "43": 12.568946599960327,
    "46": 17.80586266517639,
    "47": 110.32043266296387,
    "48": 48.23780584335327,
    "49": 128.3409068584442,
    "50": 44.82757830619812,
    "51": 49.060205936431885,
    "52": 7.065133810043335,
    "53": 10.144773006439209,
    "55": 6.918670654296875,
    "56": 32.609971046447754,
    "57": 37.81560492515564,
    "59": 89.19575881958008,
    "60": 15.254030704498291,
    "61": 33.07992172241211,
    "62": 16.507750511169434,
    "63": 9.634966135025024,
    "66": 118.82591557502747,
    "68": 144.66390419006348,
    "70": 91.17417693138123,
    "71": 98.83528637886047,
    "72": 4738.776302814484,
    "73": 11.393301486968994,
    "74": 83.7268373966217,
    "75": 128.44995546340942,
    "76": 0.0045528411865234375,
    "77": 101.36198949813843,
    "79": 91.2125129699707,
    "80": 477.39778208732605,
    "82": 19.069767475128174,
    "83": 16.177740812301636,
    "84": 4.937400579452515,
    "85": 50.15372323989868,
    "86": 15.870512008666992,
    "87": 25.015650749206543,
    "88": 62.92611122131348,
    "89": 32.87810182571411,
    "90": 5.235023260116577,
    "91": 4.4835426807403564,
    "93": 35.38542127609253,
    "95": 95.07857489585876,
    "96": 7.980660438537598,
    "97": 47.74623680114746,
    "98": 8.448542833328247,
    "99": 24.866225719451904
}