{
    "01": 24.576045513153076,
    "03": 13.39992380142212,
    "06": 20.04125452041626,
    "07": 19.618298530578613,
    "08": 19.0017991065979,
    "09": 21.452588081359863,
    "13": 13.32433557510376,
    "15": 20.816827535629272,
    "16": 28.801801919937134,
    "17": 26.552533864974976,
    "18": 50.39384984970093,
    "19": 16.532574892044067,
    "20": 13.477595567703247,
    "21": 13.082435846328735,
    "22": 23.15891456604004,
    "24": 29.94312024116516,
    "25": 23.258954286575317,
    "26": 10.316977739334106,
    "27": 13.621008396148682,
    "28": 12.269420862197876,
    "29": 18.497371912002563,
    "30": 30.64752507209778,
    "32": 10.835790634155273,
    "34": 13.449246644973755,
    "36": 16.105451107025146,
    "37": 13.313781023025513,
    "39": 18.738921880722046,
    "40": 9.223429679870605,
    "41": 13.756906032562256,
    "42": 9.775496482849121,
    "43": 13.849277019500732,
    "44": 15.1819589138031,
    "46": 11.743950605392456,
    "47": 35.496381759643555,
    "48": 10.950232982635498,
    "50": 18.463099002838135,
    "52": 1.7120585441589355,
    "53": 10.918973922729492,
    "55": 9.872567176818848,
    "57": 35.82101845741272,
    "59": 44.20387935638428,
    "61": 11.673351287841797,
    "63": 7.29629921913147,
    "64": 41.496522188186646,
    "65": 26.992740631103516,
    "67": 44.45860195159912,
    "68": 15.47782564163208,
    "70": 21.811195850372314,
    "72": 42.362196922302246,
    "73": 10.42756199836731,
    "79": 18.95564579963684,
    "81": 34.06562638282776,
    "82": 10.367356300354004,
    "83": 24.557807207107544,
    "84": 10.821765422821045,
    "88": 15.444746732711792,
    "89": 17.89566969871521,
    "91": 8.60526156425476,
    "93": 15.885021686553955,
    "96": 7.855220317840576,
    "97": 16.023402214050293,
    "98": 15.063814401626587,
    "99": 14.139133214950562
}