{
    "call_center": {
        "arachne": 106.52375156303783,
        "arachne_runtime": 20875.168767761857,
        "baseline_cost": 108.86501789093018,
        "baseline_runtime": 31743.05499999999,
        "multi_cloud_plan": "move",
        "percent_diff": 2.1506140110480785,
        "profiling_cost": 224.05692706682075,
        "profiling_runtime": 59782.12372389091
    },
    "catalog_page": {
        "arachne": 105.00025272369385,
        "arachne_runtime": 30756.61500000001,
        "baseline_cost": 105.00025272369385,
        "baseline_runtime": 30756.61500000001,
        "multi_cloud_plan": "stay",
        "percent_diff": 0.0,
        "profiling_cost": 219.6982897270352,
        "profiling_runtime": 58388.49388074151
    },
    "catalog_returns": {
        "arachne": 87.68275737762451,
        "arachne_runtime": 24698.091999999997,
        "baseline_cost": 87.68275737762451,
        "baseline_runtime": 24698.091999999997,
        "multi_cloud_plan": "stay",
        "percent_diff": 0.0,
        "profiling_cost": 195.6769255832224,
        "profiling_runtime": 49079.52264697833
    },
    "catalog_sales": {
        "arachne": 51.871256828308105,
        "arachne_runtime": 11936.561,
        "baseline_cost": 51.871256828308105,
        "baseline_runtime": 11936.561,
        "multi_cloud_plan": "stay",
        "percent_diff": 0.0,
        "profiling_cost": 125.91852775240837,
        "profiling_runtime": 27195.46222364042
    },
    "customer": {
        "arachne": 78.18345069885254,
        "arachne_runtime": 21359.637,
        "baseline_cost": 78.18345069885254,
        "baseline_runtime": 21359.637,
        "multi_cloud_plan": "stay",
        "percent_diff": 0.0,
        "profiling_cost": 184.99992931269819,
        "profiling_runtime": 42555.393910594634
    },
    "customer_address": {
        "arachne": 78.57693672180176,
        "arachne_runtime": 23584.006,
        "baseline_cost": 78.57693672180176,
        "baseline_runtime": 23584.006,
        "multi_cloud_plan": "stay",
        "percent_diff": 0.0,
        "profiling_cost": 190.24186235360398,
        "profiling_runtime": 48732.75042206695
    },
    "customer_demographics": {
        "arachne": 92.20648765563965,
        "arachne_runtime": 27177.18899999999,
        "baseline_cost": 92.20648765563965,
        "baseline_runtime": 27177.18899999999,
        "multi_cloud_plan": "stay",
        "percent_diff": 0.0,
        "profiling_cost": 204.50201270614065,
        "profiling_runtime": 52829.04271142019
    },
    "date_dim": {
        "arachne": 7.358150482177734,
        "arachne_runtime": 1856.449,
        "baseline_cost": 7.358150482177734,
        "baseline_runtime": 1856.449,
        "multi_cloud_plan": "stay",
        "percent_diff": 0.0,
        "profiling_cost": 103.18608847857895,
        "profiling_runtime": 13927.897669306003
    },
    "household_demographics": {
        "arachne": 93.7887716293335,
        "arachne_runtime": 28370.905,
        "baseline_cost": 93.7887716293335,
        "baseline_runtime": 28370.905,
        "multi_cloud_plan": "stay",
        "percent_diff": 0.0,
        "profiling_cost": 207.3105046725737,
        "profiling_runtime": 55032.724926182724
    },
    "income_band": {
        "arachne": 106.12328480702121,
        "arachne_runtime": 20544.937525272322,
        "baseline_cost": 107.32314586639404,
        "baseline_runtime": 31239.716000000004,
        "multi_cloud_plan": "move",
        "percent_diff": 1.1179890877095011,
        "profiling_cost": 222.13561978535088,
        "profiling_runtime": 58965.8963628425
    },
    "inventory": {
        "arachne": 106.29189431853602,
        "arachne_runtime": 20708.047468550456,
        "baseline_cost": 109.71192836761475,
        "baseline_runtime": 30670.235999999994,
        "multi_cloud_plan": "move",
        "percent_diff": 3.1172855130384014,
        "profiling_cost": 224.63525383323818,
        "profiling_runtime": 58511.91097709346
    },
    "item": {
        "arachne": 52.00888156890869,
        "arachne_runtime": 13288.877999999997,
        "baseline_cost": 52.00888156890869,
        "baseline_runtime": 13288.877999999997,
        "multi_cloud_plan": "stay",
        "percent_diff": 0.0,
        "profiling_cost": 157.29990277553532,
        "profiling_runtime": 33164.06161856229
    },
    "promotion": {
        "arachne": 98.26773166656494,
        "arachne_runtime": 28313.096,
        "baseline_cost": 98.26773166656494,
        "baseline_runtime": 28313.096,
        "multi_cloud_plan": "stay",
        "percent_diff": 0.0,
        "profiling_cost": 212.20444125831855,
        "profiling_runtime": 55317.110769341314
    },
    "reason": {
        "arachne": 106.30973904799431,
        "arachne_runtime": 20698.690480329515,
        "baseline_cost": 108.0870532989502,
        "baseline_runtime": 31642.371,
        "multi_cloud_plan": "move",
        "percent_diff": 1.644335928041388,
        "profiling_cost": 222.52445103146258,
        "profiling_runtime": 59059.25811571692
    },
    "ship_mode": {
        "arachne": 106.54982501303309,
        "arachne_runtime": 20896.66891094991,
        "baseline_cost": 108.71942520141602,
        "baseline_runtime": 32050.327,
        "multi_cloud_plan": "move",
        "percent_diff": 1.9955957128760389,
        "profiling_cost": 223.84473945875664,
        "profiling_runtime": 60034.48017498799
    },
    "store": {
        "arachne": 59.824090003967285,
        "arachne_runtime": 19465.443000000007,
        "baseline_cost": 59.824090003967285,
        "baseline_runtime": 19465.443000000007,
        "multi_cloud_plan": "stay",
        "percent_diff": 0.0,
        "profiling_cost": 167.76024397449672,
        "profiling_runtime": 41521.31163271287
    },
    "store_returns": {
        "arachne": 80.93514442443848,
        "arachne_runtime": 22801.533,
        "baseline_cost": 80.93514442443848,
        "baseline_runtime": 22801.533,
        "multi_cloud_plan": "stay",
        "percent_diff": 0.0,
        "profiling_cost": 185.0951885670364,
        "profiling_runtime": 45337.83570326509
    },
    "store_sales": {
        "arachne": 12.448749542236328,
        "arachne_runtime": 6178.374999999999,
        "baseline_cost": 12.448749542236328,
        "baseline_runtime": 6178.374999999999,
        "multi_cloud_plan": "stay",
        "percent_diff": 0.0,
        "profiling_cost": 68.67968824263183,
        "profiling_runtime": 13721.015609316062
    },
    "time_dim": {
        "arachne": 106.35100841522217,
        "arachne_runtime": 31648.698,
        "baseline_cost": 106.35100841522217,
        "baseline_runtime": 31648.698,
        "multi_cloud_plan": "stay",
        "percent_diff": 0.0,
        "profiling_cost": 221.27173127242804,
        "profiling_runtime": 59464.25998092456
    },
    "warehouse": {
        "arachne": 106.24094143361884,
        "arachne_runtime": 20641.967467415096,
        "baseline_cost": 107.17355251312256,
        "baseline_runtime": 29992.375,
        "multi_cloud_plan": "move",
        "percent_diff": 0.8701877073539428,
        "profiling_cost": 221.93698543666758,
        "profiling_runtime": 57678.11560812079
    },
    "web_page": {
        "arachne": 106.43567245901252,
        "arachne_runtime": 20802.53793064081,
        "baseline_cost": 107.87771701812744,
        "baseline_runtime": 31662.143999999997,
        "multi_cloud_plan": "move",
        "percent_diff": 1.336739967228452,
        "profiling_cost": 222.9068584182265,
        "profiling_runtime": 59566.99251604233
    },
    "web_returns": {
        "arachne": 92.3317813873291,
        "arachne_runtime": 27294.269999999993,
        "baseline_cost": 92.3317813873291,
        "baseline_runtime": 27294.269999999993,
        "multi_cloud_plan": "stay",
        "percent_diff": 0.0,
        "profiling_cost": 202.3537830731019,
        "profiling_runtime": 52174.258546753306
    },
    "web_sales": {
        "arachne": 61.95054531097412,