{
    "call_center": 1.1828765869140625,
    "catalog_page": 1.689251184463501,
    "catalog_returns": 266.5608215332031,
    "catalog_sales": 2897.551389694214,
    "customer": 11.249091625213623,
    "customer_address": 12.950225353240967,
    "customer_demographics": 2.9840216636657715,
    "date_dim": 2.775444984436035,
    "household_demographics": 2.5136501789093018,
    "income_band": 1.453702688217163,
    "inventory": 17.928578853607178,
    "item": 2.6905951499938965,
    "promotion": 4.318349599838257,
    "reason": 1.381716012954712,
    "ship_mode": 1.5198462009429932,
    "store": 1.9020593166351318,
    "store_returns": 530.7057654857635,
    "store_sales": 4623.7184817790985,
    "time_dim": 2.476668357849121,
    "warehouse": 1.7967662811279297,
    "web_page": 1.6836488246917725,
    "web_returns": 113.28348541259766,
    "web_sales": 1617.6571028232574,
    "web_site": 2.2073850631713867
}