{
    "all": {
        "arachne": 29.425529262154114,
        "arachne_runtime": 9266.447358846664,
        "baseline_cost": 39.299848684077276,
        "baseline_runtime": 32568.935373544693,
        "exec_details": {
            "api_cost": 0.012683078981345894,
            "load_cost": 2.7566892104148866,
            "load_runtime": 2284.549069404602,
            "moved_cost": 2.1402108669281006,
            "moved_queries": [
                "3c",
                "7d"
            ],
            "moved_runtime": 264.028,
            "moved_tables": [
                "customer",
                "store_sales"
            ],
            "mvmt_cost": 13.33116387744892,
            "mvmt_runtime": 366.40853533986956,
            "stayed_cost": 11.181513146341645,
            "stayed_queries": [
                "04",
                "09",
                "10a",
                "10c",
                "11a",
                "11b",
                "14",
                "18",
                "1a",
                "1c",
                "1d",
                "1e",
                "1f",
                "27",
                "28",
                "2a",
                "2c",
                "2d",
                "2e",
                "36",
                "3d",
                "3e",
                "4a",
                "4b",
                "4c",
                "4d",
                "4e",
                "5a",
                "5b",
                "5c",
                "5d",
                "5e",
                "64",
                "67",
                "6b",
                "6c",
                "6d",
                "75",
                "88",
                "8a",
                "8b",
                "8d",
                "9a",
                "9b"
            ],
            "stayed_runtime": 9266.447358846664,
            "stayed_tables": [
                "call_center",
                "catalog_page",
                "catalog_returns",
                "catalog_sales",
                "customer_address",
                "customer_demographics",
                "date_dim",
                "household_demographics",
                "income_band",
                "inventory",
                "item",
                "promotion",
                "reason",
                "ship_mode",
                "store",
                "store_returns",
                "time_dim",
                "warehouse",
                "web_page",
                "web_returns",
                "web_sales",
                "web_site"
            ],
            "storage_cost": 0.0032690820392131353,
            "storage_runtime": 2548.5770694046023
        },
        "multi_cloud_plan": "multi",
        "percent_diff": 25.12559145278297,
        "profiling_cost": 175.6208244957884,
        "profiling_runtime": 43573.826844036186
    }
}