{
    "all": {
        "arachne": 14.589247854819977,
        "arachne_runtime": 5384.509864234474,
        "baseline_cost": 39.299848684077276,
        "baseline_runtime": 32568.935373544693,
        "exec_details": {
            "api_cost": 0.02220315751003325,
            "load_cost": 4.515034677619934,
            "load_runtime": 3741.741445541382,
            "moved_cost": 4.151409864425659,
            "moved_queries": [
                "10a",
                "11b",
                "1a",
                "3c",
                "6b",
                "6c",
                "6d",
                "7d",
                "9a"
            ],
            "moved_runtime": 1001.184,
            "moved_tables": [
                "catalog_sales",
                "customer",
                "store_sales"
            ],
            "mvmt_cost": 0.24594069383235181,
            "mvmt_runtime": 641.5844186930917,
            "stayed_cost": 5.644006690885226,
            "stayed_queries": [
                "04",
                "09",
                "10c",
                "11a",
                "14",
                "18",
                "1c",
                "1d",
                "1e",
                "1f",
                "27",
                "28",
                "2a",
                "2c",
                "2d",
                "2e",
                "36",
                "3d",
                "3e",
                "4a",
                "4b",
                "4c",
                "4d",
                "4e",
                "5a",
                "5b",
                "5c",
                "5d",
                "5e",
                "64",
                "67",
                "75",
                "88",
                "8a",
                "8b",
                "8d",
                "9b"
            ],
            "stayed_runtime": 4677.35361123085,
            "stayed_tables": [
                "call_center",
                "catalog_page",
                "catalog_returns",
                "customer_address",
                "customer_demographics",
                "date_dim",
                "household_demographics",
                "income_band",
                "inventory",
                "item",
                "promotion",
                "reason",
                "ship_mode",
                "store",
                "store_returns",
                "time_dim",
                "warehouse",
                "web_page",
                "web_returns",
                "web_sales",
                "web_site"
            ],
            "storage_cost": 0.010652770546772272,
            "storage_runtime": 4742.925445541382
        },
        "multi_cloud_plan": "multi",
        "percent_diff": 62.877088988052634,
        "profiling_cost": 115.86695557963264,
        "profiling_runtime": 43573.82684403618
    }
}