{
    "all": {
        "arachne": 31.369279017973028,
        "arachne_runtime": 8272.87000656128,
        "baseline_cost": 39.29984868407727,
        "baseline_runtime": 32568.935373544693,
        "exec_details": {
            "api_cost": 0.012715883570840957,
            "load_cost": 2.767703238277435,
            "load_runtime": 2293.6767168045044,
            "moved_cost": 0.870387077331543,
            "moved_queries": [
                "3c",
                "3d",
                "67",
                "7d",
                "8a",
                "8b"
            ],
            "moved_runtime": 733.3639999999999,
            "moved_tables": [
                "customer",
                "date_dim",
                "item",
                "store",
                "store_sales"
            ],
            "mvmt_cost": 17.731992672719564,
            "mvmt_runtime": 366.4896866562776,
            "stayed_cost": 9.982596474583943,
            "stayed_queries": [
                "04",
                "09",
                "10a",
                "10c",
                "11a",
                "11b",
                "14",
                "18",
                "1a",
                "1c",
                "1d",
                "1e",
                "1f",
                "27",
                "28",
                "2a",
                "2c",
                "2d",
                "2e",
                "36",
                "3e",
                "4a",
                "4b",
                "4c",
                "4d",
                "4e",
                "5a",
                "5b",
                "5c",
                "5d",
                "5e",
                "64",
                "6b",
                "6c",
                "6d",
                "75",
                "88",
                "8d",
                "9a",
                "9b"
            ],
            "stayed_runtime": 8272.87000656128,
            "stayed_tables": [
                "call_center",
                "catalog_page",
                "catalog_returns",
                "catalog_sales",
                "customer_address",
                "customer_demographics",
                "household_demographics",
                "income_band",
                "inventory",
                "promotion",
                "reason",
                "ship_mode",
                "store_returns",
                "time_dim",
                "warehouse",
                "web_page",
                "web_returns",
                "web_sales",
                "web_site"
            ],
            "storage_cost": 0.003883671489701973,
            "storage_runtime": 3027.0407168045044
        },
        "multi_cloud_plan": "multi",
        "percent_diff": 20.179644277656955,
        "profiling_cost": 94.14230079718098,
        "profiling_runtime": 43573.82684403618
    }
}