{
    "all": {
        "arachne": 59.71624946973386,
        "arachne_runtime": 11707.7674966692,
        "baseline_cost": 103.25696587562561,
        "baseline_runtime": 4889.402999999999,
        "exec_details": {
            "api_cost": 0.030298229437389967,
            "load_cost": 6.167781738169988,
            "load_runtime": 5111.421329975128,
            "moved_cost": 6.907660190803213,
            "moved_queries": [
                "04",
                "09",
                "10c",
                "11a",
                "11b",
                "14",
                "18",
                "1a",
                "1c",
                "1d",
                "1e",
                "1f",
                "27",
                "28",
                "2c",
                "2d",
                "2e",
                "36",
                "3d",
                "3e",
                "4a",
                "4b",
                "4c",
                "4d",
                "4e",
                "5a",
                "5b",
                "5c",
                "5d",
                "5e",
                "64",
                "67",
                "75",
                "88",
                "8a",
                "8b",
                "8d",
                "9a",
                "9b"
            ],
            "moved_runtime": 5724.580268621445,
            "moved_tables": [
                "catalog_returns",
                "catalog_sales",
                "customer",
                "customer_address",
                "customer_demographics",
                "date_dim",
                "household_demographics",
                "income_band",
                "item",
                "promotion",
                "reason",
                "store",
                "store_returns",
                "store_sales",
                "time_dim",
                "web_returns",
                "web_sales"
            ],
            "mvmt_cost": 42.17894003508057,
            "mvmt_runtime": 871.7658980726264,
            "stayed_cost": 4.398499488830566,
            "stayed_queries": [
                "10a",
                "2a",
                "3c",
                "6b",
                "6c",
                "6d",
                "7d"
            ],
            "stayed_runtime": 1128.7930000000001,
            "stayed_tables": [
                "call_center",
                "catalog_page",
                "inventory",
                "ship_mode",
                "warehouse",
                "web_page",
                "web_site"
            ],
            "storage_cost": 0.033069787412129376,
            "storage_runtime": 10836.001598596573
        },
        "multi_cloud_plan": "move",
        "percent_diff": 42.167340514670094,
        "profiling_cost": 191.81780905790785,
        "profiling_runtime": 43573.8268440362
    }
}