{
    "call_center": {
        "moved_tables": [],
        "optimal_cost": 2.03073701853975,
        "optimal_runtime": 11565.110999999995
    },
    "catalog_page": {
        "moved_tables": [],
        "optimal_cost": 1.948051957709684,
        "optimal_runtime": 11513.969999999996
    },
    "catalog_returns": {
        "moved_tables": [],
        "optimal_cost": 1.7250246427853266,
        "optimal_runtime": 6858.370999999997
    },
    "catalog_sales": {
        "moved_tables": [],
        "optimal_cost": 1.1252203035374273,
        "optimal_runtime": 3188.2209999999995
    },
    "customer": {
        "moved_tables": [],
        "optimal_cost": 1.5610206244109115,
        "optimal_runtime": 9306.698999999999
    },
    "customer_address": {
        "moved_tables": [],
        "optimal_cost": 1.5989619609038486,
        "optimal_runtime": 9219.515000000003
    },
    "customer_demographics": {
        "moved_tables": [],
        "optimal_cost": 1.822491790408975,
        "optimal_runtime": 6863.398000000001
    },
    "date_dim": {
        "moved_tables": [],
        "optimal_cost": 0.23452329961904983,
        "optimal_runtime": 536.804
    },
    "household_demographics": {
        "moved_tables": [],
        "optimal_cost": 1.8653051449578784,
        "optimal_runtime": 7353.561
    },
    "income_band": {
        "moved_tables": [],
        "optimal_cost": 2.0991757739466284,
        "optimal_runtime": 11734.654
    },
    "inventory": {
        "moved_tables": [],
        "optimal_cost": 2.0269612297694493,
        "optimal_runtime": 7605.450000000001
    },
    "item": {
        "moved_tables": [],
        "optimal_cost": 1.1603156664552425,
        "optimal_runtime": 3220.656
    },
    "promotion": {
        "moved_tables": [],
        "optimal_cost": 1.8799653460831962,
        "optimal_runtime": 7390.624999999999
    },
    "reason": {
        "moved_tables": [],
        "optimal_cost": 1.9866643378900184,
        "optimal_runtime": 11564.826000000005
    },
    "ship_mode": {
        "moved_tables": [],
        "optimal_cost": 2.0289365246488016,
        "optimal_runtime": 11650.773999999998
    },
    "store": {
        "moved_tables": [],
        "optimal_cost": 1.3133388434075777,
        "optimal_runtime": 8973.043000000003
    },
    "store_returns": {
        "moved_tables": [],
        "optimal_cost": 1.6648583998223094,
        "optimal_runtime": 9961.144999999997
    },
    "store_sales": {
        "moved_tables": [],
        "optimal_cost": 0.504098437133603,
        "optimal_runtime": 5352.938
    },
    "time_dim": {
        "moved_tables": [],
        "optimal_cost": 1.980632191614131,
        "optimal_runtime": 11500.634999999997
    },
    "warehouse": {
        "moved_tables": [],
        "optimal_cost": 1.9581108013423392,
        "optimal_runtime": 7465.009999999999
    },
    "web_page": {
        "moved_tables": [],
        "optimal_cost": 2.042744146813951,
        "optimal_runtime": 11620.486
    },
    "web_returns": {
        "moved_tables": [],
        "optimal_cost": 1.7253229013135316,
        "optimal_runtime": 10823.965999999997
    },
    "web_sales": {
        "moved_tables": [],
        "optimal_cost": 1.1571884864716024,
        "optimal_runtime": 7547.134000000002
    },
    "web_site": {
        "moved_tables": [],
        "optimal_cost": 1.8769788701333792,
        "optimal_runtime": 11307.728
    }
}