{
    "02": 600.5503151416779,
    "03": 28.865752696990967,
    "04": 965.3448026180267,
    "07": 41.41657376289368,
    "08": 96.11262035369873,
    "09": 421.59980940818787,
    "11": 417.1766803264618,
    "13": 66.70442605018616,
    "15": 52.48112678527832,
    "17": 77.68741226196289,
    "18": 448.9513816833496,
    "19": 4.740821361541748,
    "21": 1.3538906574249268,
    "22": 70.70607280731201,
    "25": 163.8299915790558,
    "26": 61.78011107444763,
    "27": 128.9337649345398,
    "28": 656.7827699184418,
    "29": 57.82888197898865,
    "31": 147.42078971862793,
    "33": 15.899178981781006,
    "34": 32.43587803840637,
    "37": 9.382774829864502,
    "39": 14.4650719165802,
    "40": 5.2883124351501465,
    "42": 11.184414625167847,
    "43": 0.8296096324920654,
    "46": 77.78528690338135,
    "48": 113.43059515953064,
    "49": 110.27392935752869,
    "50": 58.808295249938965,
    "51": 185.6501007080078,
    "52": 10.615992069244385,
    "55": 5.340691089630127,
    "56": 7.02812647819519,
    "59": 126.18313884735107,
    "60": 13.003686904907227,
    "61": 7.033833980560303,
    "62": 20.704081296920776,
    "66": 71.67409086227417,
    "68": 96.74178671836853,
    "71": 45.34913229942322,
    "72": 624.502788066864,
    "73": 27.800139665603638,
    "74": 241.3611273765564,
    "75": 301.0792827606201,
    "78": 1203.1590778827667,
    "79": 91.96755766868591,
    "82": 14.138729810714722,
    "83": 23.81095552444458,
    "84": 3.051884651184082,
    "85": 87.84050559997559,
    "87": 251.19479608535767,
    "88": 219.0068690776825,
    "90": 11.661410570144653,
    "91": 8.73771071434021,
    "93": 80.76823806762695,
    "95": 331.63341069221497,
    "96": 24.343396425247192,
    "97": 223.9193994998932,
    "99": 35.25929808616638
}