{
    "call_center": {
        "arachne": 96.74675941467285,
        "arachne_runtime": 33962.935,
        "baseline_cost": 96.74675941467285,
        "baseline_runtime": 33962.935,
        "exec_details": {
            "api_cost": 0,
            "load_cost": 0,
            "load_runtime": 0,
            "moved_cost": 0,
            "moved_queries": [],
            "moved_runtime": 0,
            "mvmt_cost": 0.0,
            "mvmt_runtime": 0.0,
            "stayed_cost": 96.74675941467285,
            "stayed_runtime": 33962.935,
            "storage_cost": 0.0,
            "storage_runtime": 0
        },
        "multi_cloud_plan": "stay",
        "percent_diff": 0.0,
        "profiling_cost": 208.47926389287935,
        "profiling_runtime": 128289.08630464501
    },
    "catalog_page": {
        "arachne": 94.849112033844,
        "arachne_runtime": 33540.60400000001,
        "baseline_cost": 94.849112033844,
        "baseline_runtime": 33540.60400000001,
        "exec_details": {
            "api_cost": 0,
            "load_cost": 0,
            "load_runtime": 0,
            "moved_cost": 0,
            "moved_queries": [],
            "moved_runtime": 0,
            "mvmt_cost": 0.0,
            "mvmt_runtime": 0.0,
            "stayed_cost": 94.849112033844,
            "stayed_runtime": 33540.60400000001,
            "storage_cost": 0.0,
            "storage_runtime": 0
        },
        "multi_cloud_plan": "stay",
        "percent_diff": 0.0,
        "profiling_cost": 206.36106870471926,
        "profiling_runtime": 127150.2126055818
    },
    "catalog_returns": {
        "arachne": 83.42546224594116,
        "arachne_runtime": 28630.547000000002,
        "baseline_cost": 83.42546224594116,
        "baseline_runtime": 28630.547000000002,
        "exec_details": {
            "api_cost": 0,
            "load_cost": 0,
            "load_runtime": 0,
            "moved_cost": 0,
            "moved_queries": [],
            "moved_runtime": 0,
            "mvmt_cost": 0.0,
            "mvmt_runtime": 0.0,
            "stayed_cost": 83.42546224594116,
            "stayed_runtime": 28630.547000000002,
            "storage_cost": 0.0,
            "storage_runtime": 0
        },
        "multi_cloud_plan": "stay",
        "percent_diff": 0.0,
        "profiling_cost": 188.53692435684778,
        "profiling_runtime": 110622.96395348362
    },
    "catalog_sales": {
        "arachne": 48.50803852081299,
        "arachne_runtime": 16925.852999999996,
        "baseline_cost": 48.50803852081299,
        "baseline_runtime": 16925.852999999996,
        "exec_details": {
            "api_cost": 0,
            "load_cost": 0,
            "load_runtime": 0,
            "moved_cost": 0,
            "moved_queries": [],
            "moved_runtime": 0,
            "mvmt_cost": 0.0,
            "mvmt_runtime": 0.0,
            "stayed_cost": 48.50803852081299,
            "stayed_runtime": 16925.852999999996,
            "storage_cost": 0.0,
            "storage_runtime": 0
        },
        "multi_cloud_plan": "stay",
        "percent_diff": 0.0,
        "profiling_cost": 120.21679955598488,
        "profiling_runtime": 66307.09205054806
    },
    "customer": {
        "arachne": 72.4109435081482,
        "arachne_runtime": 24140.426999999996,
        "baseline_cost": 72.4109435081482,
        "baseline_runtime": 24140.426999999996,
        "exec_details": {
            "api_cost": 0,
            "load_cost": 0,
            "load_runtime": 0,
            "moved_cost": 0,
            "moved_queries": [],
            "moved_runtime": 0,
            "mvmt_cost": 0.0,
            "mvmt_runtime": 0.0,
            "stayed_cost": 72.4109435081482,
            "stayed_runtime": 24140.426999999996,
            "storage_cost": 0.0,
            "storage_runtime": 0
        },
        "multi_cloud_plan": "stay",
        "percent_diff": 0.0,
        "profiling_cost": 177.69102466479524,
        "profiling_runtime": 97721.0566865018
    },
    "customer_address": {
        "arachne": 75.02094030380249,
        "arachne_runtime": 25625.433000000005,
        "baseline_cost": 75.02094030380249,
        "baseline_runtime": 25625.433000000005,
        "exec_details": {
            "api_cost": 0,
            "load_cost": 0,
            "load_runtime": 0,
            "moved_cost": 0,
            "moved_queries": [],
            "moved_runtime": 0,
            "mvmt_cost": 0.0,
            "mvmt_runtime": 0.0,
            "stayed_cost": 75.02094030380249,
            "stayed_runtime": 25625.433000000005,
            "storage_cost": 0.0,
            "storage_runtime": 0
        },
        "multi_cloud_plan": "stay",
        "percent_diff": 0.0,
        "profiling_cost": 184.1177953176591,
        "profiling_runtime": 111433.14001569968
    },
    "customer_demographics": {
        "arachne": 82.01525688171387,
        "arachne_runtime": 29217.01200000001,
        "baseline_cost": 82.01525688171387,
        "baseline_runtime": 29217.01200000001,
        "exec_details": {
            "api_cost": 0,
            "load_cost": 0,
            "load_runtime": 0,
            "moved_cost": 0,
            "moved_queries": [],
            "moved_runtime": 0,
            "mvmt_cost": 0.0,
            "mvmt_runtime": 0.0,
            "stayed_cost": 82.01525688171387,
            "stayed_runtime": 29217.01200000001,
            "storage_cost": 0.0,
            "storage_runtime": 0
        },
        "multi_cloud_plan": "stay",
        "percent_diff": 0.0,
        "profiling_cost": 191.39554381140331,
        "profiling_runtime": 115901.83575677396
    },
    "date_dim": {
        "arachne": 13.294756412506104,
        "arachne_runtime": 4131.44,
        "baseline_cost": 13.294756412506104,
        "baseline_runtime": 4131.44,
        "exec_details": {
            "api_cost": 0,
            "load_cost": 0,
            "load_runtime": 0,
            "moved_cost": 0,
            "moved_queries": [],
            "moved_runtime": 0,
            "mvmt_cost": 0.0,
            "mvmt_runtime": 0.0,
            "stayed_cost": 13.294756412506104,
            "stayed_runtime": 4131.44,
            "storage_cost": 0.0,
            "storage_runtime": 0
        },
        "multi_cloud_plan": "stay",
        "percent_diff": 0.0,
        "profiling_cost": 109.35139005098077,
        "profiling_runtime": 47510.499337000365
    },
    "household_demographics": {
        "arachne": 85.55570840835571,
        "arachne_runtime": 29564.799000000006,
        "baseline_cost": 85.55570840835571,
        "baseline_runtime": 29564.799000000006,
        "exec_details": {
            "api_cost": 0,
            "load_cost": 0,
            "load_runtime": 0,
            "moved_cost": 0,
            "moved_queries": [],
            "moved_runtime": 0,
            "mvmt_cost": 0.0,
            "mvmt_runtime": 0.0,
            "stayed_cost": 85.55570840835571,
            "stayed_runtime": 29564.799000000006,
            "storage_cost": 0.0,
            "storage_runtime": 0
        },
        "multi_cloud_plan": "stay",
        "percent_diff": 0.0,
        "profiling_cost": 194.9917918232126,
        "profiling_runtime": 116427.41612046665
    },
    "income_band": {
        "arachne": 94.50311183929443,
        "arachne_runtime": 33697.49999999997,
        "baseline_cost": 94.50311183929443,
        "baseline_runtime": 33697.49999999997,
        "exec_details": {
            "api_cost": 0,
            "load_cost": 0,
            "load_runtime": 0,
            "moved_cost": 0,
            "moved_queries": [],
            "moved_runtime": 0,
            "mvmt_cost": 0.0,
            "mvmt_runtime": 0.0,
            "stayed_cost": 94.50311183929443,
            "stayed_runtime": 33697.49999999997,
            "storage_cost": 0.0,
            "storage_runtime": 0
        },
        "multi_cloud_plan": "stay",
        "percent_diff": 0.0,
        "profiling_cost": 205.76626863372553,