{
    "call_center": {
        "arachne": 87.07208347320557,
        "arachne_runtime": 33962.93499999999,
        "baseline_cost": 87.07208347320557,
        "baseline_runtime": 33962.93499999999,
        "exec_details": {
            "api_cost": 0,
            "load_cost": 0,
            "load_runtime": 0,
            "moved_cost": 0,
            "moved_queries": [],
            "moved_runtime": 0,
            "mvmt_cost": 0.0,
            "mvmt_runtime": 0.0,
            "stayed_cost": 87.07208347320557,
            "stayed_runtime": 33962.93499999999,
            "storage_cost": 0.0,
            "storage_runtime": 0
        },
        "multi_cloud_plan": "stay",
        "percent_diff": 0.0,
        "profiling_cost": 198.80458795141206,
        "profiling_runtime": 128289.08630464497
    },
    "catalog_page": {
        "arachne": 85.3642008304596,
        "arachne_runtime": 33540.60400000001,
        "baseline_cost": 85.3642008304596,
        "baseline_runtime": 33540.60400000001,
        "exec_details": {
            "api_cost": 0,
            "load_cost": 0,
            "load_runtime": 0,
            "moved_cost": 0,
            "moved_queries": [],
            "moved_runtime": 0,
            "mvmt_cost": 0.0,
            "mvmt_runtime": 0.0,
            "stayed_cost": 85.3642008304596,
            "stayed_runtime": 33540.60400000001,
            "storage_cost": 0.0,
            "storage_runtime": 0
        },
        "multi_cloud_plan": "stay",
        "percent_diff": 0.0,
        "profiling_cost": 196.87615750133492,
        "profiling_runtime": 127150.2126055818
    },
    "catalog_returns": {
        "arachne": 75.08291602134705,
        "arachne_runtime": 28630.547000000002,
        "baseline_cost": 75.08291602134705,
        "baseline_runtime": 28630.547000000002,
        "exec_details": {
            "api_cost": 0,
            "load_cost": 0,
            "load_runtime": 0,
            "moved_cost": 0,
            "moved_queries": [],
            "moved_runtime": 0,
            "mvmt_cost": 0.0,
            "mvmt_runtime": 0.0,
            "stayed_cost": 75.08291602134705,
            "stayed_runtime": 28630.547000000002,
            "storage_cost": 0.0,
            "storage_runtime": 0
        },
        "multi_cloud_plan": "stay",
        "percent_diff": 0.0,
        "profiling_cost": 180.19437813225366,
        "profiling_runtime": 110622.96395348363
    },
    "catalog_sales": {
        "arachne": 43.65723466873169,
        "arachne_runtime": 16925.853,
        "baseline_cost": 43.65723466873169,
        "baseline_runtime": 16925.853,
        "exec_details": {
            "api_cost": 0,
            "load_cost": 0,
            "load_runtime": 0,
            "moved_cost": 0,
            "moved_queries": [],
            "moved_runtime": 0,
            "mvmt_cost": 0.0,
            "mvmt_runtime": 0.0,
            "stayed_cost": 43.65723466873169,
            "stayed_runtime": 16925.853,
            "storage_cost": 0.0,
            "storage_runtime": 0
        },
        "multi_cloud_plan": "stay",
        "percent_diff": 0.0,
        "profiling_cost": 115.36599570390358,
        "profiling_runtime": 66307.09205054806
    },
    "customer": {
        "arachne": 65.16984915733337,
        "arachne_runtime": 24140.426999999996,
        "baseline_cost": 65.16984915733337,
        "baseline_runtime": 24140.426999999996,
        "exec_details": {
            "api_cost": 0,
            "load_cost": 0,
            "load_runtime": 0,
            "moved_cost": 0,
            "moved_queries": [],
            "moved_runtime": 0,
            "mvmt_cost": 0.0,
            "mvmt_runtime": 0.0,
            "stayed_cost": 65.16984915733337,
            "stayed_runtime": 24140.426999999996,
            "storage_cost": 0.0,
            "storage_runtime": 0
        },
        "multi_cloud_plan": "stay",
        "percent_diff": 0.0,
        "profiling_cost": 170.44993031398047,
        "profiling_runtime": 97721.0566865018
    },
    "customer_address": {
        "arachne": 67.51884627342224,
        "arachne_runtime": 25625.433000000005,
        "baseline_cost": 67.51884627342224,
        "baseline_runtime": 25625.433000000005,
        "exec_details": {
            "api_cost": 0,
            "load_cost": 0,
            "load_runtime": 0,
            "moved_cost": 0,
            "moved_queries": [],
            "moved_runtime": 0,
            "mvmt_cost": 0.0,
            "mvmt_runtime": 0.0,
            "stayed_cost": 67.51884627342224,
            "stayed_runtime": 25625.433000000005,
            "storage_cost": 0.0,
            "storage_runtime": 0
        },
        "multi_cloud_plan": "stay",
        "percent_diff": 0.0,
        "profiling_cost": 176.61570128727885,
        "profiling_runtime": 111433.1400156997
    },
    "customer_demographics": {
        "arachne": 73.81373119354248,
        "arachne_runtime": 29217.01200000001,
        "baseline_cost": 73.81373119354248,
        "baseline_runtime": 29217.01200000001,
        "exec_details": {
            "api_cost": 0,
            "load_cost": 0,
            "load_runtime": 0,
            "moved_cost": 0,
            "moved_queries": [],
            "moved_runtime": 0,
            "mvmt_cost": 0.0,
            "mvmt_runtime": 0.0,
            "stayed_cost": 73.81373119354248,
            "stayed_runtime": 29217.01200000001,
            "storage_cost": 0.0,
            "storage_runtime": 0
        },
        "multi_cloud_plan": "stay",
        "percent_diff": 0.0,
        "profiling_cost": 183.19401812323187,
        "profiling_runtime": 115901.83575677394
    },
    "date_dim": {
        "arachne": 11.965280771255493,
        "arachne_runtime": 4131.44,
        "baseline_cost": 11.965280771255493,
        "baseline_runtime": 4131.44,
        "exec_details": {
            "api_cost": 0,
            "load_cost": 0,
            "load_runtime": 0,
            "moved_cost": 0,
            "moved_queries": [],
            "moved_runtime": 0,
            "mvmt_cost": 0.0,
            "mvmt_runtime": 0.0,
            "stayed_cost": 11.965280771255493,
            "stayed_runtime": 4131.44,
            "storage_cost": 0.0,
            "storage_runtime": 0
        },
        "multi_cloud_plan": "stay",
        "percent_diff": 0.0,
        "profiling_cost": 108.02191440973016,
        "profiling_runtime": 47510.499337000365
    },
    "household_demographics": {
        "arachne": 77.00013756752014,
        "arachne_runtime": 29564.799000000003,
        "baseline_cost": 77.00013756752014,
        "baseline_runtime": 29564.799000000003,
        "exec_details": {
            "api_cost": 0,
            "load_cost": 0,
            "load_runtime": 0,
            "moved_cost": 0,
            "moved_queries": [],
            "moved_runtime": 0,
            "mvmt_cost": 0.0,
            "mvmt_runtime": 0.0,
            "stayed_cost": 77.00013756752014,
            "stayed_runtime": 29564.799000000003,
            "storage_cost": 0.0,
            "storage_runtime": 0
        },
        "multi_cloud_plan": "stay",
        "percent_diff": 0.0,
        "profiling_cost": 186.43622098237702,
        "profiling_runtime": 116427.4161204667
    },
    "income_band": {
        "arachne": 85.05280065536499,
        "arachne_runtime": 33697.50000000001,
        "baseline_cost": 85.05280065536499,
        "baseline_runtime": 33697.50000000001,
        "exec_details": {
            "api_cost": 0,
            "load_cost": 0,
            "load_runtime": 0,
            "moved_cost": 0,
            "moved_queries": [],
            "moved_runtime": 0,
            "mvmt_cost": 0.0,
            "mvmt_runtime": 0.0,
            "stayed_cost": 85.05280065536499,
            "stayed_runtime": 33697.50000000001,
            "storage_cost": 0.0,
            "storage_runtime": 0
        },
        "multi_cloud_plan": "stay",
        "percent_diff": 0.0,
        "profiling_cost": 196.31595744979614,