{
    "call_center": {
        "arachne": 29.024027824401855,
        "arachne_runtime": 33962.935,
        "baseline_cost": 29.024027824401855,
        "baseline_runtime": 33962.935,
        "exec_details": {
            "api_cost": 0,
            "load_cost": 0,
            "load_runtime": 0,
            "moved_cost": 0,
            "moved_queries": [],
            "moved_runtime": 0,
            "mvmt_cost": 0.0,
            "mvmt_runtime": 0.0,
            "stayed_cost": 29.024027824401855,
            "stayed_runtime": 33962.935,
            "storage_cost": 0.0,
            "storage_runtime": 0
        },
        "multi_cloud_plan": "stay",
        "percent_diff": 0.0,
        "profiling_cost": 140.75653230260835,
        "profiling_runtime": 128289.08630464507
    },
    "catalog_page": {
        "arachne": 28.4547336101532,
        "arachne_runtime": 33540.604,
        "baseline_cost": 28.4547336101532,
        "baseline_runtime": 33540.604,
        "exec_details": {
            "api_cost": 0,
            "load_cost": 0,
            "load_runtime": 0,
            "moved_cost": 0,
            "moved_queries": [],
            "moved_runtime": 0,
            "mvmt_cost": 0.0,
            "mvmt_runtime": 0.0,
            "stayed_cost": 28.4547336101532,
            "stayed_runtime": 33540.604,
            "storage_cost": 0.0,
            "storage_runtime": 0
        },
        "multi_cloud_plan": "stay",
        "percent_diff": 0.0,
        "profiling_cost": 139.96669028102858,
        "profiling_runtime": 127150.21260558184
    },
    "catalog_returns": {
        "arachne": 25.02763867378235,
        "arachne_runtime": 28630.547,
        "baseline_cost": 25.02763867378235,
        "baseline_runtime": 28630.547,
        "exec_details": {
            "api_cost": 0,
            "load_cost": 0,
            "load_runtime": 0,
            "moved_cost": 0,
            "moved_queries": [],
            "moved_runtime": 0,
            "mvmt_cost": 0.0,
            "mvmt_runtime": 0.0,
            "stayed_cost": 25.02763867378235,
            "stayed_runtime": 28630.547,
            "storage_cost": 0.0,
            "storage_runtime": 0
        },
        "multi_cloud_plan": "stay",
        "percent_diff": 0.0,
        "profiling_cost": 130.13910078468885,
        "profiling_runtime": 110622.96395348359
    },
    "catalog_sales": {
        "arachne": 14.552411556243896,
        "arachne_runtime": 16925.852999999996,
        "baseline_cost": 14.552411556243896,
        "baseline_runtime": 16925.852999999996,
        "exec_details": {
            "api_cost": 0,
            "load_cost": 0,
            "load_runtime": 0,
            "moved_cost": 0,
            "moved_queries": [],
            "moved_runtime": 0,
            "mvmt_cost": 0.0,
            "mvmt_runtime": 0.0,
            "stayed_cost": 14.552411556243896,
            "stayed_runtime": 16925.852999999996,
            "storage_cost": 0.0,
            "storage_runtime": 0
        },
        "multi_cloud_plan": "stay",
        "percent_diff": 0.0,
        "profiling_cost": 86.26117259141577,
        "profiling_runtime": 66307.09205054806
    },
    "customer": {
        "arachne": 21.723283052444458,
        "arachne_runtime": 24140.427,
        "baseline_cost": 21.723283052444458,
        "baseline_runtime": 24140.427,
        "exec_details": {
            "api_cost": 0,
            "load_cost": 0,
            "load_runtime": 0,
            "moved_cost": 0,
            "moved_queries": [],
            "moved_runtime": 0,
            "mvmt_cost": 0.0,
            "mvmt_runtime": 0.0,
            "stayed_cost": 21.723283052444458,
            "stayed_runtime": 24140.427,
            "storage_cost": 0.0,
            "storage_runtime": 0
        },
        "multi_cloud_plan": "stay",
        "percent_diff": 0.0,
        "profiling_cost": 127.00336420909139,
        "profiling_runtime": 97721.0566865018
    },
    "customer_address": {
        "arachne": 22.506282091140747,
        "arachne_runtime": 25625.43299999999,
        "baseline_cost": 22.506282091140747,
        "baseline_runtime": 25625.43299999999,
        "exec_details": {
            "api_cost": 0,
            "load_cost": 0,
            "load_runtime": 0,
            "moved_cost": 0,
            "moved_queries": [],
            "moved_runtime": 0,
            "mvmt_cost": 0.0,
            "mvmt_runtime": 0.0,
            "stayed_cost": 22.506282091140747,
            "stayed_runtime": 25625.43299999999,
            "storage_cost": 0.0,
            "storage_runtime": 0
        },
        "multi_cloud_plan": "stay",
        "percent_diff": 0.0,
        "profiling_cost": 131.60313710499724,
        "profiling_runtime": 111433.14001569968
    },
    "customer_demographics": {
        "arachne": 24.60457706451416,
        "arachne_runtime": 29217.012,
        "baseline_cost": 24.60457706451416,
        "baseline_runtime": 29217.012,
        "exec_details": {
            "api_cost": 0,
            "load_cost": 0,
            "load_runtime": 0,
            "moved_cost": 0,
            "moved_queries": [],
            "moved_runtime": 0,
            "mvmt_cost": 0.0,
            "mvmt_runtime": 0.0,
            "stayed_cost": 24.60457706451416,
            "stayed_runtime": 29217.012,
            "storage_cost": 0.0,
            "storage_runtime": 0
        },
        "multi_cloud_plan": "stay",
        "percent_diff": 0.0,
        "profiling_cost": 133.9848639942035,
        "profiling_runtime": 115901.83575677397
    },
    "date_dim": {
        "arachne": 3.988426923751831,
        "arachne_runtime": 4131.4400000000005,
        "baseline_cost": 3.988426923751831,
        "baseline_runtime": 4131.4400000000005,
        "exec_details": {
            "api_cost": 0,
            "load_cost": 0,
            "load_runtime": 0,
            "moved_cost": 0,
            "moved_queries": [],
            "moved_runtime": 0,
            "mvmt_cost": 0.0,
            "mvmt_runtime": 0.0,
            "stayed_cost": 3.988426923751831,
            "stayed_runtime": 4131.4400000000005,
            "storage_cost": 0.0,
            "storage_runtime": 0
        },
        "multi_cloud_plan": "stay",
        "percent_diff": 0.0,
        "profiling_cost": 100.0450605622265,
        "profiling_runtime": 47510.499337000365
    },
    "household_demographics": {
        "arachne": 25.666712522506714,
        "arachne_runtime": 29564.79899999999,
        "baseline_cost": 25.666712522506714,
        "baseline_runtime": 29564.79899999999,
        "exec_details": {
            "api_cost": 0,
            "load_cost": 0,
            "load_runtime": 0,
            "moved_cost": 0,
            "moved_queries": [],
            "moved_runtime": 0,
            "mvmt_cost": 0.0,
            "mvmt_runtime": 0.0,
            "stayed_cost": 25.666712522506714,
            "stayed_runtime": 29564.79899999999,
            "storage_cost": 0.0,
            "storage_runtime": 0
        },
        "multi_cloud_plan": "stay",
        "percent_diff": 0.0,
        "profiling_cost": 135.10279593736348,
        "profiling_runtime": 116427.41612046667
    },
    "income_band": {
        "arachne": 28.35093355178833,
        "arachne_runtime": 33697.5,
        "baseline_cost": 28.35093355178833,
        "baseline_runtime": 33697.5,
        "exec_details": {
            "api_cost": 0,
            "load_cost": 0,
            "load_runtime": 0,
            "moved_cost": 0,
            "moved_queries": [],
            "moved_runtime": 0,
            "mvmt_cost": 0.0,
            "mvmt_runtime": 0.0,
            "stayed_cost": 28.35093355178833,
            "stayed_runtime": 33697.5,
            "storage_cost": 0.0,
            "storage_runtime": 0
        },
        "multi_cloud_plan": "stay",
        "percent_diff": 0.0,
        "profiling_cost": 139.61409034621943,
        "profiling_runtime": 126498.23326870569
    },
    "inventory": {
        "arachne": 29.165283679962158,