{
    "call_center": {
        "arachne": 42.82814863494683,
        "arachne_runtime": 92704.348,
        "bq": 47.14335425570276,
        "bq_baseline_runtime": 92704.348,
        "multi_cloud_plan": "gcp",
        "percent_diff": 9.153369947650548,
        "profiling_cost": 318.56564680170874,
        "profiling_runtime": 117228.49335424486
    },
    "catalog_page": {
        "arachne": 40.30484396566041,
        "arachne_runtime": 92731.59199999999,
        "bq": 44.603539328445336,
        "bq_baseline_runtime": 92731.59199999999,
        "multi_cloud_plan": "gcp",
        "percent_diff": 9.637565600188791,
        "profiling_cost": 303.3908788441105,
        "profiling_runtime": 116848.54751109549
    },
    "catalog_returns": {
        "arachne": 38.16306154420823,
        "arachne_runtime": 87471.431,
        "bq": 42.51954280989171,
        "bq_baseline_runtime": 87471.431,
        "multi_cloud_plan": "gcp",
        "percent_diff": 10.24583280483907,
        "profiling_cost": 287.62280659861557,
        "profiling_runtime": 110864.79741152945
    },
    "catalog_sales": {
        "arachne": 21.080585833540827,
        "arachne_runtime": 54584.88699999998,
        "bq": 24.095363572051788,
        "bq_baseline_runtime": 54584.88699999998,
        "multi_cloud_plan": "gcp",
        "percent_diff": 12.511858264748502,
        "profiling_cost": 165.648005644225,
        "profiling_runtime": 68907.74125971028
    },
    "customer": {
        "arachne": 27.887910644455786,
        "arachne_runtime": 68587.658,
        "bq": 32.12258013448715,
        "bq_baseline_runtime": 68587.658,
        "multi_cloud_plan": "gcp",
        "percent_diff": 13.182843570790808,
        "profiling_cost": 269.29560609231555,
        "profiling_runtime": 86769.2879684369
    },
    "customer_address": {
        "arachne": 36.571454859878514,
        "arachne_runtime": 71993.08500000002,
        "bq": 40.43415449811619,
        "bq_baseline_runtime": 71993.08500000002,
        "multi_cloud_plan": "gcp",
        "percent_diff": 9.553061480283061,
        "profiling_cost": 281.6770475657966,
        "profiling_runtime": 94127.70247990923
    },
    "customer_demographics": {
        "arachne": 39.77195173592114,
        "arachne_runtime": 83758.85,
        "bq": 44.100830527586396,
        "bq_baseline_runtime": 83758.85,
        "multi_cloud_plan": "gcp",
        "percent_diff": 9.815866821277686,
        "profiling_cost": 295.52527519656115,
        "profiling_runtime": 106539.8318938314
    },
    "date_dim": {
        "arachne": 7.070908194053408,
        "arachne_runtime": 12509.484,
        "bq": 7.829414105341169,
        "bq_baseline_runtime": 12509.484,
        "multi_cloud_plan": "gcp",
        "percent_diff": 9.687901305032698,
        "profiling_cost": 124.02782050372544,
        "profiling_runtime": 24580.932669306003
    },
    "household_demographics": {
        "arachne": 39.82110425343114,
        "arachne_runtime": 85243.47600000002,
        "bq": 43.973058375665865,
        "bq_baseline_runtime": 85243.47600000002,
        "multi_cloud_plan": "gcp",
        "percent_diff": 9.442040821368854,
        "profiling_cost": 303.8323859377336,
        "profiling_runtime": 109034.42410859394
    },
    "income_band": {
        "arachne": 43.635713603513715,
        "arachne_runtime": 95338.185,
        "bq": 47.87378597633838,
        "bq_baseline_runtime": 95338.185,
        "multi_cloud_plan": "gcp",
        "percent_diff": 8.852594977383522,
        "profiling_cost": 321.87863196709367,
        "profiling_runtime": 119964.46670838159
    },
    "inventory": {
        "arachne": 43.39238280254651,
        "arachne_runtime": 94163.77,
        "bq": 45.06838724818761,
        "bq_baseline_runtime": 94163.77,
        "multi_cloud_plan": "gcp",
        "percent_diff": 3.7188027972057163,
        "profiling_cost": 321.4211731946637,
        "profiling_runtime": 118719.5484443195
    },
    "item": {
        "arachne": 25.159201249633202,
        "arachne_runtime": 46194.21400000001,
        "bq": 26.294393187422227,
        "bq_baseline_runtime": 46194.21400000001,
        "multi_cloud_plan": "gcp",
        "percent_diff": 4.317239533529287,
        "profiling_cost": 193.17435139055632,
        "profiling_runtime": 64529.253992826074
    },
    "promotion": {
        "arachne": 41.356648444874246,
        "arachne_runtime": 89820.216,
        "bq": 45.671184163737294,
        "bq_baseline_runtime": 89820.216,
        "multi_cloud_plan": "gcp",
        "percent_diff": 9.44695391167188,
        "profiling_cost": 304.9813865338698,
        "profiling_runtime": 113953.35895175253
    },
    "reason": {
        "arachne": 40.48235081039238,
        "arachne_runtime": 91489.266,
        "bq": 44.789301302162805,
        "bq_baseline_runtime": 91489.266,
        "multi_cloud_plan": "gcp",
        "percent_diff": 9.616025181358314,
        "profiling_cost": 312.19446570334634,
        "profiling_runtime": 115391.22974607087
    },
    "ship_mode": {
        "arachne": 42.72223460330932,
        "arachne_runtime": 93912.436,
        "bq": 47.029185095079754,
        "bq_baseline_runtime": 93912.436,
        "multi_cloud_plan": "gcp",
        "percent_diff": 9.15803768035316,
        "profiling_cost": 319.5184152863513,
        "profiling_runtime": 118381.6658053419
    },
    "store": {
        "arachne": 29.184789412393364,
        "arachne_runtime": 53855.015999999996,
        "bq": 33.43830627467367,
        "bq_baseline_runtime": 53855.015999999996,
        "multi_cloud_plan": "gcp",
        "percent_diff": 12.720491365024492,
        "profiling_cost": 232.59725101921603,
        "profiling_runtime": 73765.29577291635
    },
    "store_returns": {
        "arachne": 34.96687387903292,
        "arachne_runtime": 80122.18600000002,
        "bq": 39.30400779968369,
        "bq_baseline_runtime": 80122.18600000002,
        "multi_cloud_plan": "gcp",
        "percent_diff": 11.034838845838198,
        "profiling_cost": 274.7104379358584,
        "profiling_runtime": 101441.39763094414
    },
    "store_sales": {
        "arachne": 4.922152824824021,
        "arachne_runtime": 10525.602,
        "bq": 6.905435666322708,
        "bq_baseline_runtime": 10525.602,
        "multi_cloud_plan": "gcp",
        "percent_diff": 28.720604134667543,
        "profiling_cost": 76.17910429339949,
        "profiling_runtime": 17839.215772443964
    },
    "time_dim": {
        "arachne": 41.34475298746821,
        "arachne_runtime": 89896.50899999998,
        "bq": 45.572562296308405,
        "bq_baseline_runtime": 89896.50899999998,
        "multi_cloud_plan": "gcp",
        "percent_diff": 9.277093706847959,
        "profiling_cost": 312.5857422202172,
        "profiling_runtime": 114197.14761127847
    },
    "warehouse": {
        "arachne": 42.61244661482251,
        "arachne_runtime": 93228.94099999999,
        "bq": 46.94791951739522,
        "bq_baseline_runtime": 93228.94099999999,
        "multi_cloud_plan": "gcp",
        "percent_diff": 9.234643296528452,
        "profiling_cost": 318.7228833894346,
        "profiling_runtime": 117628.78507534685
    },
    "web_page": {
        "arachne": 42.968361530208256,
        "arachne_runtime": 92887.23400000004,
        "bq": 47.26495254948406,
        "bq_baseline_runtime": 92887.23400000004,
        "multi_cloud_plan": "gcp",
        "percent_diff": 9.090437602317456,
        "profiling_cost": 313.7137673164741,
        "profiling_runtime": 117277.15914639628
    },
    "web_returns": {
        "arachne": 37.473391465605324,
        "arachne_runtime": 87926.27400000002,
        "bq": 41.377003129874346,
        "bq_baseline_runtime": 87926.27400000002,
        "multi_cloud_plan": "gcp",
        "percent_diff": 9.43425422091674,
        "profiling_cost": 289.081582523742,
        "profiling_runtime": 111174.1467592472
    },
    "web_sales": {
        "arachne": 20.203406967695884,
        "arachne_runtime": 58633.72800000001,