{
    "call_center": {
        "arachne": 65.26719591848092,
        "arachne_runtime": 20909.853046337754,
        "bq": 236.39038562774658,
        "bq_baseline_runtime": 105783.20399999998,
        "multi_cloud_plan": "aws",
        "percent_diff": 72.3900801865691,
        "profiling_cost": 310.304281653094,
        "profiling_runtime": 133822.2727238909
    },
    "catalog_page": {
        "arachne": 64.74193468641401,
        "arachne_runtime": 20476.74662608761,
        "bq": 221.7094898223877,
        "bq_baseline_runtime": 105810.44800000002,
        "multi_cloud_plan": "aws",
        "percent_diff": 70.79875347767972,
        "profiling_cost": 295.12955328822795,
        "profiling_runtime": 133442.32688074152
    },
    "catalog_returns": {
        "arachne": 60.94319099440368,
        "arachne_runtime": 18464.89272406153,
        "bq": 193.60082626342773,
        "bq_baseline_runtime": 91777.655,
        "multi_cloud_plan": "aws",
        "percent_diff": 68.52121337980252,
        "profiling_cost": 261.71895658139266,
        "profiling_runtime": 116159.08564697832
    },
    "catalog_sales": {
        "arachne": 40.31711126454104,
        "arachne_runtime": 11797.687121328838,
        "bq": 104.23612117767334,
        "bq_baseline_runtime": 57335.01899999999,
        "multi_cloud_plan": "multi",
        "percent_diff": 61.321362682117254,
        "profiling_cost": 150.03082299136156,
        "profiling_runtime": 72593.92022364042
    },
    "customer": {
        "arachne": 59.81831761090271,
        "arachne_runtime": 16447.724085682683,
        "bq": 185.87164402008057,
        "bq_baseline_runtime": 77589.22300000006,
        "multi_cloud_plan": "aws",
        "percent_diff": 67.81740543251435,
        "profiling_cost": 251.4490137006599,
        "profiling_runtime": 98784.97991059467
    },
    "customer_address": {
        "arachne": 62.975253060566835,
        "arachne_runtime": 19028.786238859553,
        "bq": 193.4046506881714,
        "bq_baseline_runtime": 80994.65000000002,
        "multi_cloud_plan": "aws",
        "percent_diff": 67.43860458552126,
        "profiling_cost": 263.8026898217905,
        "profiling_runtime": 106143.39442206697
    },
    "customer_demographics": {
        "arachne": 63.2567368367211,
        "arachne_runtime": 19252.59073366286,
        "bq": 207.4698543548584,
        "bq_baseline_runtime": 91655.29500000001,
        "multi_cloud_plan": "aws",
        "percent_diff": 69.51039608456746,
        "profiling_cost": 278.48809600258477,
        "profiling_runtime": 117307.14871142022
    },
    "date_dim": {
        "arachne": 26.623306574166072,
        "arachne_runtime": 6317.313656899411,
        "bq": 28.19988250732422,
        "bq_baseline_runtime": 12509.484,
        "multi_cloud_plan": "multi",
        "percent_diff": 5.590718091639815,
        "profiling_cost": 82.74992672321828,
        "profiling_runtime": 24580.932669306003
    },
    "household_demographics": {
        "arachne": 64.06940028282452,
        "arachne_runtime": 19922.142934324365,
        "bq": 214.5507574081421,
        "bq_baseline_runtime": 93139.921,
        "multi_cloud_plan": "aws",
        "percent_diff": 70.13788202996429,
        "profiling_cost": 286.7944790645035,
        "profiling_runtime": 119801.74092618274
    },
    "income_band": {
        "arachne": 64.86672885518568,
        "arachne_runtime": 20579.62180384822,
        "bq": 232.44556427001953,
        "bq_baseline_runtime": 106110.696,
        "multi_cloud_plan": "aws",
        "percent_diff": 72.09379793548847,
        "profiling_cost": 305.9800247311527,
        "profiling_runtime": 133836.8763628425
    },
    "inventory": {
        "arachne": 65.05015911945327,
        "arachne_runtime": 20742.731747126352,
        "bq": 238.37518692016602,
        "bq_baseline_runtime": 104366.56,
        "multi_cloud_plan": "aws",
        "percent_diff": 72.71101914594863,
        "profiling_cost": 312.03531977339094,
        "profiling_runtime": 132208.23497709344
    },
    "item": {
        "arachne": 58.05142808430675,
        "arachne_runtime": 14970.765479146503,
        "bq": 93.05500507354736,
        "bq_baseline_runtime": 48002.55500000001,
        "multi_cloud_plan": "aws",
        "percent_diff": 37.61600674952952,
        "profiling_cost": 157.06834063562184,
        "profiling_runtime": 67877.7386185623
    },
    "promotion": {
        "arachne": 63.980568839261075,
        "arachne_runtime": 19848.8825146874,
        "bq": 215.28478145599365,
        "bq_baseline_runtime": 97716.66099999996,
        "multi_cloud_plan": "aws",
        "percent_diff": 70.28096068539831,
        "profiling_cost": 287.9434791147594,
        "profiling_runtime": 124720.67576934131
    },
    "reason": {
        "arachne": 65.05318313387711,
        "arachne_runtime": 20733.37475890541,
        "bq": 230.7737159729004,
        "bq_baseline_runtime": 104568.122,
        "multi_cloud_plan": "aws",
        "percent_diff": 71.81083518995021,
        "profiling_cost": 303.9331002853077,
        "profiling_runtime": 131985.0091157169
    },
    "ship_mode": {
        "arachne": 65.29326911914407,
        "arachne_runtime": 20931.353189525806,
        "bq": 237.4097490310669,
        "bq_baseline_runtime": 106991.292,
        "multi_cloud_plan": "aws",
        "percent_diff": 72.49764620634852,
        "profiling_cost": 311.2570498885309,
        "profiling_runtime": 134975.44517498795
    },
    "store": {
        "arachne": 60.74478667407694,
        "arachne_runtime": 17180.64929185403,
        "bq": 136.7197608947754,
        "bq_baseline_runtime": 60536.15700000001,
        "multi_cloud_plan": "aws",
        "percent_diff": 55.56985597654139,
        "profiling_cost": 203.377902797536,
        "profiling_runtime": 82592.02563271287
    },
    "store_returns": {
        "arachne": 59.78728384535062,
        "arachne_runtime": 18159.627168378473,
        "bq": 185.66169261932373,
        "bq_baseline_runtime": 87304.476,
        "multi_cloud_plan": "aws",
        "percent_diff": 67.79772768314838,
        "profiling_cost": 250.7563509233236,
        "profiling_runtime": 109840.77870326507
    },
    "store_sales": {
        "arachne": 21.086888313293457,
        "arachne_runtime": 13401.668000000003,
        "bq": 21.086888313293457,
        "bq_baseline_runtime": 13401.668000000003,
        "multi_cloud_plan": "gcp",
        "percent_diff": 0.0,
        "profiling_cost": 53.371118789105616,
        "profiling_runtime": 20944.308609316064
    },
    "time_dim": {
        "arachne": 65.24102639074472,
        "arachne_runtime": 20888.33106794735,
        "bq": 230.68166732788086,
        "bq_baseline_runtime": 102975.365,
        "multi_cloud_plan": "aws",
        "percent_diff": 71.718157256938,
        "profiling_cost": 304.32444931571786,
        "profiling_runtime": 130790.92698092457
    },
    "warehouse": {
        "arachne": 64.98438567948324,
        "arachne_runtime": 20676.651745990996,
        "bq": 235.83679676055908,
        "bq_baseline_runtime": 103431.731,
        "multi_cloud_plan": "aws",
        "percent_diff": 72.44518812496392,
        "profiling_cost": 309.3222163292103,
        "profiling_runtime": 131117.47160812077
    },
    "web_page": {
        "arachne": 65.17911711005559,
        "arachne_runtime": 20837.222209216707,
        "bq": 231.70127391815186,
        "bq_baseline_runtime": 105966.08999999998,
        "multi_cloud_plan": "aws",
        "percent_diff": 71.86933157170297,
        "profiling_cost": 305.45240246330957,
        "profiling_runtime": 133870.9385160423
    },
    "web_returns": {
        "arachne": 62.430059412161796,
        "arachne_runtime": 19113.59691246986,
        "bq": 201.80835247039795,
        "bq_baseline_runtime": 97414.90899999999,
        "multi_cloud_plan": "aws",
        "percent_diff": 69.06468010469523,
        "profiling_cost": 271.2319090939058,
        "profiling_runtime": 122294.89754675329
    },