{
    "call_center": {
        "arachne": 116.86471235665965,
        "arachne_runtime": 20909.853046337754,
        "bq": 236.39038562774658,
        "bq_baseline_runtime": 105783.20399999998,
        "multi_cloud_plan": "aws",
        "percent_diff": 50.562831882388316,
        "profiling_cost": 361.9017980912728,
        "profiling_runtime": 133822.2727238909
    },
    "catalog_page": {
        "arachne": 116.33940160829019,
        "arachne_runtime": 20476.74662608761,
        "bq": 221.7094898223877,
        "bq_baseline_runtime": 105810.44799999996,
        "multi_cloud_plan": "aws",
        "percent_diff": 47.526196690322045,
        "profiling_cost": 346.7270202101041,
        "profiling_runtime": 133442.32688074152
    },
    "catalog_returns": {
        "arachne": 110.57795514980303,
        "arachne_runtime": 19226.364220601175,
        "bq": 193.60082626342773,
        "bq_baseline_runtime": 91777.65500000001,
        "multi_cloud_plan": "multi",
        "percent_diff": 42.883531396016664,
        "profiling_cost": 311.5640039409338,
        "profiling_runtime": 116159.08564697833
    },
    "catalog_sales": {
        "arachne": 66.7345204002753,
        "arachne_runtime": 21118.241971016672,
        "bq": 104.23612117767334,
        "bq_baseline_runtime": 57335.019000000015,
        "multi_cloud_plan": "multi",
        "percent_diff": 35.97754823730972,
        "profiling_cost": 185.34653437937678,
        "profiling_runtime": 72593.92022364044
    },
    "customer": {
        "arachne": 111.36720373145492,
        "arachne_runtime": 16447.724085682683,
        "bq": 185.87164402008057,
        "bq_baseline_runtime": 77589.223,
        "multi_cloud_plan": "aws",
        "percent_diff": 40.08381196680898,
        "profiling_cost": 302.9978998672427,
        "profiling_runtime": 98784.97991059464
    },
    "customer_address": {
        "arachne": 114.55886113726498,
        "arachne_runtime": 19028.786238859553,
        "bq": 193.4046506881714,
        "bq_baseline_runtime": 80994.65000000002,
        "multi_cloud_plan": "aws",
        "percent_diff": 40.767266593826854,
        "profiling_cost": 315.3862979445192,
        "profiling_runtime": 106143.39442206697
    },
    "customer_demographics": {
        "arachne": 114.85334104415861,
        "arachne_runtime": 19252.59073366286,
        "bq": 207.4698543548584,
        "bq_baseline_runtime": 91655.29500000001,
        "multi_cloud_plan": "aws",
        "percent_diff": 44.640949693003414,
        "profiling_cost": 330.0847002560528,
        "profiling_runtime": 117307.14871142019
    },
    "date_dim": {
        "arachne": 28.19988250732422,
        "arachne_runtime": 12509.483999999999,
        "bq": 28.19988250732422,
        "bq_baseline_runtime": 12509.483999999999,
        "multi_cloud_plan": "gcp",
        "percent_diff": 0.0,
        "profiling_cost": 134.3472939488523,
        "profiling_runtime": 24580.932669306003
    },
    "household_demographics": {
        "arachne": 115.66691447039238,
        "arachne_runtime": 19922.142934324365,
        "bq": 214.5507574081421,
        "bq_baseline_runtime": 93139.921,
        "multi_cloud_plan": "aws",
        "percent_diff": 46.08878762876701,
        "profiling_cost": 338.39199329810185,
        "profiling_runtime": 119801.74092618271
    },
    "income_band": {
        "arachne": 116.46424567746512,
        "arachne_runtime": 20579.62180384822,
        "bq": 232.44556427001953,
        "bq_baseline_runtime": 106110.69600000001,
        "multi_cloud_plan": "aws",
        "percent_diff": 49.89612039136404,
        "profiling_cost": 357.57754155343207,
        "profiling_runtime": 133836.8763628425
    },
    "inventory": {
        "arachne": 116.62914988495132,
        "arachne_runtime": 20742.731747126352,
        "bq": 238.37518692016602,
        "bq_baseline_runtime": 104366.56,
        "multi_cloud_plan": "aws",
        "percent_diff": 51.07328434984658,
        "profiling_cost": 363.6143105388889,
        "profiling_runtime": 132208.23497709347
    },
    "item": {
        "arachne": 93.05500507354736,
        "arachne_runtime": 48002.55500000001,
        "bq": 93.05500507354736,
        "bq_baseline_runtime": 48002.55500000001,
        "multi_cloud_plan": "gcp",
        "percent_diff": 0.0,
        "profiling_cost": 208.665447691312,
        "profiling_runtime": 67877.7386185623
    },
    "promotion": {
        "arachne": 115.57808375549573,
        "arachne_runtime": 19848.8825146874,
        "bq": 215.28478145599365,
        "bq_baseline_runtime": 97716.66099999998,
        "multi_cloud_plan": "aws",
        "percent_diff": 46.31386251558101,
        "profiling_cost": 339.54099403099394,
        "profiling_runtime": 124720.67576934128
    },
    "reason": {
        "arachne": 116.65069990900834,
        "arachne_runtime": 20733.37475890541,
        "bq": 230.7737159729004,
        "bq_baseline_runtime": 104568.12199999997,
        "multi_cloud_plan": "aws",
        "percent_diff": 49.45234581103398,
        "profiling_cost": 355.53061706043906,
        "profiling_runtime": 131985.0091157169
    },
    "ship_mode": {
        "arachne": 116.8907858689899,
        "arachne_runtime": 20931.353189525806,
        "bq": 237.4097490310669,
        "bq_baseline_runtime": 106991.292,
        "multi_cloud_plan": "aws",
        "percent_diff": 50.76411716618519,
        "profiling_cost": 362.8545666383765,
        "profiling_runtime": 134975.445174988
    },
    "store": {
        "arachne": 112.342251812354,
        "arachne_runtime": 17180.64929185403,
        "bq": 136.7197608947754,
        "bq_baseline_runtime": 60536.15700000002,
        "multi_cloud_plan": "aws",
        "percent_diff": 17.830274806568188,
        "profiling_cost": 254.97541788224694,
        "profiling_runtime": 82592.02563271287
    },
    "store_returns": {
        "arachne": 107.38583636292404,
        "arachne_runtime": 22779.799688234598,
        "bq": 185.66169261932373,
        "bq_baseline_runtime": 87304.47600000002,
        "multi_cloud_plan": "multi",
        "percent_diff": 42.16047756113838,
        "profiling_cost": 299.588083221571,
        "profiling_runtime": 109840.7787032651
    },
    "store_sales": {
        "arachne": 21.086888313293457,
        "arachne_runtime": 13401.668000000001,
        "bq": 21.086888313293457,
        "bq_baseline_runtime": 13401.668000000001,
        "multi_cloud_plan": "gcp",
        "percent_diff": 0.0,
        "profiling_cost": 83.3045040698348,
        "profiling_runtime": 20944.30860931606
    },
    "time_dim": {
        "arachne": 116.83845247745549,
        "arachne_runtime": 20888.33106794735,
        "bq": 230.68166732788086,
        "bq_baseline_runtime": 102975.365,
        "multi_cloud_plan": "aws",
        "percent_diff": 49.35078550850493,
        "profiling_cost": 355.9218754024287,
        "profiling_runtime": 130790.92698092455
    },
    "warehouse": {
        "arachne": 116.58190225463623,
        "arachne_runtime": 20676.651745990996,
        "bq": 235.83679676055908,
        "bq_baseline_runtime": 103431.73099999999,
        "multi_cloud_plan": "aws",
        "percent_diff": 50.566703815520455,
        "profiling_cost": 360.91973302282753,
        "profiling_runtime": 131117.47160812077
    },
    "web_page": {
        "arachne": 116.77663317873206,
        "arachne_runtime": 20837.222209216707,
        "bq": 231.70127391815186,
        "bq_baseline_runtime": 105966.09000000003,
        "multi_cloud_plan": "aws",
        "percent_diff": 49.60034910296469,
        "profiling_cost": 357.049918531986,
        "profiling_runtime": 133870.93851604237
    },
    "web_returns": {
        "arachne": 113.17806579355893,
        "arachne_runtime": 19113.59691246986,
        "bq": 201.80835247039795,
        "bq_baseline_runtime": 97414.909,
        "multi_cloud_plan": "aws",
        "percent_diff": 43.91804679632359,
        "profiling_cost": 321.9799654217369,