{
    "call_center": {
        "arachne": 171.90206322405027,
        "arachne_runtime": 20909.853046337754,
        "bq": 236.39038562774658,
        "bq_baseline_runtime": 105783.20400000001,
        "multi_cloud_plan": "aws",
        "percent_diff": 27.280433691262157,
        "profiling_cost": 416.93914895866345,
        "profiling_runtime": 133822.27272389096
    },
    "catalog_page": {
        "arachne": 171.37669965829147,
        "arachne_runtime": 20476.74662608761,
        "bq": 221.7094898223877,
        "bq_baseline_runtime": 105810.44799999997,
        "multi_cloud_plan": "aws",
        "percent_diff": 22.702136117140505,
        "profiling_cost": 401.76431826010537,
        "profiling_runtime": 133442.32688074152
    },
    "catalog_returns": {
        "arachne": 162.83986114727304,
        "arachne_runtime": 19226.364220601175,
        "bq": 193.60082626342773,
        "bq_baseline_runtime": 91777.65500000001,
        "multi_cloud_plan": "multi",
        "percent_diff": 15.88886045057423,
        "profiling_cost": 364.73205445777756,
        "profiling_runtime": 116159.08564697835
    },
    "catalog_sales": {
        "arachne": 89.93107146981806,
        "arachne_runtime": 21118.241971016672,
        "bq": 104.23612117767334,
        "bq_baseline_runtime": 57335.01899999999,
        "multi_cloud_plan": "multi",
        "percent_diff": 13.723697261788862,
        "profiling_cost": 223.01662652659294,
        "profiling_runtime": 72593.92022364042
    },
    "customer": {
        "arachne": 166.3526822600439,
        "arachne_runtime": 16447.724085682683,
        "bq": 185.87164402008057,
        "bq_baseline_runtime": 77589.22300000003,
        "multi_cloud_plan": "aws",
        "percent_diff": 10.501312270056609,
        "profiling_cost": 357.9833784449311,
        "profiling_runtime": 98784.97991059464
    },
    "customer_address": {
        "arachne": 169.58137641907635,
        "arachne_runtime": 19028.786238859553,
        "bq": 193.4046506881714,
        "bq_baseline_runtime": 80994.65000000002,
        "multi_cloud_plan": "aws",
        "percent_diff": 12.317839402686124,
        "profiling_cost": 370.40881327542996,
        "profiling_runtime": 106143.394422067
    },
    "customer_demographics": {
        "arachne": 169.88971886542524,
        "arachne_runtime": 19252.59073366286,
        "bq": 207.4698543548584,
        "bq_baseline_runtime": 91655.29500000001,
        "multi_cloud_plan": "aws",
        "percent_diff": 18.113540208668457,
        "profiling_cost": 385.12107812641875,
        "profiling_runtime": 117307.1487114202
    },
    "date_dim": {
        "arachne": 28.19988250732422,
        "arachne_runtime": 12509.484,
        "bq": 28.19988250732422,
        "bq_baseline_runtime": 12509.484,
        "multi_cloud_plan": "gcp",
        "percent_diff": 0.0,
        "profiling_cost": 189.3844856561952,
        "profiling_runtime": 24580.932669306003
    },
    "household_demographics": {
        "arachne": 170.70426293713143,
        "arachne_runtime": 19922.142934324365,
        "bq": 214.5507574081421,
        "bq_baseline_runtime": 93139.92100000002,
        "multi_cloud_plan": "aws",
        "percent_diff": 20.43642026748991,
        "profiling_cost": 393.4293418139402,
        "profiling_runtime": 119801.74092618276
    },
    "income_band": {
        "arachne": 171.5015969545632,
        "arachne_runtime": 20579.62180384822,
        "bq": 232.44556427001953,
        "bq_baseline_runtime": 106110.69600000003,
        "multi_cloud_plan": "aws",
        "percent_diff": 26.218597677631305,
        "profiling_cost": 412.61489283053015,
        "profiling_runtime": 133836.87636284254
    },
    "inventory": {
        "arachne": 171.64674003481582,
        "arachne_runtime": 20742.731747126352,
        "bq": 238.37518692016602,
        "bq_baseline_runtime": 104366.56000000003,
        "multi_cloud_plan": "aws",
        "percent_diff": 27.99303390067111,
        "profiling_cost": 418.6319006887533,
        "profiling_runtime": 132208.23497709347
    },
    "item": {
        "arachne": 93.05500507354736,
        "arachne_runtime": 48002.55500000002,
        "bq": 93.05500507354736,
        "bq_baseline_runtime": 48002.55500000002,
        "multi_cloud_plan": "gcp",
        "percent_diff": 0.0,
        "profiling_cost": 263.7023618840481,
        "profiling_runtime": 67877.73861856232
    },
    "promotion": {
        "arachne": 170.61543299947934,
        "arachne_runtime": 19848.8825146874,
        "bq": 215.28478145599365,
        "bq_baseline_runtime": 97716.661,
        "multi_cloud_plan": "aws",
        "percent_diff": 20.748957801109214,
        "profiling_cost": 394.57834327497756,
        "profiling_runtime": 124720.67576934132
    },
    "reason": {
        "arachne": 171.68805113581502,
        "arachne_runtime": 20733.37475890541,
        "bq": 230.7737159729004,
        "bq_baseline_runtime": 104568.12199999997,
        "multi_cloud_plan": "aws",
        "percent_diff": 25.603290473523323,
        "profiling_cost": 410.5679682872456,
        "profiling_runtime": 131985.0091157169
    },
    "ship_mode": {
        "arachne": 171.92813706882544,
        "arachne_runtime": 20931.353189525806,
        "bq": 237.4097490310669,
        "bq_baseline_runtime": 106991.29199999997,
        "multi_cloud_plan": "aws",
        "percent_diff": 27.581686190010963,
        "profiling_cost": 417.89191783821207,
        "profiling_runtime": 134975.44517498795
    },
    "store": {
        "arachne": 136.7197608947754,
        "arachne_runtime": 60536.15700000001,
        "bq": 136.7197608947754,
        "bq_baseline_runtime": 60536.15700000001,
        "multi_cloud_plan": "gcp",
        "percent_diff": 0.0,
        "profiling_cost": 310.0127673059384,
        "profiling_runtime": 82592.02563271287
    },
    "store_returns": {
        "arachne": 156.69757210322803,
        "arachne_runtime": 22779.799688234598,
        "bq": 185.66169261932373,
        "bq_baseline_runtime": 87304.47599999998,
        "multi_cloud_plan": "multi",
        "percent_diff": 15.600482849999134,
        "profiling_cost": 351.67526433970176,
        "profiling_runtime": 109840.77870326507
    },
    "store_sales": {
        "arachne": 21.086888313293457,
        "arachne_runtime": 13401.667999999998,
        "bq": 21.086888313293457,
        "bq_baseline_runtime": 13401.667999999998,
        "multi_cloud_plan": "gcp",
        "percent_diff": 0.0,
        "profiling_cost": 115.23344836927936,
        "profiling_runtime": 20944.30860931606
    },
    "time_dim": {
        "arachne": 171.87570696994698,
        "arachne_runtime": 20888.33106794735,
        "bq": 230.68166732788086,
        "bq_baseline_runtime": 102975.365,
        "multi_cloud_plan": "aws",
        "percent_diff": 25.492255643509658,
        "profiling_cost": 410.95912989492024,
        "profiling_runtime": 130790.92698092457
    },
    "warehouse": {
        "arachne": 171.61925326813272,
        "arachne_runtime": 20676.651745990996,
        "bq": 235.83679676055908,
        "bq_baseline_runtime": 103431.73100000003,
        "multi_cloud_plan": "aws",
        "percent_diff": 27.22965388544744,
        "profiling_cost": 415.9570841626858,
        "profiling_runtime": 131117.47160812083
    },
    "web_page": {
        "arachne": 171.81398365198703,
        "arachne_runtime": 20837.222209216707,
        "bq": 231.70127391815186,
        "bq_baseline_runtime": 105966.09000000004,
        "multi_cloud_plan": "aws",
        "percent_diff": 25.846767802977176,
        "profiling_cost": 412.08726900524096,
        "profiling_runtime": 133870.93851604237
    },
    "web_returns": {
        "arachne": 167.30927260038254,
        "arachne_runtime": 19113.59691246986,
        "bq": 201.80835247039795,
        "bq_baseline_runtime": 97414.90899999997,
        "multi_cloud_plan": "aws",
        "percent_diff": 17.094971267393834,
        "profiling_cost": 376.1112255047566,