{
    "call_center": {
        "arachne": 82.7366349697113,
        "arachne_runtime": 105783.20400000001,
        "bq": 82.7366349697113,
        "bq_baseline_runtime": 105783.20400000001,
        "multi_cloud_plan": "gcp",
        "percent_diff": 0.0,
        "profiling_cost": 197.92854414560182,
        "profiling_runtime": 133822.27272389093
    },
    "catalog_page": {
        "arachne": 77.5983214378357,
        "arachne_runtime": 105810.44800000003,
        "bq": 77.5983214378357,
        "bq_baseline_runtime": 105810.44800000003,
        "multi_cloud_plan": "gcp",
        "percent_diff": 0.0,
        "profiling_cost": 192.296358441177,
        "profiling_runtime": 133442.32688074154
    },
    "catalog_returns": {
        "arachne": 67.7602891921997,
        "arachne_runtime": 91777.65500000004,
        "bq": 67.7602891921997,
        "bq_baseline_runtime": 91777.65500000004,
        "multi_cloud_plan": "gcp",
        "percent_diff": 0.0,
        "profiling_cost": 175.7544573977976,
        "profiling_runtime": 116159.08564697836
    },
    "catalog_sales": {
        "arachne": 36.48264241218567,
        "arachne_runtime": 57335.019,
        "bq": 36.48264241218567,
        "bq_baseline_runtime": 57335.019,
        "multi_cloud_plan": "gcp",
        "percent_diff": 0.0,
        "profiling_cost": 110.52991333628592,
        "profiling_runtime": 72593.92022364044
    },
    "customer": {
        "arachne": 65.0550754070282,
        "arachne_runtime": 77589.22300000001,
        "bq": 65.0550754070282,
        "bq_baseline_runtime": 77589.22300000001,
        "multi_cloud_plan": "gcp",
        "percent_diff": 0.0,
        "profiling_cost": 171.8715540208739,
        "profiling_runtime": 98784.97991059466
    },
    "customer_address": {
        "arachne": 67.69162774085999,
        "arachne_runtime": 80994.65000000001,
        "bq": 67.69162774085999,
        "bq_baseline_runtime": 80994.65000000001,
        "multi_cloud_plan": "gcp",
        "percent_diff": 0.0,
        "profiling_cost": 179.3565533726622,
        "profiling_runtime": 106143.39442206695
    },
    "customer_demographics": {
        "arachne": 72.61444902420044,
        "arachne_runtime": 91655.29500000001,
        "bq": 72.61444902420044,
        "bq_baseline_runtime": 91655.29500000001,
        "multi_cloud_plan": "gcp",
        "percent_diff": 0.0,
        "profiling_cost": 184.90997407470144,
        "profiling_runtime": 117307.1487114202
    },
    "date_dim": {
        "arachne": 9.869958877563477,
        "arachne_runtime": 12509.483999999999,
        "bq": 9.869958877563477,
        "bq_baseline_runtime": 12509.483999999999,
        "multi_cloud_plan": "gcp",
        "percent_diff": 0.0,
        "profiling_cost": 105.6978968739647,
        "profiling_runtime": 24580.932669306
    },
    "household_demographics": {
        "arachne": 75.09276509284973,
        "arachne_runtime": 93139.92099999999,
        "bq": 75.09276509284973,
        "bq_baseline_runtime": 93139.92099999999,
        "multi_cloud_plan": "gcp",
        "percent_diff": 0.0,
        "profiling_cost": 188.61449813608994,
        "profiling_runtime": 119801.74092618276
    },
    "income_band": {
        "arachne": 81.35594749450684,
        "arachne_runtime": 106110.696,
        "bq": 81.35594749450684,
        "bq_baseline_runtime": 106110.696,
        "multi_cloud_plan": "gcp",
        "percent_diff": 0.0,
        "profiling_cost": 196.16842141346365,
        "profiling_runtime": 133836.8763628425
    },
    "inventory": {
        "arachne": 83.4313154220581,
        "arachne_runtime": 104366.55999999997,
        "bq": 83.4313154220581,
        "bq_baseline_runtime": 104366.55999999997,
        "multi_cloud_plan": "gcp",
        "percent_diff": 0.0,
        "profiling_cost": 198.35464088768154,
        "profiling_runtime": 132208.23497709344
    },
    "item": {
        "arachne": 32.56925177574158,
        "arachne_runtime": 48002.55500000001,
        "bq": 32.56925177574158,
        "bq_baseline_runtime": 48002.55500000001,
        "multi_cloud_plan": "gcp",
        "percent_diff": 0.0,
        "profiling_cost": 137.86027298236812,
        "profiling_runtime": 67877.73861856232
    },
    "promotion": {
        "arachne": 75.34967350959778,
        "arachne_runtime": 97716.66100000002,
        "bq": 75.34967350959778,
        "bq_baseline_runtime": 97716.66100000002,
        "multi_cloud_plan": "gcp",
        "percent_diff": 0.0,
        "profiling_cost": 189.2863831013513,
        "profiling_runtime": 124720.67576934134
    },
    "reason": {
        "arachne": 80.77080059051514,
        "arachne_runtime": 104568.12200000005,
        "bq": 80.77080059051514,
        "bq_baseline_runtime": 104568.12200000005,
        "multi_cloud_plan": "gcp",
        "percent_diff": 0.0,
        "profiling_cost": 195.20819832302757,
        "profiling_runtime": 131985.00911571697
    },
    "ship_mode": {
        "arachne": 83.09341216087341,
        "arachne_runtime": 106991.292,
        "bq": 83.09341216087341,
        "bq_baseline_runtime": 106991.292,
        "multi_cloud_plan": "gcp",
        "percent_diff": 0.0,
        "profiling_cost": 198.2187264182141,
        "profiling_runtime": 134975.445174988
    },
    "store": {
        "arachne": 47.85191631317139,
        "arachne_runtime": 60536.157,
        "bq": 47.85191631317139,
        "bq_baseline_runtime": 60536.157,
        "multi_cloud_plan": "gcp",
        "percent_diff": 0.0,
        "profiling_cost": 155.78807028370076,
        "profiling_runtime": 82592.02563271286
    },
    "store_returns": {
        "arachne": 64.9815924167633,
        "arachne_runtime": 87304.47599999998,
        "bq": 64.9815924167633,
        "bq_baseline_runtime": 87304.47599999998,
        "multi_cloud_plan": "gcp",
        "percent_diff": 0.0,
        "profiling_cost": 169.14163655936122,
        "profiling_runtime": 109840.7787032651
    },
    "store_sales": {
        "arachne": 7.38041090965271,
        "arachne_runtime": 13401.667999999996,
        "bq": 7.38041090965271,
        "bq_baseline_runtime": 13401.667999999996,
        "multi_cloud_plan": "gcp",
        "percent_diff": 0.0,
        "profiling_cost": 63.61134961004828,
        "profiling_runtime": 20944.30860931606
    },
    "time_dim": {
        "arachne": 80.7385835647583,
        "arachne_runtime": 102975.365,
        "bq": 80.7385835647583,
        "bq_baseline_runtime": 102975.365,
        "multi_cloud_plan": "gcp",
        "percent_diff": 0.0,
        "profiling_cost": 195.65930642196412,
        "profiling_runtime": 130790.92698092457
    },
    "warehouse": {
        "arachne": 82.54287886619568,
        "arachne_runtime": 103431.73100000001,
        "bq": 82.54287886619568,
        "bq_baseline_runtime": 103431.73100000001,
        "multi_cloud_plan": "gcp",
        "percent_diff": 0.0,
        "profiling_cost": 197.30631178974073,
        "profiling_runtime": 131117.4716081208
    },
    "web_page": {
        "arachne": 81.09544587135315,
        "arachne_runtime": 105966.09,
        "bq": 81.09544587135315,
        "bq_baseline_runtime": 105966.09,
        "multi_cloud_plan": "gcp",
        "percent_diff": 0.0,
        "profiling_cost": 196.1245872714522,
        "profiling_runtime": 133870.93851604234
    },
    "web_returns": {
        "arachne": 70.63292336463928,
        "arachne_runtime": 97414.909,
        "bq": 70.63292336463928,
        "bq_baseline_runtime": 97414.909,
        "multi_cloud_plan": "gcp",
        "percent_diff": 0.0,
        "profiling_cost": 180.65492505041206,
        "profiling_runtime": 122294.89754675332
    },
    "web_sales": {
        "arachne": 41.78896379470825,
        "arachne_runtime": 66566.27100000002,
        "bq": 41.78896379470825,
        "bq_baseline_runtime": 66566.27100000002,
        "multi_cloud_plan": "gcp",
        "percent_diff": 0.0,
        "profiling_cost": 131.2968892494056,
        "profiling_runtime": 84079.96037001332
    },