{
    "call_center": {
        "arachne": 106.51974791092206,
        "arachne_runtime": 20908.637811127337,
        "bq": 118.19519281387329,
        "bq_baseline_runtime": 105783.20400000001,
        "multi_cloud_plan": "aws",
        "percent_diff": 9.878104705440109,
        "profiling_cost": 233.38710198976386,
        "profiling_runtime": 133822.27272389093
    },
    "catalog_page": {
        "arachne": 105.99444706608072,
        "arachne_runtime": 20475.531390877193,
        "bq": 110.85474491119385,
        "bq_baseline_runtime": 105810.44800000003,
        "multi_cloud_plan": "aws",
        "percent_diff": 4.384384131691184,
        "profiling_cost": 225.55278191453513,
        "profiling_runtime": 133442.32688074157
    },
    "catalog_returns": {
        "arachne": 96.80041313171387,
        "arachne_runtime": 91777.655,
        "bq": 96.80041313171387,
        "bq_baseline_runtime": 91777.655,
        "multi_cloud_plan": "gcp",
        "percent_diff": 0.0,
        "profiling_cost": 204.7945813373117,
        "profiling_runtime": 116159.08564697835
    },
    "catalog_sales": {
        "arachne": 52.11806058883667,
        "arachne_runtime": 57335.019,
        "bq": 52.11806058883667,
        "bq_baseline_runtime": 57335.019,
        "multi_cloud_plan": "gcp",
        "percent_diff": 0.0,
        "profiling_cost": 126.16533151293692,
        "profiling_runtime": 72593.92022364044
    },
    "customer": {
        "arachne": 92.93582201004028,
        "arachne_runtime": 77589.223,
        "bq": 92.93582201004028,
        "bq_baseline_runtime": 77589.223,
        "multi_cloud_plan": "gcp",
        "percent_diff": 0.0,
        "profiling_cost": 199.752300623886,
        "profiling_runtime": 98784.97991059466
    },
    "customer_address": {
        "arachne": 96.7023253440857,
        "arachne_runtime": 80994.65,
        "bq": 96.7023253440857,
        "bq_baseline_runtime": 80994.65,
        "multi_cloud_plan": "gcp",
        "percent_diff": 0.0,
        "profiling_cost": 208.3672509758879,
        "profiling_runtime": 106143.39442206697
    },
    "customer_demographics": {
        "arachne": 103.7349271774292,
        "arachne_runtime": 91655.295,
        "bq": 103.7349271774292,
        "bq_baseline_runtime": 91655.295,
        "multi_cloud_plan": "gcp",
        "percent_diff": 0.0,
        "profiling_cost": 216.0304522279302,
        "profiling_runtime": 117307.1487114202
    },
    "date_dim": {
        "arachne": 14.09994125366211,
        "arachne_runtime": 12509.484,
        "bq": 14.09994125366211,
        "bq_baseline_runtime": 12509.484,
        "multi_cloud_plan": "gcp",
        "percent_diff": 0.0,
        "profiling_cost": 109.92787925006333,
        "profiling_runtime": 24580.932669306003
    },
    "household_demographics": {
        "arachne": 105.32195047478913,
        "arachne_runtime": 19920.92769911395,
        "bq": 107.27537870407104,
        "bq_baseline_runtime": 93139.92100000002,
        "multi_cloud_plan": "aws",
        "percent_diff": 1.8209474092565285,
        "profiling_cost": 220.7971117473113,
        "profiling_runtime": 119801.74092618274
    },
    "income_band": {
        "arachne": 106.1192811549053,
        "arachne_runtime": 20578.4065686378,
        "bq": 116.22278213500977,
        "bq_baseline_runtime": 106110.69599999998,
        "multi_cloud_plan": "aws",
        "percent_diff": 8.693219001045575,
        "profiling_cost": 231.03525605396655,
        "profiling_runtime": 133836.8763628425
    },
    "inventory": {
        "arachne": 106.28936231322596,
        "arachne_runtime": 20733.933468550455,
        "bq": 119.18759346008301,
        "bq_baseline_runtime": 104366.55999999998,
        "multi_cloud_plan": "aws",
        "percent_diff": 10.821790064229106,
        "profiling_cost": 234.1109189257065,
        "profiling_runtime": 132208.23497709347
    },
    "item": {
        "arachne": 46.52750253677368,
        "arachne_runtime": 48002.555000000015,
        "bq": 46.52750253677368,
        "bq_baseline_runtime": 48002.555000000015,
        "multi_cloud_plan": "gcp",
        "percent_diff": 0.0,
        "profiling_cost": 151.81852374340028,
        "profiling_runtime": 67877.73861856232
    },
    "promotion": {
        "arachne": 105.23311961415516,
        "arachne_runtime": 19847.667279476984,
        "bq": 107.64239072799683,
        "bq_baseline_runtime": 97716.66099999996,
        "multi_cloud_plan": "aws",
        "percent_diff": 2.238217766762253,
        "profiling_cost": 221.5791003197504,
        "profiling_runtime": 124720.67576934131
    },
    "reason": {
        "arachne": 106.30573539587843,
        "arachne_runtime": 20732.159523694994,
        "bq": 115.3868579864502,
        "bq_baseline_runtime": 104568.12200000005,
        "multi_cloud_plan": "aws",
        "percent_diff": 7.870153281787218,
        "profiling_cost": 229.82425571896263,
        "profiling_runtime": 131985.00911571697
    },
    "ship_mode": {
        "arachne": 106.5458213609172,
        "arachne_runtime": 20930.137954315385,
        "bq": 118.70487451553345,
        "bq_baseline_runtime": 106991.29200000004,
        "multi_cloud_plan": "aws",
        "percent_diff": 10.243095074436171,
        "profiling_cost": 233.830188772874,
        "profiling_runtime": 134975.44517498804
    },
    "store": {
        "arachne": 68.3598804473877,
        "arachne_runtime": 60536.15700000001,
        "bq": 68.3598804473877,
        "bq_baseline_runtime": 60536.15700000001,
        "multi_cloud_plan": "gcp",
        "percent_diff": 0.0,
        "profiling_cost": 176.29603441791713,
        "profiling_runtime": 82592.02563271286
    },
    "store_returns": {
        "arachne": 92.83084630966187,
        "arachne_runtime": 87304.476,
        "bq": 92.83084630966187,
        "bq_baseline_runtime": 87304.476,
        "multi_cloud_plan": "gcp",
        "percent_diff": 0.0,
        "profiling_cost": 196.99089045225972,
        "profiling_runtime": 109840.77870326507
    },
    "store_sales": {
        "arachne": 10.543444156646729,
        "arachne_runtime": 13401.668,
        "bq": 10.543444156646729,
        "bq_baseline_runtime": 13401.668,
        "multi_cloud_plan": "gcp",
        "percent_diff": 0.0,
        "profiling_cost": 66.77438285704223,
        "profiling_runtime": 20944.30860931606
    },
    "time_dim": {
        "arachne": 106.4935061024998,
        "arachne_runtime": 20887.115832736934,
        "bq": 115.34083366394043,
        "bq_baseline_runtime": 102975.36499999998,
        "multi_cloud_plan": "aws",
        "percent_diff": 7.670594429045313,
        "profiling_cost": 230.2615565211463,
        "profiling_runtime": 130790.92698092456
    },
    "warehouse": {
        "arachne": 106.23840942830878,
        "arachne_runtime": 20667.853467415098,
        "bq": 117.91839838027954,
        "bq_baseline_runtime": 103431.73100000001,
        "multi_cloud_plan": "aws",
        "percent_diff": 9.905145517922923,
        "profiling_cost": 232.68183130382457,
        "profiling_runtime": 131117.47160812083
    },
    "web_page": {
        "arachne": 106.43166880689692,
        "arachne_runtime": 20836.00697400629,
        "bq": 115.85063695907593,
        "bq_baseline_runtime": 105966.09000000003,
        "multi_cloud_plan": "aws",
        "percent_diff": 8.130268766244455,
        "profiling_cost": 230.87977835917494,
        "profiling_runtime": 133870.93851604237
    },
    "web_returns": {
        "arachne": 100.90417623519897,
        "arachne_runtime": 97414.90899999996,
        "bq": 100.90417623519897,
        "bq_baseline_runtime": 97414.90899999996,
        "multi_cloud_plan": "gcp",
        "percent_diff": 0.0,
        "profiling_cost": 210.92617792097172,
        "profiling_runtime": 122294.89754675327
    },
    "web_sales": {
        "arachne": 59.698519706726074,
        "arachne_runtime": 66566.27100000001,
        "bq": 59.698519706726074,
        "bq_baseline_runtime": 66566.27100000001,