{
    "call_center": {
        "arachne": 236.39038562774658,
        "arachne_runtime": 105783.20399999998,
        "bq": 236.39038562774658,
        "bq_baseline_runtime": 105783.20399999998,
        "multi_cloud_plan": "gcp",
        "percent_diff": 0.0,
        "profiling_cost": 870.9972936146362,
        "profiling_runtime": 133822.2727238909
    },
    "catalog_page": {
        "arachne": 221.7094898223877,
        "arachne_runtime": 105810.448,
        "bq": 221.7094898223877,
        "bq_baseline_runtime": 105810.448,
        "multi_cloud_plan": "gcp",
        "percent_diff": 0.0,
        "profiling_cost": 855.8220271726162,
        "profiling_runtime": 133442.32688074154
    },
    "catalog_returns": {
        "arachne": 193.60082626342773,
        "arachne_runtime": 91777.65500000003,
        "bq": 193.60082626342773,
        "bq_baseline_runtime": 91777.65500000003,
        "multi_cloud_plan": "gcp",
        "percent_diff": 0.0,
        "profiling_cost": 803.3684712217389,
        "profiling_runtime": 116159.08564697833
    },
    "catalog_sales": {
        "arachne": 104.23612117767334,
        "arachne_runtime": 57335.01900000001,
        "bq": 104.23612117767334,
        "bq_baseline_runtime": 57335.01900000001,
        "multi_cloud_plan": "gcp",
        "percent_diff": 0.0,
        "profiling_cost": 533.7948867411266,
        "profiling_runtime": 72593.92022364042
    },
    "customer": {
        "arachne": 185.87164402008057,
        "arachne_runtime": 77589.22300000001,
        "bq": 185.87164402008057,
        "bq_baseline_runtime": 77589.22300000001,
        "multi_cloud_plan": "gcp",
        "percent_diff": 0.0,
        "profiling_cost": 811.6135767108598,
        "profiling_runtime": 98784.97991059464
    },
    "customer_address": {
        "arachne": 193.4046506881714,
        "arachne_runtime": 80994.65000000002,
        "bq": 193.4046506881714,
        "bq_baseline_runtime": 80994.65000000002,
        "multi_cloud_plan": "gcp",
        "percent_diff": 0.0,
        "profiling_cost": 824.3445647554432,
        "profiling_runtime": 106143.39442206698
    },
    "customer_demographics": {
        "arachne": 207.4698543548584,
        "arachne_runtime": 91655.295,
        "bq": 207.4698543548584,
        "bq_baseline_runtime": 91655.295,
        "multi_cloud_plan": "gcp",
        "percent_diff": 0.0,
        "profiling_cost": 839.1711955569383,
        "profiling_runtime": 117307.1487114202
    },
    "date_dim": {
        "arachne": 28.19988250732422,
        "arachne_runtime": 12509.484,
        "bq": 28.19988250732422,
        "bq_baseline_runtime": 12509.484,
        "multi_cloud_plan": "gcp",
        "percent_diff": 0.0,
        "profiling_cost": 643.4413172417738,
        "profiling_runtime": 24580.932669306007
    },
    "household_demographics": {
        "arachne": 214.5507574081421,
        "arachne_runtime": 93139.92100000002,
        "bq": 214.5507574081421,
        "bq_baseline_runtime": 93139.92100000002,
        "multi_cloud_plan": "gcp",
        "percent_diff": 0.0,
        "profiling_cost": 847.4874670696071,
        "profiling_runtime": 119801.74092618274
    },
    "income_band": {
        "arachne": 232.44556427001953,
        "arachne_runtime": 106110.696,
        "bq": 232.44556427001953,
        "bq_baseline_runtime": 106110.696,
        "multi_cloud_plan": "gcp",
        "percent_diff": 0.0,
        "profiling_cost": 866.6730408665893,
        "profiling_runtime": 133836.8763628425
    },
    "inventory": {
        "arachne": 238.37518692016602,
        "arachne_runtime": 104366.56000000003,
        "bq": 238.37518692016602,
        "bq_baseline_runtime": 104366.56000000003,
        "multi_cloud_plan": "gcp",
        "percent_diff": 0.0,
        "profiling_cost": 872.5270194251361,
        "profiling_runtime": 132208.2349770935
    },
    "item": {
        "arachne": 93.05500507354736,
        "arachne_runtime": 48002.55500000002,
        "bq": 93.05500507354736,
        "bq_baseline_runtime": 48002.55500000002,
        "multi_cloud_plan": "gcp",
        "percent_diff": 0.0,
        "profiling_cost": 717.7569039741213,
        "profiling_runtime": 67877.73861856232
    },
    "promotion": {
        "arachne": 215.28478145599365,
        "arachne_runtime": 97716.661,
        "bq": 215.28478145599365,
        "bq_baseline_runtime": 97716.661,
        "multi_cloud_plan": "gcp",
        "percent_diff": 0.0,
        "profiling_cost": 848.6364745378427,
        "profiling_runtime": 124720.67576934134
    },
    "reason": {
        "arachne": 230.7737159729004,
        "arachne_runtime": 104568.12199999999,
        "bq": 230.7737159729004,
        "bq_baseline_runtime": 104568.12199999999,
        "multi_cloud_plan": "gcp",
        "percent_diff": 0.0,
        "profiling_cost": 864.6261159084005,
        "profiling_runtime": 131985.00911571694
    },
    "ship_mode": {
        "arachne": 237.4097490310669,
        "arachne_runtime": 106991.29200000002,
        "bq": 237.4097490310669,
        "bq_baseline_runtime": 106991.29200000002,
        "multi_cloud_plan": "gcp",
        "percent_diff": 0.0,
        "profiling_cost": 871.9500652368554,
        "profiling_runtime": 134975.445174988
    },
    "store": {
        "arachne": 136.7197608947754,
        "arachne_runtime": 60536.15700000001,
        "bq": 136.7197608947754,
        "bq_baseline_runtime": 60536.15700000001,
        "multi_cloud_plan": "gcp",
        "percent_diff": 0.0,
        "profiling_cost": 764.0709000513945,
        "profiling_runtime": 82592.02563271289
    },
    "store_returns": {
        "arachne": 185.66169261932373,
        "arachne_runtime": 87304.47600000002,
        "bq": 185.66169261932373,
        "bq_baseline_runtime": 87304.47600000002,
        "multi_cloud_plan": "gcp",
        "percent_diff": 0.0,
        "profiling_cost": 781.39450856428,
        "profiling_runtime": 109840.77870326512
    },
    "store_sales": {
        "arachne": 21.086888313293457,
        "arachne_runtime": 13401.668000000003,
        "bq": 21.086888313293457,
        "bq_baseline_runtime": 13401.668000000003,
        "multi_cloud_plan": "gcp",
        "percent_diff": 0.0,
        "profiling_cost": 378.647238839697,
        "profiling_runtime": 20944.308609316064
    },
    "time_dim": {
        "arachne": 230.68166732788086,
        "arachne_runtime": 102975.36500000003,
        "bq": 230.68166732788086,
        "bq_baseline_runtime": 102975.36500000003,
        "multi_cloud_plan": "gcp",
        "percent_diff": 0.0,
        "profiling_cost": 865.016479457975,
        "profiling_runtime": 130790.92698092459
    },
    "warehouse": {
        "arachne": 235.83679676055908,
        "arachne_runtime": 103431.73099999999,
        "bq": 235.83679676055908,
        "bq_baseline_runtime": 103431.73099999999,
        "multi_cloud_plan": "gcp",
        "percent_diff": 0.0,
        "profiling_cost": 870.0152310665176,
        "profiling_runtime": 131117.47160812077
    },
    "web_page": {
        "arachne": 231.70127391815186,
        "arachne_runtime": 105966.09000000004,
        "bq": 231.70127391815186,
        "bq_baseline_runtime": 105966.09000000004,
        "multi_cloud_plan": "gcp",
        "percent_diff": 0.0,
        "profiling_cost": 866.1454104095942,
        "profiling_runtime": 133870.93851604237
    },
    "web_returns": {
        "arachne": 201.80835247039795,
        "arachne_runtime": 97414.90900000003,
        "bq": 201.80835247039795,
        "bq_baseline_runtime": 97414.90900000003,
        "multi_cloud_plan": "gcp",
        "percent_diff": 0.0,
        "profiling_cost": 822.6941211896693,
        "profiling_runtime": 122294.8975467533
    },
    "web_sales": {
        "arachne": 119.39703941345215,
        "arachne_runtime": 66566.271,
        "bq": 119.39703941345215,
        "bq_baseline_runtime": 66566.271,
        "multi_cloud_plan": "gcp",
        "percent_diff": 0.0,
        "profiling_cost": 645.7614414445011,