{
    "call_center": {
        "arachne": 85.90620249375242,
        "arachne_runtime": 20909.853046337754,
        "bq": 236.39038562774658,
        "bq_baseline_runtime": 105783.20400000001,
        "multi_cloud_plan": "aws",
        "percent_diff": 63.65918086489679,
        "profiling_cost": 330.9432882283655,
        "profiling_runtime": 133822.27272389096
    },
    "catalog_page": {
        "arachne": 85.38092145516447,
        "arachne_runtime": 20476.74662608761,
        "bq": 221.7094898223877,
        "bq_baseline_runtime": 105810.448,
        "multi_cloud_plan": "aws",
        "percent_diff": 61.48973076273666,
        "profiling_cost": 315.76854005697845,
        "profiling_runtime": 133442.32688074154
    },
    "catalog_returns": {
        "arachne": 80.88118995964656,
        "arachne_runtime": 18464.89272406153,
        "bq": 193.60082626342773,
        "bq_baseline_runtime": 91777.65500000003,
        "multi_cloud_plan": "aws",
        "percent_diff": 58.22270414817673,
        "profiling_cost": 281.65697552520925,
        "profiling_runtime": 116159.08564697833
    },
    "catalog_sales": {
        "arachne": 52.58127277461581,
        "arachne_runtime": 17632.057342792123,
        "bq": 104.23612117767334,
        "bq_baseline_runtime": 57335.01900000001,
        "multi_cloud_plan": "multi",
        "percent_diff": 49.555612602861935,
        "profiling_cost": 164.15710754656766,
        "profiling_runtime": 72593.92022364042
    },
    "customer": {
        "arachne": 80.43787205912359,
        "arachne_runtime": 16447.724085682683,
        "bq": 185.87164402008057,
        "bq_baseline_runtime": 77589.22300000001,
        "multi_cloud_plan": "aws",
        "percent_diff": 56.72396804623221,
        "profiling_cost": 272.0685681672931,
        "profiling_runtime": 98784.97991059463
    },
    "customer_address": {
        "arachne": 83.60869629124609,
        "arachne_runtime": 19028.786238859553,
        "bq": 193.4046506881714,
        "bq_baseline_runtime": 80994.65,
        "multi_cloud_plan": "aws",
        "percent_diff": 56.7700693888435,
        "profiling_cost": 284.436133070882,
        "profiling_runtime": 106143.39442206697
    },
    "customer_demographics": {
        "arachne": 83.89537851969612,
        "arachne_runtime": 19252.59073366286,
        "bq": 207.4698543548584,
        "bq_baseline_runtime": 91655.29500000001,
        "multi_cloud_plan": "aws",
        "percent_diff": 59.56261752794183,
        "profiling_cost": 299.1267377039719,
        "profiling_runtime": 117307.14871142022
    },
    "date_dim": {
        "arachne": 28.19988250732422,
        "arachne_runtime": 12509.484,
        "bq": 28.19988250732422,
        "bq_baseline_runtime": 12509.484,
        "multi_cloud_plan": "gcp",
        "percent_diff": 0.0,
        "profiling_cost": 103.38887361347186,
        "profiling_runtime": 24580.932669306003
    },
    "household_demographics": {
        "arachne": 84.70840595785167,
        "arachne_runtime": 19922.142934324365,
        "bq": 214.5507574081421,
        "bq_baseline_runtime": 93139.92099999999,
        "multi_cloud_plan": "aws",
        "percent_diff": 60.518244269485386,
        "profiling_cost": 307.4334847579428,
        "profiling_runtime": 119801.74092618273
    },
    "income_band": {
        "arachne": 85.50573558409745,
        "arachne_runtime": 20579.62180384822,
        "bq": 232.44556427001953,
        "bq_baseline_runtime": 106110.69600000003,
        "multi_cloud_plan": "aws",
        "percent_diff": 63.21472691783869,
        "profiling_cost": 326.61903146006443,
        "profiling_runtime": 133836.8763628425
    },
    "inventory": {
        "arachne": 85.68175542565248,
        "arachne_runtime": 20742.731747126352,
        "bq": 238.37518692016602,
        "bq_baseline_runtime": 104366.56000000003,
        "multi_cloud_plan": "aws",
        "percent_diff": 64.05592522750781,
        "profiling_cost": 332.66691607959,
        "profiling_runtime": 132208.23497709347
    },
    "item": {
        "arachne": 78.68285968462783,
        "arachne_runtime": 14970.765479146503,
        "bq": 93.05500507354736,
        "bq_baseline_runtime": 48002.555000000015,
        "multi_cloud_plan": "aws",
        "percent_diff": 15.444784917866913,
        "profiling_cost": 177.70718345789788,
        "profiling_runtime": 67877.73861856232
    },
    "promotion": {
        "arachne": 84.61957480575494,
        "arachne_runtime": 19848.8825146874,
        "bq": 215.28478145599365,
        "bq_baseline_runtime": 97716.66100000004,
        "multi_cloud_plan": "aws",
        "percent_diff": 60.69412141747138,
        "profiling_cost": 308.5824850812532,
        "profiling_runtime": 124720.67576934134
    },
    "reason": {
        "arachne": 85.6921898439296,
        "arachne_runtime": 20733.37475890541,
        "bq": 230.7737159729004,
        "bq_baseline_runtime": 104568.122,
        "multi_cloud_plan": "aws",
        "percent_diff": 62.86743943838371,
        "profiling_cost": 324.5721069953602,
        "profiling_runtime": 131985.00911571697
    },
    "ship_mode": {
        "arachne": 85.93227581908239,
        "arachne_runtime": 20931.353189525806,
        "bq": 237.4097490310669,
        "bq_baseline_runtime": 106991.292,
        "multi_cloud_plan": "aws",
        "percent_diff": 63.804234590283194,
        "profiling_cost": 331.8960565884691,
        "profiling_runtime": 134975.44517498795
    },
    "store": {
        "arachne": 81.38377272938776,
        "arachne_runtime": 17180.64929185403,
        "bq": 136.7197608947754,
        "bq_baseline_runtime": 60536.157000000014,
        "multi_cloud_plan": "aws",
        "percent_diff": 40.474023508552115,
        "profiling_cost": 224.0169088314204,
        "profiling_runtime": 82592.02563271286
    },
    "store_returns": {
        "arachne": 79.31995676766384,
        "arachne_runtime": 18159.627168378473,
        "bq": 185.66169261932373,
        "bq_baseline_runtime": 87304.47600000001,
        "multi_cloud_plan": "aws",
        "percent_diff": 57.27715521246509,
        "profiling_cost": 270.2890438426225,
        "profiling_runtime": 109840.7787032651
    },
    "store_sales": {
        "arachne": 21.086888313293457,
        "arachne_runtime": 13401.668,
        "bq": 21.086888313293457,
        "bq_baseline_runtime": 13401.668,
        "multi_cloud_plan": "gcp",
        "percent_diff": 0.0,
        "profiling_cost": 65.3444729013973,
        "profiling_runtime": 20944.30860931606
    },
    "time_dim": {
        "arachne": 85.87999682542902,
        "arachne_runtime": 20888.33106794735,
        "bq": 230.68166732788086,
        "bq_baseline_runtime": 102975.36499999999,
        "multi_cloud_plan": "aws",
        "percent_diff": 62.77120855756476,
        "profiling_cost": 324.9634197504022,
        "profiling_runtime": 130790.92698092456
    },
    "warehouse": {
        "arachne": 85.62339230954443,
        "arachne_runtime": 20676.651745990996,
        "bq": 235.83679676055908,
        "bq_baseline_runtime": 103431.73099999999,
        "multi_cloud_plan": "aws",
        "percent_diff": 63.69379440118653,
        "profiling_cost": 329.9612230066571,
        "profiling_runtime": 131117.47160812077
    },
    "web_page": {
        "arachne": 85.81812353752616,
        "arachne_runtime": 20837.222209216707,
        "bq": 231.70127391815186,
        "bq_baseline_runtime": 105966.09000000003,
        "multi_cloud_plan": "aws",
        "percent_diff": 62.96173858420766,
        "profiling_cost": 326.09140889078026,
        "profiling_runtime": 133870.93851604237
    },
    "web_returns": {
        "arachne": 82.72926196472064,
        "arachne_runtime": 19113.59691246986,
        "bq": 201.80835247039795,
        "bq_baseline_runtime": 97414.90899999999,
        "multi_cloud_plan": "aws",
        "percent_diff": 59.00602678134658,
        "profiling_cost": 291.53113162503826,
        "profiling_runtime": 122294.89754675329
    },