{
    "call_center": {
        "arachne": 30.868851626361785,
        "arachne_runtime": 20909.853046337754,
        "bq": 236.39038562774658,
        "bq_baseline_runtime": 105783.20399999998,
        "multi_cloud_plan": "aws",
        "percent_diff": 86.94157905602295,
        "profiling_cost": 275.9059373609749,
        "profiling_runtime": 133822.2727238909
    },
    "catalog_page": {
        "arachne": 30.343623405163225,
        "arachne_runtime": 20476.74662608761,
        "bq": 221.7094898223877,
        "bq_baseline_runtime": 105810.44799999999,
        "multi_cloud_plan": "aws",
        "percent_diff": 86.31379133591818,
        "profiling_cost": 260.73124200697714,
        "profiling_runtime": 133442.32688074157
    },
    "catalog_returns": {
        "arachne": 27.71319271899889,
        "arachne_runtime": 18464.89272406153,
        "bq": 193.60082626342773,
        "bq_baseline_runtime": 91777.65499999996,
        "multi_cloud_plan": "aws",
        "percent_diff": 85.68539543251212,
        "profiling_cost": 228.4889250083654,
        "profiling_runtime": 116159.08564697827
    },
    "catalog_sales": {
        "arachne": 17.941650262753704,
        "arachne_runtime": 11797.68712132884,
        "bq": 104.23612117767334,
        "bq_baseline_runtime": 57335.01900000001,
        "multi_cloud_plan": "multi",
        "percent_diff": 82.78749241621178,
        "profiling_cost": 126.48701539935132,
        "profiling_runtime": 72593.92022364042
    },
    "customer": {
        "arachne": 25.45239353053458,
        "arachne_runtime": 16447.724085682683,
        "bq": 185.87164402008057,
        "bq_baseline_runtime": 77589.22300000003,
        "multi_cloud_plan": "aws",
        "percent_diff": 86.3064677429846,
        "profiling_cost": 217.0830895896048,
        "profiling_runtime": 98784.97991059464
    },
    "customer_address": {
        "arachne": 28.586181009434743,
        "arachne_runtime": 19028.786238859553,
        "bq": 193.4046506881714,
        "bq_baseline_runtime": 80994.65000000004,
        "multi_cloud_plan": "aws",
        "percent_diff": 85.21949657998422,
        "profiling_cost": 229.41361773997133,
        "profiling_runtime": 106143.39442206698
    },
    "customer_demographics": {
        "arachne": 28.85900069842946,
        "arachne_runtime": 19252.59073366286,
        "bq": 207.4698543548584,
        "bq_baseline_runtime": 91655.29499999998,
        "multi_cloud_plan": "aws",
        "percent_diff": 86.0900270122768,
        "profiling_cost": 244.0903598336061,
        "profiling_runtime": 117307.14871142019
    },
    "date_dim": {
        "arachne": 10.294057659810662,
        "arachne_runtime": 6317.313656899411,
        "bq": 28.19988250732422,
        "bq_baseline_runtime": 12509.484000000002,
        "multi_cloud_plan": "multi",
        "percent_diff": 63.496097343182065,
        "profiling_cost": 48.35168190612906,
        "profiling_runtime": 24580.932669306007
    },
    "household_demographics": {
        "arachne": 29.671057491112606,
        "arachne_runtime": 19922.142934324365,
        "bq": 214.5507574081421,
        "bq_baseline_runtime": 93139.92100000002,
        "multi_cloud_plan": "aws",
        "percent_diff": 86.17061163076248,
        "profiling_cost": 252.39613624210443,
        "profiling_runtime": 119801.74092618276
    },
    "income_band": {
        "arachne": 30.468384306999404,
        "arachne_runtime": 20579.62180384822,
        "bq": 232.44556427001953,
        "bq_baseline_runtime": 106110.69600000003,
        "multi_cloud_plan": "aws",
        "percent_diff": 86.8922496315714,
        "profiling_cost": 271.5816801829664,
        "profiling_runtime": 133836.8763628425
    },
    "inventory": {
        "arachne": 30.664165275787937,
        "arachne_runtime": 20742.731747126352,
        "bq": 238.37518692016602,
        "bq_baseline_runtime": 104366.56000000004,
        "multi_cloud_plan": "aws",
        "percent_diff": 87.13617567668331,
        "profiling_cost": 277.6493259297255,
        "profiling_runtime": 132208.23497709353
    },
    "item": {
        "arachne": 23.66570875043828,
        "arachne_runtime": 14970.765479146503,
        "bq": 93.05500507354736,
        "bq_baseline_runtime": 48002.55500000001,
        "multi_cloud_plan": "aws",
        "percent_diff": 74.56804313563387,
        "profiling_cost": 122.67026926516164,
        "profiling_runtime": 67877.7386185623
    },
    "promotion": {
        "arachne": 29.5822255617713,
        "arachne_runtime": 19848.8825146874,
        "bq": 215.28478145599365,
        "bq_baseline_runtime": 97716.66100000005,
        "multi_cloud_plan": "aws",
        "percent_diff": 86.25902613194319,
        "profiling_cost": 253.54513583726978,
        "profiling_runtime": 124720.67576934135
    },
    "reason": {
        "arachne": 30.654838617122977,
        "arachne_runtime": 20733.37475890541,
        "bq": 230.7737159729004,
        "bq_baseline_runtime": 104568.12200000002,
        "multi_cloud_plan": "aws",
        "percent_diff": 86.71649477589433,
        "profiling_cost": 269.5347557685535,
        "profiling_runtime": 131985.00911571694
    },
    "ship_mode": {
        "arachne": 30.89492461924687,
        "arachne_runtime": 20931.353189525806,
        "bq": 237.4097490310669,
        "bq_baseline_runtime": 106991.29200000003,
        "multi_cloud_plan": "aws",
        "percent_diff": 86.9866655664574,
        "profiling_cost": 276.8587053886335,
        "profiling_runtime": 134975.445174988
    },
    "store": {
        "arachne": 26.346476581892254,
        "arachne_runtime": 17180.64929185403,
        "bq": 136.7197608947754,
        "bq_baseline_runtime": 60536.157000000014,
        "multi_cloud_plan": "aws",
        "percent_diff": 80.72957675652353,
        "profiling_cost": 168.9795594077288,
        "profiling_runtime": 82592.02563271289
    },
    "store_returns": {
        "arachne": 27.232828974828607,
        "arachne_runtime": 18159.627168378473,
        "bq": 185.66169261932373,
        "bq_baseline_runtime": 87304.47599999998,
        "multi_cloud_plan": "aws",
        "percent_diff": 85.3320151342872,
        "profiling_cost": 218.20186272449197,
        "profiling_runtime": 109840.77870326508
    },
    "store_sales": {
        "arachne": 10.820999386295815,
        "arachne_runtime": 6423.565617541961,
        "bq": 21.086888313293457,
        "bq_baseline_runtime": 13401.668000000001,
        "multi_cloud_plan": "multi",
        "percent_diff": 48.68375444719308,
        "profiling_cost": 33.41552860195275,
        "profiling_runtime": 20944.308609316064
    },
    "time_dim": {
        "arachne": 30.842742332937533,
        "arachne_runtime": 20888.33106794735,
        "bq": 230.68166732788086,
        "bq_baseline_runtime": 102975.36499999999,
        "multi_cloud_plan": "aws",
        "percent_diff": 86.62973842256004,
        "profiling_cost": 269.9261652579108,
        "profiling_runtime": 130790.92698092459
    },
    "warehouse": {
        "arachne": 30.58604129604791,
        "arachne_runtime": 20676.651745990996,
        "bq": 235.83679676055908,
        "bq_baseline_runtime": 103431.73099999999,
        "multi_cloud_plan": "aws",
        "percent_diff": 87.03084433125956,
        "profiling_cost": 274.92387186679866,
        "profiling_runtime": 131117.47160812083
    },
    "web_page": {
        "arachne": 30.780773064271273,
        "arachne_runtime": 20837.222209216707,
        "bq": 231.70127391815186,
        "bq_baseline_runtime": 105966.08999999998,
        "multi_cloud_plan": "aws",
        "percent_diff": 86.71531988419514,
        "profiling_cost": 271.05405841752525,
        "profiling_runtime": 133870.93851604237
    },
    "web_returns": {
        "arachne": 28.598055157897033,
        "arachne_runtime": 19113.59691246986,
        "bq": 201.80835247039795,
        "bq_baseline_runtime": 97414.90900000001,
        "multi_cloud_plan": "aws",
        "percent_diff": 85.82910231027633,