{
    "call_center": {
        "arachne": 11.819519281387329,
        "arachne_runtime": 105783.20400000001,
        "bq": 11.819519281387329,
        "bq_baseline_runtime": 105783.20400000001,
        "multi_cloud_plan": "gcp",
        "percent_diff": 0.0,
        "profiling_cost": 127.01142845727777,
        "profiling_runtime": 133822.27272389096
    },
    "catalog_page": {
        "arachne": 11.085474491119385,
        "arachne_runtime": 105810.44800000002,
        "bq": 11.085474491119385,
        "bq_baseline_runtime": 105810.44800000002,
        "multi_cloud_plan": "gcp",
        "percent_diff": 0.0,
        "profiling_cost": 125.7835114944606,
        "profiling_runtime": 133442.32688074154
    },
    "catalog_returns": {
        "arachne": 9.680041313171387,
        "arachne_runtime": 91777.65500000001,
        "bq": 9.680041313171387,
        "bq_baseline_runtime": 91777.65500000001,
        "multi_cloud_plan": "gcp",
        "percent_diff": 0.0,
        "profiling_cost": 117.67420951876915,
        "profiling_runtime": 116159.08564697832
    },
    "catalog_sales": {
        "arachne": 5.211806058883667,
        "arachne_runtime": 57335.019000000015,
        "bq": 5.211806058883667,
        "bq_baseline_runtime": 57335.019000000015,
        "multi_cloud_plan": "gcp",
        "percent_diff": 0.0,
        "profiling_cost": 79.25907698298393,
        "profiling_runtime": 72593.92022364044
    },
    "customer": {
        "arachne": 9.293582201004028,
        "arachne_runtime": 77589.223,
        "bq": 9.293582201004028,
        "bq_baseline_runtime": 77589.223,
        "multi_cloud_plan": "gcp",
        "percent_diff": 0.0,
        "profiling_cost": 116.11006081484953,
        "profiling_runtime": 98784.97991059463
    },
    "customer_address": {
        "arachne": 9.67023253440857,
        "arachne_runtime": 80994.64999999998,
        "bq": 9.67023253440857,
        "bq_baseline_runtime": 80994.64999999998,
        "multi_cloud_plan": "gcp",
        "percent_diff": 0.0,
        "profiling_cost": 121.33515816621066,
        "profiling_runtime": 106143.39442206694
    },
    "customer_demographics": {
        "arachne": 10.37349271774292,
        "arachne_runtime": 91655.29500000003,
        "bq": 10.37349271774292,
        "bq_baseline_runtime": 91655.29500000003,
        "multi_cloud_plan": "gcp",
        "percent_diff": 0.0,
        "profiling_cost": 122.66901776824376,
        "profiling_runtime": 117307.1487114202
    },
    "date_dim": {
        "arachne": 1.409994125366211,
        "arachne_runtime": 12509.484,
        "bq": 1.409994125366211,
        "bq_baseline_runtime": 12509.484,
        "multi_cloud_plan": "gcp",
        "percent_diff": 0.0,
        "profiling_cost": 97.23793212176743,
        "profiling_runtime": 24580.932669306003
    },
    "household_demographics": {
        "arachne": 10.727537870407104,
        "arachne_runtime": 93139.92100000002,
        "bq": 10.727537870407104,
        "bq_baseline_runtime": 93139.92100000002,
        "multi_cloud_plan": "gcp",
        "percent_diff": 0.0,
        "profiling_cost": 124.24927091364718,
        "profiling_runtime": 119801.74092618276
    },
    "income_band": {
        "arachne": 11.622278213500977,
        "arachne_runtime": 106110.69600000003,
        "bq": 11.622278213500977,
        "bq_baseline_runtime": 106110.69600000003,
        "multi_cloud_plan": "gcp",
        "percent_diff": 0.0,
        "profiling_cost": 126.43475213245766,
        "profiling_runtime": 133836.87636284254
    },
    "inventory": {
        "arachne": 11.9187593460083,
        "arachne_runtime": 104366.56000000006,
        "bq": 11.9187593460083,
        "bq_baseline_runtime": 104366.56000000006,
        "multi_cloud_plan": "gcp",
        "percent_diff": 0.0,
        "profiling_cost": 126.84208481163158,
        "profiling_runtime": 132208.23497709353
    },
    "item": {
        "arachne": 4.652750253677368,
        "arachne_runtime": 48002.55500000001,
        "bq": 4.652750253677368,
        "bq_baseline_runtime": 48002.55500000001,
        "multi_cloud_plan": "gcp",
        "percent_diff": 0.0,
        "profiling_cost": 109.94377146030381,
        "profiling_runtime": 67877.73861856232
    },
    "promotion": {
        "arachne": 10.764239072799683,
        "arachne_runtime": 97716.66100000002,
        "bq": 10.764239072799683,
        "bq_baseline_runtime": 97716.66100000002,
        "multi_cloud_plan": "gcp",
        "percent_diff": 0.0,
        "profiling_cost": 124.70094866455317,
        "profiling_runtime": 124720.67576934135
    },
    "reason": {
        "arachne": 11.53868579864502,
        "arachne_runtime": 104568.12200000002,
        "bq": 11.53868579864502,
        "bq_baseline_runtime": 104568.12200000002,
        "multi_cloud_plan": "gcp",
        "percent_diff": 0.0,
        "profiling_cost": 125.97608353115731,
        "profiling_runtime": 131985.0091157169
    },
    "ship_mode": {
        "arachne": 11.870487451553345,
        "arachne_runtime": 106991.29200000002,
        "bq": 11.870487451553345,
        "bq_baseline_runtime": 106991.29200000002,
        "multi_cloud_plan": "gcp",
        "percent_diff": 0.0,
        "profiling_cost": 126.99580170889386,
        "profiling_runtime": 134975.445174988
    },
    "store": {
        "arachne": 6.8359880447387695,
        "arachne_runtime": 60536.15700000002,
        "bq": 6.8359880447387695,
        "bq_baseline_runtime": 60536.15700000002,
        "multi_cloud_plan": "gcp",
        "percent_diff": 0.0,
        "profiling_cost": 114.77214201526802,
        "profiling_runtime": 82592.02563271289
    },
    "store_returns": {
        "arachne": 9.283084630966187,
        "arachne_runtime": 87304.47600000002,
        "bq": 9.283084630966187,
        "bq_baseline_runtime": 87304.47600000002,
        "multi_cloud_plan": "gcp",
        "percent_diff": 0.0,
        "profiling_cost": 113.44312877356396,
        "profiling_runtime": 109840.77870326511
    },
    "store_sales": {
        "arachne": 1.0543444156646729,
        "arachne_runtime": 13401.668,
        "bq": 1.0543444156646729,
        "bq_baseline_runtime": 13401.668,
        "multi_cloud_plan": "gcp",
        "percent_diff": 0.0,
        "profiling_cost": 57.28528311606024,
        "profiling_runtime": 20944.30860931606
    },
    "time_dim": {
        "arachne": 11.534083366394043,
        "arachne_runtime": 102975.36500000002,
        "bq": 11.534083366394043,
        "bq_baseline_runtime": 102975.36500000002,
        "multi_cloud_plan": "gcp",
        "percent_diff": 0.0,
        "profiling_cost": 126.45480622359977,
        "profiling_runtime": 130790.92698092459
    },
    "warehouse": {
        "arachne": 11.791839838027954,
        "arachne_runtime": 103431.73100000001,
        "bq": 11.791839838027954,
        "bq_baseline_runtime": 103431.73100000001,
        "multi_cloud_plan": "gcp",
        "percent_diff": 0.0,
        "profiling_cost": 126.5552727615729,
        "profiling_runtime": 131117.47160812083
    },
    "web_page": {
        "arachne": 11.585063695907593,
        "arachne_runtime": 105966.08999999998,
        "bq": 11.585063695907593,
        "bq_baseline_runtime": 105966.08999999998,
        "multi_cloud_plan": "gcp",
        "percent_diff": 0.0,
        "profiling_cost": 126.6142050960065,
        "profiling_runtime": 133870.93851604234
    },
    "web_returns": {
        "arachne": 10.090417623519897,
        "arachne_runtime": 97414.90899999999,
        "bq": 10.090417623519897,
        "bq_baseline_runtime": 97414.90899999999,
        "multi_cloud_plan": "gcp",
        "percent_diff": 0.0,
        "profiling_cost": 120.11241930929256,
        "profiling_runtime": 122294.89754675329
    },
    "web_sales": {
        "arachne": 5.969851970672607,
        "arachne_runtime": 66566.271,
        "bq": 5.969851970672607,
        "bq_baseline_runtime": 66566.271,
        "multi_cloud_plan": "gcp",
        "percent_diff": 0.0,