{
    "call_center": {
        "arachne": 23.989182767937965,
        "arachne_runtime": 20909.853046337754,
        "bq": 236.39038562774658,
        "bq_baseline_runtime": 105783.20399999997,
        "multi_cloud_plan": "aws",
        "percent_diff": 89.85187882991372,
        "profiling_cost": 269.02626850255115,
        "profiling_runtime": 133822.2727238909
    },
    "catalog_page": {
        "arachne": 23.463961148913068,
        "arachne_runtime": 20476.74662608761,
        "bq": 221.7094898223877,
        "bq_baseline_runtime": 105810.44800000002,
        "multi_cloud_plan": "aws",
        "percent_diff": 89.41679890756588,
        "profiling_cost": 253.85157975072707,
        "profiling_runtime": 133442.32688074154
    },
    "catalog_returns": {
        "arachne": 21.067193063917934,
        "arachne_runtime": 18464.89272406153,
        "bq": 193.60082626342773,
        "bq_baseline_runtime": 91777.65500000001,
        "multi_cloud_plan": "aws",
        "percent_diff": 89.11823184305405,
        "profiling_cost": 221.8429186937599,
        "profiling_runtime": 116159.08564697835
    },
    "catalog_sales": {
        "arachne": 13.466558062396238,
        "arachne_runtime": 11797.687121328838,
        "bq": 104.23612117767334,
        "bq_baseline_runtime": 57335.01900000002,
        "multi_cloud_plan": "multi",
        "percent_diff": 87.08071836303067,
        "profiling_cost": 121.77825388094932,
        "profiling_runtime": 72593.92022364045
    },
    "customer": {
        "arachne": 18.579208714460954,
        "arachne_runtime": 16447.724085682683,
        "bq": 185.87164402008057,
        "bq_baseline_runtime": 77589.22300000003,
        "multi_cloud_plan": "aws",
        "percent_diff": 90.00428020507864,
        "profiling_cost": 210.20990476739368,
        "profiling_runtime": 98784.97991059467
    },
    "customer_address": {
        "arachne": 21.708366599208322,
        "arachne_runtime": 19028.786238859553,
        "bq": 193.4046506881714,
        "bq_baseline_runtime": 80994.65,
        "multi_cloud_plan": "aws",
        "percent_diff": 88.77567497887682,
        "profiling_cost": 222.53580332360752,
        "profiling_runtime": 106143.394422067
    },
    "customer_demographics": {
        "arachne": 21.979453470771123,
        "arachne_runtime": 19252.59073366286,
        "bq": 207.4698543548584,
        "bq_baseline_runtime": 91655.295,
        "multi_cloud_plan": "aws",
        "percent_diff": 89.40595319781868,
        "profiling_cost": 237.2108125998103,
        "profiling_runtime": 117307.1487114202
    },
    "date_dim": {
        "arachne": 7.028207876939579,
        "arachne_runtime": 6317.313656899411,
        "bq": 28.19988250732422,
        "bq_baseline_runtime": 12509.484000000002,
        "multi_cloud_plan": "multi",
        "percent_diff": 75.07717319349052,
        "profiling_cost": 41.472032942711195,
        "profiling_runtime": 24580.932669306007
    },
    "household_demographics": {
        "arachne": 22.791388932770218,
        "arachne_runtime": 19922.142934324365,
        "bq": 214.5507574081421,
        "bq_baseline_runtime": 93139.92100000002,
        "multi_cloud_plan": "aws",
        "percent_diff": 89.37715755092212,
        "profiling_cost": 245.5164676776247,
        "profiling_runtime": 119801.74092618279
    },
    "income_band": {
        "arachne": 23.588715397362147,
        "arachne_runtime": 20579.62180384822,
        "bq": 232.44556427001953,
        "bq_baseline_runtime": 106110.696,
        "multi_cloud_plan": "aws",
        "percent_diff": 89.851939970788,
        "profiling_cost": 264.7020112733293,
        "profiling_runtime": 133836.8763628425
    },
    "inventory": {
        "arachne": 23.786966507054863,
        "arachne_runtime": 20742.731747126352,
        "bq": 238.37518692016602,
        "bq_baseline_runtime": 104366.55999999994,
        "multi_cloud_plan": "aws",
        "percent_diff": 90.02120698283025,
        "profiling_cost": 270.77212716099257,
        "profiling_runtime": 132208.2349770934
    },
    "item": {
        "arachne": 16.788564883664584,
        "arachne_runtime": 14970.765479146503,
        "bq": 93.05500507354736,
        "bq_baseline_runtime": 48002.555,
        "multi_cloud_plan": "aws",
        "percent_diff": 81.95845041285475,
        "profiling_cost": 115.79065499106957,
        "profiling_runtime": 67877.73861856229
    },
    "promotion": {
        "arachne": 22.702556906273355,
        "arachne_runtime": 19848.8825146874,
        "bq": 215.28478145599365,
        "bq_baseline_runtime": 97716.66099999998,
        "multi_cloud_plan": "aws",
        "percent_diff": 89.45463922125217,
        "profiling_cost": 246.6654671817718,
        "profiling_runtime": 124720.67576934134
    },
    "reason": {
        "arachne": 23.775169713772144,
        "arachne_runtime": 20733.37475890541,
        "bq": 230.7737159729004,
        "bq_baseline_runtime": 104568.12199999999,
        "multi_cloud_plan": "aws",
        "percent_diff": 89.69762669308318,
        "profiling_cost": 262.65508686520263,
        "profiling_runtime": 131985.0091157169
    },
    "ship_mode": {
        "arachne": 24.015255719267426,
        "arachne_runtime": 20931.353189525806,
        "bq": 237.4097490310669,
        "bq_baseline_runtime": 106991.29200000003,
        "multi_cloud_plan": "aws",
        "percent_diff": 89.88446943847919,
        "profiling_cost": 269.979036488654,
        "profiling_runtime": 134975.445174988
    },
    "store": {
        "arachne": 19.466814563455312,
        "arachne_runtime": 17180.64929185403,
        "bq": 136.7197608947754,
        "bq_baseline_runtime": 60536.156999999985,
        "multi_cloud_plan": "aws",
        "percent_diff": 85.76152091251996,
        "profiling_cost": 162.09989072976734,
        "profiling_runtime": 82592.02563271286
    },
    "store_returns": {
        "arachne": 20.721938000724204,
        "arachne_runtime": 18159.627168378473,
        "bq": 185.66169261932373,
        "bq_baseline_runtime": 87304.47600000001,
        "multi_cloud_plan": "aws",
        "percent_diff": 88.83887262451498,
        "profiling_cost": 211.6909650847255,
        "profiling_runtime": 109840.7787032651
    },
    "store_sales": {
        "arachne": 7.198659528348733,
        "arachne_runtime": 6423.565617541961,
        "bq": 21.086888313293457,
        "bq_baseline_runtime": 13401.667999999996,
        "multi_cloud_plan": "multi",
        "percent_diff": 65.86191655498739,
        "profiling_cost": 29.424410564522187,
        "profiling_runtime": 20944.30860931606
    },
    "time_dim": {
        "arachne": 23.963085521376094,
        "arachne_runtime": 20888.33106794735,
        "bq": 230.68166732788086,
        "bq_baseline_runtime": 102975.36499999999,
        "multi_cloud_plan": "aws",
        "percent_diff": 89.61205465568445,
        "profiling_cost": 263.0465084463493,
        "profiling_runtime": 130790.92698092455
    },
    "warehouse": {
        "arachne": 23.706372419360846,
        "arachne_runtime": 20676.651745990996,
        "bq": 235.83679676055908,
        "bq_baseline_runtime": 103431.73099999999,
        "multi_cloud_plan": "aws",
        "percent_diff": 89.9479755725187,
        "profiling_cost": 268.0442029743164,
        "profiling_runtime": 131117.47160812077
    },
    "web_page": {
        "arachne": 23.901104255114404,
        "arachne_runtime": 20837.222209216707,
        "bq": 231.70127391815186,
        "bq_baseline_runtime": 105966.09,
        "multi_cloud_plan": "aws",
        "percent_diff": 89.68451754669357,
        "profiling_cost": 264.17438960836836,
        "profiling_runtime": 133870.93851604237
    },
    "web_returns": {
        "arachne": 21.83165430704408,
        "arachne_runtime": 19113.59691246986,
        "bq": 201.80835247039795,
        "bq_baseline_runtime": 97414.909,
        "multi_cloud_plan": "aws",
        "percent_diff": 89.18198675139254,
        "profiling_cost": 230.63346403164107,