{
    "call_center": {
        "arachne": 82.46636806454049,
        "arachne_runtime": 20909.853046337754,
        "bq": 236.39038562774658,
        "bq_baseline_runtime": 105783.20400000001,
        "multi_cloud_plan": "aws",
        "percent_diff": 65.11433075184218,
        "profiling_cost": 327.5034537991536,
        "profiling_runtime": 133822.27272389096
    },
    "catalog_page": {
        "arachne": 81.9410903270394,
        "arachne_runtime": 20476.74662608761,
        "bq": 221.7094898223877,
        "bq_baseline_runtime": 105810.44800000002,
        "multi_cloud_plan": "aws",
        "percent_diff": 63.041234548560496,
        "profiling_cost": 312.3287089288534,
        "profiling_runtime": 133442.32688074157
    },
    "catalog_returns": {
        "arachne": 77.55819013210609,
        "arachne_runtime": 18464.89272406153,
        "bq": 193.60082626342773,
        "bq_baseline_runtime": 91777.655,
        "multi_cloud_plan": "aws",
        "percent_diff": 59.939122353447694,
        "profiling_cost": 278.3339723679065,
        "profiling_runtime": 116159.08564697832
    },
    "catalog_sales": {
        "arachne": 50.947102691696514,
        "arachne_runtime": 17632.05734279212,
        "bq": 104.23612117767334,
        "bq_baseline_runtime": 57335.019000000015,
        "multi_cloud_plan": "multi",
        "percent_diff": 51.123370558987155,
        "profiling_cost": 161.80272678736662,
        "profiling_runtime": 72593.92022364044
    },
    "customer": {
        "arachne": 77.00127965108679,
        "arachne_runtime": 16447.724085682683,
        "bq": 185.87164402008057,
        "bq_baseline_runtime": 77589.22300000001,
        "multi_cloud_plan": "aws",
        "percent_diff": 58.57287427727922,
        "profiling_cost": 268.63197575618744,
        "profiling_runtime": 98784.97991059463
    },
    "customer_address": {
        "arachne": 80.1697890861329,
        "arachne_runtime": 19028.786238859553,
        "bq": 193.4046506881714,
        "bq_baseline_runtime": 80994.64999999998,
        "multi_cloud_plan": "aws",
        "percent_diff": 58.54815858828979,
        "profiling_cost": 280.9972258627,
        "profiling_runtime": 106143.39442206695
    },
    "customer_demographics": {
        "arachne": 80.45560490586696,
        "arachne_runtime": 19252.59073366286,
        "bq": 207.4698543548584,
        "bq_baseline_runtime": 91655.29499999997,
        "multi_cloud_plan": "aws",
        "percent_diff": 61.22058062071276,
        "profiling_cost": 295.68696408707416,
        "profiling_runtime": 117307.1487114202
    },
    "date_dim": {
        "arachne": 28.19988250732422,
        "arachne_runtime": 12509.484,
        "bq": 28.19988250732422,
        "bq_baseline_runtime": 12509.484,
        "multi_cloud_plan": "gcp",
        "percent_diff": 0.0,
        "profiling_cost": 99.94904913176292,
        "profiling_runtime": 24580.932669306003
    },
    "household_demographics": {
        "arachne": 81.26857167868047,
        "arachne_runtime": 19922.142934324365,
        "bq": 214.5507574081421,
        "bq_baseline_runtime": 93139.921,
        "multi_cloud_plan": "aws",
        "percent_diff": 62.12151722956519,
        "profiling_cost": 303.99365047570285,
        "profiling_runtime": 119801.74092618276
    },
    "income_band": {
        "arachne": 82.06590112927883,
        "arachne_runtime": 20579.62180384822,
        "bq": 232.44556427001953,
        "bq_baseline_runtime": 106110.69599999998,
        "multi_cloud_plan": "aws",
        "percent_diff": 64.69457208744699,
        "profiling_cost": 323.1791970052458,
        "profiling_runtime": 133836.87636284248
    },
    "inventory": {
        "arachne": 82.24315604128596,
        "arachne_runtime": 20742.731747126352,
        "bq": 238.37518692016602,
        "bq_baseline_runtime": 104366.56000000001,
        "multi_cloud_plan": "aws",
        "percent_diff": 65.49844088058128,
        "profiling_cost": 329.2283166952235,
        "profiling_runtime": 132208.23497709347
    },
    "item": {
        "arachne": 75.24428775124099,
        "arachne_runtime": 14970.765479146503,
        "bq": 93.05500507354736,
        "bq_baseline_runtime": 48002.55500000001,
        "multi_cloud_plan": "aws",
        "percent_diff": 19.13998855647734,
        "profiling_cost": 174.2673763208519,
        "profiling_runtime": 67877.7386185623
    },
    "promotion": {
        "arachne": 81.17974047800597,
        "arachne_runtime": 19848.8825146874,
        "bq": 215.28478145599365,
        "bq_baseline_runtime": 97716.66100000001,
        "multi_cloud_plan": "aws",
        "percent_diff": 62.29192796212588,
        "profiling_cost": 305.1426507535043,
        "profiling_runtime": 124720.67576934132
    },
    "reason": {
        "arachne": 82.25235539225419,
        "arachne_runtime": 20733.37475890541,
        "bq": 230.7737159729004,
        "bq_baseline_runtime": 104568.12200000003,
        "multi_cloud_plan": "aws",
        "percent_diff": 64.35800539697813,
        "profiling_cost": 321.13227254368473,
        "profiling_runtime": 131985.00911571694
    },
    "ship_mode": {
        "arachne": 82.49244136909267,
        "arachne_runtime": 20931.353189525806,
        "bq": 237.4097490310669,
        "bq_baseline_runtime": 106991.29199999999,
        "multi_cloud_plan": "aws",
        "percent_diff": 65.25313652629409,
        "profiling_cost": 328.4562221384794,
        "profiling_runtime": 134975.44517498795
    },
    "store": {
        "arachne": 77.9439417201693,
        "arachne_runtime": 17180.64929185403,
        "bq": 136.7197608947754,
        "bq_baseline_runtime": 60536.15700000001,
        "multi_cloud_plan": "aws",
        "percent_diff": 42.989995586550314,
        "profiling_cost": 220.57707449243972,
        "profiling_runtime": 82592.02563271284
    },
    "store_returns": {
        "arachne": 76.06451128061164,
        "arachne_runtime": 18159.627168378473,
        "bq": 185.66169261932373,
        "bq_baseline_runtime": 87304.476,
        "multi_cloud_plan": "aws",
        "percent_diff": 59.03058395757896,
        "profiling_cost": 267.03359502273935,
        "profiling_runtime": 109840.7787032651
    },
    "store_sales": {
        "arachne": 21.086888313293457,
        "arachne_runtime": 13401.668,
        "bq": 21.086888313293457,
        "bq_baseline_runtime": 13401.668,
        "multi_cloud_plan": "gcp",
        "percent_diff": 0.0,
        "profiling_cost": 63.34891388268204,
        "profiling_runtime": 20944.30860931606
    },
    "time_dim": {
        "arachne": 82.44016841964832,
        "arachne_runtime": 20888.33106794735,
        "bq": 230.68166732788086,
        "bq_baseline_runtime": 102975.36499999998,
        "multi_cloud_plan": "aws",
        "percent_diff": 64.26236667412695,
        "profiling_cost": 321.5235913446215,
        "profiling_runtime": 130790.92698092452
    },
    "warehouse": {
        "arachne": 82.1835578712009,
        "arachne_runtime": 20676.651745990996,
        "bq": 235.83679676055908,
        "bq_baseline_runtime": 103431.731,
        "multi_cloud_plan": "aws",
        "percent_diff": 65.15236002181611,
        "profiling_cost": 326.5213885604159,
        "profiling_runtime": 131117.47160812083
    },
    "web_page": {
        "arachne": 82.37828913294776,
        "arachne_runtime": 20837.222209216707,
        "bq": 231.70127391815186,
        "bq_baseline_runtime": 105966.09000000001,
        "multi_cloud_plan": "aws",
        "percent_diff": 64.44633741545685,
        "profiling_cost": 322.6515744862018,
        "profiling_runtime": 133870.9385160423
    },
    "web_returns": {
        "arachne": 79.34606153929417,
        "arachne_runtime": 19113.59691246986,
        "bq": 201.80835247039795,
        "bq_baseline_runtime": 97414.90900000001,
        "multi_cloud_plan": "aws",
        "percent_diff": 60.68246900190468,
        "profiling_cost": 288.14792786984947,
        "profiling_runtime": 122294.89754675333
    },