{
    "call_center": {
        "arachne": 37.748520484785615,
        "arachne_runtime": 20909.853046337754,
        "bq": 236.39038562774658,
        "bq_baseline_runtime": 105783.204,
        "multi_cloud_plan": "aws",
        "percent_diff": 84.03127928213218,
        "profiling_cost": 282.7856062193987,
        "profiling_runtime": 133822.27272389096
    },
    "catalog_page": {
        "arachne": 37.22328566141339,
        "arachne_runtime": 20476.74662608761,
        "bq": 221.7094898223877,
        "bq_baseline_runtime": 105810.44800000002,
        "multi_cloud_plan": "aws",
        "percent_diff": 83.21078376427047,
        "profiling_cost": 267.6109042632274,
        "profiling_runtime": 133442.32688074157
    },
    "catalog_returns": {
        "arachne": 34.359192374079846,
        "arachne_runtime": 18464.89272406153,
        "bq": 193.60082626342773,
        "bq_baseline_runtime": 91777.65499999994,
        "multi_cloud_plan": "aws",
        "percent_diff": 82.2525590219702,
        "profiling_cost": 235.13493132297089,
        "profiling_runtime": 116159.08564697829
    },
    "catalog_sales": {
        "arachne": 22.416742463111174,
        "arachne_runtime": 11797.687121328838,
        "bq": 104.23612117767334,
        "bq_baseline_runtime": 57335.019000000015,
        "multi_cloud_plan": "multi",
        "percent_diff": 78.49426646939287,
        "profiling_cost": 131.19577691775345,
        "profiling_runtime": 72593.92022364044
    },
    "customer": {
        "arachne": 32.325578346608204,
        "arachne_runtime": 16447.724085682683,
        "bq": 185.87164402008057,
        "bq_baseline_runtime": 77589.22300000004,
        "multi_cloud_plan": "aws",
        "percent_diff": 82.60865528089055,
        "profiling_cost": 223.9562744118158,
        "profiling_runtime": 98784.97991059467
    },
    "customer_address": {
        "arachne": 35.46399541966115,
        "arachne_runtime": 19028.786238859553,
        "bq": 193.4046506881714,
        "bq_baseline_runtime": 80994.65,
        "multi_cloud_plan": "aws",
        "percent_diff": 81.66331818109164,
        "profiling_cost": 236.29143215633528,
        "profiling_runtime": 106143.39442206694
    },
    "customer_demographics": {
        "arachne": 35.73854792608779,
        "arachne_runtime": 19252.59073366286,
        "bq": 207.4698543548584,
        "bq_baseline_runtime": 91655.29499999998,
        "multi_cloud_plan": "aws",
        "percent_diff": 82.77410082673494,
        "profiling_cost": 250.96990706740183,
        "profiling_runtime": 117307.14871142019
    },
    "date_dim": {
        "arachne": 13.559907442681745,
        "arachne_runtime": 6317.313656899411,
        "bq": 28.19988250732422,
        "bq_baseline_runtime": 12509.484,
        "multi_cloud_plan": "multi",
        "percent_diff": 51.91502149287361,
        "profiling_cost": 55.231330869546916,
        "profiling_runtime": 24580.932669306007
    },
    "household_demographics": {
        "arachne": 36.55072604945499,
        "arachne_runtime": 19922.142934324365,
        "bq": 214.5507574081421,
        "bq_baseline_runtime": 93139.92100000005,
        "multi_cloud_plan": "aws",
        "percent_diff": 82.96406571060284,
        "profiling_cost": 259.2758048065842,
        "profiling_runtime": 119801.74092618279
    },
    "income_band": {
        "arachne": 37.348053216636664,
        "arachne_runtime": 20579.62180384822,
        "bq": 232.44556427001953,
        "bq_baseline_runtime": 106110.69600000001,
        "multi_cloud_plan": "aws",
        "percent_diff": 83.93255929235482,
        "profiling_cost": 278.4613490926037,
        "profiling_runtime": 133836.8763628425
    },
    "inventory": {
        "arachne": 37.541364044521,
        "arachne_runtime": 20742.731747126352,
        "bq": 238.37518692016602,
        "bq_baseline_runtime": 104366.56000000001,
        "multi_cloud_plan": "aws",
        "percent_diff": 84.25114437053638,
        "profiling_cost": 284.5265246984586,
        "profiling_runtime": 132208.23497709347
    },
    "item": {
        "arachne": 30.542852617211974,
        "arachne_runtime": 14970.765479146503,
        "bq": 93.05500507354736,
        "bq_baseline_runtime": 48002.55500000001,
        "multi_cloud_plan": "aws",
        "percent_diff": 67.177635858413,
        "profiling_cost": 129.54988353925364,
        "profiling_runtime": 67877.73861856232
    },
    "promotion": {
        "arachne": 36.46189421726926,
        "arachne_runtime": 19848.8825146874,
        "bq": 215.28478145599365,
        "bq_baseline_runtime": 97716.66100000001,
        "multi_cloud_plan": "aws",
        "percent_diff": 83.06341304263421,
        "profiling_cost": 260.4248044927675,
        "profiling_runtime": 124720.67576934131
    },
    "reason": {
        "arachne": 37.53450752047381,
        "arachne_runtime": 20733.37475890541,
        "bq": 230.7737159729004,
        "bq_baseline_runtime": 104568.12200000005,
        "multi_cloud_plan": "aws",
        "percent_diff": 83.73536285870551,
        "profiling_cost": 276.41442467190444,
        "profiling_runtime": 131985.00911571697
    },
    "ship_mode": {
        "arachne": 37.77459351922631,
        "arachne_runtime": 20931.353189525806,
        "bq": 237.4097490310669,
        "bq_baseline_runtime": 106991.29200000002,
        "multi_cloud_plan": "aws",
        "percent_diff": 84.08886169443564,
        "profiling_cost": 283.73837428861304,
        "profiling_runtime": 134975.44517498798
    },
    "store": {
        "arachne": 33.226138600329186,
        "arachne_runtime": 17180.64929185403,
        "bq": 136.7197608947754,
        "bq_baseline_runtime": 60536.15700000001,
        "multi_cloud_plan": "aws",
        "percent_diff": 75.6976326005271,
        "profiling_cost": 175.85922808569023,
        "profiling_runtime": 82592.02563271287
    },
    "store_returns": {
        "arachne": 33.74371994893301,
        "arachne_runtime": 18159.627168378473,
        "bq": 185.66169261932373,
        "bq_baseline_runtime": 87304.47599999998,
        "multi_cloud_plan": "aws",
        "percent_diff": 81.82515764405944,
        "profiling_cost": 224.71276036425817,
        "profiling_runtime": 109840.77870326508
    },
    "store_sales": {
        "arachne": 14.443339244242896,
        "arachne_runtime": 6423.565617541962,
        "bq": 21.086888313293457,
        "bq_baseline_runtime": 13401.667999999998,
        "multi_cloud_plan": "multi",
        "percent_diff": 31.505592339398785,
        "profiling_cost": 37.406646639383325,
        "profiling_runtime": 20944.30860931606
    },
    "time_dim": {
        "arachne": 37.72239914449897,
        "arachne_runtime": 20888.33106794735,
        "bq": 230.68166732788086,
        "bq_baseline_runtime": 102975.36499999999,
        "multi_cloud_plan": "aws",
        "percent_diff": 83.64742218943563,
        "profiling_cost": 276.8058220694722,
        "profiling_runtime": 130790.92698092456
    },
    "warehouse": {
        "arachne": 37.46571017273498,
        "arachne_runtime": 20676.651745990996,
        "bq": 235.83679676055908,
        "bq_baseline_runtime": 103431.73099999996,
        "multi_cloud_plan": "aws",
        "percent_diff": 84.11371309000043,
        "profiling_cost": 281.8035407592811,
        "profiling_runtime": 131117.47160812074
    },
    "web_page": {
        "arachne": 37.66044187342814,
        "arachne_runtime": 20837.222209216707,
        "bq": 231.70127391815186,
        "bq_baseline_runtime": 105966.08999999998,
        "multi_cloud_plan": "aws",
        "percent_diff": 83.74612222169671,
        "profiling_cost": 277.93372722668204,
        "profiling_runtime": 133870.9385160423
    },
    "web_returns": {
        "arachne": 35.36445600874999,
        "arachne_runtime": 19113.59691246986,
        "bq": 201.80835247039795,
        "bq_baseline_runtime": 97414.909,
        "multi_cloud_plan": "aws",
        "percent_diff": 82.47621786916011,