{
    "call_center": {
        "arachne": 161.58255993641453,
        "arachne_runtime": 20909.853046337754,
        "bq": 236.39038562774658,
        "bq_baseline_runtime": 105783.20400000001,
        "multi_cloud_plan": "aws",
        "percent_diff": 31.645883352098313,
        "profiling_cost": 406.61964567102757,
        "profiling_runtime": 133822.27272389096
    },
    "catalog_page": {
        "arachne": 161.05720627391628,
        "arachne_runtime": 20476.74662608761,
        "bq": 221.7094898223877,
        "bq_baseline_runtime": 105810.44800000002,
        "multi_cloud_plan": "aws",
        "percent_diff": 27.35664747461202,
        "profiling_cost": 391.44482487573026,
        "profiling_runtime": 133442.32688074157
    },
    "catalog_returns": {
        "arachne": 153.04075377274742,
        "arachne_runtime": 19226.364220601175,
        "bq": 193.60082626342773,
        "bq_baseline_runtime": 91777.655,
        "multi_cloud_plan": "multi",
        "percent_diff": 20.950361252844683,
        "profiling_cost": 354.7630449858694,
        "profiling_runtime": 116159.08564697832
    },
    "catalog_sales": {
        "arachne": 85.5817181442788,
        "arachne_runtime": 21118.241971016672,
        "bq": 104.23612117767334,
        "bq_baseline_runtime": 57335.01900000001,
        "multi_cloud_plan": "multi",
        "percent_diff": 17.896294319699024,
        "profiling_cost": 215.9534842489899,
        "profiling_runtime": 72593.92022364045
    },
    "customer": {
        "arachne": 156.04290503593347,
        "arachne_runtime": 16447.724085682683,
        "bq": 185.87164402008057,
        "bq_baseline_runtime": 77589.223,
        "multi_cloud_plan": "aws",
        "percent_diff": 16.048030963197675,
        "profiling_cost": 347.67360121161454,
        "profiling_runtime": 98784.97991059464
    },
    "customer_address": {
        "arachne": 159.2646548037367,
        "arachne_runtime": 19028.786238859553,
        "bq": 193.4046506881714,
        "bq_baseline_runtime": 80994.65000000001,
        "multi_cloud_plan": "aws",
        "percent_diff": 17.65210700102502,
        "profiling_cost": 360.09209165088424,
        "profiling_runtime": 106143.39442206697
    },
    "customer_demographics": {
        "arachne": 159.57039802393774,
        "arachne_runtime": 19252.59073366286,
        "bq": 207.4698543548584,
        "bq_baseline_runtime": 91655.295,
        "multi_cloud_plan": "aws",
        "percent_diff": 23.08742948698126,
        "profiling_cost": 374.8017572757251,
        "profiling_runtime": 117307.1487114202
    },
    "date_dim": {
        "arachne": 28.19988250732422,
        "arachne_runtime": 12509.484,
        "bq": 28.19988250732422,
        "bq_baseline_runtime": 12509.484,
        "multi_cloud_plan": "gcp",
        "percent_diff": 0.0,
        "profiling_cost": 179.06501221106845,
        "profiling_runtime": 24580.932669306007
    },
    "household_demographics": {
        "arachne": 160.38476009961786,
        "arachne_runtime": 19922.142934324365,
        "bq": 214.5507574081421,
        "bq_baseline_runtime": 93139.921,
        "multi_cloud_plan": "aws",
        "percent_diff": 25.246239147729366,
        "profiling_cost": 383.1098389672206,
        "profiling_runtime": 119801.74092618274
    },
    "income_band": {
        "arachne": 161.1820935901073,
        "arachne_runtime": 20579.62180384822,
        "bq": 232.44556427001953,
        "bq_baseline_runtime": 106110.69599999997,
        "multi_cloud_plan": "aws",
        "percent_diff": 30.658133186456194,
        "profiling_cost": 402.2953894660742,
        "profiling_runtime": 133836.8763628425
    },
    "inventory": {
        "arachne": 161.3309418817162,
        "arachne_runtime": 20742.731747126352,
        "bq": 238.37518692016602,
        "bq_baseline_runtime": 104366.56,
        "multi_cloud_plan": "aws",
        "percent_diff": 32.32058085989152,
        "profiling_cost": 408.3161025356538,
        "profiling_runtime": 132208.23497709347
    },
    "item": {
        "arachne": 93.05500507354736,
        "arachne_runtime": 48002.55500000001,
        "bq": 93.05500507354736,
        "bq_baseline_runtime": 48002.55500000001,
        "multi_cloud_plan": "gcp",
        "percent_diff": 0.0,
        "profiling_cost": 253.3829404729101,
        "profiling_runtime": 67877.73861856232
    },
    "promotion": {
        "arachne": 160.2959300162324,
        "arachne_runtime": 19848.8825146874,
        "bq": 215.28478145599365,
        "bq_baseline_runtime": 97716.66100000001,
        "multi_cloud_plan": "aws",
        "percent_diff": 25.542377435072677,
        "profiling_cost": 384.25884029173073,
        "profiling_runtime": 124720.67576934134
    },
    "reason": {
        "arachne": 161.36854778078876,
        "arachne_runtime": 20733.37475890541,
        "bq": 230.7737159729004,
        "bq_baseline_runtime": 104568.12200000002,
        "multi_cloud_plan": "aws",
        "percent_diff": 30.07498834930657,
        "profiling_cost": 400.24846493221935,
        "profiling_runtime": 131985.00911571697
    },
    "ship_mode": {
        "arachne": 161.60863371885628,
        "arachne_runtime": 20931.353189525806,
        "bq": 237.4097490310669,
        "bq_baseline_runtime": 106991.29199999996,
        "multi_cloud_plan": "aws",
        "percent_diff": 31.928391998043626,
        "profiling_cost": 407.57241448824294,
        "profiling_runtime": 134975.44517498792
    },
    "store": {
        "arachne": 136.7197608947754,
        "arachne_runtime": 60536.15699999999,
        "bq": 136.7197608947754,
        "bq_baseline_runtime": 60536.15699999999,
        "multi_cloud_plan": "gcp",
        "percent_diff": 0.0,
        "profiling_cost": 299.6932642889963,
        "profiling_runtime": 82592.02563271287
    },
    "store_returns": {
        "arachne": 147.45162165192104,
        "arachne_runtime": 22779.799688234598,
        "bq": 185.66169261932373,
        "bq_baseline_runtime": 87304.47600000002,
        "multi_cloud_plan": "multi",
        "percent_diff": 20.58048185833773,
        "profiling_cost": 341.90891788005223,
        "profiling_runtime": 109840.77870326512
    },
    "store_sales": {
        "arachne": 21.086888313293457,
        "arachne_runtime": 13401.667999999998,
        "bq": 21.086888313293457,
        "bq_baseline_runtime": 13401.667999999998,
        "multi_cloud_plan": "gcp",
        "percent_diff": 0.0,
        "profiling_cost": 109.24677131313352,
        "profiling_runtime": 20944.30860931606
    },
    "time_dim": {
        "arachne": 161.55622175260484,
        "arachne_runtime": 20888.33106794735,
        "bq": 230.68166732788086,
        "bq_baseline_runtime": 102975.365,
        "multi_cloud_plan": "aws",
        "percent_diff": 29.96572999319626,
        "profiling_cost": 400.639644677578,
        "profiling_runtime": 130790.92698092457
    },
    "warehouse": {
        "arachne": 161.29974995310212,
        "arachne_runtime": 20676.651745990996,
        "bq": 235.83679676055908,
        "bq_baseline_runtime": 103431.731,
        "multi_cloud_plan": "aws",
        "percent_diff": 31.605350747336136,
        "profiling_cost": 405.63758082396237,
        "profiling_runtime": 131117.47160812077
    },
    "web_page": {
        "arachne": 161.49448043825174,
        "arachne_runtime": 20837.222209216707,
        "bq": 231.70127391815186,
        "bq_baseline_runtime": 105966.08999999998,
        "multi_cloud_plan": "aws",
        "percent_diff": 30.300564296724826,
        "profiling_cost": 401.76776579150567,
        "profiling_runtime": 133870.9385160423
    },
    "web_returns": {
        "arachne": 157.15967132410313,
        "arachne_runtime": 19113.59691246986,
        "bq": 201.80835247039795,
        "bq_baseline_runtime": 97414.909,
        "multi_cloud_plan": "aws",
        "percent_diff": 22.124297929068156,
        "profiling_cost": 365.96161423919034,
        "profiling_runtime": 122294.89754675333
    },