{
    "call_center": {
        "arachne": 61.827361489269016,
        "arachne_runtime": 20909.853046337754,
        "bq": 236.39038562774658,
        "bq_baseline_runtime": 105783.20399999997,
        "multi_cloud_plan": "aws",
        "percent_diff": 73.84523007351447,
        "profiling_cost": 306.8644472238821,
        "profiling_runtime": 133822.27272389087
    },
    "catalog_page": {
        "arachne": 61.30210355828894,
        "arachne_runtime": 20476.74662608761,
        "bq": 221.7094898223877,
        "bq_baseline_runtime": 105810.44799999999,
        "multi_cloud_plan": "aws",
        "percent_diff": 72.35025726350356,
        "profiling_cost": 291.68972216010286,
        "profiling_runtime": 133442.32688074154
    },
    "catalog_returns": {
        "arachne": 57.6201911668632,
        "arachne_runtime": 18464.89272406153,
        "bq": 193.60082626342773,
        "bq_baseline_runtime": 91777.65500000001,
        "multi_cloud_plan": "aws",
        "percent_diff": 70.23763158507347,
        "profiling_cost": 258.39595342409,
        "profiling_runtime": 116159.0856469783
    },
    "catalog_sales": {
        "arachne": 38.07956516436231,
        "arachne_runtime": 11797.68712132884,
        "bq": 104.23612117767334,
        "bq_baseline_runtime": 57335.019000000015,
        "multi_cloud_plan": "multi",
        "percent_diff": 63.46797565552671,
        "profiling_cost": 147.67644223216058,
        "profiling_runtime": 72593.92022364044
    },
    "customer": {
        "arachne": 56.381725202865894,
        "arachne_runtime": 16447.724085682683,
        "bq": 185.87164402008057,
        "bq_baseline_runtime": 77589.22300000003,
        "multi_cloud_plan": "aws",
        "percent_diff": 69.66631166356139,
        "profiling_cost": 248.01242128955445,
        "profiling_runtime": 98784.97991059466
    },
    "customer_address": {
        "arachne": 59.536345855453625,
        "arachne_runtime": 19028.786238859553,
        "bq": 193.4046506881714,
        "bq_baseline_runtime": 80994.64999999998,
        "multi_cloud_plan": "aws",
        "percent_diff": 69.21669378496757,
        "profiling_cost": 260.3637826136085,
        "profiling_runtime": 106143.39442206694
    },
    "customer_demographics": {
        "arachne": 59.81696322289194,
        "arachne_runtime": 19252.59073366286,
        "bq": 207.4698543548584,
        "bq_baseline_runtime": 91655.29499999997,
        "multi_cloud_plan": "aws",
        "percent_diff": 71.16835917733837,
        "profiling_cost": 275.0483223856869,
        "profiling_runtime": 117307.14871142017
    },
    "date_dim": {
        "arachne": 24.990381682730533,
        "arachne_runtime": 6317.313656899411,
        "bq": 28.19988250732422,
        "bq_baseline_runtime": 12509.484,
        "multi_cloud_plan": "multi",
        "percent_diff": 11.381256016794035,
        "profiling_cost": 79.31010224150936,
        "profiling_runtime": 24580.932669306007
    },
    "household_demographics": {
        "arachne": 60.62956600365333,
        "arachne_runtime": 19922.142934324365,
        "bq": 214.5507574081421,
        "bq_baseline_runtime": 93139.92100000005,
        "multi_cloud_plan": "aws",
        "percent_diff": 71.74115499004411,
        "profiling_cost": 283.3546447822635,
        "profiling_runtime": 119801.74092618276
    },
    "income_band": {
        "arachne": 61.42689440036707,
        "arachne_runtime": 20579.62180384822,
        "bq": 232.44556427001953,
        "bq_baseline_runtime": 106110.69600000007,
        "multi_cloud_plan": "aws",
        "percent_diff": 73.57364310509675,
        "profiling_cost": 302.54019027633404,
        "profiling_runtime": 133836.87636284257
    },
    "inventory": {
        "arachne": 61.61155973508674,
        "arachne_runtime": 20742.731747126352,
        "bq": 238.37518692016602,
        "bq_baseline_runtime": 104366.56000000001,
        "multi_cloud_plan": "aws",
        "percent_diff": 74.1535347990221,
        "profiling_cost": 308.59672038902426,
        "profiling_runtime": 132208.23497709347
    },
    "item": {
        "arachne": 54.612856150919896,
        "arachne_runtime": 14970.765479146503,
        "bq": 93.05500507354736,
        "bq_baseline_runtime": 48002.555000000015,
        "multi_cloud_plan": "aws",
        "percent_diff": 41.31121038813996,
        "profiling_cost": 153.62853349857585,
        "profiling_runtime": 67877.73861856232
    },
    "promotion": {
        "arachne": 60.5407345115121,
        "arachne_runtime": 19848.8825146874,
        "bq": 215.28478145599365,
        "bq_baseline_runtime": 97716.661,
        "multi_cloud_plan": "aws",
        "percent_diff": 71.87876723005282,
        "profiling_cost": 284.50364478701033,
        "profiling_runtime": 124720.6757693413
    },
    "reason": {
        "arachne": 61.6133486822017,
        "arachne_runtime": 20733.37475890541,
        "bq": 230.7737159729004,
        "bq_baseline_runtime": 104568.12199999997,
        "multi_cloud_plan": "aws",
        "percent_diff": 73.30140114854461,
        "profiling_cost": 300.4932658336323,
        "profiling_runtime": 131985.0091157169
    },
    "ship_mode": {
        "arachne": 61.85343466915435,
        "arachne_runtime": 20931.353189525806,
        "bq": 237.4097490310669,
        "bq_baseline_runtime": 106991.29199999996,
        "multi_cloud_plan": "aws",
        "percent_diff": 73.94654814235942,
        "profiling_cost": 307.817215438541,
        "profiling_runtime": 134975.44517498795
    },
    "store": {
        "arachne": 57.30495566485847,
        "arachne_runtime": 17180.64929185403,
        "bq": 136.7197608947754,
        "bq_baseline_runtime": 60536.157000000014,
        "multi_cloud_plan": "aws",
        "percent_diff": 58.08582805453961,
        "profiling_cost": 199.93806845855536,
        "profiling_runtime": 82592.02563271287
    },
    "store_returns": {
        "arachne": 56.53183835829842,
        "arachne_runtime": 18159.627168378473,
        "bq": 185.66169261932373,
        "bq_baseline_runtime": 87304.47600000001,
        "multi_cloud_plan": "aws",
        "percent_diff": 69.55115642826227,
        "profiling_cost": 247.5009021034405,
        "profiling_runtime": 109840.77870326514
    },
    "store_sales": {
        "arachne": 21.086888313293457,
        "arachne_runtime": 13401.667999999996,
        "bq": 21.086888313293457,
        "bq_baseline_runtime": 13401.667999999996,
        "multi_cloud_plan": "gcp",
        "percent_diff": 0.0,
        "profiling_cost": 51.37555977039033,
        "profiling_runtime": 20944.30860931606
    },
    "time_dim": {
        "arachne": 61.801197984964,
        "arachne_runtime": 20888.33106794735,
        "bq": 230.68166732788086,
        "bq_baseline_runtime": 102975.36499999999,
        "multi_cloud_plan": "aws",
        "percent_diff": 73.20931537350019,
        "profiling_cost": 300.8846209099372,
        "profiling_runtime": 130790.92698092457
    },
    "warehouse": {
        "arachne": 61.5445512411397,
        "arachne_runtime": 20676.651745990996,
        "bq": 235.83679676055908,
        "bq_baseline_runtime": 103431.73099999999,
        "multi_cloud_plan": "aws",
        "percent_diff": 73.90375374559349,
        "profiling_cost": 305.88238188296907,
        "profiling_runtime": 131117.47160812077
    },
    "web_page": {
        "arachne": 61.73928270547716,
        "arachne_runtime": 20837.222209216707,
        "bq": 231.70127391815186,
        "bq_baseline_runtime": 105966.08999999997,
        "multi_cloud_plan": "aws",
        "percent_diff": 73.35393040295217,
        "profiling_cost": 302.0125680587311,
        "profiling_runtime": 133870.9385160423
    },
    "web_returns": {
        "arachne": 59.04685898673533,
        "arachne_runtime": 19113.59691246986,
        "bq": 201.80835247039795,
        "bq_baseline_runtime": 97414.909,
        "multi_cloud_plan": "aws",
        "percent_diff": 70.74112232525333,
        "profiling_cost": 267.8487053387171,