{
    "call_center": {
        "arachne": 106.53512352508832,
        "arachne_runtime": 20908.637811127337,
        "bq": 177.29278922080994,
        "bq_baseline_runtime": 105783.20399999998,
        "multi_cloud_plan": "aws",
        "percent_diff": 39.9100640283775,
        "profiling_cost": 292.4846983967004,
        "profiling_runtime": 133822.2727238909
    },
    "catalog_page": {
        "arachne": 106.00982268024698,
        "arachne_runtime": 20475.531390877193,
        "bq": 166.28211736679077,
        "bq_baseline_runtime": 105810.44800000002,
        "multi_cloud_plan": "aws",
        "percent_diff": 36.247009384414504,
        "profiling_cost": 280.9801543701321,
        "profiling_runtime": 133442.32688074157
    },
    "catalog_returns": {
        "arachne": 100.3562679755482,
        "arachne_runtime": 19233.947263966653,
        "bq": 145.2006196975708,
        "bq_baseline_runtime": 91777.65499999998,
        "multi_cloud_plan": "multi",
        "percent_diff": 30.884407942215443,
        "profiling_cost": 253.19478790316876,
        "profiling_runtime": 116159.0856469783
    },
    "catalog_sales": {
        "arachne": 57.80097809526893,
        "arachne_runtime": 21125.82501438215,
        "bq": 78.177090883255,
        "bq_baseline_runtime": 57335.018999999986,
        "multi_cloud_plan": "multi",
        "percent_diff": 26.064045819272735,
        "profiling_cost": 152.2243618073554,
        "profiling_runtime": 72593.92022364041
    },
    "customer": {
        "arachne": 101.0572971766998,
        "arachne_runtime": 16455.30712904816,
        "bq": 139.40373301506042,
        "bq_baseline_runtime": 77589.22300000001,
        "multi_cloud_plan": "aws",
        "percent_diff": 27.507466987428437,
        "profiling_cost": 246.2202116289061,
        "profiling_runtime": 98784.97991059466
    },
    "customer_address": {
        "arachne": 104.2420101773144,
        "arachne_runtime": 19036.36928222503,
        "bq": 145.05348801612854,
        "bq_baseline_runtime": 80994.65000000001,
        "multi_cloud_plan": "aws",
        "percent_diff": 28.135468093174225,
        "profiling_cost": 256.71841364793073,
        "profiling_runtime": 106143.39442206697
    },
    "customer_demographics": {
        "arachne": 104.52393466366567,
        "arachne_runtime": 19251.375498452442,
        "bq": 155.6023907661438,
        "bq_baseline_runtime": 91655.29499999998,
        "multi_cloud_plan": "aws",
        "percent_diff": 32.82626690437192,
        "profiling_cost": 267.89791581664457,
        "profiling_runtime": 117307.14871142025
    },
    "date_dim": {
        "arachne": 21.149911880493164,
        "arachne_runtime": 12509.484,
        "bq": 21.149911880493164,
        "bq_baseline_runtime": 12509.484,
        "multi_cloud_plan": "gcp",
        "percent_diff": 0.0,
        "profiling_cost": 116.97784987689438,
        "profiling_runtime": 24580.932669306003
    },
    "household_demographics": {
        "arachne": 105.3373260889554,
        "arachne_runtime": 19920.92769911395,
        "bq": 160.91306805610657,
        "bq_baseline_runtime": 93139.92100000002,
        "multi_cloud_plan": "aws",
        "percent_diff": 34.53774304258075,
        "profiling_cost": 274.43480109934677,
        "profiling_runtime": 119801.74092618276
    },
    "income_band": {
        "arachne": 106.13465676907155,
        "arachne_runtime": 20578.4065686378,
        "bq": 174.33417320251465,
        "bq_baseline_runtime": 106110.69599999998,
        "multi_cloud_plan": "aws",
        "percent_diff": 39.11999304589547,
        "profiling_cost": 289.1466471214713,
        "profiling_runtime": 133836.8763628425
    },
    "inventory": {
        "arachne": 106.30338370986293,
        "arachne_runtime": 20733.933468550455,
        "bq": 178.7813901901245,
        "bq_baseline_runtime": 104366.56000000001,
        "multi_cloud_plan": "aws",
        "percent_diff": 40.54001728210362,
        "profiling_cost": 293.70471565574775,
        "profiling_runtime": 132208.23497709347
    },
    "item": {
        "arachne": 69.79125380516052,
        "arachne_runtime": 48002.555,
        "bq": 69.79125380516052,
        "bq_baseline_runtime": 48002.555,
        "multi_cloud_plan": "gcp",
        "percent_diff": 0.0,
        "profiling_cost": 175.08227501178712,
        "profiling_runtime": 67877.73861856229
    },
    "promotion": {
        "arachne": 105.24849522832142,
        "arachne_runtime": 19847.667279476984,
        "bq": 161.46358609199524,
        "bq_baseline_runtime": 97716.66100000002,
        "multi_cloud_plan": "aws",
        "percent_diff": 34.81595585994529,
        "profiling_cost": 275.4002956837487,
        "profiling_runtime": 124720.67576934135
    },
    "reason": {
        "arachne": 106.32111101004469,
        "arachne_runtime": 20732.159523694994,
        "bq": 173.0802869796753,
        "bq_baseline_runtime": 104568.122,
        "multi_cloud_plan": "aws",
        "percent_diff": 38.57121867233216,
        "profiling_cost": 287.5176847121876,
        "profiling_runtime": 131985.0091157169
    },
    "ship_mode": {
        "arachne": 106.56119697508346,
        "arachne_runtime": 20930.137954315385,
        "bq": 178.05731177330017,
        "bq_baseline_runtime": 106991.292,
        "multi_cloud_plan": "aws",
        "percent_diff": 40.1534281778018,
        "profiling_cost": 293.1826260306407,
        "profiling_runtime": 134975.445174988
    },
    "store": {
        "arachne": 102.01267324104025,
        "arachne_runtime": 17179.434056643615,
        "bq": 102.53982067108154,
        "bq_baseline_runtime": 60536.15700000001,
        "multi_cloud_plan": "aws",
        "percent_diff": 0.5140904544120811,
        "profiling_cost": 210.47597464161092,
        "profiling_runtime": 82592.02563271289
    },
    "store_returns": {
        "arachne": 97.02646078119972,
        "arachne_runtime": 22787.382731600075,
        "bq": 139.2462694644928,
        "bq_baseline_runtime": 87304.47599999998,
        "multi_cloud_plan": "multi",
        "percent_diff": 30.320244014909825,
        "profiling_cost": 243.4063136070906,
        "profiling_runtime": 109840.7787032651
    },
    "store_sales": {
        "arachne": 15.815166234970093,
        "arachne_runtime": 13401.668,
        "bq": 15.815166234970093,
        "bq_baseline_runtime": 13401.668,
        "multi_cloud_plan": "gcp",
        "percent_diff": 0.0,
        "profiling_cost": 72.04610493536558,
        "profiling_runtime": 20944.308609316064
    },
    "time_dim": {
        "arachne": 106.50888171666605,
        "arachne_runtime": 20887.115832736934,
        "bq": 173.01125049591064,
        "bq_baseline_runtime": 102975.36499999996,
        "multi_cloud_plan": "aws",
        "percent_diff": 38.438175892391726,
        "profiling_cost": 287.93197335311646,
        "profiling_runtime": 130790.92698092455
    },
    "warehouse": {
        "arachne": 106.25243082494575,
        "arachne_runtime": 20667.853467415098,
        "bq": 176.8775975704193,
        "bq_baseline_runtime": 103431.73099999999,
        "multi_cloud_plan": "aws",
        "percent_diff": 39.928836503648206,
        "profiling_cost": 291.64103049396437,
        "profiling_runtime": 131117.47160812077
    },
    "web_page": {
        "arachne": 106.44704442106317,
        "arachne_runtime": 20836.00697400629,
        "bq": 173.7759554386139,
        "bq_baseline_runtime": 105966.09,
        "multi_cloud_plan": "aws",
        "percent_diff": 38.744664558230305,
        "profiling_cost": 288.80509683871276,
        "profiling_runtime": 133870.93851604234
    },
    "web_returns": {
        "arachne": 103.02833550877459,
        "arachne_runtime": 19121.179955835338,
        "bq": 151.35626435279846,
        "bq_baseline_runtime": 97414.90900000004,
        "multi_cloud_plan": "aws",
        "percent_diff": 31.929916512325924,
        "profiling_cost": 261.37826603857116,
        "profiling_runtime": 122294.89754675332
    },