{
    "call_center": {
        "arachne": 106.54524483181076,
        "arachne_runtime": 20909.853046337754,
        "bq": 413.6831748485565,
        "bq_baseline_runtime": 105783.20399999998,
        "multi_cloud_plan": "aws",
        "percent_diff": 74.24472366544387,
        "profiling_cost": 528.875084024447,
        "profiling_runtime": 133822.2727238909
    },
    "catalog_page": {
        "arachne": 106.0199439867018,
        "arachne_runtime": 20476.74662608761,
        "bq": 387.99160718917847,
        "bq_baseline_runtime": 105810.44799999999,
        "multi_cloud_plan": "aws",
        "percent_diff": 72.6746810956124,
        "profiling_cost": 502.68964419251967,
        "profiling_runtime": 133442.32688074152
    },
    "catalog_returns": {
        "arachne": 100.81922468767631,
        "arachne_runtime": 18464.89272406153,
        "bq": 338.80144596099854,
        "bq_baseline_runtime": 91777.655,
        "multi_cloud_plan": "aws",
        "percent_diff": 70.24238653949482,
        "profiling_cost": 446.79561416659647,
        "profiling_runtime": 116159.08564697833
    },
    "catalog_sales": {
        "arachne": 67.37000673849066,
        "arachne_runtime": 11797.687121328838,
        "bq": 182.41321206092834,
        "bq_baseline_runtime": 57335.01900000001,
        "multi_cloud_plan": "multi",
        "percent_diff": 63.06736448674112,
        "profiling_cost": 256.46048298502876,
        "profiling_runtime": 72593.92022364042
    },
    "customer": {
        "arachne": 101.05746227013134,
        "arachne_runtime": 16447.724085682683,
        "bq": 325.275377035141,
        "bq_baseline_runtime": 77589.223,
        "multi_cloud_plan": "aws",
        "percent_diff": 68.93172081106722,
        "profiling_cost": 432.0918556489866,
        "profiling_runtime": 98784.97991059464
    },
    "customer_address": {
        "arachne": 104.24217528471222,
        "arachne_runtime": 19028.786238859553,
        "bq": 338.4581387042999,
        "bq_baseline_runtime": 80994.65000000001,
        "multi_cloud_plan": "aws",
        "percent_diff": 69.20086611485348,
        "profiling_cost": 450.12306433610206,
        "profiling_runtime": 106143.39442206697
    },
    "customer_demographics": {
        "arachne": 104.53405596545798,
        "arachne_runtime": 19252.59073366286,
        "bq": 363.0722451210022,
        "bq_baseline_runtime": 91655.29500000001,
        "multi_cloud_plan": "aws",
        "percent_diff": 71.20846956213369,
        "profiling_cost": 475.3677701715029,
        "profiling_runtime": 117307.14871142022
    },
    "date_dim": {
        "arachne": 46.45412852845739,
        "arachne_runtime": 6317.313656899411,
        "bq": 49.34979438781738,
        "bq_baseline_runtime": 12509.484000000002,
        "multi_cloud_plan": "multi",
        "percent_diff": 5.867635104220061,
        "profiling_cost": 145.17773238421876,
        "profiling_runtime": 24580.932669306007
    },
    "household_demographics": {
        "arachne": 105.34744739566567,
        "arachne_runtime": 19922.142934324365,
        "bq": 375.46382546424866,
        "bq_baseline_runtime": 93139.92100000002,
        "multi_cloud_plan": "aws",
        "percent_diff": 71.94205133732737,
        "profiling_cost": 488.98555850748903,
        "profiling_runtime": 119801.74092618274
    },
    "income_band": {
        "arachne": 106.1447780757961,
        "arachne_runtime": 20579.62180384822,
        "bq": 406.7797374725342,
        "bq_baseline_runtime": 106110.69599999997,
        "multi_cloud_plan": "aws",
        "percent_diff": 73.90608029413879,
        "profiling_cost": 521.5922113914909,
        "profiling_runtime": 133836.8763628425
    },
    "inventory": {
        "arachne": 106.31338749463856,
        "arachne_runtime": 20742.731747126352,
        "bq": 417.1565771102905,
        "bq_baseline_runtime": 104366.56000000004,
        "multi_cloud_plan": "aws",
        "percent_diff": 74.51475217504942,
        "profiling_cost": 532.0799025759139,
        "profiling_runtime": 132208.23497709353
    },
    "item": {
        "arachne": 99.31429128494891,
        "arachne_runtime": 14970.765479146503,
        "bq": 162.84625887870789,
        "bq_baseline_runtime": 48002.555000000015,
        "multi_cloud_plan": "aws",
        "percent_diff": 39.013464620688175,
        "profiling_cost": 268.1372800853344,
        "profiling_runtime": 67877.73861856232
    },
    "promotion": {
        "arachne": 105.25861653503564,
        "arachne_runtime": 19848.8825146874,
        "bq": 376.7483675479889,
        "bq_baseline_runtime": 97716.66100000002,
        "multi_cloud_plan": "aws",
        "percent_diff": 72.06129459296777,
        "profiling_cost": 490.68507713974236,
        "profiling_runtime": 124720.67576934132
    },
    "reason": {
        "arachne": 106.33123231676896,
        "arachne_runtime": 20733.37475890541,
        "bq": 403.8540029525757,
        "bq_baseline_runtime": 104568.12199999999,
        "multi_cloud_plan": "aws",
        "percent_diff": 73.67087325137759,
        "profiling_cost": 518.2914006850882,
        "profiling_runtime": 131985.0091157169
    },
    "ship_mode": {
        "arachne": 106.57131828180759,
        "arachne_runtime": 20931.353189525806,
        "bq": 415.46706080436707,
        "bq_baseline_runtime": 106991.29199999997,
        "multi_cloud_plan": "aws",
        "percent_diff": 74.34903309170174,
        "profiling_cost": 530.5923750617077,
        "profiling_runtime": 134975.44517498795
    },
    "store": {
        "arachne": 102.02279454748543,
        "arachne_runtime": 17180.64929185403,
        "bq": 239.25958156585693,
        "bq_baseline_runtime": 60536.15700000002,
        "multi_cloud_plan": "aws",
        "percent_diff": 57.358951361618374,
        "profiling_cost": 347.1957355363861,
        "profiling_runtime": 82592.02563271287
    },
    "store_returns": {
        "arachne": 98.85266545276392,
        "arachne_runtime": 18159.627168378473,
        "bq": 324.9079620838165,
        "bq_baseline_runtime": 87304.47600000004,
        "multi_cloud_plan": "aws",
        "percent_diff": 69.57517913110948,
        "profiling_cost": 429.06800622641424,
        "profiling_runtime": 109840.77870326514
    },
    "store_sales": {
        "arachne": 36.90205454826355,
        "arachne_runtime": 13401.668000000003,
        "bq": 36.90205454826355,
        "bq_baseline_runtime": 13401.668000000003,
        "multi_cloud_plan": "gcp",
        "percent_diff": 0.0,
        "profiling_cost": 93.13299324865905,
        "profiling_runtime": 20944.30860931606
    },
    "time_dim": {
        "arachne": 106.5190030229002,
        "arachne_runtime": 20888.33106794735,
        "bq": 403.6929178237915,
        "bq_baseline_runtime": 102975.36499999998,
        "multi_cloud_plan": "aws",
        "percent_diff": 73.6138539172008,
        "profiling_cost": 518.6136406809975,
        "profiling_runtime": 130790.92698092452
    },
    "warehouse": {
        "arachne": 106.26243470239248,
        "arachne_runtime": 20676.651745990996,
        "bq": 412.7143943309784,
        "bq_baseline_runtime": 103431.731,
        "multi_cloud_plan": "aws",
        "percent_diff": 74.25279172182813,
        "profiling_cost": 527.4778272545234,
        "profiling_runtime": 131117.47160812083
    },
    "web_page": {
        "arachne": 106.45716572778362,
        "arachne_runtime": 20837.222209216707,
        "bq": 405.47722935676575,
        "bq_baseline_runtime": 105966.09000000003,
        "multi_cloud_plan": "aws",
        "percent_diff": 73.74521723533937,
        "profiling_cost": 520.5063707568648,
        "profiling_runtime": 133870.9385160424
    },
    "web_returns": {
        "arachne": 103.02850028006634,
        "arachne_runtime": 19113.59691246986,
        "bq": 353.1646168231964,
        "bq_baseline_runtime": 97414.90900000003,
        "multi_cloud_plan": "aws",
        "percent_diff": 70.8270604210486,