{
    "call_center": {
        "arachne": 35.45855784416199,
        "arachne_runtime": 105783.20400000001,
        "bq": 35.45855784416199,
        "bq_baseline_runtime": 105783.20400000001,
        "multi_cloud_plan": "gcp",
        "percent_diff": 0.0,
        "profiling_cost": 150.65046702005253,
        "profiling_runtime": 133822.27272389096
    },
    "catalog_page": {
        "arachne": 33.256423473358154,
        "arachne_runtime": 105810.44799999997,
        "bq": 33.256423473358154,
        "bq_baseline_runtime": 105810.44799999997,
        "multi_cloud_plan": "gcp",
        "percent_diff": 0.0,
        "profiling_cost": 147.9544604766995,
        "profiling_runtime": 133442.32688074152
    },
    "catalog_returns": {
        "arachne": 29.04012393951416,
        "arachne_runtime": 91777.65500000001,
        "bq": 29.04012393951416,
        "bq_baseline_runtime": 91777.65500000001,
        "multi_cloud_plan": "gcp",
        "percent_diff": 0.0,
        "profiling_cost": 137.03429214511203,
        "profiling_runtime": 116159.0856469783
    },
    "catalog_sales": {
        "arachne": 15.635418176651001,
        "arachne_runtime": 57335.01899999999,
        "bq": 15.635418176651001,
        "bq_baseline_runtime": 57335.01899999999,
        "multi_cloud_plan": "gcp",
        "percent_diff": 0.0,
        "profiling_cost": 89.68268910075126,
        "profiling_runtime": 72593.92022364042
    },
    "customer": {
        "arachne": 27.880746603012085,
        "arachne_runtime": 77589.22299999998,
        "bq": 27.880746603012085,
        "bq_baseline_runtime": 77589.22299999998,
        "multi_cloud_plan": "gcp",
        "percent_diff": 0.0,
        "profiling_cost": 134.69722521685765,
        "profiling_runtime": 98784.97991059461
    },
    "customer_address": {
        "arachne": 29.010697603225708,
        "arachne_runtime": 80994.65,
        "bq": 29.010697603225708,
        "bq_baseline_runtime": 80994.65,
        "multi_cloud_plan": "gcp",
        "percent_diff": 0.0,
        "profiling_cost": 140.67562323502793,
        "profiling_runtime": 106143.39442206694
    },
    "customer_demographics": {
        "arachne": 31.12047815322876,
        "arachne_runtime": 91655.295,
        "bq": 31.12047815322876,
        "bq_baseline_runtime": 91655.295,
        "multi_cloud_plan": "gcp",
        "percent_diff": 0.0,
        "profiling_cost": 143.41600320372976,
        "profiling_runtime": 117307.14871142019
    },
    "date_dim": {
        "arachne": 4.229982376098633,
        "arachne_runtime": 12509.484,
        "bq": 4.229982376098633,
        "bq_baseline_runtime": 12509.484,
        "multi_cloud_plan": "gcp",
        "percent_diff": 0.0,
        "profiling_cost": 100.05792037249985,
        "profiling_runtime": 24580.932669306003
    },
    "household_demographics": {
        "arachne": 32.18261361122131,
        "arachne_runtime": 93139.92099999999,
        "bq": 32.18261361122131,
        "bq_baseline_runtime": 93139.92099999999,
        "multi_cloud_plan": "gcp",
        "percent_diff": 0.0,
        "profiling_cost": 145.70434665446152,
        "profiling_runtime": 119801.74092618273
    },
    "income_band": {
        "arachne": 34.86683464050293,
        "arachne_runtime": 106110.69600000001,
        "bq": 34.86683464050293,
        "bq_baseline_runtime": 106110.69600000001,
        "multi_cloud_plan": "gcp",
        "percent_diff": 0.0,
        "profiling_cost": 149.6793085594597,
        "profiling_runtime": 133836.87636284257
    },
    "inventory": {
        "arachne": 35.7562780380249,
        "arachne_runtime": 104366.56,
        "bq": 35.7562780380249,
        "bq_baseline_runtime": 104366.56,
        "multi_cloud_plan": "gcp",
        "percent_diff": 0.0,
        "profiling_cost": 150.67960350364834,
        "profiling_runtime": 132208.23497709347
    },
    "item": {
        "arachne": 13.958250761032104,
        "arachne_runtime": 48002.555,
        "bq": 13.958250761032104,
        "bq_baseline_runtime": 48002.555,
        "multi_cloud_plan": "gcp",
        "percent_diff": 0.0,
        "profiling_cost": 119.24927196765854,
        "profiling_runtime": 67877.73861856229
    },
    "promotion": {
        "arachne": 32.29271721839905,
        "arachne_runtime": 97716.66099999998,
        "bq": 32.29271721839905,
        "bq_baseline_runtime": 97716.66099999998,
        "multi_cloud_plan": "gcp",
        "percent_diff": 0.0,
        "profiling_cost": 146.22942681015266,
        "profiling_runtime": 124720.67576934134
    },
    "reason": {
        "arachne": 34.61605739593506,
        "arachne_runtime": 104568.122,
        "bq": 34.61605739593506,
        "bq_baseline_runtime": 104568.122,
        "multi_cloud_plan": "gcp",
        "percent_diff": 0.0,
        "profiling_cost": 149.05345512844744,
        "profiling_runtime": 131985.00911571694
    },
    "ship_mode": {
        "arachne": 35.611462354660034,
        "arachne_runtime": 106991.292,
        "bq": 35.611462354660034,
        "bq_baseline_runtime": 106991.292,
        "multi_cloud_plan": "gcp",
        "percent_diff": 0.0,
        "profiling_cost": 150.73677661200063,
        "profiling_runtime": 134975.445174988
    },
    "store": {
        "arachne": 20.50796413421631,
        "arachne_runtime": 60536.157,
        "bq": 20.50796413421631,
        "bq_baseline_runtime": 60536.157,
        "multi_cloud_plan": "gcp",
        "percent_diff": 0.0,
        "profiling_cost": 128.44411810474557,
        "profiling_runtime": 82592.02563271286
    },
    "store_returns": {
        "arachne": 27.84925389289856,
        "arachne_runtime": 87304.47600000004,
        "bq": 27.84925389289856,
        "bq_baseline_runtime": 87304.47600000004,
        "multi_cloud_plan": "gcp",
        "percent_diff": 0.0,
        "profiling_cost": 132.00929803549636,
        "profiling_runtime": 109840.77870326512
    },
    "store_sales": {
        "arachne": 3.1630332469940186,
        "arachne_runtime": 13401.668000000001,
        "bq": 3.1630332469940186,
        "bq_baseline_runtime": 13401.668000000001,
        "multi_cloud_plan": "gcp",
        "percent_diff": 0.0,
        "profiling_cost": 59.39397194738959,
        "profiling_runtime": 20944.308609316064
    },
    "time_dim": {
        "arachne": 34.60225009918213,
        "arachne_runtime": 102975.36500000003,
        "bq": 34.60225009918213,
        "bq_baseline_runtime": 102975.36500000003,
        "multi_cloud_plan": "gcp",
        "percent_diff": 0.0,
        "profiling_cost": 149.522972956388,
        "profiling_runtime": 130790.9269809246
    },
    "warehouse": {
        "arachne": 35.37551951408386,
        "arachne_runtime": 103431.73100000001,
        "bq": 35.37551951408386,
        "bq_baseline_runtime": 103431.73100000001,
        "multi_cloud_plan": "gcp",
        "percent_diff": 0.0,
        "profiling_cost": 150.13895243762894,
        "profiling_runtime": 131117.47160812083
    },
    "web_page": {
        "arachne": 34.75519108772278,
        "arachne_runtime": 105966.09000000004,
        "bq": 34.75519108772278,
        "bq_baseline_runtime": 105966.09000000004,
        "multi_cloud_plan": "gcp",
        "percent_diff": 0.0,
        "profiling_cost": 149.7843324878218,
        "profiling_runtime": 133870.93851604237
    },
    "web_returns": {
        "arachne": 30.271252870559692,
        "arachne_runtime": 97414.909,
        "bq": 30.271252870559692,
        "bq_baseline_runtime": 97414.909,
        "multi_cloud_plan": "gcp",
        "percent_diff": 0.0,
        "profiling_cost": 140.2932545563325,
        "profiling_runtime": 122294.89754675332
    },
    "web_sales": {
        "arachne": 17.909555912017822,
        "arachne_runtime": 66566.27100000001,
        "bq": 17.909555912017822,
        "bq_baseline_runtime": 66566.27100000001,
        "multi_cloud_plan": "gcp",
        "percent_diff": 0.0,
        "profiling_cost": 107.41748136671512,
        "profiling_runtime": 84079.9603700133
    },