{
    "call_center": {
        "arachne": 236.39038562774658,
        "arachne_runtime": 105783.20399999997,
        "bq": 236.39038562774658,
        "bq_baseline_runtime": 105783.20399999997,
        "multi_cloud_plan": "gcp",
        "percent_diff": 0.0,
        "profiling_cost": 595.810539277683,
        "profiling_runtime": 133822.2727238909
    },
    "catalog_page": {
        "arachne": 221.7094898223877,
        "arachne_runtime": 105810.44800000003,
        "bq": 221.7094898223877,
        "bq_baseline_runtime": 105810.44800000003,
        "multi_cloud_plan": "gcp",
        "percent_diff": 0.0,
        "profiling_cost": 580.6355369226097,
        "profiling_runtime": 133442.32688074157
    },
    "catalog_returns": {
        "arachne": 193.60082626342773,
        "arachne_runtime": 91777.65499999997,
        "bq": 193.60082626342773,
        "bq_baseline_runtime": 91777.65499999997,
        "multi_cloud_plan": "gcp",
        "percent_diff": 0.0,
        "profiling_cost": 537.52821863752,
        "profiling_runtime": 116159.0856469783
    },
    "catalog_sales": {
        "arachne": 104.23612117767334,
        "arachne_runtime": 57335.01900000001,
        "bq": 104.23612117767334,
        "bq_baseline_runtime": 57335.01900000001,
        "multi_cloud_plan": "gcp",
        "percent_diff": 0.0,
        "profiling_cost": 345.44442600504556,
        "profiling_runtime": 72593.92022364042
    },
    "customer": {
        "arachne": 185.87164402008057,
        "arachne_runtime": 77589.22300000001,
        "bq": 185.87164402008057,
        "bq_baseline_runtime": 77589.22300000001,
        "multi_cloud_plan": "gcp",
        "percent_diff": 0.0,
        "profiling_cost": 536.6861838224182,
        "profiling_runtime": 98784.97991059463
    },
    "customer_address": {
        "arachne": 193.4046506881714,
        "arachne_runtime": 80994.65,
        "bq": 193.4046506881714,
        "bq_baseline_runtime": 80994.65,
        "multi_cloud_plan": "gcp",
        "percent_diff": 0.0,
        "profiling_cost": 549.2319881008899,
        "profiling_runtime": 106143.39442206695
    },
    "customer_demographics": {
        "arachne": 207.4698543548584,
        "arachne_runtime": 91655.29499999998,
        "bq": 207.4698543548584,
        "bq_baseline_runtime": 91655.29499999998,
        "multi_cloud_plan": "gcp",
        "percent_diff": 0.0,
        "profiling_cost": 563.9893062051085,
        "profiling_runtime": 117307.14871142019
    },
    "date_dim": {
        "arachne": 28.19988250732422,
        "arachne_runtime": 12509.484,
        "bq": 28.19988250732422,
        "bq_baseline_runtime": 12509.484,
        "multi_cloud_plan": "gcp",
        "percent_diff": 0.0,
        "profiling_cost": 368.25535870505934,
        "profiling_runtime": 24580.932669306003
    },
    "household_demographics": {
        "arachne": 214.5507574081421,
        "arachne_runtime": 93139.92099999994,
        "bq": 214.5507574081421,
        "bq_baseline_runtime": 93139.92099999994,
        "multi_cloud_plan": "gcp",
        "percent_diff": 0.0,
        "profiling_cost": 572.3007244904151,
        "profiling_runtime": 119801.74092618268
    },
    "income_band": {
        "arachne": 232.44556427001953,
        "arachne_runtime": 106110.696,
        "bq": 232.44556427001953,
        "bq_baseline_runtime": 106110.696,
        "multi_cloud_plan": "gcp",
        "percent_diff": 0.0,
        "profiling_cost": 591.4862844810989,
        "profiling_runtime": 133836.8763628425
    },
    "inventory": {
        "arachne": 238.37518692016602,
        "arachne_runtime": 104366.56000000001,
        "bq": 238.37518692016602,
        "bq_baseline_runtime": 104366.56000000001,
        "multi_cloud_plan": "gcp",
        "percent_diff": 0.0,
        "profiling_cost": 597.4390686758134,
        "profiling_runtime": 132208.23497709347
    },
    "item": {
        "arachne": 93.05500507354736,
        "arachne_runtime": 48002.555,
        "bq": 93.05500507354736,
        "bq_baseline_runtime": 48002.555,
        "multi_cloud_plan": "gcp",
        "percent_diff": 0.0,
        "profiling_cost": 442.57233301044056,
        "profiling_runtime": 67877.73861856232
    },
    "promotion": {
        "arachne": 215.28478145599365,
        "arachne_runtime": 97716.66099999998,
        "bq": 215.28478145599365,
        "bq_baseline_runtime": 97716.66099999998,
        "multi_cloud_plan": "gcp",
        "percent_diff": 0.0,
        "profiling_cost": 573.4497283179246,
        "profiling_runtime": 124720.6757693413
    },
    "reason": {
        "arachne": 230.7737159729004,
        "arachne_runtime": 104568.122,
        "bq": 230.7737159729004,
        "bq_baseline_runtime": 104568.122,
        "multi_cloud_plan": "gcp",
        "percent_diff": 0.0,
        "profiling_cost": 589.4393597743673,
        "profiling_runtime": 131985.00911571694
    },
    "ship_mode": {
        "arachne": 237.4097490310669,
        "arachne_runtime": 106991.29199999999,
        "bq": 237.4097490310669,
        "bq_baseline_runtime": 106991.29199999999,
        "multi_cloud_plan": "gcp",
        "percent_diff": 0.0,
        "profiling_cost": 596.7633092376776,
        "profiling_runtime": 134975.44517498795
    },
    "store": {
        "arachne": 136.7197608947754,
        "arachne_runtime": 60536.157,
        "bq": 136.7197608947754,
        "bq_baseline_runtime": 60536.157,
        "multi_cloud_plan": "gcp",
        "percent_diff": 0.0,
        "profiling_cost": 488.8841529329362,
        "profiling_runtime": 82592.02563271286
    },
    "store_returns": {
        "arachne": 185.66169261932373,
        "arachne_runtime": 87304.476,
        "bq": 185.66169261932373,
        "bq_baseline_runtime": 87304.476,
        "multi_cloud_plan": "gcp",
        "percent_diff": 0.0,
        "profiling_cost": 520.9586029736266,
        "profiling_runtime": 109840.7787032651
    },
    "store_sales": {
        "arachne": 21.086888313293457,
        "arachne_runtime": 13401.667999999998,
        "bq": 21.086888313293457,
        "bq_baseline_runtime": 13401.667999999998,
        "multi_cloud_plan": "gcp",
        "percent_diff": 0.0,
        "profiling_cost": 219.00251734247428,
        "profiling_runtime": 20944.30860931606
    },
    "time_dim": {
        "arachne": 230.68166732788086,
        "arachne_runtime": 102975.36499999999,
        "bq": 230.68166732788086,
        "bq_baseline_runtime": 102975.36499999999,
        "multi_cloud_plan": "gcp",
        "percent_diff": 0.0,
        "profiling_cost": 589.8302069955176,
        "profiling_runtime": 130790.92698092455
    },
    "warehouse": {
        "arachne": 235.83679676055908,
        "arachne_runtime": 103431.731,
        "bq": 235.83679676055908,
        "bq_baseline_runtime": 103431.731,
        "multi_cloud_plan": "gcp",
        "percent_diff": 0.0,
        "profiling_cost": 594.8284753672257,
        "profiling_runtime": 131117.47160812083
    },
    "web_page": {
        "arachne": 231.70127391815186,
        "arachne_runtime": 105966.08999999998,
        "bq": 231.70127391815186,
        "bq_baseline_runtime": 105966.08999999998,
        "multi_cloud_plan": "gcp",
        "percent_diff": 0.0,
        "profiling_cost": 590.9586580433195,
        "profiling_runtime": 133870.9385160423
    },
    "web_returns": {
        "arachne": 201.80835247039795,
        "arachne_runtime": 97414.90900000001,
        "bq": 201.80835247039795,
        "bq_baseline_runtime": 97414.90900000001,
        "multi_cloud_plan": "gcp",
        "percent_diff": 0.0,
        "profiling_cost": 552.0378207745706,
        "profiling_runtime": 122294.89754675329
    },
    "web_sales": {
        "arachne": 119.39703941345215,
        "arachne_runtime": 66566.27100000002,
        "bq": 119.39703941345215,
        "bq_baseline_runtime": 66566.27100000002,
        "multi_cloud_plan": "gcp",
        "percent_diff": 0.0,
        "profiling_cost": 414.31430153650024,
        "profiling_runtime": 84079.96037001334
    },