{
    "call_center": {
        "arachne": 94.55615425109863,
        "arachne_runtime": 105783.204,
        "bq": 94.55615425109863,
        "bq_baseline_runtime": 105783.204,
        "multi_cloud_plan": "gcp",
        "percent_diff": 0.0,
        "profiling_cost": 209.7480634269892,
        "profiling_runtime": 133822.27272389093
    },
    "catalog_page": {
        "arachne": 88.68379592895508,
        "arachne_runtime": 105810.44799999996,
        "bq": 88.68379592895508,
        "bq_baseline_runtime": 105810.44799999996,
        "multi_cloud_plan": "gcp",
        "percent_diff": 0.0,
        "profiling_cost": 203.38183293229645,
        "profiling_runtime": 133442.32688074152
    },
    "catalog_returns": {
        "arachne": 77.4403305053711,
        "arachne_runtime": 91777.65499999997,
        "bq": 77.4403305053711,
        "bq_baseline_runtime": 91777.65499999997,
        "multi_cloud_plan": "gcp",
        "percent_diff": 0.0,
        "profiling_cost": 185.434498710969,
        "profiling_runtime": 116159.08564697829
    },
    "catalog_sales": {
        "arachne": 41.694448471069336,
        "arachne_runtime": 57335.01900000001,
        "bq": 41.694448471069336,
        "bq_baseline_runtime": 57335.01900000001,
        "multi_cloud_plan": "gcp",
        "percent_diff": 0.0,
        "profiling_cost": 115.74171939516961,
        "profiling_runtime": 72593.92022364042
    },
    "customer": {
        "arachne": 74.34865760803223,
        "arachne_runtime": 77589.22300000001,
        "bq": 74.34865760803223,
        "bq_baseline_runtime": 77589.22300000001,
        "multi_cloud_plan": "gcp",
        "percent_diff": 0.0,
        "profiling_cost": 181.1651362218779,
        "profiling_runtime": 98784.97991059463
    },
    "customer_address": {
        "arachne": 77.36186027526855,
        "arachne_runtime": 80994.65000000001,
        "bq": 77.36186027526855,
        "bq_baseline_runtime": 80994.65000000001,
        "multi_cloud_plan": "gcp",
        "percent_diff": 0.0,
        "profiling_cost": 189.02678590707077,
        "profiling_runtime": 106143.39442206698
    },
    "customer_demographics": {
        "arachne": 82.98794174194336,
        "arachne_runtime": 91655.295,
        "bq": 82.98794174194336,
        "bq_baseline_runtime": 91655.295,
        "multi_cloud_plan": "gcp",
        "percent_diff": 0.0,
        "profiling_cost": 195.28346679244436,
        "profiling_runtime": 117307.1487114202
    },
    "date_dim": {
        "arachne": 11.279953002929688,
        "arachne_runtime": 12509.483999999999,
        "bq": 11.279953002929688,
        "bq_baseline_runtime": 12509.483999999999,
        "multi_cloud_plan": "gcp",
        "percent_diff": 0.0,
        "profiling_cost": 107.1078909993309,
        "profiling_runtime": 24580.932669306
    },
    "household_demographics": {
        "arachne": 85.82030296325684,
        "arachne_runtime": 93139.92100000002,
        "bq": 85.82030296325684,
        "bq_baseline_runtime": 93139.92100000002,
        "multi_cloud_plan": "gcp",
        "percent_diff": 0.0,
        "profiling_cost": 199.34203600649704,
        "profiling_runtime": 119801.74092618274
    },
    "income_band": {
        "arachne": 92.97822570800781,
        "arachne_runtime": 106110.696,
        "bq": 92.97822570800781,
        "bq_baseline_runtime": 106110.696,
        "multi_cloud_plan": "gcp",
        "percent_diff": 0.0,
        "profiling_cost": 207.79069962696462,
        "profiling_runtime": 133836.8763628425
    },
    "inventory": {
        "arachne": 95.3500747680664,
        "arachne_runtime": 104366.56000000006,
        "bq": 95.3500747680664,
        "bq_baseline_runtime": 104366.56000000006,
        "multi_cloud_plan": "gcp",
        "percent_diff": 0.0,
        "profiling_cost": 210.27340023368987,
        "profiling_runtime": 132208.23497709347
    },
    "item": {
        "arachne": 37.222002029418945,
        "arachne_runtime": 48002.555,
        "bq": 37.222002029418945,
        "bq_baseline_runtime": 48002.555,
        "multi_cloud_plan": "gcp",
        "percent_diff": 0.0,
        "profiling_cost": 142.5130232360455,
        "profiling_runtime": 67877.73861856229
    },
    "promotion": {
        "arachne": 86.11391258239746,
        "arachne_runtime": 97716.66100000001,
        "bq": 86.11391258239746,
        "bq_baseline_runtime": 97716.66100000001,
        "multi_cloud_plan": "gcp",
        "percent_diff": 0.0,
        "profiling_cost": 200.05062217415104,
        "profiling_runtime": 124720.67576934132
    },
    "reason": {
        "arachne": 92.30948638916016,
        "arachne_runtime": 104568.12200000003,
        "bq": 92.30948638916016,
        "bq_baseline_runtime": 104568.12200000003,
        "multi_cloud_plan": "gcp",
        "percent_diff": 0.0,
        "profiling_cost": 206.7468841216726,
        "profiling_runtime": 131985.00911571697
    },
    "ship_mode": {
        "arachne": 94.96389961242676,
        "arachne_runtime": 106991.29200000003,
        "bq": 94.96389961242676,
        "bq_baseline_runtime": 106991.29200000003,
        "multi_cloud_plan": "gcp",
        "percent_diff": 0.0,
        "profiling_cost": 210.0892138697674,
        "profiling_runtime": 134975.445174988
    },
    "store": {
        "arachne": 54.687904357910156,
        "arachne_runtime": 60536.15700000003,
        "bq": 54.687904357910156,
        "bq_baseline_runtime": 60536.15700000003,
        "multi_cloud_plan": "gcp",
        "percent_diff": 0.0,
        "profiling_cost": 162.62405832843956,
        "profiling_runtime": 82592.02563271286
    },
    "store_returns": {
        "arachne": 74.26467704772949,
        "arachne_runtime": 87304.47599999998,
        "bq": 74.26467704772949,
        "bq_baseline_runtime": 87304.47599999998,
        "multi_cloud_plan": "gcp",
        "percent_diff": 0.0,
        "profiling_cost": 178.42472119032738,
        "profiling_runtime": 109840.77870326508
    },
    "store_sales": {
        "arachne": 8.434755325317383,
        "arachne_runtime": 13401.668000000001,
        "bq": 8.434755325317383,
        "bq_baseline_runtime": 13401.668000000001,
        "multi_cloud_plan": "gcp",
        "percent_diff": 0.0,
        "profiling_cost": 64.66569402571294,
        "profiling_runtime": 20944.30860931606
    },
    "time_dim": {
        "arachne": 92.27266693115234,
        "arachne_runtime": 102975.36499999999,
        "bq": 92.27266693115234,
        "bq_baseline_runtime": 102975.36499999999,
        "multi_cloud_plan": "gcp",
        "percent_diff": 0.0,
        "profiling_cost": 207.1933897883582,
        "profiling_runtime": 130790.92698092453
    },
    "warehouse": {
        "arachne": 94.33471870422363,
        "arachne_runtime": 103431.73100000001,
        "bq": 94.33471870422363,
        "bq_baseline_runtime": 103431.73100000001,
        "multi_cloud_plan": "gcp",
        "percent_diff": 0.0,
        "profiling_cost": 209.09815162776871,
        "profiling_runtime": 131117.47160812077
    },
    "web_page": {
        "arachne": 92.68050956726074,
        "arachne_runtime": 105966.08999999998,
        "bq": 92.68050956726074,
        "bq_baseline_runtime": 105966.08999999998,
        "multi_cloud_plan": "gcp",
        "percent_diff": 0.0,
        "profiling_cost": 207.70965096735978,
        "profiling_runtime": 133870.93851604237
    },
    "web_returns": {
        "arachne": 80.72334098815918,
        "arachne_runtime": 97414.909,
        "bq": 80.72334098815918,
        "bq_baseline_runtime": 97414.909,
        "multi_cloud_plan": "gcp",
        "percent_diff": 0.0,
        "profiling_cost": 190.74534267393196,
        "profiling_runtime": 122294.89754675327
    },
    "web_sales": {
        "arachne": 47.75881576538086,
        "arachne_runtime": 66566.271,
        "bq": 47.75881576538086,
        "bq_baseline_runtime": 66566.271,
        "multi_cloud_plan": "gcp",
        "percent_diff": 0.0,
        "profiling_cost": 137.2667412200783,