{
    "call_center": {
        "arachne": 213.18007637459326,
        "arachne_runtime": 20909.853046337754,
        "bq": 236.39038562774658,
        "bq_baseline_runtime": 105783.204,
        "multi_cloud_plan": "aws",
        "percent_diff": 9.818635047917528,
        "profiling_cost": 458.21716210920636,
        "profiling_runtime": 133822.27272389096
    },
    "catalog_page": {
        "arachne": 212.65467319579244,
        "arachne_runtime": 20476.74662608761,
        "bq": 221.7094898223877,
        "bq_baseline_runtime": 105810.448,
        "multi_cloud_plan": "aws",
        "percent_diff": 4.084090687254345,
        "profiling_cost": 443.04229179760637,
        "profiling_runtime": 133442.32688074154
    },
    "catalog_returns": {
        "arachne": 193.60082626342773,
        "arachne_runtime": 91777.65500000003,
        "bq": 193.60082626342773,
        "bq_baseline_runtime": 91777.65500000003,
        "multi_cloud_plan": "gcp",
        "percent_diff": 0.0,
        "profiling_cost": 404.6080923454104,
        "profiling_runtime": 116159.08564697833
    },
    "catalog_sales": {
        "arachne": 104.23612117767334,
        "arachne_runtime": 57335.019,
        "bq": 104.23612117767334,
        "bq_baseline_runtime": 57335.019,
        "multi_cloud_plan": "gcp",
        "percent_diff": 0.0,
        "profiling_cost": 251.26919563700517,
        "profiling_runtime": 72593.92022364042
    },
    "customer": {
        "arachne": 185.87164402008057,
        "arachne_runtime": 77589.22300000003,
        "bq": 185.87164402008057,
        "bq_baseline_runtime": 77589.22300000003,
        "multi_cloud_plan": "gcp",
        "percent_diff": 0.0,
        "profiling_cost": 399.2224873781972,
        "profiling_runtime": 98784.97991059467
    },
    "customer_address": {
        "arachne": 193.4046506881714,
        "arachne_runtime": 80994.65000000001,
        "bq": 193.4046506881714,
        "bq_baseline_runtime": 80994.65000000001,
        "multi_cloud_plan": "gcp",
        "percent_diff": 0.0,
        "profiling_cost": 411.67569977361296,
        "profiling_runtime": 106143.39442206697
    },
    "customer_demographics": {
        "arachne": 207.4698543548584,
        "arachne_runtime": 91655.29500000001,
        "bq": 207.4698543548584,
        "bq_baseline_runtime": 91655.29500000001,
        "multi_cloud_plan": "gcp",
        "percent_diff": 0.0,
        "profiling_cost": 426.3983615291934,
        "profiling_runtime": 117307.14871142022
    },
    "date_dim": {
        "arachne": 28.19988250732422,
        "arachne_runtime": 12509.484,
        "bq": 28.19988250732422,
        "bq_baseline_runtime": 12509.484,
        "multi_cloud_plan": "gcp",
        "percent_diff": 0.0,
        "profiling_cost": 230.6623794367024,
        "profiling_runtime": 24580.932669306003
    },
    "household_demographics": {
        "arachne": 211.98227428718576,
        "arachne_runtime": 19922.142934324365,
        "bq": 214.5507574081421,
        "bq_baseline_runtime": 93139.92100000002,
        "multi_cloud_plan": "aws",
        "percent_diff": 1.197144746532066,
        "profiling_cost": 434.7073532008189,
        "profiling_runtime": 119801.74092618276
    },
    "income_band": {
        "arachne": 212.77961041238677,
        "arachne_runtime": 20579.62180384822,
        "bq": 232.44556427001953,
        "bq_baseline_runtime": 106110.69600000004,
        "multi_cloud_plan": "aws",
        "percent_diff": 8.460455642331757,
        "profiling_cost": 453.89290628835374,
        "profiling_runtime": 133836.87636284254
    },
    "inventory": {
        "arachne": 212.90993264721425,
        "arachne_runtime": 20742.731747126352,
        "bq": 238.37518692016602,
        "bq_baseline_runtime": 104366.56000000003,
        "multi_cloud_plan": "aws",
        "percent_diff": 10.68284606378948,
        "profiling_cost": 459.8950933011519,
        "profiling_runtime": 132208.2349770935
    },
    "item": {
        "arachne": 93.05500507354736,
        "arachne_runtime": 48002.555,
        "bq": 93.05500507354736,
        "bq_baseline_runtime": 48002.555,
        "multi_cloud_plan": "gcp",
        "percent_diff": 0.0,
        "profiling_cost": 304.98004752860015,
        "profiling_runtime": 67877.73861856229
    },
    "promotion": {
        "arachne": 211.89344493246708,
        "arachne_runtime": 19848.8825146874,
        "bq": 215.28478145599365,
        "bq_baseline_runtime": 97716.66100000001,
        "multi_cloud_plan": "aws",
        "percent_diff": 1.5752792652553562,
        "profiling_cost": 435.8563552079654,
        "profiling_runtime": 124720.67576934132
    },
    "reason": {
        "arachne": 212.96606455592,
        "arachne_runtime": 20733.37475890541,
        "bq": 230.7737159729004,
        "bq_baseline_runtime": 104568.122,
        "multi_cloud_plan": "aws",
        "percent_diff": 7.716498970390336,
        "profiling_cost": 451.8459817073506,
        "profiling_runtime": 131985.0091157169
    },
    "ship_mode": {
        "arachne": 213.2061504687021,
        "arachne_runtime": 20931.353189525806,
        "bq": 237.4097490310669,
        "bq_baseline_runtime": 106991.29199999996,
        "multi_cloud_plan": "aws",
        "percent_diff": 10.194862957880286,
        "profiling_cost": 459.16993123808874,
        "profiling_runtime": 134975.44517498795
    },
    "store": {
        "arachne": 136.7197608947754,
        "arachne_runtime": 60536.15700000001,
        "bq": 136.7197608947754,
        "bq_baseline_runtime": 60536.15700000001,
        "multi_cloud_plan": "gcp",
        "percent_diff": 0.0,
        "profiling_cost": 351.29077937370715,
        "profiling_runtime": 82592.02563271286
    },
    "store_returns": {
        "arachne": 185.66169261932373,
        "arachne_runtime": 87304.47600000004,
        "bq": 185.66169261932373,
        "bq_baseline_runtime": 87304.47600000004,
        "multi_cloud_plan": "gcp",
        "percent_diff": 0.0,
        "profiling_cost": 390.74065017829975,
        "profiling_runtime": 109840.77870326514
    },
    "store_sales": {
        "arachne": 21.086888313293457,
        "arachne_runtime": 13401.668,
        "bq": 21.086888313293457,
        "bq_baseline_runtime": 13401.668,
        "multi_cloud_plan": "gcp",
        "percent_diff": 0.0,
        "profiling_cost": 139.18015659386293,
        "profiling_runtime": 20944.30860931606
    },
    "time_dim": {
        "arachne": 213.1536478393156,
        "arachne_runtime": 20888.33106794735,
        "bq": 230.68166732788086,
        "bq_baseline_runtime": 102975.365,
        "multi_cloud_plan": "aws",
        "percent_diff": 7.598358244763205,
        "profiling_cost": 452.2370707642889,
        "profiling_runtime": 130790.92698092456
    },
    "warehouse": {
        "arachne": 212.89726652825513,
        "arachne_runtime": 20676.651745990996,
        "bq": 235.83679676055908,
        "bq_baseline_runtime": 103431.73099999999,
        "multi_cloud_plan": "aws",
        "percent_diff": 9.726866437892664,
        "profiling_cost": 457.2350975175795,
        "profiling_runtime": 131117.47160812077
    },
    "web_page": {
        "arachne": 213.09199650692824,
        "arachne_runtime": 20837.222209216707,
        "bq": 231.70127391815186,
        "bq_baseline_runtime": 105966.09000000001,
        "multi_cloud_plan": "aws",
        "percent_diff": 8.031581827986546,
        "profiling_cost": 453.3652818601822,
        "profiling_runtime": 133870.9385160423
    },
    "web_returns": {
        "arachne": 201.80835247039795,
        "arachne_runtime": 97414.90899999999,
        "bq": 201.80835247039795,
        "bq_baseline_runtime": 97414.90899999999,
        "multi_cloud_plan": "gcp",
        "percent_diff": 0.0,
        "profiling_cost": 416.70967056702136,
        "profiling_runtime": 122294.89754675329
    },
    "web_sales": {
        "arachne": 119.39703941345215,
        "arachne_runtime": 66566.27100000002,
        "bq": 119.39703941345215,