{
    "call_center": {
        "arachne": 185.66140094089792,
        "arachne_runtime": 20909.853046337754,
        "bq": 236.39038562774658,
        "bq_baseline_runtime": 105783.20400000004,
        "multi_cloud_plan": "aws",
        "percent_diff": 21.45983414348062,
        "profiling_cost": 430.698486675511,
        "profiling_runtime": 133822.27272389096
    },
    "catalog_page": {
        "arachne": 185.13602417079179,
        "arachne_runtime": 20476.74662608761,
        "bq": 221.7094898223877,
        "bq_baseline_runtime": 105810.44800000005,
        "multi_cloud_plan": "aws",
        "percent_diff": 16.496120973845123,
        "profiling_cost": 415.5236427726058,
        "profiling_runtime": 133442.32688074157
    },
    "catalog_returns": {
        "arachne": 175.90533764664053,
        "arachne_runtime": 19226.364220601172,
        "bq": 193.60082626342773,
        "bq_baseline_runtime": 91777.655,
        "multi_cloud_plan": "multi",
        "percent_diff": 9.140192714213626,
        "profiling_cost": 378.0240670869886,
        "profiling_runtime": 116159.0856469783
    },
    "catalog_sales": {
        "arachne": 95.73020923720375,
        "arachne_runtime": 21118.241971016672,
        "bq": 104.23612117767334,
        "bq_baseline_runtime": 57335.01900000001,
        "multi_cloud_plan": "multi",
        "percent_diff": 8.160234517908648,
        "profiling_cost": 232.43414956339703,
        "profiling_runtime": 72593.92022364042
    },
    "customer": {
        "arachne": 180.09905189219114,
        "arachne_runtime": 16447.724085682683,
        "bq": 185.87164402008057,
        "bq_baseline_runtime": 77589.22300000006,
        "multi_cloud_plan": "aws",
        "percent_diff": 3.1056873458685206,
        "profiling_cost": 371.729748089353,
        "profiling_runtime": 98784.9799105947
    },
    "customer_address": {
        "arachne": 183.33700523952916,
        "arachne_runtime": 19028.786238859553,
        "bq": 193.4046506881714,
        "bq_baseline_runtime": 80994.65000000001,
        "multi_cloud_plan": "aws",
        "percent_diff": 5.2054826049009595,
        "profiling_cost": 384.1644421081576,
        "profiling_runtime": 106143.39442206697
    },
    "customer_demographics": {
        "arachne": 183.6488133207419,
        "arachne_runtime": 19252.59073366286,
        "bq": 207.4698543548584,
        "bq_baseline_runtime": 91655.29499999998,
        "multi_cloud_plan": "aws",
        "percent_diff": 11.481687837584712,
        "profiling_cost": 398.8801725940102,
        "profiling_runtime": 117307.14871142019
    },
    "date_dim": {
        "arachne": 28.19988250732422,
        "arachne_runtime": 12509.484,
        "bq": 28.19988250732422,
        "bq_baseline_runtime": 12509.484,
        "multi_cloud_plan": "gcp",
        "percent_diff": 0.0,
        "profiling_cost": 203.14378358303094,
        "profiling_runtime": 24580.932669306007
    },
    "household_demographics": {
        "arachne": 184.46360005381618,
        "arachne_runtime": 19922.142934324365,
        "bq": 214.5507574081421,
        "bq_baseline_runtime": 93139.92099999999,
        "multi_cloud_plan": "aws",
        "percent_diff": 14.023328427170641,
        "profiling_cost": 407.18867894289974,
        "profiling_runtime": 119801.74092618276
    },
    "income_band": {
        "arachne": 185.2609347738377,
        "arachne_runtime": 20579.62180384822,
        "bq": 232.44556427001953,
        "bq_baseline_runtime": 106110.69599999997,
        "multi_cloud_plan": "aws",
        "percent_diff": 20.299216999198133,
        "profiling_cost": 426.3742306498047,
        "profiling_runtime": 133836.8763628425
    },
    "inventory": {
        "arachne": 185.40113757228193,
        "arachne_runtime": 20742.731747126352,
        "bq": 238.37518692016602,
        "bq_baseline_runtime": 104366.56000000004,
        "multi_cloud_plan": "aws",
        "percent_diff": 22.222971288377245,
        "profiling_cost": 432.3862982262195,
        "profiling_runtime": 132208.23497709347
    },
    "item": {
        "arachne": 93.05500507354736,
        "arachne_runtime": 48002.555000000015,
        "bq": 93.05500507354736,
        "bq_baseline_runtime": 48002.555000000015,
        "multi_cloud_plan": "gcp",
        "percent_diff": 0.0,
        "profiling_cost": 277.46159043223213,
        "profiling_runtime": 67877.73861856232
    },
    "promotion": {
        "arachne": 184.37477031047524,
        "arachne_runtime": 19848.8825146874,
        "bq": 215.28478145599365,
        "bq_baseline_runtime": 97716.66100000002,
        "multi_cloud_plan": "aws",
        "percent_diff": 14.357731622491265,
        "profiling_cost": 408.33768058597354,
        "profiling_runtime": 124720.67576934131
    },
    "reason": {
        "arachne": 185.44738894251665,
        "arachne_runtime": 20733.37475890541,
        "bq": 230.7737159729004,
        "bq_baseline_runtime": 104568.122,
        "multi_cloud_plan": "aws",
        "percent_diff": 19.64102663914567,
        "profiling_cost": 424.3273060939472,
        "profiling_runtime": 131985.00911571694
    },
    "ship_mode": {
        "arachne": 185.6874748687843,
        "arachne_runtime": 20931.353189525806,
        "bq": 237.4097490310669,
        "bq_baseline_runtime": 106991.29199999997,
        "multi_cloud_plan": "aws",
        "percent_diff": 21.786078445967412,
        "profiling_cost": 431.651255638171,
        "profiling_runtime": 134975.44517498795
    },
    "store": {
        "arachne": 136.7197608947754,
        "arachne_runtime": 60536.157,
        "bq": 136.7197608947754,
        "bq_baseline_runtime": 60536.157,
        "multi_cloud_plan": "gcp",
        "percent_diff": 0.0,
        "profiling_cost": 323.7721046618613,
        "profiling_runtime": 82592.02563271289
    },
    "store_returns": {
        "arachne": 169.025506038304,
        "arachne_runtime": 22779.799688234598,
        "bq": 185.66169261932373,
        "bq_baseline_runtime": 87304.47600000004,
        "multi_cloud_plan": "multi",
        "percent_diff": 8.960484172214333,
        "profiling_cost": 364.6970596192344,
        "profiling_runtime": 109840.77870326512
    },
    "store_sales": {
        "arachne": 21.086888313293457,
        "arachne_runtime": 13401.668000000001,
        "bq": 21.086888313293457,
        "bq_baseline_runtime": 13401.668000000001,
        "multi_cloud_plan": "gcp",
        "percent_diff": 0.0,
        "profiling_cost": 123.21568444414049,
        "profiling_runtime": 20944.308609316064
    },
    "time_dim": {
        "arachne": 185.63502059306984,
        "arachne_runtime": 20888.33106794735,
        "bq": 230.68166732788086,
        "bq_baseline_runtime": 102975.36499999999,
        "multi_cloud_plan": "aws",
        "percent_diff": 19.527623177260843,
        "profiling_cost": 424.7184435180431,
        "profiling_runtime": 130790.92698092455
    },
    "warehouse": {
        "arachne": 185.37859102150685,
        "arachne_runtime": 20676.651745990996,
        "bq": 235.83679676055908,
        "bq_baseline_runtime": 103431.73099999999,
        "multi_cloud_plan": "aws",
        "percent_diff": 21.395391402929185,
        "profiling_cost": 429.7164219476502,
        "profiling_runtime": 131117.47160812077
    },
    "web_page": {
        "arachne": 185.57332127030074,
        "arachne_runtime": 20837.222209216707,
        "bq": 231.70127391815186,
        "bq_baseline_runtime": 105966.09000000001,
        "multi_cloud_plan": "aws",
        "percent_diff": 19.90837247798031,
        "profiling_cost": 425.84660662355475,
        "profiling_runtime": 133870.93851604237
    },
    "web_returns": {
        "arachne": 180.84207430208843,
        "arachne_runtime": 19113.59691246986,
        "bq": 201.80835247039795,
        "bq_baseline_runtime": 97414.90899999999,
        "multi_cloud_plan": "aws",
        "percent_diff": 10.389202385161402,
        "profiling_cost": 389.6440405255114,