{
    "call_center": {
        "arachne": 178.7817320824741,
        "arachne_runtime": 20909.853046337754,
        "bq": 236.39038562774658,
        "bq_baseline_runtime": 105783.20400000001,
        "multi_cloud_plan": "aws",
        "percent_diff": 24.37013391737139,
        "profiling_cost": 423.81881781708717,
        "profiling_runtime": 133822.27272389096
    },
    "catalog_page": {
        "arachne": 178.25636191454166,
        "arachne_runtime": 20476.74662608761,
        "bq": 221.7094898223877,
        "bq_baseline_runtime": 105810.44799999999,
        "multi_cloud_plan": "aws",
        "percent_diff": 19.5991285454928,
        "profiling_cost": 408.64398051635567,
        "profiling_runtime": 133442.32688074154
    },
    "catalog_returns": {
        "arachne": 169.37259939695682,
        "arachne_runtime": 19226.364220601175,
        "bq": 193.60082626342773,
        "bq_baseline_runtime": 91777.655,
        "multi_cloud_plan": "multi",
        "percent_diff": 12.514526582393911,
        "profiling_cost": 371.3780607723831,
        "profiling_runtime": 116159.08564697833
    },
    "catalog_sales": {
        "arachne": 92.83064035351092,
        "arachne_runtime": 21118.241971016672,
        "bq": 104.23612117767334,
        "bq_baseline_runtime": 57335.01900000001,
        "multi_cloud_plan": "multi",
        "percent_diff": 10.941965889848749,
        "profiling_cost": 227.725388044995,
        "profiling_runtime": 72593.92022364042
    },
    "customer": {
        "arachne": 173.22586707611754,
        "arachne_runtime": 16447.724085682683,
        "bq": 185.87164402008057,
        "bq_baseline_runtime": 77589.223,
        "multi_cloud_plan": "aws",
        "percent_diff": 6.803499807962557,
        "profiling_cost": 364.856563267142,
        "profiling_runtime": 98784.97991059466
    },
    "customer_address": {
        "arachne": 176.45919082930277,
        "arachne_runtime": 19028.786238859553,
        "bq": 193.4046506881714,
        "bq_baseline_runtime": 80994.65,
        "multi_cloud_plan": "aws",
        "percent_diff": 8.761661003793535,
        "profiling_cost": 377.28662769179374,
        "profiling_runtime": 106143.39442206697
    },
    "customer_demographics": {
        "arachne": 176.7692660930836,
        "arachne_runtime": 19252.59073366286,
        "bq": 207.4698543548584,
        "bq_baseline_runtime": 91655.29500000003,
        "multi_cloud_plan": "aws",
        "percent_diff": 14.797614023126576,
        "profiling_cost": 392.0006253602146,
        "profiling_runtime": 117307.14871142023
    },
    "date_dim": {
        "arachne": 28.19988250732422,
        "arachne_runtime": 12509.484,
        "bq": 28.19988250732422,
        "bq_baseline_runtime": 12509.484,
        "multi_cloud_plan": "gcp",
        "percent_diff": 0.0,
        "profiling_cost": 196.2641346196131,
        "profiling_runtime": 24580.932669306003
    },
    "household_demographics": {
        "arachne": 177.58393149547382,
        "arachne_runtime": 19922.142934324365,
        "bq": 214.5507574081421,
        "bq_baseline_runtime": 93139.921,
        "multi_cloud_plan": "aws",
        "percent_diff": 17.229874347330266,
        "profiling_cost": 400.30901037842006,
        "profiling_runtime": 119801.74092618274
    },
    "income_band": {
        "arachne": 178.38126586420046,
        "arachne_runtime": 20579.62180384822,
        "bq": 232.44556427001953,
        "bq_baseline_runtime": 106110.696,
        "multi_cloud_plan": "aws",
        "percent_diff": 23.25890733841472,
        "profiling_cost": 419.49456174016734,
        "profiling_runtime": 133836.87636284254
    },
    "inventory": {
        "arachne": 178.5239388035489,
        "arachne_runtime": 20742.731747126352,
        "bq": 238.37518692016602,
        "bq_baseline_runtime": 104366.56,
        "multi_cloud_plan": "aws",
        "percent_diff": 25.108002594524166,
        "profiling_cost": 425.50909945748634,
        "profiling_runtime": 132208.23497709347
    },
    "item": {
        "arachne": 93.05500507354736,
        "arachne_runtime": 48002.55500000001,
        "bq": 93.05500507354736,
        "bq_baseline_runtime": 48002.55500000001,
        "multi_cloud_plan": "gcp",
        "percent_diff": 0.0,
        "profiling_cost": 270.58197615814015,
        "profiling_runtime": 67877.7386185623
    },
    "promotion": {
        "arachne": 177.4951016549773,
        "arachne_runtime": 19848.8825146874,
        "bq": 215.28478145599365,
        "bq_baseline_runtime": 97716.66099999996,
        "multi_cloud_plan": "aws",
        "percent_diff": 17.553344711800232,
        "profiling_cost": 401.4580119304756,
        "profiling_runtime": 124720.6757693413
    },
    "reason": {
        "arachne": 178.56772003916583,
        "arachne_runtime": 20733.37475890541,
        "bq": 230.7737159729004,
        "bq_baseline_runtime": 104568.12200000003,
        "multi_cloud_plan": "aws",
        "percent_diff": 22.622158556334497,
        "profiling_cost": 417.44763719059637,
        "profiling_runtime": 131985.00911571694
    },
    "ship_mode": {
        "arachne": 178.8078059688049,
        "arachne_runtime": 20931.353189525806,
        "bq": 237.4097490310669,
        "bq_baseline_runtime": 106991.292,
        "multi_cloud_plan": "aws",
        "percent_diff": 24.683882317989173,
        "profiling_cost": 424.7715867381916,
        "profiling_runtime": 134975.445174988
    },
    "store": {
        "arachne": 136.7197608947754,
        "arachne_runtime": 60536.15700000002,
        "bq": 136.7197608947754,
        "bq_baseline_runtime": 60536.15700000002,
        "multi_cloud_plan": "gcp",
        "percent_diff": 0.0,
        "profiling_cost": 316.89243598389993,
        "profiling_runtime": 82592.0256327129
    },
    "store_returns": {
        "arachne": 162.861539070766,
        "arachne_runtime": 22779.799688234598,
        "bq": 185.66169261932373,
        "bq_baseline_runtime": 87304.47599999998,
        "multi_cloud_plan": "multi",
        "percent_diff": 12.280483511106732,
        "profiling_cost": 358.1861619794682,
        "profiling_runtime": 109840.77870326507
    },
    "store_sales": {
        "arachne": 21.086888313293457,
        "arachne_runtime": 13401.667999999996,
        "bq": 21.086888313293457,
        "bq_baseline_runtime": 13401.667999999996,
        "multi_cloud_plan": "gcp",
        "percent_diff": 0.0,
        "profiling_cost": 119.22456640670994,
        "profiling_runtime": 20944.30860931606
    },
    "time_dim": {
        "arachne": 178.7553637815084,
        "arachne_runtime": 20888.33106794735,
        "bq": 230.68166732788086,
        "bq_baseline_runtime": 102975.36499999996,
        "multi_cloud_plan": "aws",
        "percent_diff": 22.50993941038525,
        "profiling_cost": 417.8387867064816,
        "profiling_runtime": 130790.92698092453
    },
    "warehouse": {
        "arachne": 178.4989221448198,
        "arachne_runtime": 20676.651745990996,
        "bq": 235.83679676055908,
        "bq_baseline_runtime": 103431.731,
        "multi_cloud_plan": "aws",
        "percent_diff": 24.312522644188306,
        "profiling_cost": 422.83675305516806,
        "profiling_runtime": 131117.47160812077
    },
    "web_page": {
        "arachne": 178.6936524611439,
        "arachne_runtime": 20837.222209216707,
        "bq": 231.70127391815186,
        "bq_baseline_runtime": 105966.09000000003,
        "multi_cloud_plan": "aws",
        "percent_diff": 22.87757014047874,
        "profiling_cost": 418.96693781439785,
        "profiling_runtime": 133870.93851604237
    },
    "web_returns": {
        "arachne": 174.0756734512355,
        "arachne_runtime": 19113.59691246986,
        "bq": 201.80835247039795,
        "bq_baseline_runtime": 97414.909,
        "multi_cloud_plan": "aws",
        "percent_diff": 13.742086826277614,
        "profiling_cost": 382.87763301513405,
        "profiling_runtime": 122294.8975467533
    },