{
    "call_center": {
        "arachne": 236.39038562774658,
        "arachne_runtime": 105783.20400000003,
        "bq": 236.39038562774658,
        "bq_baseline_runtime": 105783.20400000003,
        "multi_cloud_plan": "gcp",
        "percent_diff": 0.0,
        "profiling_cost": 767.8022607382788,
        "profiling_runtime": 133822.27272389096
    },
    "catalog_page": {
        "arachne": 221.7094898223877,
        "arachne_runtime": 105810.44800000003,
        "bq": 221.7094898223877,
        "bq_baseline_runtime": 105810.44800000003,
        "multi_cloud_plan": "gcp",
        "percent_diff": 0.0,
        "profiling_cost": 752.6270933288636,
        "profiling_runtime": 133442.32688074157
    },
    "catalog_returns": {
        "arachne": 193.60082626342773,
        "arachne_runtime": 91777.65500000003,
        "bq": 193.60082626342773,
        "bq_baseline_runtime": 91777.65500000003,
        "multi_cloud_plan": "gcp",
        "percent_diff": 0.0,
        "profiling_cost": 703.6783765026568,
        "profiling_runtime": 116159.08564697835
    },
    "catalog_sales": {
        "arachne": 104.23612117767334,
        "arachne_runtime": 57335.01900000002,
        "bq": 104.23612117767334,
        "bq_baseline_runtime": 57335.01900000002,
        "multi_cloud_plan": "gcp",
        "percent_diff": 0.0,
        "profiling_cost": 463.1634639650962,
        "profiling_runtime": 72593.92022364045
    },
    "customer": {
        "arachne": 185.87164402008057,
        "arachne_runtime": 77589.223,
        "bq": 185.87164402008057,
        "bq_baseline_runtime": 77589.223,
        "multi_cloud_plan": "gcp",
        "percent_diff": 0.0,
        "profiling_cost": 708.5158043776943,
        "profiling_runtime": 98784.97991059467
    },
    "customer_address": {
        "arachne": 193.4046506881714,
        "arachne_runtime": 80994.65000000001,
        "bq": 193.4046506881714,
        "bq_baseline_runtime": 80994.65000000001,
        "multi_cloud_plan": "gcp",
        "percent_diff": 0.0,
        "profiling_cost": 721.1773485099856,
        "profiling_runtime": 106143.39442206695
    },
    "customer_demographics": {
        "arachne": 207.4698543548584,
        "arachne_runtime": 91655.295,
        "bq": 207.4698543548584,
        "bq_baseline_runtime": 91655.295,
        "multi_cloud_plan": "gcp",
        "percent_diff": 0.0,
        "profiling_cost": 735.9779870500021,
        "profiling_runtime": 117307.1487114202
    },
    "date_dim": {
        "arachne": 28.19988250732422,
        "arachne_runtime": 12509.484,
        "bq": 28.19988250732422,
        "bq_baseline_runtime": 12509.484,
        "multi_cloud_plan": "gcp",
        "percent_diff": 0.0,
        "profiling_cost": 540.246582790506,
        "profiling_runtime": 24580.932669306007
    },
    "household_demographics": {
        "arachne": 214.5507574081421,
        "arachne_runtime": 93139.92100000002,
        "bq": 214.5507574081421,
        "bq_baseline_runtime": 93139.92100000002,
        "multi_cloud_plan": "gcp",
        "percent_diff": 0.0,
        "profiling_cost": 744.29243860241,
        "profiling_runtime": 119801.74092618274
    },
    "income_band": {
        "arachne": 232.44556427001953,
        "arachne_runtime": 106110.69600000001,
        "bq": 232.44556427001953,
        "bq_baseline_runtime": 106110.69600000001,
        "multi_cloud_plan": "gcp",
        "percent_diff": 0.0,
        "profiling_cost": 763.4780072220303,
        "profiling_runtime": 133836.8763628425
    },
    "inventory": {
        "arachne": 238.37518692016602,
        "arachne_runtime": 104366.56000000001,
        "bq": 238.37518692016602,
        "bq_baseline_runtime": 104366.56000000001,
        "multi_cloud_plan": "gcp",
        "percent_diff": 0.0,
        "profiling_cost": 769.3690378941401,
        "profiling_runtime": 132208.23497709347
    },
    "item": {
        "arachne": 93.05500507354736,
        "arachne_runtime": 48002.555,
        "bq": 93.05500507354736,
        "bq_baseline_runtime": 48002.555,
        "multi_cloud_plan": "gcp",
        "percent_diff": 0.0,
        "profiling_cost": 614.562689862741,
        "profiling_runtime": 67877.73861856232
    },
    "promotion": {
        "arachne": 215.28478145599365,
        "arachne_runtime": 97716.661,
        "bq": 215.28478145599365,
        "bq_baseline_runtime": 97716.661,
        "multi_cloud_plan": "gcp",
        "percent_diff": 0.0,
        "profiling_cost": 745.4414447053733,
        "profiling_runtime": 124720.6757693413
    },
    "reason": {
        "arachne": 230.7737159729004,
        "arachne_runtime": 104568.12199999999,
        "bq": 230.7737159729004,
        "bq_baseline_runtime": 104568.12199999999,
        "multi_cloud_plan": "gcp",
        "percent_diff": 0.0,
        "profiling_cost": 761.4310823581382,
        "profiling_runtime": 131985.00911571697
    },
    "ship_mode": {
        "arachne": 237.4097490310669,
        "arachne_runtime": 106991.29199999999,
        "bq": 237.4097490310669,
        "bq_baseline_runtime": 106991.29199999999,
        "multi_cloud_plan": "gcp",
        "percent_diff": 0.0,
        "profiling_cost": 768.7550317371637,
        "profiling_runtime": 134975.44517498798
    },
    "store": {
        "arachne": 136.7197608947754,
        "arachne_runtime": 60536.157000000014,
        "bq": 136.7197608947754,
        "bq_baseline_runtime": 60536.157000000014,
        "multi_cloud_plan": "gcp",
        "percent_diff": 0.0,
        "profiling_cost": 660.8758698819727,
        "profiling_runtime": 82592.02563271289
    },
    "store_returns": {
        "arachne": 185.66169261932373,
        "arachne_runtime": 87304.47600000001,
        "bq": 185.66169261932373,
        "bq_baseline_runtime": 87304.47600000001,
        "multi_cloud_plan": "gcp",
        "percent_diff": 0.0,
        "profiling_cost": 683.731043967785,
        "profiling_runtime": 109840.7787032651
    },
    "store_sales": {
        "arachne": 21.086888313293457,
        "arachne_runtime": 13401.667999999994,
        "bq": 21.086888313293457,
        "bq_baseline_runtime": 13401.667999999994,
        "multi_cloud_plan": "gcp",
        "percent_diff": 0.0,
        "profiling_cost": 318.78046827823846,
        "profiling_runtime": 20944.308609316056
    },
    "time_dim": {
        "arachne": 230.68166732788086,
        "arachne_runtime": 102975.36500000002,
        "bq": 230.68166732788086,
        "bq_baseline_runtime": 102975.36500000002,
        "multi_cloud_plan": "gcp",
        "percent_diff": 0.0,
        "profiling_cost": 761.8216272845534,
        "profiling_runtime": 130790.9269809246
    },
    "warehouse": {
        "arachne": 235.83679676055908,
        "arachne_runtime": 103431.73099999996,
        "bq": 235.83679676055908,
        "bq_baseline_runtime": 103431.73099999996,
        "multi_cloud_plan": "gcp",
        "percent_diff": 0.0,
        "profiling_cost": 766.8201976792831,
        "profiling_runtime": 131117.47160812074
    },
    "web_page": {
        "arachne": 231.70127391815186,
        "arachne_runtime": 105966.08999999998,
        "bq": 231.70127391815186,
        "bq_baseline_runtime": 105966.08999999998,
        "multi_cloud_plan": "gcp",
        "percent_diff": 0.0,
        "profiling_cost": 762.9503782722411,
        "profiling_runtime": 133870.93851604234
    },
    "web_returns": {
        "arachne": 201.80835247039795,
        "arachne_runtime": 97414.90900000001,
        "bq": 201.80835247039795,
        "bq_baseline_runtime": 97414.90900000001,
        "multi_cloud_plan": "gcp",
        "percent_diff": 0.0,
        "profiling_cost": 721.1980085340075,
        "profiling_runtime": 122294.89754675332
    },
    "web_sales": {
        "arachne": 119.39703941345215,
        "arachne_runtime": 66566.271,
        "bq": 119.39703941345215,
        "bq_baseline_runtime": 66566.271,
        "multi_cloud_plan": "gcp",
        "percent_diff": 0.0,
        "profiling_cost": 558.9687639790009,