{
    "call_center": {
        "arachne": 158.1427255072026,
        "arachne_runtime": 20909.853046337754,
        "bq": 236.39038562774658,
        "bq_baseline_runtime": 105783.20400000001,
        "multi_cloud_plan": "aws",
        "percent_diff": 33.1010332390437,
        "profiling_cost": 403.1798112418158,
        "profiling_runtime": 133822.27272389096
    },
    "catalog_page": {
        "arachne": 157.61737514579116,
        "arachne_runtime": 20476.74662608761,
        "bq": 221.7094898223877,
        "bq_baseline_runtime": 105810.448,
        "multi_cloud_plan": "aws",
        "percent_diff": 28.908151260435883,
        "profiling_cost": 388.0049937476051,
        "profiling_runtime": 133442.32688074157
    },
    "catalog_returns": {
        "arachne": 149.77438464790555,
        "arachne_runtime": 19226.364220601175,
        "bq": 193.60082626342773,
        "bq_baseline_runtime": 91777.655,
        "multi_cloud_plan": "multi",
        "percent_diff": 22.637528186934833,
        "profiling_cost": 351.4400418285666,
        "profiling_runtime": 116159.08564697832
    },
    "catalog_sales": {
        "arachne": 84.13193370243238,
        "arachne_runtime": 21118.241971016672,
        "bq": 104.23612117767334,
        "bq_baseline_runtime": 57335.01900000001,
        "multi_cloud_plan": "multi",
        "percent_diff": 19.287160005669072,
        "profiling_cost": 213.59910348978892,
        "profiling_runtime": 72593.92022364042
    },
    "customer": {
        "arachne": 152.60631262789667,
        "arachne_runtime": 16447.724085682683,
        "bq": 185.87164402008057,
        "bq_baseline_runtime": 77589.22300000001,
        "multi_cloud_plan": "aws",
        "percent_diff": 17.896937194244696,
        "profiling_cost": 344.23700880050893,
        "profiling_runtime": 98784.97991059463
    },
    "customer_address": {
        "arachne": 155.8257475986235,
        "arachne_runtime": 19028.786238859553,
        "bq": 193.4046506881714,
        "bq_baseline_runtime": 80994.65000000001,
        "multi_cloud_plan": "aws",
        "percent_diff": 19.430196200471308,
        "profiling_cost": 356.6531844427022,
        "profiling_runtime": 106143.39442206694
    },
    "customer_demographics": {
        "arachne": 156.1306244101086,
        "arachne_runtime": 19252.59073366286,
        "bq": 207.4698543548584,
        "bq_baseline_runtime": 91655.29499999997,
        "multi_cloud_plan": "aws",
        "percent_diff": 24.745392579752192,
        "profiling_cost": 371.36198365882734,
        "profiling_runtime": 117307.14871142017
    },
    "date_dim": {
        "arachne": 28.19988250732422,
        "arachne_runtime": 12509.484000000002,
        "bq": 28.19988250732422,
        "bq_baseline_runtime": 12509.484000000002,
        "multi_cloud_plan": "gcp",
        "percent_diff": 0.0,
        "profiling_cost": 175.6251877293595,
        "profiling_runtime": 24580.932669306007
    },
    "household_demographics": {
        "arachne": 156.94492582044668,
        "arachne_runtime": 19922.142934324365,
        "bq": 214.5507574081421,
        "bq_baseline_runtime": 93139.921,
        "multi_cloud_plan": "aws",
        "percent_diff": 26.849512107809176,
        "profiling_cost": 379.6700046849807,
        "profiling_runtime": 119801.74092618277
    },
    "income_band": {
        "arachne": 157.7422591352887,
        "arachne_runtime": 20579.62180384822,
        "bq": 232.44556427001953,
        "bq_baseline_runtime": 106110.69600000001,
        "multi_cloud_plan": "aws",
        "percent_diff": 32.13797835606449,
        "profiling_cost": 398.8555550112558,
        "profiling_runtime": 133836.8763628425
    },
    "inventory": {
        "arachne": 157.8923424973497,
        "arachne_runtime": 20742.731747126352,
        "bq": 238.37518692016602,
        "bq_baseline_runtime": 104366.56000000001,
        "multi_cloud_plan": "aws",
        "percent_diff": 33.76309651296498,
        "profiling_cost": 404.87750315128727,
        "profiling_runtime": 132208.23497709347
    },
    "item": {
        "arachne": 93.05500507354736,
        "arachne_runtime": 48002.555,
        "bq": 93.05500507354736,
        "bq_baseline_runtime": 48002.555,
        "multi_cloud_plan": "gcp",
        "percent_diff": 0.0,
        "profiling_cost": 249.9431333358641,
        "profiling_runtime": 67877.73861856232
    },
    "promotion": {
        "arachne": 156.85609568848344,
        "arachne_runtime": 19848.8825146874,
        "bq": 215.28478145599365,
        "bq_baseline_runtime": 97716.661,
        "multi_cloud_plan": "aws",
        "percent_diff": 27.140183979727162,
        "profiling_cost": 380.8190059639818,
        "profiling_runtime": 124720.67576934134
    },
    "reason": {
        "arachne": 157.92871332911335,
        "arachne_runtime": 20733.37475890541,
        "bq": 230.7737159729004,
        "bq_baseline_runtime": 104568.12200000006,
        "multi_cloud_plan": "aws",
        "percent_diff": 31.565554307900985,
        "profiling_cost": 396.8086304805439,
        "profiling_runtime": 131985.009115717
    },
    "ship_mode": {
        "arachne": 158.16879926886656,
        "arachne_runtime": 20931.353189525806,
        "bq": 237.4097490310669,
        "bq_baseline_runtime": 106991.29199999994,
        "multi_cloud_plan": "aws",
        "percent_diff": 33.377293934054514,
        "profiling_cost": 404.1325800382532,
        "profiling_runtime": 134975.44517498795
    },
    "store": {
        "arachne": 136.7197608947754,
        "arachne_runtime": 60536.15700000002,
        "bq": 136.7197608947754,
        "bq_baseline_runtime": 60536.15700000002,
        "multi_cloud_plan": "gcp",
        "percent_diff": 0.0,
        "profiling_cost": 296.25342995001546,
        "profiling_runtime": 82592.02563271289
    },
    "store_returns": {
        "arachne": 144.36963816815205,
        "arachne_runtime": 22779.799688234598,
        "bq": 185.66169261932373,
        "bq_baseline_runtime": 87304.47600000002,
        "multi_cloud_plan": "multi",
        "percent_diff": 22.240481527783935,
        "profiling_cost": 338.6534690601691,
        "profiling_runtime": 109840.7787032651
    },
    "store_sales": {
        "arachne": 21.086888313293457,
        "arachne_runtime": 13401.668000000003,
        "bq": 21.086888313293457,
        "bq_baseline_runtime": 13401.668000000003,
        "multi_cloud_plan": "gcp",
        "percent_diff": 0.0,
        "profiling_cost": 107.25121229441822,
        "profiling_runtime": 20944.308609316067
    },
    "time_dim": {
        "arachne": 158.1163933468241,
        "arachne_runtime": 20888.33106794735,
        "bq": 230.68166732788086,
        "bq_baseline_runtime": 102975.36500000002,
        "multi_cloud_plan": "aws",
        "percent_diff": 31.456888109758474,
        "profiling_cost": 397.19981627179726,
        "profiling_runtime": 130790.92698092459
    },
    "warehouse": {
        "arachne": 157.8599155147586,
        "arachne_runtime": 20676.651745990996,
        "bq": 235.83679676055908,
        "bq_baseline_runtime": 103431.73100000003,
        "multi_cloud_plan": "aws",
        "percent_diff": 33.063916367965696,
        "profiling_cost": 402.19774637772116,
        "profiling_runtime": 131117.4716081208
    },
    "web_page": {
        "arachne": 158.0546460336733,
        "arachne_runtime": 20837.222209216707,
        "bq": 231.70127391815186,
        "bq_baseline_runtime": 105966.08999999997,
        "multi_cloud_plan": "aws",
        "percent_diff": 31.78516312797405,
        "profiling_cost": 398.32793138692716,
        "profiling_runtime": 133870.9385160423
    },
    "web_returns": {
        "arachne": 153.77647089867665,
        "arachne_runtime": 19113.59691246986,
        "bq": 201.80835247039795,
        "bq_baseline_runtime": 97414.90899999999,
        "multi_cloud_plan": "aws",
        "percent_diff": 23.800740149626268,
        "profiling_cost": 362.57841048400155,