{
    "call_center": {
        "arachne": 70.91711568832397,
        "arachne_runtime": 105783.20400000003,
        "bq": 70.91711568832397,
        "bq_baseline_runtime": 105783.20400000003,
        "multi_cloud_plan": "gcp",
        "percent_diff": 0.0,
        "profiling_cost": 186.10902486421455,
        "profiling_runtime": 133822.27272389096
    },
    "catalog_page": {
        "arachne": 66.51284694671631,
        "arachne_runtime": 105810.44799999999,
        "bq": 66.51284694671631,
        "bq_baseline_runtime": 105810.44799999999,
        "multi_cloud_plan": "gcp",
        "percent_diff": 0.0,
        "profiling_cost": 181.21088395005765,
        "profiling_runtime": 133442.32688074152
    },
    "catalog_returns": {
        "arachne": 58.08024787902832,
        "arachne_runtime": 91777.65500000001,
        "bq": 58.08024787902832,
        "bq_baseline_runtime": 91777.65500000001,
        "multi_cloud_plan": "gcp",
        "percent_diff": 0.0,
        "profiling_cost": 166.07441608462622,
        "profiling_runtime": 116159.08564697832
    },
    "catalog_sales": {
        "arachne": 31.270836353302002,
        "arachne_runtime": 57335.019,
        "bq": 31.270836353302002,
        "bq_baseline_runtime": 57335.019,
        "multi_cloud_plan": "gcp",
        "percent_diff": 0.0,
        "profiling_cost": 105.31810727740225,
        "profiling_runtime": 72593.92022364042
    },
    "customer": {
        "arachne": 55.76149320602417,
        "arachne_runtime": 77589.22300000001,
        "bq": 55.76149320602417,
        "bq_baseline_runtime": 77589.22300000001,
        "multi_cloud_plan": "gcp",
        "percent_diff": 0.0,
        "profiling_cost": 162.57797181986987,
        "profiling_runtime": 98784.97991059464
    },
    "customer_address": {
        "arachne": 58.021395206451416,
        "arachne_runtime": 80994.65000000002,
        "bq": 58.021395206451416,
        "bq_baseline_runtime": 80994.65000000002,
        "multi_cloud_plan": "gcp",
        "percent_diff": 0.0,
        "profiling_cost": 169.68632083825366,
        "profiling_runtime": 106143.39442206698
    },
    "customer_demographics": {
        "arachne": 62.24095630645752,
        "arachne_runtime": 91655.295,
        "bq": 62.24095630645752,
        "bq_baseline_runtime": 91655.295,
        "multi_cloud_plan": "gcp",
        "percent_diff": 0.0,
        "profiling_cost": 174.53648135695852,
        "profiling_runtime": 117307.1487114202
    },
    "date_dim": {
        "arachne": 8.459964752197266,
        "arachne_runtime": 12509.484,
        "bq": 8.459964752197266,
        "bq_baseline_runtime": 12509.484,
        "multi_cloud_plan": "gcp",
        "percent_diff": 0.0,
        "profiling_cost": 104.28790274859848,
        "profiling_runtime": 24580.932669306003
    },
    "household_demographics": {
        "arachne": 64.36522722244263,
        "arachne_runtime": 93139.92100000003,
        "bq": 64.36522722244263,
        "bq_baseline_runtime": 93139.92100000003,
        "multi_cloud_plan": "gcp",
        "percent_diff": 0.0,
        "profiling_cost": 177.8869602656829,
        "profiling_runtime": 119801.74092618276
    },
    "income_band": {
        "arachne": 69.73366928100586,
        "arachne_runtime": 106110.69600000004,
        "bq": 69.73366928100586,
        "bq_baseline_runtime": 106110.69600000004,
        "multi_cloud_plan": "gcp",
        "percent_diff": 0.0,
        "profiling_cost": 184.54614319996264,
        "profiling_runtime": 133836.87636284257
    },
    "inventory": {
        "arachne": 71.5125560760498,
        "arachne_runtime": 104366.56,
        "bq": 71.5125560760498,
        "bq_baseline_runtime": 104366.56,
        "multi_cloud_plan": "gcp",
        "percent_diff": 0.0,
        "profiling_cost": 186.43588154167324,
        "profiling_runtime": 132208.23497709347
    },
    "item": {
        "arachne": 27.91650152206421,
        "arachne_runtime": 48002.555,
        "bq": 27.91650152206421,
        "bq_baseline_runtime": 48002.555,
        "multi_cloud_plan": "gcp",
        "percent_diff": 0.0,
        "profiling_cost": 133.20752272869072,
        "profiling_runtime": 67877.73861856232
    },
    "promotion": {
        "arachne": 64.5854344367981,
        "arachne_runtime": 97716.66099999996,
        "bq": 64.5854344367981,
        "bq_baseline_runtime": 97716.66099999996,
        "multi_cloud_plan": "gcp",
        "percent_diff": 0.0,
        "profiling_cost": 178.5221440285517,
        "profiling_runtime": 124720.6757693413
    },
    "reason": {
        "arachne": 69.23211479187012,
        "arachne_runtime": 104568.12199999999,
        "bq": 69.23211479187012,
        "bq_baseline_runtime": 104568.12199999999,
        "multi_cloud_plan": "gcp",
        "percent_diff": 0.0,
        "profiling_cost": 183.66951252438253,
        "profiling_runtime": 131985.0091157169
    },
    "ship_mode": {
        "arachne": 71.22292470932007,
        "arachne_runtime": 106991.292,
        "bq": 71.22292470932007,
        "bq_baseline_runtime": 106991.292,
        "multi_cloud_plan": "gcp",
        "percent_diff": 0.0,
        "profiling_cost": 186.34823896666066,
        "profiling_runtime": 134975.445174988
    },
    "store": {
        "arachne": 41.01592826843262,
        "arachne_runtime": 60536.15700000001,
        "bq": 41.01592826843262,
        "bq_baseline_runtime": 60536.15700000001,
        "multi_cloud_plan": "gcp",
        "percent_diff": 0.0,
        "profiling_cost": 148.952082238962,
        "profiling_runtime": 82592.02563271289
    },
    "store_returns": {
        "arachne": 55.69850778579712,
        "arachne_runtime": 87304.476,
        "bq": 55.69850778579712,
        "bq_baseline_runtime": 87304.476,
        "multi_cloud_plan": "gcp",
        "percent_diff": 0.0,
        "profiling_cost": 159.85855192839503,
        "profiling_runtime": 109840.7787032651
    },
    "store_sales": {
        "arachne": 6.326066493988037,
        "arachne_runtime": 13401.668000000001,
        "bq": 6.326066493988037,
        "bq_baseline_runtime": 13401.668000000001,
        "multi_cloud_plan": "gcp",
        "percent_diff": 0.0,
        "profiling_cost": 62.557005194383606,
        "profiling_runtime": 20944.30860931606
    },
    "time_dim": {
        "arachne": 69.20450019836426,
        "arachne_runtime": 102975.36500000002,
        "bq": 69.20450019836426,
        "bq_baseline_runtime": 102975.36500000002,
        "multi_cloud_plan": "gcp",
        "percent_diff": 0.0,
        "profiling_cost": 184.12522305557013,
        "profiling_runtime": 130790.92698092456
    },
    "warehouse": {
        "arachne": 70.75103902816772,
        "arachne_runtime": 103431.73099999999,
        "bq": 70.75103902816772,
        "bq_baseline_runtime": 103431.73099999999,
        "multi_cloud_plan": "gcp",
        "percent_diff": 0.0,
        "profiling_cost": 185.5144719517128,
        "profiling_runtime": 131117.47160812077
    },
    "web_page": {
        "arachne": 69.51038217544556,
        "arachne_runtime": 105966.09000000001,
        "bq": 69.51038217544556,
        "bq_baseline_runtime": 105966.09000000001,
        "multi_cloud_plan": "gcp",
        "percent_diff": 0.0,
        "profiling_cost": 184.53952357554462,
        "profiling_runtime": 133870.93851604234
    },
    "web_returns": {
        "arachne": 60.542505741119385,
        "arachne_runtime": 97414.909,
        "bq": 60.542505741119385,
        "bq_baseline_runtime": 97414.909,
        "multi_cloud_plan": "gcp",
        "percent_diff": 0.0,
        "profiling_cost": 170.56450742689216,
        "profiling_runtime": 122294.8975467533
    },
    "web_sales": {
        "arachne": 35.819111824035645,
        "arachne_runtime": 66566.271,
        "bq": 35.819111824035645,
        "bq_baseline_runtime": 66566.271,
        "multi_cloud_plan": "gcp",
        "percent_diff": 0.0,
        "profiling_cost": 125.32703727873293,
        "profiling_runtime": 84079.96037001329
    },