{
    "call_center": {
        "arachne": 106.54525198436815,
        "arachne_runtime": 20909.853046337754,
        "bq": 449.1417326927185,
        "bq_baseline_runtime": 105783.20399999997,
        "multi_cloud_plan": "aws",
        "percent_diff": 76.27803336251958,
        "profiling_cost": 564.3336418686091,
        "profiling_runtime": 133822.2727238909
    },
    "catalog_page": {
        "arachne": 106.01995113925918,
        "arachne_runtime": 20476.74662608761,
        "bq": 421.2480306625366,
        "bq_baseline_runtime": 105810.448,
        "multi_cloud_plan": "aws",
        "percent_diff": 74.83194141643544,
        "profiling_cost": 535.946067665878,
        "profiling_runtime": 133442.32688074154
    },
    "catalog_returns": {
        "arachne": 100.81923184023368,
        "arachne_runtime": 18464.89272406153,
        "bq": 367.8415699005127,
        "bq_baseline_runtime": 91777.65500000001,
        "multi_cloud_plan": "aws",
        "percent_diff": 72.59166986822575,
        "profiling_cost": 475.83573810611045,
        "profiling_runtime": 116159.08564697833
    },
    "catalog_sales": {
        "arachne": 67.41047519285162,
        "arachne_runtime": 11797.687121328838,
        "bq": 198.04863023757935,
        "bq_baseline_runtime": 57335.019,
        "multi_cloud_plan": "multi",
        "percent_diff": 65.96266527469243,
        "profiling_cost": 272.09590116167965,
        "profiling_runtime": 72593.92022364042
    },
    "customer": {
        "arachne": 101.05746942268871,
        "arachne_runtime": 16447.724085682683,
        "bq": 353.1561236381531,
        "bq_baseline_runtime": 77589.22300000001,
        "multi_cloud_plan": "aws",
        "percent_diff": 71.38447766907954,
        "profiling_cost": 459.9726022519986,
        "profiling_runtime": 98784.97991059464
    },
    "customer_address": {
        "arachne": 104.24218243726959,
        "arachne_runtime": 19028.786238859553,
        "bq": 367.46883630752563,
        "bq_baseline_runtime": 80994.64999999998,
        "multi_cloud_plan": "aws",
        "percent_diff": 71.6323747382943,
        "profiling_cost": 479.1337619393276,
        "profiling_runtime": 106143.39442206695
    },
    "customer_demographics": {
        "arachne": 104.53406311801535,
        "arachne_runtime": 19252.59073366286,
        "bq": 394.19272327423096,
        "bq_baseline_runtime": 91655.295,
        "multi_cloud_plan": "aws",
        "percent_diff": 73.48148330853552,
        "profiling_cost": 506.48824832473167,
        "profiling_runtime": 117307.1487114202
    },
    "date_dim": {
        "arachne": 46.50127317987035,
        "arachne_runtime": 6317.313656899411,
        "bq": 53.579776763916016,
        "bq_baseline_runtime": 12509.484000000002,
        "multi_cloud_plan": "multi",
        "percent_diff": 13.21114795837069,
        "profiling_cost": 149.40771476031736,
        "profiling_runtime": 24580.932669306007
    },
    "household_demographics": {
        "arachne": 105.34745454822304,
        "arachne_runtime": 19922.142934324365,
        "bq": 407.64643907546997,
        "bq_baseline_runtime": 93139.92100000003,
        "multi_cloud_plan": "aws",
        "percent_diff": 74.1571507929401,
        "profiling_cost": 521.1681721187102,
        "profiling_runtime": 119801.7409261828
    },
    "income_band": {
        "arachne": 106.14478522835346,
        "arachne_runtime": 20579.62180384822,
        "bq": 441.6465721130371,
        "bq_baseline_runtime": 106110.69600000001,
        "multi_cloud_plan": "aws",
        "percent_diff": 75.96612496718616,
        "profiling_cost": 556.4590460319939,
        "profiling_runtime": 133836.8763628425
    },
    "inventory": {
        "arachne": 106.31339464719593,
        "arachne_runtime": 20742.731747126352,
        "bq": 452.91285514831543,
        "bq_baseline_runtime": 104366.55999999997,
        "multi_cloud_plan": "aws",
        "percent_diff": 76.52674384515285,
        "profiling_cost": 567.8361806139388,
        "profiling_runtime": 132208.2349770934
    },
    "item": {
        "arachne": 99.31429128494891,
        "arachne_runtime": 14970.765479146503,
        "bq": 176.80450963974,
        "bq_baseline_runtime": 48002.555000000015,
        "multi_cloud_plan": "aws",
        "percent_diff": 43.828191098002264,
        "profiling_cost": 282.0955308463665,
        "profiling_runtime": 67877.73861856232
    },
    "promotion": {
        "arachne": 105.25862368759302,
        "arachne_runtime": 19848.8825146874,
        "bq": 409.04108476638794,
        "bq_baseline_runtime": 97716.66099999996,
        "multi_cloud_plan": "aws",
        "percent_diff": 74.26698011332812,
        "profiling_cost": 522.9777943581414,
        "profiling_runtime": 124720.67576934132
    },
    "reason": {
        "arachne": 106.33123946932632,
        "arachne_runtime": 20733.37475890541,
        "bq": 438.47006034851074,
        "bq_baseline_runtime": 104568.122,
        "multi_cloud_plan": "aws",
        "percent_diff": 75.74948688975238,
        "profiling_cost": 552.9074580810234,
        "profiling_runtime": 131985.00911571697
    },
    "ship_mode": {
        "arachne": 106.57132543436497,
        "arachne_runtime": 20931.353189525806,
        "bq": 451.0785231590271,
        "bq_baseline_runtime": 106991.29200000003,
        "multi_cloud_plan": "aws",
        "percent_diff": 76.37410784091058,
        "profiling_cost": 566.203837416368,
        "profiling_runtime": 134975.445174988
    },
    "store": {
        "arachne": 102.0228017000428,
        "arachne_runtime": 17180.64929185403,
        "bq": 259.76754570007324,
        "bq_baseline_runtime": 60536.157000000014,
        "multi_cloud_plan": "aws",
        "percent_diff": 60.72534718488737,
        "profiling_cost": 367.7036996706024,
        "profiling_runtime": 82592.02563271286
    },
    "store_returns": {
        "arachne": 98.85267260532129,
        "arachne_runtime": 18159.627168378473,
        "bq": 352.7572159767151,
        "bq_baseline_runtime": 87304.47600000001,
        "multi_cloud_plan": "aws",
        "percent_diff": 71.97713664577556,
        "profiling_cost": 456.91726011931297,
        "profiling_runtime": 109840.77870326512
    },
    "store_sales": {
        "arachne": 40.06508779525757,
        "arachne_runtime": 13401.668,
        "bq": 40.06508779525757,
        "bq_baseline_runtime": 13401.668,
        "multi_cloud_plan": "gcp",
        "percent_diff": 0.0,
        "profiling_cost": 96.29602649565305,
        "profiling_runtime": 20944.30860931606
    },
    "time_dim": {
        "arachne": 106.51901017545757,
        "arachne_runtime": 20888.33106794735,
        "bq": 438.29516792297363,
        "bq_baseline_runtime": 102975.36499999999,
        "multi_cloud_plan": "aws",
        "percent_diff": 75.69696908130703,
        "profiling_cost": 553.2158907801796,
        "profiling_runtime": 130790.92698092453
    },
    "warehouse": {
        "arachne": 106.26244185494986,
        "arachne_runtime": 20676.651745990996,
        "bq": 448.08991384506226,
        "bq_baseline_runtime": 103431.73099999997,
        "multi_cloud_plan": "aws",
        "percent_diff": 76.28546446334593,
        "profiling_cost": 562.8533467686073,
        "profiling_runtime": 131117.47160812077
    },
    "web_page": {
        "arachne": 106.45717288034099,
        "arachne_runtime": 20837.222209216707,
        "bq": 440.2324204444885,
        "bq_baseline_runtime": 105966.09000000003,
        "multi_cloud_plan": "aws",
        "percent_diff": 75.81796161835274,
        "profiling_cost": 555.2615618445876,
        "profiling_runtime": 133870.93851604237
    },
    "web_returns": {
        "arachne": 103.02850743262371,
        "arachne_runtime": 19113.59691246986,
        "bq": 383.4358696937561,
        "bq_baseline_runtime": 97414.90899999999,
        "multi_cloud_plan": "aws",
        "percent_diff": 73.1301853645276,
        "profiling_cost": 493.45787137952874,