{
    "call_center": {
        "arachne": 236.39038562774658,
        "arachne_runtime": 105783.204,
        "bq": 236.39038562774658,
        "bq_baseline_runtime": 105783.204,
        "multi_cloud_plan": "gcp",
        "percent_diff": 0.0,
        "profiling_cost": 1077.3873593673504,
        "profiling_runtime": 133822.2727238909
    },
    "catalog_page": {
        "arachne": 221.7094898223877,
        "arachne_runtime": 105810.44800000002,
        "bq": 221.7094898223877,
        "bq_baseline_runtime": 105810.44800000002,
        "multi_cloud_plan": "gcp",
        "percent_diff": 0.0,
        "profiling_cost": 1062.2118948601199,
        "profiling_runtime": 133442.32688074152
    },
    "catalog_returns": {
        "arachne": 193.60082626342773,
        "arachne_runtime": 91777.65500000003,
        "bq": 193.60082626342773,
        "bq_baseline_runtime": 91777.65500000003,
        "multi_cloud_plan": "gcp",
        "percent_diff": 0.0,
        "profiling_cost": 1002.7486606599032,
        "profiling_runtime": 116159.08564697833
    },
    "catalog_sales": {
        "arachne": 104.23612117767334,
        "arachne_runtime": 57335.019,
        "bq": 104.23612117767334,
        "bq_baseline_runtime": 57335.019,
        "multi_cloud_plan": "gcp",
        "percent_diff": 0.0,
        "profiling_cost": 675.0577322931874,
        "profiling_runtime": 72593.92022364042
    },
    "customer": {
        "arachne": 185.87164402008057,
        "arachne_runtime": 77589.22299999998,
        "bq": 185.87164402008057,
        "bq_baseline_runtime": 77589.22299999998,
        "multi_cloud_plan": "gcp",
        "percent_diff": 0.0,
        "profiling_cost": 1017.8091213771912,
        "profiling_runtime": 98784.97991059463
    },
    "customer_address": {
        "arachne": 193.4046506881714,
        "arachne_runtime": 80994.64999999998,
        "bq": 193.4046506881714,
        "bq_baseline_runtime": 80994.64999999998,
        "multi_cloud_plan": "gcp",
        "percent_diff": 0.0,
        "profiling_cost": 1030.678997246358,
        "profiling_runtime": 106143.39442206694
    },
    "customer_demographics": {
        "arachne": 207.4698543548584,
        "arachne_runtime": 91655.29499999998,
        "bq": 207.4698543548584,
        "bq_baseline_runtime": 91655.29499999998,
        "multi_cloud_plan": "gcp",
        "percent_diff": 0.0,
        "profiling_cost": 1045.5576125708099,
        "profiling_runtime": 117307.1487114202
    },
    "date_dim": {
        "arachne": 28.19988250732422,
        "arachne_runtime": 12509.484,
        "bq": 28.19988250732422,
        "bq_baseline_runtime": 12509.484,
        "multi_cloud_plan": "gcp",
        "percent_diff": 0.0,
        "profiling_cost": 849.8307861443096,
        "profiling_runtime": 24580.932669306003
    },
    "household_demographics": {
        "arachne": 214.5507574081421,
        "arachne_runtime": 93139.92099999999,
        "bq": 214.5507574081421,
        "bq_baseline_runtime": 93139.92099999999,
        "multi_cloud_plan": "gcp",
        "percent_diff": 0.0,
        "profiling_cost": 1053.8775240040002,
        "profiling_runtime": 119801.74092618273
    },
    "income_band": {
        "arachne": 232.44556427001953,
        "arachne_runtime": 106110.696,
        "bq": 232.44556427001953,
        "bq_baseline_runtime": 106110.696,
        "multi_cloud_plan": "gcp",
        "percent_diff": 0.0,
        "profiling_cost": 1073.0631081557062,
        "profiling_runtime": 133836.8763628425
    },
    "inventory": {
        "arachne": 238.37518692016602,
        "arachne_runtime": 104366.56000000004,
        "bq": 238.37518692016602,
        "bq_baseline_runtime": 104366.56000000004,
        "multi_cloud_plan": "gcp",
        "percent_diff": 0.0,
        "profiling_cost": 1078.8429824871273,
        "profiling_runtime": 132208.23497709347
    },
    "item": {
        "arachne": 93.05500507354736,
        "arachne_runtime": 48002.55500000001,
        "bq": 93.05500507354736,
        "bq_baseline_runtime": 48002.55500000001,
        "multi_cloud_plan": "gcp",
        "percent_diff": 0.0,
        "profiling_cost": 924.1453321968819,
        "profiling_runtime": 67877.73861856229
    },
    "promotion": {
        "arachne": 215.28478145599365,
        "arachne_runtime": 97716.66100000001,
        "bq": 215.28478145599365,
        "bq_baseline_runtime": 97716.66100000001,
        "multi_cloud_plan": "gcp",
        "percent_diff": 0.0,
        "profiling_cost": 1055.0265342027808,
        "profiling_runtime": 124720.67576934132
    },
    "reason": {
        "arachne": 230.7737159729004,
        "arachne_runtime": 104568.12200000005,
        "bq": 230.7737159729004,
        "bq_baseline_runtime": 104568.12200000005,
        "multi_cloud_plan": "gcp",
        "percent_diff": 0.0,
        "profiling_cost": 1071.0161830089244,
        "profiling_runtime": 131985.00911571697
    },
    "ship_mode": {
        "arachne": 237.4097490310669,
        "arachne_runtime": 106991.292,
        "bq": 237.4097490310669,
        "bq_baseline_runtime": 106991.292,
        "multi_cloud_plan": "gcp",
        "percent_diff": 0.0,
        "profiling_cost": 1078.340132236238,
        "profiling_runtime": 134975.445174988
    },
    "store": {
        "arachne": 136.7197608947754,
        "arachne_runtime": 60536.15700000001,
        "bq": 136.7197608947754,
        "bq_baseline_runtime": 60536.15700000001,
        "multi_cloud_plan": "gcp",
        "percent_diff": 0.0,
        "profiling_cost": 970.460960390238,
        "profiling_runtime": 82592.02563271284
    },
    "store_returns": {
        "arachne": 185.66169261932373,
        "arachne_runtime": 87304.476,
        "bq": 185.66169261932373,
        "bq_baseline_runtime": 87304.476,
        "multi_cloud_plan": "gcp",
        "percent_diff": 0.0,
        "profiling_cost": 976.7214377572701,
        "profiling_runtime": 109840.77870326508
    },
    "store_sales": {
        "arachne": 21.086888313293457,
        "arachne_runtime": 13401.668000000001,
        "bq": 21.086888313293457,
        "bq_baseline_runtime": 13401.668000000001,
        "multi_cloud_plan": "gcp",
        "percent_diff": 0.0,
        "profiling_cost": 498.38077996261416,
        "profiling_runtime": 20944.308609316064
    },
    "time_dim": {
        "arachne": 230.68166732788086,
        "arachne_runtime": 102975.36500000002,
        "bq": 230.68166732788086,
        "bq_baseline_runtime": 102975.36500000002,
        "multi_cloud_plan": "gcp",
        "percent_diff": 0.0,
        "profiling_cost": 1071.4061838048171,
        "profiling_runtime": 130790.92698092459
    },
    "warehouse": {
        "arachne": 235.83679676055908,
        "arachne_runtime": 103431.731,
        "bq": 235.83679676055908,
        "bq_baseline_runtime": 103431.731,
        "multi_cloud_plan": "gcp",
        "percent_diff": 0.0,
        "profiling_cost": 1076.4052978409854,
        "profiling_runtime": 131117.4716081208
    },
    "web_page": {
        "arachne": 231.70127391815186,
        "arachne_runtime": 105966.08999999997,
        "bq": 231.70127391815186,
        "bq_baseline_runtime": 105966.08999999997,
        "multi_cloud_plan": "gcp",
        "percent_diff": 0.0,
        "profiling_cost": 1072.5354746842995,
        "profiling_runtime": 133870.93851604234
    },
    "web_returns": {
        "arachne": 201.80835247039795,
        "arachne_runtime": 97414.90900000001,
        "bq": 201.80835247039795,
        "bq_baseline_runtime": 97414.90900000001,
        "multi_cloud_plan": "gcp",
        "percent_diff": 0.0,
        "profiling_cost": 1025.686346500993,
        "profiling_runtime": 122294.89754675329
    },
    "web_sales": {
        "arachne": 119.39703941345215,
        "arachne_runtime": 66566.27100000002,
        "bq": 119.39703941345215,
        "bq_baseline_runtime": 66566.27100000002,
        "multi_cloud_plan": "gcp",
        "percent_diff": 0.0,
        "profiling_cost": 819.3467963755019,