{
    "call_center": {
        "profiling_cost": 49.77147773712329,
        "profiling_runtime": 16446.23706406253
    },
    "catalog_page": {
        "profiling_cost": 49.159021817061635,
        "profiling_runtime": 16369.847930726479
    },
    "catalog_returns": {
        "profiling_cost": 44.86801002809773,
        "profiling_runtime": 14803.273622497207
    },
    "catalog_sales": {
        "profiling_cost": 28.41749848859013,
        "profiling_runtime": 9948.130867077503
    },
    "customer": {
        "profiling_cost": 41.666787296351245,
        "profiling_runtime": 14486.060014995095
    },
    "customer_address": {
        "profiling_cost": 42.5313839365095,
        "profiling_runtime": 14610.938766989853
    },
    "customer_demographics": {
        "profiling_cost": 44.82173731628834,
        "profiling_runtime": 14692.373543450834
    },
    "date_dim": {
        "profiling_cost": 21.92218558169406,
        "profiling_runtime": 9663.8725816582
    },
    "household_demographics": {
        "profiling_cost": 45.96923996572091,
        "profiling_runtime": 14856.042554327514
    },
    "income_band": {
        "profiling_cost": 49.06312542232742,
        "profiling_runtime": 16398.016596600668
    },
    "inventory": {
        "profiling_cost": 49.33678076168001,
        "profiling_runtime": 15610.760456554193
    },
    "item": {
        "profiling_cost": 30.893833114751292,
        "profiling_runtime": 12369.268058666807
    },
    "promotion": {
        "profiling_cost": 47.324151886104914,
        "profiling_runtime": 15457.047321710626
    },
    "reason": {
        "profiling_cost": 48.71286111821517,
        "profiling_runtime": 16350.380180277894
    },
    "ship_mode": {
        "profiling_cost": 49.87898814718465,
        "profiling_runtime": 16501.341224459797
    },
    "store": {
        "profiling_cost": 36.79115865478373,
        "profiling_runtime": 13376.874618931648
    },
    "store_returns": {
        "profiling_cost": 43.284160160434205,
        "profiling_runtime": 14817.197534254914
    },
    "store_sales": {
        "profiling_cost": 13.545570037498413,
        "profiling_runtime": 6560.727188255865
    },
    "time_dim": {
        "profiling_cost": 48.73131746965601,
        "profiling_runtime": 16135.950302281268
    },
    "warehouse": {
        "profiling_cost": 49.273231029705435,
        "profiling_runtime": 15736.112596793413
    },
    "web_page": {
        "profiling_cost": 49.61286531335751,
        "profiling_runtime": 16458.271778392147
    },
    "web_returns": {
        "profiling_cost": 46.38807005528324,
        "profiling_runtime": 15625.56414949254
    },
    "web_sales": {
        "profiling_cost": 33.589120858549876,
        "profiling_runtime": 12652.79433941404
    },
    "web_site": {
        "profiling_cost": 48.91021306472016,
        "profiling_runtime": 16220.065233396399
    }
}