{
    "call_center": 1.567854642868042,
    "catalog_page": 1.2941038608551025,
    "catalog_returns": 208.0345995426178,
    "catalog_sales": 2775.781908750534,
    "customer": 17.415204763412476,
    "customer_address": 7.295475006103516,
    "customer_demographics": 1.6436655521392822,
    "date_dim": 1.533644437789917,
    "household_demographics": 1.2364795207977295,
    "income_band": 1.2036819458007812,
    "inventory": 217.1017575263977,
    "item": 2.4904210567474365,
    "promotion": 1.4874632358551025,
    "reason": 1.089531660079956,
    "ship_mode": 1.2575092315673828,
    "store": 1.3302733898162842,
    "store_returns": 392.73774909973145,
    "store_sales": 4733.158620595932,
    "time_dim": 1.4743468761444092,
    "warehouse": 1.2940351963043213,
    "web_page": 1.1793105602264404,
    "web_returns": 109.57996892929077,
    "web_sales": 1267.4042921066284,
    "web_site": 1.4162254333496094,
    "transfer": 506.3265
}
