{
    "02": 8.998230695724487,
    "03": 7.720881462097168,
    "04": 73.45465326309204,
    "07": 17.611294507980347,
    "08": 6.081299304962158,
    "09": 30.472234964370728,
    "11": 34.29896569252014,
    "13": 132.40729546546936,
    "15": 3.725726366043091,
    "17": 30.2911696434021,
    "18": 71.59380435943604,
    "19": 32.80072093009949,
    "21": 2.0133743286132812,
    "22": 5.569631338119507,
    "25": 54.9445583820343,
    "26": 7.214159727096558,
    "27": 47.87688207626343,
    "28": 52.53788232803345,
    "29": 65.87856197357178,
    "31": 31.56461453437805,
    "33": 15.89785385131836,
    "34": 10.610660076141357,
    "37": 1.4698987007141113,
    "39": 1.9826631546020508,
    "40": 22.67719602584839,
    "42": 7.178332567214966,
    "43": 6.185113430023193,
    "46": 20.000978469848633,
    "48": 41.13132429122925,
    "49": 27.292433738708496,
    "50": 12.424508333206177,
    "51": 17.121366024017334,
    "52": 7.18798828125,
    "55": 7.337174415588379,
    "56": 17.50966715812683,
    "59": 18.356114864349365,
    "60": 16.977753400802612,
    "61": 26.433610439300537,
    "62": 2.0470943450927734,
    "66": 1.4808063507080078,
    "68": 22.289308786392212,
    "71": 16.865270853042603,
    "72": 35.53426718711853,
    "73": 10.761446952819824,
    "74": 23.652979612350464,
    "75": 42.276463747024536,
    "78": 83.17432236671448,
    "79": 19.395238399505615,
    "82": 4.3279523849487305,
    "83": 11.173907995223999,
    "84": 1.9882349967956543,
    "85": 10.115649938583374,
    "87": 14.098236560821533,
    "88": 41.78823637962341,
    "90": 11.830824851989746,
    "91": 1.4256596565246582,
    "93": 11.802031755447388,
    "95": 54.717297077178955,
    "96": 6.572916269302368,
    "97": 44.19500112533569,
    "99": 4.360952854156494
}