{
    "all": {
        "arachne": 55.926066637039185,
        "arachne_runtime": 12192.833999999999,
        "baseline_cost": 55.926066637039185,
        "baseline_runtime": 12192.833999999999,
        "exec_details": {
            "api_cost": 0,
            "load_cost": 0,
            "load_runtime": 0,
            "moved_cost": 0,
            "moved_queries": [],
            "moved_runtime": 0,
            "mvmt_cost": 0.0,
            "mvmt_runtime": 0.0,
            "stayed_cost": 55.926066637039185,
            "stayed_runtime": 12192.833999999999,
            "storage_cost": 0.0,
            "storage_runtime": 0
        },
        "multi_cloud_plan": "stay",
        "percent_diff": 0.0,
        "profiling_cost": 125.69802374552341,
        "profiling_runtime": 28842.053262292608
    },
    "call_center": {
        "arachne": 54.846811294555664,
        "arachne_runtime": 11971.998999999998,
        "baseline_cost": 54.846811294555664,
        "baseline_runtime": 11971.998999999998,
        "exec_details": {
            "api_cost": 0,
            "load_cost": 0,
            "load_runtime": 0,
            "moved_cost": 0,
            "moved_runtime": 0,
            "mvmt_cost": 0.0,
            "mvmt_runtime": 0.0,
            "stayed_cost": 54.846811294555664,
            "stayed_runtime": 11971.998999999998,
            "storage_cost": 0.0,
            "storage_runtime": 0
        },
        "multi_cloud_plan": "stay",
        "percent_diff": 0.0,
        "profiling_cost": 124.42658667846706,
        "profiling_runtime": 28462.445042270876
    },
    "catalog_page": {
        "arachne": 53.212326765060425,
        "arachne_runtime": 11864.025000000001,
        "baseline_cost": 53.212326765060425,
        "baseline_runtime": 11864.025000000001,
        "exec_details": {
            "api_cost": 0,
            "load_cost": 0,
            "load_runtime": 0,
            "moved_cost": 0,
            "moved_runtime": 0,
            "mvmt_cost": 0.0,
            "mvmt_runtime": 0.0,
            "stayed_cost": 53.212326765060425,
            "stayed_runtime": 11864.025000000001,
            "storage_cost": 0.0,
            "storage_runtime": 0
        },
        "multi_cloud_plan": "stay",
        "percent_diff": 0.0,
        "profiling_cost": 122.64671379346272,
        "profiling_runtime": 28234.51493996298
    },
    "catalog_returns": {
        "arachne": 44.56664323806763,
        "arachne_runtime": 7009.467,
        "baseline_cost": 44.56664323806763,
        "baseline_runtime": 7009.467,
        "exec_details": {
            "api_cost": 0,
            "load_cost": 0,
            "load_runtime": 0,
            "moved_cost": 0,
            "moved_runtime": 0,
            "mvmt_cost": 0.0,
            "mvmt_runtime": 0.0,
            "stayed_cost": 44.56664323806763,
            "stayed_runtime": 7009.467,
            "storage_cost": 0.0,
            "storage_runtime": 0
        },
        "multi_cloud_plan": "stay",
        "percent_diff": 0.0,
        "profiling_cost": 109.82285705078901,
        "profiling_runtime": 21197.54500460514
    },
    "catalog_sales": {
        "arachne": 26.070910692214966,
        "arachne_runtime": 3259.263000000001,
        "baseline_cost": 26.070910692214966,
        "baseline_runtime": 3259.263000000001,
        "exec_details": {
            "api_cost": 0,
            "load_cost": 0,
            "load_runtime": 0,
            "moved_cost": 0,
            "moved_runtime": 0,
            "mvmt_cost": 0.0,
            "mvmt_runtime": 0.0,
            "stayed_cost": 26.070910692214966,
            "stayed_runtime": 3259.263000000001,
            "storage_cost": 0.0,
            "storage_runtime": 0
        },
        "multi_cloud_plan": "stay",
        "percent_diff": 0.0,
        "profiling_cost": 71.3172815608369,
        "profiling_runtime": 12554.328340940374
    },
    "customer": {
        "arachne": 39.351314306259155,
        "arachne_runtime": 9243.711000000001,
        "baseline_cost": 39.351314306259155,
        "baseline_runtime": 9243.711000000001,
        "exec_details": {
            "api_cost": 0,
            "load_cost": 0,
            "load_runtime": 0,
            "moved_cost": 0,
            "moved_runtime": 0,
            "mvmt_cost": 0.0,
            "mvmt_runtime": 0.0,
            "stayed_cost": 39.351314306259155,
            "stayed_runtime": 9243.711000000001,
            "storage_cost": 0.0,
            "storage_runtime": 0
        },
        "multi_cloud_plan": "stay",
        "percent_diff": 0.0,
        "profiling_cost": 103.77857220614048,
        "profiling_runtime": 21560.389134694233
    },
    "customer_address": {
        "arachne": 39.66923952102661,
        "arachne_runtime": 9804.863000000003,
        "baseline_cost": 39.66923952102661,
        "baseline_runtime": 9804.863000000003,
        "exec_details": {
            "api_cost": 0,
            "load_cost": 0,
            "load_runtime": 0,
            "moved_cost": 0,
            "moved_runtime": 0,
            "mvmt_cost": 0.0,
            "mvmt_runtime": 0.0,
            "stayed_cost": 39.66923952102661,
            "stayed_runtime": 9804.863000000003,
            "storage_cost": 0.0,
            "storage_runtime": 0
        },
        "multi_cloud_plan": "stay",
        "percent_diff": 0.0,
        "profiling_cost": 106.61633851333897,
        "profiling_runtime": 24144.07157090829
    },
    "customer_demographics": {
        "arachne": 46.574848890304565,
        "arachne_runtime": 7438.803999999998,
        "baseline_cost": 46.574848890304565,
        "baseline_runtime": 7438.803999999998,
        "exec_details": {
            "api_cost": 0,
            "load_cost": 0,
            "load_runtime": 0,
            "moved_cost": 0,
            "moved_runtime": 0,
            "mvmt_cost": 0.0,
            "mvmt_runtime": 0.0,
            "stayed_cost": 46.574848890304565,
            "stayed_runtime": 7438.803999999998,
            "storage_cost": 0.0,
            "storage_runtime": 0
        },
        "multi_cloud_plan": "stay",
        "percent_diff": 0.0,
        "profiling_cost": 114.11611211689511,
        "profiling_runtime": 22246.14077280881
    },
    "date_dim": {
        "arachne": 3.603851795196533,
        "arachne_runtime": 498.766,
        "baseline_cost": 3.603851795196533,
        "baseline_runtime": 498.766,
        "exec_details": {
            "api_cost": 0,
            "load_cost": 0,
            "load_runtime": 0,
            "moved_cost": 0,
            "moved_runtime": 0,
            "mvmt_cost": 0.0,
            "mvmt_runtime": 0.0,
            "stayed_cost": 3.603851795196533,
            "stayed_runtime": 498.766,
            "storage_cost": 0.0,
            "storage_runtime": 0
        },
        "multi_cloud_plan": "stay",
        "percent_diff": 0.0,
        "profiling_cost": 61.18442166809581,
        "profiling_runtime": 7075.544532003052
    },
    "household_demographics": {
        "arachne": 46.91287875175476,
        "arachne_runtime": 7804.235,
        "baseline_cost": 46.91287875175476,
        "baseline_runtime": 7804.235,
        "exec_details": {
            "api_cost": 0,
            "load_cost": 0,
            "load_runtime": 0,
            "moved_cost": 0,
            "moved_runtime": 0,
            "mvmt_cost": 0.0,
            "mvmt_runtime": 0.0,
            "stayed_cost": 46.91287875175476,
            "stayed_runtime": 7804.235,
            "storage_cost": 0.0,
            "storage_runtime": 0
        },
        "multi_cloud_plan": "stay",
        "percent_diff": 0.0,
        "profiling_cost": 115.42646595886836,
        "profiling_runtime": 23413.788435769868
    },
    "income_band": {
        "arachne": 54.13669943809509,
        "arachne_runtime": 11834.701000000003,
        "baseline_cost": 54.13669943809509,
        "baseline_runtime": 11834.701000000003,
        "exec_details": {
            "api_cost": 0,
            "load_cost": 0,
            "load_runtime": 0,