{
    "call_center": {
        "arachne": 7.9629735889191124,
        "arachne_runtime": 6597.707275351953,
        "baseline_cost": 7.9692580601612715,
        "baseline_runtime": 6604.357508420944,
        "multi_cloud_plan": "multi",
        "percent_diff": 0.07885892506826228,
        "profiling_cost": 100.84388678008811,
        "profiling_runtime": 28462.44504227086
    },
    "catalog_page": {
        "arachne": 7.786415983698636,
        "arachne_runtime": 6451.388817986917,
        "baseline_cost": 7.792700454940795,
        "baseline_runtime": 6458.039051055908,
        "multi_cloud_plan": "multi",
        "percent_diff": 0.08064561545124571,
        "profiling_cost": 99.39096156335312,
        "profiling_runtime": 28234.51493996298
    },
    "catalog_returns": {
        "arachne": 6.3746383980507355,
        "arachne_runtime": 5281.407393416833,
        "baseline_cost": 6.3809228692928945,
        "baseline_runtime": 5288.057626485825,
        "multi_cloud_plan": "multi",
        "percent_diff": 0.09848843765847691,
        "profiling_cost": 88.68648411827672,
        "profiling_runtime": 21197.545004605134
    },
    "catalog_sales": {
        "arachne": 3.7462990575435478,
        "arachne_runtime": 3103.2256195158475,
        "baseline_cost": 3.752583528785705,
        "baseline_runtime": 3109.875852584839,
        "multi_cloud_plan": "multi",
        "percent_diff": 0.1674705224800376,
        "profiling_cost": 57.45893378222785,
        "profiling_runtime": 12554.328340940374
    },
    "customer": {
        "arachne": 4.912484711845191,
        "arachne_runtime": 4069.677819213342,
        "baseline_cost": 4.91876918308735,
        "baseline_runtime": 4076.3280522823334,
        "multi_cloud_plan": "multi",
        "percent_diff": 0.12776511782190342,
        "profiling_cost": 83.32057656139787,
        "profiling_runtime": 21560.389134694233
    },
    "customer_address": {
        "arachne": 6.3650299555630205,
        "arachne_runtime": 5273.4445957750795,
        "baseline_cost": 6.37131442680518,
        "baseline_runtime": 5280.09482884407,
        "multi_cloud_plan": "multi",
        "percent_diff": 0.09863696595665117,
        "profiling_cost": 86.07650064332785,
        "profiling_runtime": 24144.071570908287
    },
    "customer_demographics": {
        "arachne": 6.777185618357132,
        "arachne_runtime": 5615.01006217904,
        "baseline_cost": 6.783470089599291,
        "baseline_runtime": 5621.660295248032,
        "multi_cloud_plan": "multi",
        "percent_diff": 0.09264389993839069,
        "profiling_cost": 92.18815182825873,
        "profiling_runtime": 22246.14077280881
    },
    "date_dim": {
        "arachne": 0.5264606141339454,
        "arachne_runtime": 434.8512189001553,
        "baseline_cost": 0.5327450853761038,
        "baseline_runtime": 441.50145196914673,
        "multi_cloud_plan": "move",
        "percent_diff": 1.1796394588458181,
        "profiling_cost": 47.85037316738285,
        "profiling_runtime": 7075.544532003052
    },
    "household_demographics": {
        "arachne": 7.350025059534182,
        "arachne_runtime": 6089.738880834055,
        "baseline_cost": 7.356309530776341,
        "baseline_runtime": 6096.389113903046,
        "multi_cloud_plan": "multi",
        "percent_diff": 0.08542967388562026,
        "profiling_cost": 93.43055333585407,
        "profiling_runtime": 23413.788435769868
    },
    "income_band": {
        "arachne": 7.85000214841949,
        "arachne_runtime": 6504.084534606408,
        "baseline_cost": 7.856286619661649,
        "baseline_runtime": 6510.7347676754,
        "multi_cloud_plan": "multi",
        "percent_diff": 0.07999289672593037,
        "profiling_cost": 100.18967823625049,
        "profiling_runtime": 28253.993970499956
    },
    "inventory": {
        "arachne": 7.888300526028741,
        "arachne_runtime": 6535.823521575403,
        "baseline_cost": 7.8945849972709,
        "baseline_runtime": 6542.473754644394,
        "multi_cloud_plan": "multi",
        "percent_diff": 0.07960483349449685,
        "profiling_cost": 99.46554501322557,
        "profiling_runtime": 24361.412048926846
    },
    "item": {
        "arachne": 3.448138100420634,
        "arachne_runtime": 2857.5730113983154,
        "baseline_cost": 3.448138100420634,
        "baseline_runtime": 2857.5730113983154,
        "multi_cloud_plan": "stay",
        "percent_diff": 0.0,
        "profiling_cost": 71.18104817641532,
        "profiling_runtime": 14662.85966956547
    },
    "promotion": {
        "arachne": 7.310832725548219,
        "arachne_runtime": 6057.259046039057,
        "baseline_cost": 7.3171171967903765,
        "baseline_runtime": 6063.9092791080475,
        "multi_cloud_plan": "multi",
        "percent_diff": 0.08588725686823645,
        "profiling_cost": 95.60213897140493,
        "profiling_runtime": 23398.05166784862
    },
    "reason": {
        "arachne": 7.933199042082893,
        "arachne_runtime": 6573.032236537409,
        "baseline_cost": 7.939483513325052,
        "baseline_runtime": 6579.6824696063995,
        "multi_cloud_plan": "multi",
        "percent_diff": 0.07915466077373458,
        "profiling_cost": 100.44362123262583,
        "profiling_runtime": 28351.927928412355
    },
    "ship_mode": {
        "arachne": 8.083139085333617,
        "arachne_runtime": 6697.291940888834,
        "baseline_cost": 8.089423556575776,
        "baseline_runtime": 6703.942173957825,
        "multi_cloud_plan": "multi",
        "percent_diff": 0.07768750391429897,
        "profiling_cost": 100.85921259633467,
        "profiling_runtime": 28691.43867518826
    },
    "store": {
        "arachne": 5.0830015546682175,
        "arachne_runtime": 4210.99011989541,
        "baseline_cost": 5.089286025910376,
        "baseline_runtime": 4217.640352964401,
        "multi_cloud_plan": "multi",
        "percent_diff": 0.1234843396532025,
        "profiling_cost": 77.24301881238952,
        "profiling_runtime": 22026.890416930426
    },
    "store_returns": {
        "arachne": 6.485128225031963,
        "arachne_runtime": 5372.97354837365,
        "baseline_cost": 6.491412696274122,
        "baseline_runtime": 5379.623781442642,
        "multi_cloud_plan": "multi",
        "percent_diff": 0.09681207367644531,
        "profiling_cost": 84.81490122794057,
        "profiling_runtime": 23953.07109507767
    },
    "store_sales": {
        "arachne": 1.174708049222103,
        "arachne_runtime": 972.0728501886837,
        "baseline_cost": 1.1809925204642613,
        "baseline_runtime": 978.7230832576752,
        "multi_cloud_plan": "multi",
        "percent_diff": 0.5321347200139648,
        "profiling_cost": 33.2417932461842,
        "profiling_runtime": 9897.490041177325
    },
    "time_dim": {
        "arachne": 8.004198167948198,
        "arachne_runtime": 6631.871291121911,
        "baseline_cost": 8.010482639190355,
        "baseline_runtime": 6638.521524190903,
        "multi_cloud_plan": "multi",
        "percent_diff": 0.07845309109604966,
        "profiling_cost": 99.69633038716673,
        "profiling_runtime": 28441.83358038852
    },
    "warehouse": {
        "arachne": 7.796438443099132,
        "arachne_runtime": 6459.694723567438,
        "baseline_cost": 7.802722914341291,
        "baseline_runtime": 6466.344956636429,
        "multi_cloud_plan": "multi",
        "percent_diff": 0.08054202758639888,
        "profiling_cost": 99.05200237789052,
        "profiling_runtime": 24293.007187717125
    },
    "web_page": {
        "arachne": 7.96131649334537,
        "arachne_runtime": 6596.333991727304,
        "baseline_cost": 7.967600964587529,
        "baseline_runtime": 6602.984224796295,
        "multi_cloud_plan": "multi",
        "percent_diff": 0.07887532608737223,
        "profiling_cost": 100.59478772413516,
        "profiling_runtime": 28495.937382792235
    },
    "web_returns": {
        "arachne": 6.8682552198325295,