{
    "call_center": {
        "arachne": 7.0307523037937,
        "arachne_runtime": 5825.148199281167,
        "baseline_cost": 7.037036775035859,
        "baseline_runtime": 5831.798432350159,
        "multi_cloud_plan": "multi",
        "percent_diff": 0.08930564729252824,
        "profiling_cost": 95.91086510200537,
        "profiling_runtime": 22739.925619692054
    },
    "catalog_page": {
        "arachne": 6.85419469857322,
        "arachne_runtime": 5678.829741916132,
        "baseline_cost": 6.860479169815379,
        "baseline_runtime": 5685.479974985123,
        "multi_cloud_plan": "multi",
        "percent_diff": 0.09160396944005514,
        "profiling_cost": 94.45793990581726,
        "profiling_runtime": 22511.995517384166
    },
    "catalog_returns": {
        "arachne": 6.374638398050735,
        "arachne_runtime": 5281.407393416834,
        "baseline_cost": 6.380922869292894,
        "baseline_runtime": 5288.057626485825,
        "multi_cloud_plan": "multi",
        "percent_diff": 0.09848843765847694,
        "profiling_cost": 88.68648411827675,
        "profiling_runtime": 21197.54500460514
    },
    "catalog_sales": {
        "arachne": 3.746299057543548,
        "arachne_runtime": 3103.2256195158475,
        "baseline_cost": 3.7525835287857063,
        "baseline_runtime": 3109.875852584839,
        "multi_cloud_plan": "multi",
        "percent_diff": 0.1674705224800612,
        "profiling_cost": 57.458933782227845,
        "profiling_runtime": 12554.328340940374
    },
    "customer": {
        "arachne": 4.242201166813642,
        "arachne_runtime": 3514.1942183584683,
        "baseline_cost": 4.2484856380558,
        "baseline_runtime": 3520.8444514274597,
        "multi_cloud_plan": "multi",
        "percent_diff": 0.14792261943561735,
        "profiling_cost": 80.06799899654933,
        "profiling_runtime": 16410.644187331327
    },
    "customer_address": {
        "arachne": 5.69474641053147,
        "arachne_runtime": 4717.960994920206,
        "baseline_cost": 5.701030881773629,
        "baseline_runtime": 4724.611227989197,
        "multi_cloud_plan": "multi",
        "percent_diff": 0.11023394492127164,
        "profiling_cost": 82.82391684476288,
        "profiling_runtime": 18994.326623545385
    },
    "customer_demographics": {
        "arachne": 6.302041813961137,
        "arachne_runtime": 5221.244478425454,
        "baseline_cost": 6.308326285203296,
        "baseline_runtime": 5227.894711494446,
        "multi_cloud_plan": "multi",
        "percent_diff": 0.0996218483007098,
        "profiling_cost": 89.88658833762703,
        "profiling_runtime": 21196.375419892094
    },
    "date_dim": {
        "arachne": 0.5264606141339454,
        "arachne_runtime": 434.8512189001553,
        "baseline_cost": 0.5327450853761038,
        "baseline_runtime": 441.50145196914673,
        "multi_cloud_plan": "move",
        "percent_diff": 1.1796394588458181,
        "profiling_cost": 47.85037316738285,
        "profiling_runtime": 7075.544532003052
    },
    "household_demographics": {
        "arachne": 6.874881255138188,
        "arachne_runtime": 5695.973297080469,
        "baseline_cost": 6.881165726380346,
        "baseline_runtime": 5702.62353014946,
        "multi_cloud_plan": "multi",
        "percent_diff": 0.09132858431334306,
        "profiling_cost": 91.1289897612101,
        "profiling_runtime": 22364.02308285315
    },
    "income_band": {
        "arachne": 7.179718603387941,
        "arachne_runtime": 5948.600933751534,
        "baseline_cost": 7.1860030746301,
        "baseline_runtime": 5955.251166820526,
        "multi_cloud_plan": "multi",
        "percent_diff": 0.08745433555888818,
        "profiling_cost": 96.93709192880901,
        "profiling_runtime": 23104.24902313706
    },
    "inventory": {
        "arachne": 7.151218981538881,
        "arachne_runtime": 5924.982462605905,
        "baseline_cost": 7.1575034527810395,
        "baseline_runtime": 5931.632695674896,
        "multi_cloud_plan": "multi",
        "percent_diff": 0.08780255970000708,
        "profiling_cost": 95.48359319551977,
        "profiling_runtime": 22738.872220794237
    },
    "item": {
        "arachne": 2.9729942960246407,
        "arachne_runtime": 2463.8074276447296,
        "baseline_cost": 2.9729942960246407,
        "baseline_runtime": 2463.8074276447296,
        "multi_cloud_plan": "stay",
        "percent_diff": 0.0,
        "profiling_cost": 68.87948485545941,
        "profiling_runtime": 13613.094316648756
    },
    "promotion": {
        "arachne": 6.835688921152227,
        "arachne_runtime": 5663.493462285471,
        "baseline_cost": 6.841973392394386,
        "baseline_runtime": 5670.143695354462,
        "multi_cloud_plan": "multi",
        "percent_diff": 0.09185173460547096,
        "profiling_cost": 93.30057539706085,
        "profiling_runtime": 22348.286314931902
    },
    "reason": {
        "arachne": 7.0009777569574805,
        "arachne_runtime": 5800.473160466622,
        "baseline_cost": 7.0072622281996395,
        "baseline_runtime": 5807.123393535614,
        "multi_cloud_plan": "multi",
        "percent_diff": 0.08968511577700275,
        "profiling_cost": 95.51059955444384,
        "profiling_runtime": 22629.408505833537
    },
    "ship_mode": {
        "arachne": 7.150917800208201,
        "arachne_runtime": 5924.732864818048,
        "baseline_cost": 7.157202271450358,
        "baseline_runtime": 5931.383097887039,
        "multi_cloud_plan": "multi",
        "percent_diff": 0.08780625450849174,
        "profiling_cost": 95.92619091815095,
        "profiling_runtime": 22968.91925260944
    },
    "store": {
        "arachne": 4.41271800963667,
        "arachne_runtime": 3655.506519040536,
        "baseline_cost": 4.419002480878829,
        "baseline_runtime": 3662.1567521095276,
        "multi_cloud_plan": "multi",
        "percent_diff": 0.14221470273782705,
        "profiling_cost": 73.99043250595996,
        "profiling_runtime": 16877.145469567524
    },
    "store_returns": {
        "arachne": 6.289988484396411,
        "arachne_runtime": 5211.255531272363,
        "baseline_cost": 6.296272955638568,
        "baseline_runtime": 5217.905764341354,
        "multi_cloud_plan": "multi",
        "percent_diff": 0.09981256032633168,
        "profiling_cost": 83.86394034704769,
        "profiling_runtime": 19853.09150063149
    },
    "store_sales": {
        "arachne": 0.9795683085865492,
        "arachne_runtime": 810.354833087396,
        "baseline_cost": 0.9858527798287076,
        "baseline_runtime": 817.0050661563873,
        "multi_cloud_plan": "multi",
        "percent_diff": 0.6374654888380283,
        "profiling_cost": 32.29128874943315,
        "profiling_runtime": 5797.510446731143
    },
    "time_dim": {
        "arachne": 7.071976882822783,
        "arachne_runtime": 5859.312215051125,
        "baseline_cost": 7.078261354064942,
        "baseline_runtime": 5865.962448120117,
        "multi_cloud_plan": "multi",
        "percent_diff": 0.08878552129966137,
        "profiling_cost": 94.76330872371642,
        "profiling_runtime": 22719.314157809706
    },
    "warehouse": {
        "arachne": 7.05935689860927,
        "arachne_runtime": 5848.85366459794,
        "baseline_cost": 7.065641369851429,
        "baseline_runtime": 5855.503897666931,
        "multi_cloud_plan": "multi",
        "percent_diff": 0.08894410164906479,
        "profiling_cost": 95.07000343226449,
        "profiling_runtime": 22670.46735958449
    },
    "web_page": {
        "arachne": 7.029095208219956,
        "arachne_runtime": 5823.774915656518,
        "baseline_cost": 7.035379679462115,
        "baseline_runtime": 5830.42514872551,
        "multi_cloud_plan": "multi",
        "percent_diff": 0.08932668211930112,
        "profiling_cost": 95.66176604683359,
        "profiling_runtime": 22773.417960213425
    },
    "web_returns": {
        "arachne": 6.411177739103109,