{
    "call_center": {
        "arachne": 53.902387619018555,
        "arachne_runtime": 11918.303000000002,
        "baseline_cost": 53.902387619018555,
        "baseline_runtime": 11918.303000000002,
        "exec_details": {
            "api_cost": 0,
            "load_cost": 0,
            "load_runtime": 0,
            "moved_cost": 0,
            "moved_queries": [],
            "moved_runtime": 0,
            "mvmt_cost": 0.0,
            "mvmt_runtime": 0.0,
            "stayed_cost": 53.902387619018555,
            "stayed_runtime": 11918.303000000002,
            "storage_cost": 0.0,
            "storage_runtime": 0
        },
        "multi_cloud_plan": "stay",
        "percent_diff": 0.0,
        "profiling_cost": 120.56116390831102,
        "profiling_runtime": 22663.24400307024
    },
    "catalog_page": {
        "arachne": 52.88357400894165,
        "arachne_runtime": 11818.854000000001,
        "baseline_cost": 52.88357400894165,
        "baseline_runtime": 11818.854000000001,
        "exec_details": {
            "api_cost": 0,
            "load_cost": 0,
            "load_runtime": 0,
            "moved_cost": 0,
            "moved_queries": [],
            "moved_runtime": 0,
            "mvmt_cost": 0.0,
            "mvmt_runtime": 0.0,
            "stayed_cost": 52.88357400894165,
            "stayed_runtime": 11818.854000000001,
            "storage_cost": 0.0,
            "storage_runtime": 0
        },
        "multi_cloud_plan": "stay",
        "percent_diff": 0.0,
        "profiling_cost": 119.22559480115193,
        "profiling_runtime": 22432.78993220089
    },
    "catalog_returns": {
        "arachne": 46.50916624069214,
        "arachne_runtime": 8215.813999999997,
        "baseline_cost": 46.50916624069214,
        "baseline_runtime": 8215.813999999997,
        "exec_details": {
            "api_cost": 0,
            "load_cost": 0,
            "load_runtime": 0,
            "moved_cost": 0,
            "moved_queries": [],
            "moved_runtime": 0,
            "mvmt_cost": 0.0,
            "mvmt_runtime": 0.0,
            "stayed_cost": 46.50916624069214,
            "stayed_runtime": 8215.813999999997,
            "storage_cost": 0.0,
            "storage_runtime": 0
        },
        "multi_cloud_plan": "stay",
        "percent_diff": 0.0,
        "profiling_cost": 107.80244787818062,
        "profiling_runtime": 17301.87364902604
    },
    "catalog_sales": {
        "arachne": 27.237611055374146,
        "arachne_runtime": 4458.252,
        "baseline_cost": 27.237611055374146,
        "baseline_runtime": 4458.252,
        "exec_details": {
            "api_cost": 0,
            "load_cost": 0,
            "load_runtime": 0,
            "moved_cost": 0,
            "moved_queries": [],
            "moved_runtime": 0,
            "mvmt_cost": 0.0,
            "mvmt_runtime": 0.0,
            "stayed_cost": 27.237611055374146,
            "stayed_runtime": 4458.252,
            "storage_cost": 0.0,
            "storage_runtime": 0
        },
        "multi_cloud_plan": "stay",
        "percent_diff": 0.0,
        "profiling_cost": 69.23882858758112,
        "profiling_runtime": 10239.637865841953
    },
    "customer": {
        "arachne": 40.49221682548523,
        "arachne_runtime": 8817.51,
        "baseline_cost": 40.49221682548523,
        "baseline_runtime": 8817.51,
        "exec_details": {
            "api_cost": 0,
            "load_cost": 0,
            "load_runtime": 0,
            "moved_cost": 0,
            "moved_queries": [],
            "moved_runtime": 0,
            "mvmt_cost": 0.0,
            "mvmt_runtime": 0.0,
            "stayed_cost": 40.49221682548523,
            "stayed_runtime": 8817.51,
            "storage_cost": 0.0,
            "storage_runtime": 0
        },
        "multi_cloud_plan": "stay",
        "percent_diff": 0.0,
        "profiling_cost": 101.62449932797344,
        "profiling_runtime": 17311.41820515949
    },
    "customer_address": {
        "arachne": 41.92341923713684,
        "arachne_runtime": 9197.969999999998,
        "baseline_cost": 41.92341923713684,
        "baseline_runtime": 9197.969999999998,
        "exec_details": {
            "api_cost": 0,
            "load_cost": 0,
            "load_runtime": 0,
            "moved_cost": 0,
            "moved_queries": [],
            "moved_runtime": 0,
            "mvmt_cost": 0.0,
            "mvmt_runtime": 0.0,
            "stayed_cost": 41.92341923713684,
            "stayed_runtime": 9197.969999999998,
            "storage_cost": 0.0,
            "storage_runtime": 0
        },
        "multi_cloud_plan": "stay",
        "percent_diff": 0.0,
        "profiling_cost": 105.5279459052804,
        "profiling_runtime": 18686.558670054008
    },
    "customer_demographics": {
        "arachne": 45.750197649002075,
        "arachne_runtime": 8311.683,
        "baseline_cost": 45.750197649002075,
        "baseline_runtime": 8311.683,
        "exec_details": {
            "api_cost": 0,
            "load_cost": 0,
            "load_runtime": 0,
            "moved_cost": 0,
            "moved_queries": [],
            "moved_runtime": 0,
            "mvmt_cost": 0.0,
            "mvmt_runtime": 0.0,
            "stayed_cost": 45.750197649002075,
            "stayed_runtime": 8311.683,
            "storage_cost": 0.0,
            "storage_runtime": 0
        },
        "multi_cloud_plan": "stay",
        "percent_diff": 0.0,
        "profiling_cost": 109.97582111322504,
        "profiling_runtime": 18050.13436729909
    },
    "date_dim": {
        "arachne": 7.3157312870025635,
        "arachne_runtime": 1201.052,
        "baseline_cost": 7.3157312870025635,
        "baseline_runtime": 1201.052,
        "exec_details": {
            "api_cost": 0,
            "load_cost": 0,
            "load_runtime": 0,
            "moved_cost": 0,
            "moved_queries": [],
            "moved_runtime": 0,
            "mvmt_cost": 0.0,
            "mvmt_runtime": 0.0,
            "stayed_cost": 7.3157312870025635,
            "stayed_runtime": 1201.052,
            "storage_cost": 0.0,
            "storage_runtime": 0
        },
        "multi_cloud_plan": "stay",
        "percent_diff": 0.0,
        "profiling_cost": 58.760928080735546,
        "profiling_runtime": 5650.185965214248
    },
    "household_demographics": {
        "arachne": 47.702346324920654,
        "arachne_runtime": 8746.995999999996,
        "baseline_cost": 47.702346324920654,
        "baseline_runtime": 8746.995999999996,
        "exec_details": {
            "api_cost": 0,
            "load_cost": 0,
            "load_runtime": 0,
            "moved_cost": 0,
            "moved_queries": [],
            "moved_runtime": 0,
            "mvmt_cost": 0.0,
            "mvmt_runtime": 0.0,
            "stayed_cost": 47.702346324920654,
            "stayed_runtime": 8746.995999999996,
            "storage_cost": 0.0,
            "storage_runtime": 0
        },
        "multi_cloud_plan": "stay",
        "percent_diff": 0.0,
        "profiling_cost": 112.80800911527416,
        "profiling_runtime": 18849.207425108383
    },
    "income_band": {
        "arachne": 52.68862271308899,
        "arachne_runtime": 11728.241000000004,
        "baseline_cost": 52.68862271308899,
        "baseline_runtime": 11728.241000000004,
        "exec_details": {
            "api_cost": 0,
            "load_cost": 0,
            "load_runtime": 0,
            "moved_cost": 0,
            "moved_queries": [],
            "moved_runtime": 0,
            "mvmt_cost": 0.0,
            "mvmt_runtime": 0.0,
            "stayed_cost": 52.68862271308899,
            "stayed_runtime": 11728.241000000004,
            "storage_cost": 0.0,
            "storage_runtime": 0
        },
        "multi_cloud_plan": "stay",
        "percent_diff": 0.0,
        "profiling_cost": 119.27959753891648,
        "profiling_runtime": 22445.122974268263
    },