{
    "call_center": {
        "arachne": 49.00217056274414,
        "arachne_runtime": 11918.302999999998,
        "baseline_cost": 49.00217056274414,
        "baseline_runtime": 11918.302999999998,
        "exec_details": {
            "api_cost": 0,
            "load_cost": 0,
            "load_runtime": 0,
            "moved_cost": 0,
            "moved_queries": [],
            "moved_runtime": 0,
            "mvmt_cost": 0.0,
            "mvmt_runtime": 0.0,
            "stayed_cost": 49.00217056274414,
            "stayed_runtime": 11918.302999999998,
            "storage_cost": 0.0,
            "storage_runtime": 0
        },
        "multi_cloud_plan": "stay",
        "percent_diff": 0.0,
        "profiling_cost": 115.66094685203666,
        "profiling_runtime": 22663.24400307024
    },
    "catalog_page": {
        "arachne": 48.07597637176514,
        "arachne_runtime": 11818.854000000007,
        "baseline_cost": 48.07597637176514,
        "baseline_runtime": 11818.854000000007,
        "exec_details": {
            "api_cost": 0,
            "load_cost": 0,
            "load_runtime": 0,
            "moved_cost": 0,
            "moved_queries": [],
            "moved_runtime": 0,
            "mvmt_cost": 0.0,
            "mvmt_runtime": 0.0,
            "stayed_cost": 48.07597637176514,
            "stayed_runtime": 11818.854000000007,
            "storage_cost": 0.0,
            "storage_runtime": 0
        },
        "multi_cloud_plan": "stay",
        "percent_diff": 0.0,
        "profiling_cost": 114.41799716397543,
        "profiling_runtime": 22432.789932200893
    },
    "catalog_returns": {
        "arachne": 42.281060218811035,
        "arachne_runtime": 8215.814,
        "baseline_cost": 42.281060218811035,
        "baseline_runtime": 8215.814,
        "exec_details": {
            "api_cost": 0,
            "load_cost": 0,
            "load_runtime": 0,
            "moved_cost": 0,
            "moved_queries": [],
            "moved_runtime": 0,
            "mvmt_cost": 0.0,
            "mvmt_runtime": 0.0,
            "stayed_cost": 42.281060218811035,
            "stayed_runtime": 8215.814,
            "storage_cost": 0.0,
            "storage_runtime": 0
        },
        "multi_cloud_plan": "stay",
        "percent_diff": 0.0,
        "profiling_cost": 103.57434185629951,
        "profiling_runtime": 17301.87364902604
    },
    "catalog_sales": {
        "arachne": 24.761464595794678,
        "arachne_runtime": 4458.252000000001,
        "baseline_cost": 24.761464595794678,
        "baseline_runtime": 4458.252000000001,
        "exec_details": {
            "api_cost": 0,
            "load_cost": 0,
            "load_runtime": 0,
            "moved_cost": 0,
            "moved_queries": [],
            "moved_runtime": 0,
            "mvmt_cost": 0.0,
            "mvmt_runtime": 0.0,
            "stayed_cost": 24.761464595794678,
            "stayed_runtime": 4458.252000000001,
            "storage_cost": 0.0,
            "storage_runtime": 0
        },
        "multi_cloud_plan": "stay",
        "percent_diff": 0.0,
        "profiling_cost": 66.76268212800169,
        "profiling_runtime": 10239.637865841953
    },
    "customer": {
        "arachne": 36.81110620498657,
        "arachne_runtime": 8817.509999999998,
        "baseline_cost": 36.81110620498657,
        "baseline_runtime": 8817.509999999998,
        "exec_details": {
            "api_cost": 0,
            "load_cost": 0,
            "load_runtime": 0,
            "moved_cost": 0,
            "moved_queries": [],
            "moved_runtime": 0,
            "mvmt_cost": 0.0,
            "mvmt_runtime": 0.0,
            "stayed_cost": 36.81110620498657,
            "stayed_runtime": 8817.509999999998,
            "storage_cost": 0.0,
            "storage_runtime": 0
        },
        "multi_cloud_plan": "stay",
        "percent_diff": 0.0,
        "profiling_cost": 97.9433887074748,
        "profiling_runtime": 17311.41820515949
    },
    "customer_address": {
        "arachne": 38.11219930648804,
        "arachne_runtime": 9197.970000000003,
        "baseline_cost": 38.11219930648804,
        "baseline_runtime": 9197.970000000003,
        "exec_details": {
            "api_cost": 0,
            "load_cost": 0,
            "load_runtime": 0,
            "moved_cost": 0,
            "moved_queries": [],
            "moved_runtime": 0,
            "mvmt_cost": 0.0,
            "mvmt_runtime": 0.0,
            "stayed_cost": 38.11219930648804,
            "stayed_runtime": 9197.970000000003,
            "storage_cost": 0.0,
            "storage_runtime": 0
        },
        "multi_cloud_plan": "stay",
        "percent_diff": 0.0,
        "profiling_cost": 101.7167259746316,
        "profiling_runtime": 18686.558670054004
    },
    "customer_demographics": {
        "arachne": 41.59108877182007,
        "arachne_runtime": 8311.682999999999,
        "baseline_cost": 41.59108877182007,
        "baseline_runtime": 8311.682999999999,
        "exec_details": {
            "api_cost": 0,
            "load_cost": 0,
            "load_runtime": 0,
            "moved_cost": 0,
            "moved_queries": [],
            "moved_runtime": 0,
            "mvmt_cost": 0.0,
            "mvmt_runtime": 0.0,
            "stayed_cost": 41.59108877182007,
            "stayed_runtime": 8311.682999999999,
            "storage_cost": 0.0,
            "storage_runtime": 0
        },
        "multi_cloud_plan": "stay",
        "percent_diff": 0.0,
        "profiling_cost": 105.816712236043,
        "profiling_runtime": 18050.13436729909
    },
    "date_dim": {
        "arachne": 6.650664806365967,
        "arachne_runtime": 1201.0519999999997,
        "baseline_cost": 6.650664806365967,
        "baseline_runtime": 1201.0519999999997,
        "exec_details": {
            "api_cost": 0,
            "load_cost": 0,
            "load_runtime": 0,
            "moved_cost": 0,
            "moved_queries": [],
            "moved_runtime": 0,
            "mvmt_cost": 0.0,
            "mvmt_runtime": 0.0,
            "stayed_cost": 6.650664806365967,
            "stayed_runtime": 1201.0519999999997,
            "storage_cost": 0.0,
            "storage_runtime": 0
        },
        "multi_cloud_plan": "stay",
        "percent_diff": 0.0,
        "profiling_cost": 58.09586160009895,
        "profiling_runtime": 5650.185965214248
    },
    "household_demographics": {
        "arachne": 43.365769386291504,
        "arachne_runtime": 8746.996000000001,
        "baseline_cost": 43.365769386291504,
        "baseline_runtime": 8746.996000000001,
        "exec_details": {
            "api_cost": 0,
            "load_cost": 0,
            "load_runtime": 0,
            "moved_cost": 0,
            "moved_queries": [],
            "moved_runtime": 0,
            "mvmt_cost": 0.0,
            "mvmt_runtime": 0.0,
            "stayed_cost": 43.365769386291504,
            "stayed_runtime": 8746.996000000001,
            "storage_cost": 0.0,
            "storage_runtime": 0
        },
        "multi_cloud_plan": "stay",
        "percent_diff": 0.0,
        "profiling_cost": 108.47143217664501,
        "profiling_runtime": 18849.207425108387
    },
    "income_band": {
        "arachne": 47.89874792098999,
        "arachne_runtime": 11728.241000000002,
        "baseline_cost": 47.89874792098999,
        "baseline_runtime": 11728.241000000002,
        "exec_details": {
            "api_cost": 0,
            "load_cost": 0,
            "load_runtime": 0,
            "moved_cost": 0,
            "moved_queries": [],
            "moved_runtime": 0,
            "mvmt_cost": 0.0,
            "mvmt_runtime": 0.0,
            "stayed_cost": 47.89874792098999,
            "stayed_runtime": 11728.241000000002,
            "storage_cost": 0.0,
            "storage_runtime": 0
        },
        "multi_cloud_plan": "stay",
        "percent_diff": 0.0,
        "profiling_cost": 114.48972274681748,