{
    "call_center": {
        "arachne": 44.10195350646973,
        "arachne_runtime": 11918.303,
        "baseline_cost": 44.10195350646973,
        "baseline_runtime": 11918.303,
        "exec_details": {
            "api_cost": 0,
            "load_cost": 0,
            "load_runtime": 0,
            "moved_cost": 0,
            "moved_queries": [],
            "moved_runtime": 0,
            "mvmt_cost": 0.0,
            "mvmt_runtime": 0.0,
            "stayed_cost": 44.10195350646973,
            "stayed_runtime": 11918.303,
            "storage_cost": 0.0,
            "storage_runtime": 0
        },
        "multi_cloud_plan": "stay",
        "percent_diff": 0.0,
        "profiling_cost": 89.93903385197646,
        "profiling_runtime": 22663.244003070227
    },
    "catalog_page": {
        "arachne": 43.26837873458862,
        "arachne_runtime": 11818.854,
        "baseline_cost": 43.26837873458862,
        "baseline_runtime": 11818.854,
        "exec_details": {
            "api_cost": 0,
            "load_cost": 0,
            "load_runtime": 0,
            "moved_cost": 0,
            "moved_queries": [],
            "moved_runtime": 0,
            "mvmt_cost": 0.0,
            "mvmt_runtime": 0.0,
            "stayed_cost": 43.26837873458862,
            "stayed_runtime": 11818.854,
            "storage_cost": 0.0,
            "storage_runtime": 0
        },
        "multi_cloud_plan": "stay",
        "percent_diff": 0.0,
        "profiling_cost": 89.06533386826314,
        "profiling_runtime": 22432.789932200885
    },
    "catalog_returns": {
        "arachne": 38.05295419692993,
        "arachne_runtime": 8215.813999999998,
        "baseline_cost": 38.05295419692993,
        "baseline_runtime": 8215.813999999998,
        "exec_details": {
            "api_cost": 0,
            "load_cost": 0,
            "load_runtime": 0,
            "moved_cost": 0,
            "moved_queries": [],
            "moved_runtime": 0,
            "mvmt_cost": 0.0,
            "mvmt_runtime": 0.0,
            "stayed_cost": 38.05295419692993,
            "stayed_runtime": 8215.813999999998,
            "storage_cost": 0.0,
            "storage_runtime": 0
        },
        "multi_cloud_plan": "stay",
        "percent_diff": 0.0,
        "profiling_cost": 81.96529466158395,
        "profiling_runtime": 17301.873649026045
    },
    "catalog_sales": {
        "arachne": 22.28531813621521,
        "arachne_runtime": 4458.2519999999995,
        "baseline_cost": 22.28531813621521,
        "baseline_runtime": 4458.2519999999995,
        "exec_details": {
            "api_cost": 0,
            "load_cost": 0,
            "load_runtime": 0,
            "moved_cost": 0,
            "moved_queries": [],
            "moved_runtime": 0,
            "mvmt_cost": 0.0,
            "mvmt_runtime": 0.0,
            "stayed_cost": 22.28531813621521,
            "stayed_runtime": 4458.2519999999995,
            "storage_cost": 0.0,
            "storage_runtime": 0
        },
        "multi_cloud_plan": "stay",
        "percent_diff": 0.0,
        "profiling_cost": 53.36513397500068,
        "profiling_runtime": 10239.637865841954
    },
    "customer": {
        "arachne": 33.129995584487915,
        "arachne_runtime": 8817.509999999998,
        "baseline_cost": 33.129995584487915,
        "baseline_runtime": 8817.509999999998,
        "exec_details": {
            "api_cost": 0,
            "load_cost": 0,
            "load_runtime": 0,
            "moved_cost": 0,
            "moved_queries": [],
            "moved_runtime": 0,
            "mvmt_cost": 0.0,
            "mvmt_runtime": 0.0,
            "stayed_cost": 33.129995584487915,
            "stayed_runtime": 8817.509999999998,
            "storage_cost": 0.0,
            "storage_runtime": 0
        },
        "multi_cloud_plan": "stay",
        "percent_diff": 0.0,
        "profiling_cost": 78.19002031951237,
        "profiling_runtime": 17311.418205159487
    },
    "customer_address": {
        "arachne": 34.30097937583923,
        "arachne_runtime": 9197.969999999998,
        "baseline_cost": 34.30097937583923,
        "baseline_runtime": 9197.969999999998,
        "exec_details": {
            "api_cost": 0,
            "load_cost": 0,
            "load_runtime": 0,
            "moved_cost": 0,
            "moved_queries": [],
            "moved_runtime": 0,
            "mvmt_cost": 0.0,
            "mvmt_runtime": 0.0,
            "stayed_cost": 34.30097937583923,
            "stayed_runtime": 9197.969999999998,
            "storage_cost": 0.0,
            "storage_runtime": 0
        },
        "multi_cloud_plan": "stay",
        "percent_diff": 0.0,
        "profiling_cost": 79.73596510415757,
        "profiling_runtime": 18686.558670054
    },
    "customer_demographics": {
        "arachne": 37.43197989463806,
        "arachne_runtime": 8311.682999999999,
        "baseline_cost": 37.43197989463806,
        "baseline_runtime": 8311.682999999999,
        "exec_details": {
            "api_cost": 0,
            "load_cost": 0,
            "load_runtime": 0,
            "moved_cost": 0,
            "moved_queries": [],
            "moved_runtime": 0,
            "mvmt_cost": 0.0,
            "mvmt_runtime": 0.0,
            "stayed_cost": 37.43197989463806,
            "stayed_runtime": 8311.682999999999,
            "storage_cost": 0.0,
            "storage_runtime": 0
        },
        "multi_cloud_plan": "stay",
        "percent_diff": 0.0,
        "profiling_cost": 82.96123028094088,
        "profiling_runtime": 18050.13436729909
    },
    "date_dim": {
        "arachne": 5.98559832572937,
        "arachne_runtime": 1201.0520000000001,
        "baseline_cost": 5.98559832572937,
        "baseline_runtime": 1201.0520000000001,
        "exec_details": {
            "api_cost": 0,
            "load_cost": 0,
            "load_runtime": 0,
            "moved_cost": 0,
            "moved_queries": [],
            "moved_runtime": 0,
            "mvmt_cost": 0.0,
            "mvmt_runtime": 0.0,
            "stayed_cost": 5.98559832572937,
            "stayed_runtime": 1201.0520000000001,
            "storage_cost": 0.0,
            "storage_runtime": 0
        },
        "multi_cloud_plan": "stay",
        "percent_diff": 0.0,
        "profiling_cost": 49.90373580271438,
        "profiling_runtime": 5650.185965214248
    },
    "household_demographics": {
        "arachne": 39.02919244766235,
        "arachne_runtime": 8746.995999999997,
        "baseline_cost": 39.02919244766235,
        "baseline_runtime": 8746.995999999997,
        "exec_details": {
            "api_cost": 0,
            "load_cost": 0,
            "load_runtime": 0,
            "moved_cost": 0,
            "moved_queries": [],
            "moved_runtime": 0,
            "mvmt_cost": 0.0,
            "mvmt_runtime": 0.0,
            "stayed_cost": 39.02919244766235,
            "stayed_runtime": 8746.995999999997,
            "storage_cost": 0.0,
            "storage_runtime": 0
        },
        "multi_cloud_plan": "stay",
        "percent_diff": 0.0,
        "profiling_cost": 84.67038981257477,
        "profiling_runtime": 18849.20742510839
    },
    "income_band": {
        "arachne": 43.10887312889099,
        "arachne_runtime": 11728.240999999993,
        "baseline_cost": 43.10887312889099,
        "baseline_runtime": 11728.240999999993,
        "exec_details": {
            "api_cost": 0,
            "load_cost": 0,
            "load_runtime": 0,
            "moved_cost": 0,
            "moved_queries": [],
            "moved_runtime": 0,
            "mvmt_cost": 0.0,
            "mvmt_runtime": 0.0,
            "stayed_cost": 43.10887312889099,
            "stayed_runtime": 11728.240999999993,
            "storage_cost": 0.0,
            "storage_runtime": 0
        },
        "multi_cloud_plan": "stay",
        "percent_diff": 0.0,
        "profiling_cost": 88.93740338276784,