{
    "call_center": {
        "arachne": 29.401302337646484,
        "arachne_runtime": 11918.302999999996,
        "baseline_cost": 29.401302337646484,
        "baseline_runtime": 11918.302999999996,
        "exec_details": {
            "api_cost": 0,
            "load_cost": 0,
            "load_runtime": 0,
            "moved_cost": 0,
            "moved_queries": [],
            "moved_runtime": 0,
            "mvmt_cost": 0.0,
            "mvmt_runtime": 0.0,
            "stayed_cost": 29.401302337646484,
            "stayed_runtime": 11918.302999999996,
            "storage_cost": 0.0,
            "storage_runtime": 0
        },
        "multi_cloud_plan": "stay",
        "percent_diff": 0.0,
        "profiling_cost": 75.23838268315323,
        "profiling_runtime": 22663.24400307023
    },
    "catalog_page": {
        "arachne": 28.845585823059082,
        "arachne_runtime": 11818.854000000001,
        "baseline_cost": 28.845585823059082,
        "baseline_runtime": 11818.854000000001,
        "exec_details": {
            "api_cost": 0,
            "load_cost": 0,
            "load_runtime": 0,
            "moved_cost": 0,
            "moved_queries": [],
            "moved_runtime": 0,
            "mvmt_cost": 0.0,
            "mvmt_runtime": 0.0,
            "stayed_cost": 28.845585823059082,
            "stayed_runtime": 11818.854000000001,
            "storage_cost": 0.0,
            "storage_runtime": 0
        },
        "multi_cloud_plan": "stay",
        "percent_diff": 0.0,
        "profiling_cost": 74.64254095673357,
        "profiling_runtime": 22432.78993220089
    },
    "catalog_returns": {
        "arachne": 25.36863613128662,
        "arachne_runtime": 8215.813999999998,
        "baseline_cost": 25.36863613128662,
        "baseline_runtime": 8215.813999999998,
        "exec_details": {
            "api_cost": 0,
            "load_cost": 0,
            "load_runtime": 0,
            "moved_cost": 0,
            "moved_queries": [],
            "moved_runtime": 0,
            "mvmt_cost": 0.0,
            "mvmt_runtime": 0.0,
            "stayed_cost": 25.36863613128662,
            "stayed_runtime": 8215.813999999998,
            "storage_cost": 0.0,
            "storage_runtime": 0
        },
        "multi_cloud_plan": "stay",
        "percent_diff": 0.0,
        "profiling_cost": 69.28097659594064,
        "profiling_runtime": 17301.87364902604
    },
    "catalog_sales": {
        "arachne": 14.856878757476807,
        "arachne_runtime": 4458.252,
        "baseline_cost": 14.856878757476807,
        "baseline_runtime": 4458.252,
        "exec_details": {
            "api_cost": 0,
            "load_cost": 0,
            "load_runtime": 0,
            "moved_cost": 0,
            "moved_queries": [],
            "moved_runtime": 0,
            "mvmt_cost": 0.0,
            "mvmt_runtime": 0.0,
            "stayed_cost": 14.856878757476807,
            "stayed_runtime": 4458.252,
            "storage_cost": 0.0,
            "storage_runtime": 0
        },
        "multi_cloud_plan": "stay",
        "percent_diff": 0.0,
        "profiling_cost": 45.93669459626228,
        "profiling_runtime": 10239.637865841953
    },
    "customer": {
        "arachne": 22.086663722991943,
        "arachne_runtime": 8817.509999999995,
        "baseline_cost": 22.086663722991943,
        "baseline_runtime": 8817.509999999995,
        "exec_details": {
            "api_cost": 0,
            "load_cost": 0,
            "load_runtime": 0,
            "moved_cost": 0,
            "moved_queries": [],
            "moved_runtime": 0,
            "mvmt_cost": 0.0,
            "mvmt_runtime": 0.0,
            "stayed_cost": 22.086663722991943,
            "stayed_runtime": 8817.509999999995,
            "storage_cost": 0.0,
            "storage_runtime": 0
        },
        "multi_cloud_plan": "stay",
        "percent_diff": 0.0,
        "profiling_cost": 67.1466884580164,
        "profiling_runtime": 17311.41820515949
    },
    "customer_address": {
        "arachne": 22.867319583892822,
        "arachne_runtime": 9197.97,
        "baseline_cost": 22.867319583892822,
        "baseline_runtime": 9197.97,
        "exec_details": {
            "api_cost": 0,
            "load_cost": 0,
            "load_runtime": 0,
            "moved_cost": 0,
            "moved_queries": [],
            "moved_runtime": 0,
            "mvmt_cost": 0.0,
            "mvmt_runtime": 0.0,
            "stayed_cost": 22.867319583892822,
            "stayed_runtime": 9197.97,
            "storage_cost": 0.0,
            "storage_runtime": 0
        },
        "multi_cloud_plan": "stay",
        "percent_diff": 0.0,
        "profiling_cost": 68.30230531221116,
        "profiling_runtime": 18686.558670054
    },
    "customer_demographics": {
        "arachne": 24.95465326309204,
        "arachne_runtime": 8311.682999999999,
        "baseline_cost": 24.95465326309204,
        "baseline_runtime": 8311.682999999999,
        "exec_details": {
            "api_cost": 0,
            "load_cost": 0,
            "load_runtime": 0,
            "moved_cost": 0,
            "moved_queries": [],
            "moved_runtime": 0,
            "mvmt_cost": 0.0,
            "mvmt_runtime": 0.0,
            "stayed_cost": 24.95465326309204,
            "stayed_runtime": 8311.682999999999,
            "storage_cost": 0.0,
            "storage_runtime": 0
        },
        "multi_cloud_plan": "stay",
        "percent_diff": 0.0,
        "profiling_cost": 70.48390364939486,
        "profiling_runtime": 18050.13436729909
    },
    "date_dim": {
        "arachne": 3.99039888381958,
        "arachne_runtime": 1201.052,
        "baseline_cost": 3.99039888381958,
        "baseline_runtime": 1201.052,
        "exec_details": {
            "api_cost": 0,
            "load_cost": 0,
            "load_runtime": 0,
            "moved_cost": 0,
            "moved_queries": [],
            "moved_runtime": 0,
            "mvmt_cost": 0.0,
            "mvmt_runtime": 0.0,
            "stayed_cost": 3.99039888381958,
            "stayed_runtime": 1201.052,
            "storage_cost": 0.0,
            "storage_runtime": 0
        },
        "multi_cloud_plan": "stay",
        "percent_diff": 0.0,
        "profiling_cost": 47.90853636080459,
        "profiling_runtime": 5650.185965214248
    },
    "household_demographics": {
        "arachne": 26.019461631774902,
        "arachne_runtime": 8746.996,
        "baseline_cost": 26.019461631774902,
        "baseline_runtime": 8746.996,
        "exec_details": {
            "api_cost": 0,
            "load_cost": 0,
            "load_runtime": 0,
            "moved_cost": 0,
            "moved_queries": [],
            "moved_runtime": 0,
            "mvmt_cost": 0.0,
            "mvmt_runtime": 0.0,
            "stayed_cost": 26.019461631774902,
            "stayed_runtime": 8746.996,
            "storage_cost": 0.0,
            "storage_runtime": 0
        },
        "multi_cloud_plan": "stay",
        "percent_diff": 0.0,
        "profiling_cost": 71.66065899668732,
        "profiling_runtime": 18849.20742510839
    },
    "income_band": {
        "arachne": 28.739248752593994,
        "arachne_runtime": 11728.240999999998,
        "baseline_cost": 28.739248752593994,
        "baseline_runtime": 11728.240999999998,
        "exec_details": {
            "api_cost": 0,
            "load_cost": 0,
            "load_runtime": 0,
            "moved_cost": 0,
            "moved_queries": [],
            "moved_runtime": 0,
            "mvmt_cost": 0.0,
            "mvmt_runtime": 0.0,
            "stayed_cost": 28.739248752593994,
            "stayed_runtime": 11728.240999999998,
            "storage_cost": 0.0,
            "storage_runtime": 0
        },
        "multi_cloud_plan": "stay",
        "percent_diff": 0.0,
        "profiling_cost": 74.56777900647083,
        "profiling_runtime": 22445.122974268255
    },