{
    "all": {
        "arachne": 2.2954497459216645,
        "arachne_runtime": 2592.733491897583,
        "baseline_cost": 5.263963113495112,
        "baseline_runtime": 17449.601481199265,
        "exec_details": {
            "api_cost": 0.0012862614511847498,
            "load_cost": 0.07731892365773521,
            "load_runtime": 256.30582427978516,
            "moved_cost": 0.10160207748413086,
            "moved_queries": [
                "7d"
            ],
            "moved_runtime": 6.608,
            "moved_tables": [
                "customer",
                "store_sales"
            ],
            "mvmt_cost": 1.3330674903242228,
            "mvmt_runtime": 36.63950958289206,
            "stayed_cost": 0.7821412700557708,
            "stayed_queries": [
                "04",
                "09",
                "10a",
                "10b",
                "10c",
                "11a",
                "11b",
                "11c",
                "14",
                "18",
                "1a",
                "1b",
                "1c",
                "1d",
                "1e",
                "27",
                "2a",
                "2b",
                "2c",
                "2d",
                "36",
                "3b",
                "3c",
                "3d",
                "4a",
                "4b",
                "4c",
                "4d",
                "4e",
                "5a",
                "5b",
                "5c",
                "5d",
                "5e",
                "64",
                "6a",
                "6b",
                "6c",
                "6d",
                "75",
                "88",
                "8a",
                "8b",
                "8c",
                "9a",
                "9b",
                "9c"
            ],
            "stayed_runtime": 2592.733491897583,
            "stayed_tables": [
                "call_center",
                "catalog_page",
                "catalog_returns",
                "catalog_sales",
                "customer_address",
                "customer_demographics",
                "date_dim",
                "household_demographics",
                "income_band",
                "inventory",
                "item",
                "promotion",
                "reason",
                "ship_mode",
                "store",
                "store_returns",
                "time_dim",
                "warehouse",
                "web_page",
                "web_returns",
                "web_sales",
                "web_site"
            ],
            "storage_cost": 3.3722948620396e-05,
            "storage_runtime": 262.91382427978516
        },
        "multi_cloud_plan": "multi",
        "percent_diff": 56.39312631129827,
        "profiling_cost": 14.981821415482713,
        "profiling_runtime": 18967.711544945632
    }
}