{
    "all": {
        "arachne": 6.616660372033772,
        "arachne_runtime": 1122.0849609375,
        "baseline_cost": 21.05585245398045,
        "baseline_runtime": 17449.601481199265,
        "exec_details": {
            "api_cost": 0.003036266706556082,
            "load_cost": 0.7699048957506817,
            "load_runtime": 638.0427312850952,
            "moved_cost": 1.3772428035736084,
            "moved_queries": [
                "10a",
                "10b",
                "10c",
                "11a",
                "11b",
                "11c",
                "1a",
                "1b",
                "1c",
                "1d",
                "1e",
                "2a",
                "2b",
                "2c",
                "2d",
                "3b",
                "3c",
                "3d",
                "4a",
                "4b",
                "4c",
                "4d",
                "4e",
                "5a",
                "5b",
                "5c",
                "5d",
                "5e",
                "6a",
                "6b",
                "6c",
                "6d",
                "7d",
                "8a",
                "8b",
                "8c",
                "9a",
                "9b",
                "9c"
            ],
            "moved_runtime": 226.925,
            "moved_tables": [
                "catalog_returns",
                "catalog_sales",
                "customer",
                "customer_address",
                "customer_demographics",
                "store_returns",
                "store_sales",
                "web_sales"
            ],
            "mvmt_cost": 3.1122348670968005,
            "mvmt_runtime": 85.54012461099774,
            "stayed_cost": 1.3539825195312503,
            "stayed_queries": [
                "04",
                "09",
                "14",
                "18",
                "27",
                "36",
                "64",
                "75",
                "88"
            ],
            "stayed_runtime": 1122.0849609375,
            "stayed_tables": [
                "call_center",
                "catalog_page",
                "date_dim",
                "household_demographics",
                "income_band",
                "inventory",
                "item",
                "promotion",
                "reason",
                "ship_mode",
                "store",
                "time_dim",
                "warehouse",
                "web_page",
                "web_returns",
                "web_site"
            ],
            "storage_cost": 0.00025901937487492205,
            "storage_runtime": 864.9677312850952
        },
        "multi_cloud_plan": "move",
        "percent_diff": 68.5756708901,
        "profiling_cost": 31.76722400419709,
        "profiling_runtime": 18967.711544945632
    }
}