{
    "call_center": {
        "arachne": 105.77761082165793,
        "arachne_runtime": 77272.14737433815,
        "bq": 227.800030708313,
        "bq_baseline_runtime": 105509.78700000005,
        "multi_cloud_plan": "aws",
        "percent_diff": 53.56558535450723,
        "profiling_cost": 341.9439635912935,
        "profiling_runtime": 212021.07725530813
    },
    "catalog_page": {
        "arachne": 105.58032092225646,
        "arachne_runtime": 76631.20446366692,
        "bq": 220.67111015319824,
        "bq_baseline_runtime": 105723.76799999997,
        "multi_cloud_plan": "aws",
        "percent_diff": 52.15489655670894,
        "profiling_cost": 334.7177620723198,
        "profiling_runtime": 211912.57992207343
    },
    "catalog_returns": {
        "arachne": 100.59003682175457,
        "arachne_runtime": 69601.32153940773,
        "bq": 192.56244659423828,
        "bq_baseline_runtime": 91690.97499999998,
        "multi_cloud_plan": "multi",
        "percent_diff": 47.76238119070286,
        "profiling_cost": 303.06633646574227,
        "profiling_runtime": 186135.82433328626
    },
    "catalog_sales": {
        "arachne": 62.19911726049554,
        "arachne_runtime": 45219.83455430794,
        "bq": 104.03282165527344,
        "bq_baseline_runtime": 57286.78300000001,
        "multi_cloud_plan": "multi",
        "percent_diff": 40.21202513702784,
        "profiling_cost": 206.4989506823609,
        "profiling_runtime": 125087.12124682234
    },
    "customer": {
        "arachne": 100.67279805082978,
        "arachne_runtime": 60935.22873587036,
        "bq": 177.48458862304688,
        "bq_baseline_runtime": 77364.042,
        "multi_cloud_plan": "multi",
        "percent_diff": 43.27800580779151,
        "profiling_cost": 284.3984637563921,
        "profiling_runtime": 159908.28999132343
    },
    "customer_address": {
        "arachne": 103.73125354305888,
        "arachne_runtime": 70694.0742816391,
        "bq": 184.8142957687378,
        "bq_baseline_runtime": 80721.23300000001,
        "multi_cloud_plan": "multi",
        "percent_diff": 43.87271119282889,
        "profiling_cost": 295.8407347688155,
        "profiling_runtime": 176898.2893893318
    },
    "customer_demographics": {
        "arachne": 104.21277321186221,
        "arachne_runtime": 72191.11677235985,
        "bq": 198.8794994354248,
        "bq_baseline_runtime": 91381.87800000001,
        "multi_cloud_plan": "multi",
        "percent_diff": 47.600042484167865,
        "profiling_cost": 310.30894086658435,
        "profiling_runtime": 188894.85405037686
    },
    "date_dim": {
        "arachne": 28.19988250732422,
        "arachne_runtime": 14309.484,
        "bq": 28.19988250732422,
        "bq_baseline_runtime": 12509.484,
        "multi_cloud_plan": "gcp",
        "percent_diff": 0.0,
        "profiling_cost": 123.04000292487484,
        "profiling_runtime": 55030.23569587135
    },
    "household_demographics": {
        "arachne": 104.72995572990942,
        "arachne_runtime": 73867.22894544029,
        "bq": 205.9604024887085,
        "bq_baseline_runtime": 92866.50400000006,
        "multi_cloud_plan": "multi",
        "percent_diff": 49.15044131570334,
        "profiling_cost": 317.6297056035154,
        "profiling_runtime": 191174.60165362732
    },
    "income_band": {
        "arachne": 105.36985276422709,
        "arachne_runtime": 75946.9117731514,
        "bq": 223.85520935058594,
        "bq_baseline_runtime": 105837.27899999998,
        "multi_cloud_plan": "aws",
        "percent_diff": 52.92946138269027,
        "profiling_cost": 337.6892365323334,
        "profiling_runtime": 211321.25753851328
    },
    "inventory": {
        "arachne": 105.7424931581997,
        "arachne_runtime": 77254.87833375359,
        "bq": 229.78483200073242,
        "bq_baseline_runtime": 104093.143,
        "multi_cloud_plan": "aws",
        "percent_diff": 53.98195249116241,
        "profiling_cost": 343.6527275244753,
        "profiling_runtime": 209689.39228545944
    },
    "item": {
        "arachne": 84.35592474509568,
        "arachne_runtime": 48792.809718936915,
        "bq": 85.29973030090332,
        "bq_baseline_runtime": 47767.58200000001,
        "multi_cloud_plan": "multi",
        "percent_diff": 1.1064578428070926,
        "profiling_cost": 188.73796165051763,
        "profiling_runtime": 118790.35888503268
    },
    "promotion": {
        "arachne": 104.9049683722511,
        "arachne_runtime": 74436.28586954498,
        "bq": 206.69442653656006,
        "bq_baseline_runtime": 97443.24400000002,
        "multi_cloud_plan": "multi",
        "percent_diff": 49.246348762241276,
        "profiling_cost": 319.5755701177398,
        "profiling_runtime": 199768.4923708858
    },
    "reason": {
        "arachne": 105.49987379369536,
        "arachne_runtime": 76369.48671287918,
        "bq": 222.1833610534668,
        "bq_baseline_runtime": 104294.70499999999,
        "multi_cloud_plan": "aws",
        "percent_diff": 52.51675314772667,
        "profiling_cost": 335.8107456240555,
        "profiling_runtime": 209093.6804076004
    },
    "ship_mode": {
        "arachne": 105.77885273947358,
        "arachne_runtime": 77276.18203825378,
        "bq": 228.8193941116333,
        "bq_baseline_runtime": 106717.87500000001,
        "multi_cloud_plan": "aws",
        "percent_diff": 53.7719024429076,
        "profiling_cost": 342.8716593374385,
        "profiling_runtime": 212925.29456853864
    },
    "store": {
        "arachne": 100.23306801503965,
        "arachne_runtime": 59252.38045448685,
        "bq": 135.88468074798584,
        "bq_baseline_runtime": 60497.71300000001,
        "multi_cloud_plan": "multi",
        "percent_diff": 26.236668134111678,
        "profiling_cost": 241.0700922845862,
        "profiling_runtime": 137312.2474109535
    },
    "store_returns": {
        "arachne": 97.46704571372162,
        "arachne_runtime": 69328.61269416999,
        "bq": 184.82661247253418,
        "bq_baseline_runtime": 87266.032,
        "multi_cloud_plan": "multi",
        "percent_diff": 47.265686250563334,
        "profiling_cost": 292.8717629050605,
        "profiling_runtime": 173560.36385601235
    },
    "store_sales": {
        "arachne": 20.048508644104004,
        "arachne_runtime": 15114.988,
        "bq": 20.048508644104004,
        "bq_baseline_runtime": 13314.988,
        "multi_cloud_plan": "gcp",
        "percent_diff": 0.0,
        "profiling_cost": 114.39061007871291,
        "profiling_runtime": 54184.848039710996
    },
    "time_dim": {
        "arachne": 105.62666059273775,
        "arachne_runtime": 76782.0241651001,
        "bq": 222.09131240844727,
        "bq_baseline_runtime": 102701.94800000003,
        "multi_cloud_plan": "aws",
        "percent_diff": 52.43998540632685,
        "profiling_cost": 335.40850663579903,
        "profiling_runtime": 206472.66812615198
    },
    "warehouse": {
        "arachne": 105.72038452410986,
        "arachne_runtime": 77086.15839738274,
        "bq": 227.2464418411255,
        "bq_baseline_runtime": 103158.31399999997,
        "multi_cloud_plan": "multi",
        "percent_diff": 53.47765022520263,
        "profiling_cost": 340.8804416789333,
        "profiling_runtime": 207979.21847020532
    },
    "web_page": {
        "arachne": 105.7159721846223,
        "arachne_runtime": 77071.82072681808,
        "bq": 223.11091899871826,
        "bq_baseline_runtime": 105692.673,
        "multi_cloud_plan": "aws",
        "percent_diff": 52.617302344924845,
        "profiling_cost": 337.2235998333105,
        "profiling_runtime": 212100.36530484958
    },
    "web_returns": {
        "arachne": 102.51950395153088,
        "arachne_runtime": 71122.99384707832,
        "bq": 200.7699728012085,
        "bq_baseline_runtime": 97328.229,
        "multi_cloud_plan": "multi",
        "percent_diff": 48.93683426802069,
        "profiling_cost": 311.7709300324728,