{
    "all": {
        "arachne": 2.1480798721313477,
        "arachne_runtime": 383.31100000000004,
        "baseline_cost": 2.1480798721313477,
        "baseline_runtime": 383.31100000000004,
        "exec_details": {
            "api_cost": 0,
            "load_cost": 0,
            "load_runtime": 0,
            "moved_cost": 0,
            "moved_queries": [],
            "moved_runtime": 0,
            "mvmt_cost": 0.0,
            "mvmt_runtime": 0.0,
            "stayed_cost": 2.1480798721313477,
            "stayed_runtime": 383.31100000000004,
            "storage_cost": 0.0,
            "storage_runtime": 0
        },
        "multi_cloud_plan": "stay",
        "percent_diff": 0.0,
        "profiling_cost": 5.108617469786644,
        "profiling_runtime": 1507.0632639767268
    }
}