{
    "call_center": {
        "arachne": 89.34603692296434,
        "arachne_runtime": 20909.853046337754,
        "bq": 236.39038562774658,
        "bq_baseline_runtime": 105783.20400000001,
        "multi_cloud_plan": "aws",
        "percent_diff": 62.2040309779514,
        "profiling_cost": 334.3831226575774,
        "profiling_runtime": 133822.2727238909
    },
    "catalog_page": {
        "arachne": 88.82075258328956,
        "arachne_runtime": 20476.74662608761,
        "bq": 221.7094898223877,
        "bq_baseline_runtime": 105810.44799999997,
        "multi_cloud_plan": "aws",
        "percent_diff": 59.9382269769128,
        "profiling_cost": 319.2083711851035,
        "profiling_runtime": 133442.32688074152
    },
    "catalog_returns": {
        "arachne": 84.20418978718705,
        "arachne_runtime": 18464.89272406153,
        "bq": 193.60082626342773,
        "bq_baseline_runtime": 91777.65500000001,
        "multi_cloud_plan": "aws",
        "percent_diff": 56.50628594290576,
        "profiling_cost": 284.97997868251184,
        "profiling_runtime": 116159.08564697833
    },
    "catalog_sales": {
        "arachne": 54.215442857535116,
        "arachne_runtime": 17632.057342792123,
        "bq": 104.23612117767334,
        "bq_baseline_runtime": 57335.019000000015,
        "multi_cloud_plan": "multi",
        "percent_diff": 47.98785464673671,
        "profiling_cost": 166.51148830576864,
        "profiling_runtime": 72593.92022364044
    },
    "customer": {
        "arachne": 83.87446446716041,
        "arachne_runtime": 16447.724085682683,
        "bq": 185.87164402008057,
        "bq_baseline_runtime": 77589.22300000003,
        "multi_cloud_plan": "aws",
        "percent_diff": 54.87506181518518,
        "profiling_cost": 275.50516057839855,
        "profiling_runtime": 98784.97991059467
    },
    "customer_address": {
        "arachne": 87.0476034963593,
        "arachne_runtime": 19028.786238859553,
        "bq": 193.4046506881714,
        "bq_baseline_runtime": 80994.65000000001,
        "multi_cloud_plan": "aws",
        "percent_diff": 54.99198018939722,
        "profiling_cost": 287.87504027906385,
        "profiling_runtime": 106143.39442206698
    },
    "customer_demographics": {
        "arachne": 87.3351521335253,
        "arachne_runtime": 19252.59073366286,
        "bq": 207.4698543548584,
        "bq_baseline_runtime": 91655.29499999998,
        "multi_cloud_plan": "aws",
        "percent_diff": 57.90465443517089,
        "profiling_cost": 302.56651132086984,
        "profiling_runtime": 117307.14871142017
    },
    "date_dim": {
        "arachne": 28.19988250732422,
        "arachne_runtime": 12509.484000000002,
        "bq": 28.19988250732422,
        "bq_baseline_runtime": 12509.484000000002,
        "multi_cloud_plan": "gcp",
        "percent_diff": 0.0,
        "profiling_cost": 106.8286980951808,
        "profiling_runtime": 24580.932669306007
    },
    "household_demographics": {
        "arachne": 88.14824023702286,
        "arachne_runtime": 19922.142934324365,
        "bq": 214.5507574081421,
        "bq_baseline_runtime": 93139.921,
        "multi_cloud_plan": "aws",
        "percent_diff": 58.91497130940556,
        "profiling_cost": 310.8733190401827,
        "profiling_runtime": 119801.74092618274
    },
    "income_band": {
        "arachne": 88.94557003891609,
        "arachne_runtime": 20579.62180384822,
        "bq": 232.44556427001953,
        "bq_baseline_runtime": 106110.69599999998,
        "multi_cloud_plan": "aws",
        "percent_diff": 61.7348817482304,
        "profiling_cost": 330.058865914883,
        "profiling_runtime": 133836.87636284245
    },
    "inventory": {
        "arachne": 89.12035481001902,
        "arachne_runtime": 20742.731747126352,
        "bq": 238.37518692016602,
        "bq_baseline_runtime": 104366.55999999998,
        "multi_cloud_plan": "aws",
        "percent_diff": 62.61340957443434,
        "profiling_cost": 336.10551546395675,
        "profiling_runtime": 132208.23497709347
    },
    "item": {
        "arachne": 82.12143161801468,
        "arachne_runtime": 14970.765479146503,
        "bq": 93.05500507354736,
        "bq_baseline_runtime": 48002.55500000003,
        "multi_cloud_plan": "aws",
        "percent_diff": 11.749581279256471,
        "profiling_cost": 181.14699059494393,
        "profiling_runtime": 67877.73861856232
    },
    "promotion": {
        "arachne": 88.0594091335039,
        "arachne_runtime": 19848.8825146874,
        "bq": 215.28478145599365,
        "bq_baseline_runtime": 97716.66100000001,
        "multi_cloud_plan": "aws",
        "percent_diff": 59.096314872816905,
        "profiling_cost": 312.02231940900225,
        "profiling_runtime": 124720.67576934135
    },
    "reason": {
        "arachne": 89.13202429560504,
        "arachne_runtime": 20733.37475890541,
        "bq": 230.7737159729004,
        "bq_baseline_runtime": 104568.12199999999,
        "multi_cloud_plan": "aws",
        "percent_diff": 61.37687347978928,
        "profiling_cost": 328.0119414470356,
        "profiling_runtime": 131985.0091157169
    },
    "ship_mode": {
        "arachne": 89.37211026907212,
        "arachne_runtime": 20931.353189525806,
        "bq": 237.4097490310669,
        "bq_baseline_runtime": 106991.29199999997,
        "multi_cloud_plan": "aws",
        "percent_diff": 62.3553326542723,
        "profiling_cost": 335.3358910384588,
        "profiling_runtime": 134975.44517498795
    },
    "store": {
        "arachne": 84.82360373860622,
        "arachne_runtime": 17180.64929185403,
        "bq": 136.7197608947754,
        "bq_baseline_runtime": 60536.15699999999,
        "multi_cloud_plan": "aws",
        "percent_diff": 37.9580514305539,
        "profiling_cost": 227.45674317040118,
        "profiling_runtime": 82592.02563271286
    },
    "store_returns": {
        "arachne": 82.48698463861425,
        "arachne_runtime": 22018.32819169495,
        "bq": 185.66169261932373,
        "bq_baseline_runtime": 87304.476,
        "multi_cloud_plan": "multi",
        "percent_diff": 55.57134943946483,
        "profiling_cost": 273.54449266250566,
        "profiling_runtime": 109840.7787032651
    },
    "store_sales": {
        "arachne": 21.086888313293457,
        "arachne_runtime": 13401.667999999998,
        "bq": 21.086888313293457,
        "bq_baseline_runtime": 13401.667999999998,
        "multi_cloud_plan": "gcp",
        "percent_diff": 0.0,
        "profiling_cost": 67.34003192011252,
        "profiling_runtime": 20944.30860931606
    },
    "time_dim": {
        "arachne": 89.31982523120973,
        "arachne_runtime": 20888.33106794735,
        "bq": 230.68166732788086,
        "bq_baseline_runtime": 102975.365,
        "multi_cloud_plan": "aws",
        "percent_diff": 61.280050441002565,
        "profiling_cost": 328.40324815618305,
        "profiling_runtime": 130790.92698092456
    },
    "warehouse": {
        "arachne": 89.06322674788797,
        "arachne_runtime": 20676.651745990996,
        "bq": 235.83679676055908,
        "bq_baseline_runtime": 103431.73100000001,
        "multi_cloud_plan": "aws",
        "percent_diff": 62.23522878055697,
        "profiling_cost": 333.4010574528982,
        "profiling_runtime": 131117.47160812077
    },
    "web_page": {
        "arachne": 89.2579579421046,
        "arachne_runtime": 20837.222209216707,
        "bq": 231.70127391815186,
        "bq_baseline_runtime": 105966.08999999998,
        "multi_cloud_plan": "aws",
        "percent_diff": 61.47713975295843,
        "profiling_cost": 329.5312432953586,
        "profiling_runtime": 133870.93851604237
    },
    "web_returns": {
        "arachne": 86.11246239014712,
        "arachne_runtime": 19113.59691246986,
        "bq": 201.80835247039795,
        "bq_baseline_runtime": 97414.90900000003,
        "multi_cloud_plan": "aws",
        "percent_diff": 57.32958456078847,
        "profiling_cost": 294.91433538022693,