{
    "call_center": {
        "arachne": 68.70703034769284,
        "arachne_runtime": 20909.853046337754,
        "bq": 236.39038562774658,
        "bq_baseline_runtime": 105783.20399999998,
        "multi_cloud_plan": "aws",
        "percent_diff": 70.93493029962372,
        "profiling_cost": 313.74411608230594,
        "profiling_runtime": 133822.2727238909
    },
    "catalog_page": {
        "arachne": 68.18176581453909,
        "arachne_runtime": 20476.74662608761,
        "bq": 221.7094898223877,
        "bq_baseline_runtime": 105810.44800000003,
        "multi_cloud_plan": "aws",
        "percent_diff": 69.24724969185588,
        "profiling_cost": 298.569384416353,
        "profiling_runtime": 133442.32688074157
    },
    "catalog_returns": {
        "arachne": 64.26619082194416,
        "arachne_runtime": 18464.89272406153,
        "bq": 193.60082626342773,
        "bq_baseline_runtime": 91777.65499999998,
        "multi_cloud_plan": "aws",
        "percent_diff": 66.80479517453153,
        "profiling_cost": 265.0419597386954,
        "profiling_runtime": 116159.08564697829
    },
    "catalog_sales": {
        "arachne": 42.55465736471977,
        "arachne_runtime": 11797.687121328838,
        "bq": 104.23612117767334,
        "bq_baseline_runtime": 57335.019000000015,
        "multi_cloud_plan": "multi",
        "percent_diff": 59.17474970870781,
        "profiling_cost": 152.3852037505626,
        "profiling_runtime": 72593.92022364044
    },
    "customer": {
        "arachne": 63.25491001893953,
        "arachne_runtime": 16447.724085682683,
        "bq": 185.87164402008057,
        "bq_baseline_runtime": 77589.22300000001,
        "multi_cloud_plan": "aws",
        "percent_diff": 65.96849920146732,
        "profiling_cost": 254.8856061117655,
        "profiling_runtime": 98784.97991059466
    },
    "customer_address": {
        "arachne": 66.41416026568005,
        "arachne_runtime": 19028.786238859553,
        "bq": 193.4046506881714,
        "bq_baseline_runtime": 80994.65,
        "multi_cloud_plan": "aws",
        "percent_diff": 65.66051538607498,
        "profiling_cost": 267.24159702997235,
        "profiling_runtime": 106143.39442206695
    },
    "customer_demographics": {
        "arachne": 66.6965104505503,
        "arachne_runtime": 19252.59073366286,
        "bq": 207.4698543548584,
        "bq_baseline_runtime": 91655.295,
        "multi_cloud_plan": "aws",
        "percent_diff": 67.8524329917965,
        "profiling_cost": 281.92786961948264,
        "profiling_runtime": 117307.1487114202
    },
    "date_dim": {
        "arachne": 28.19988250732422,
        "arachne_runtime": 12509.484,
        "bq": 28.19988250732422,
        "bq_baseline_runtime": 12509.484,
        "multi_cloud_plan": "gcp",
        "percent_diff": 0.0,
        "profiling_cost": 86.1897512049272,
        "profiling_runtime": 24580.932669306003
    },
    "household_demographics": {
        "arachne": 67.50923456199571,
        "arachne_runtime": 19922.142934324365,
        "bq": 214.5507574081421,
        "bq_baseline_runtime": 93139.92099999999,
        "multi_cloud_plan": "aws",
        "percent_diff": 68.53460906988448,
        "profiling_cost": 290.2343133467433,
        "profiling_runtime": 119801.74092618274
    },
    "income_band": {
        "arachne": 68.30656331000432,
        "arachne_runtime": 20579.62180384822,
        "bq": 232.44556427001953,
        "bq_baseline_runtime": 106110.69599999997,
        "multi_cloud_plan": "aws",
        "percent_diff": 70.61395276588016,
        "profiling_cost": 309.4198591859713,
        "profiling_runtime": 133836.8763628425
    },
    "inventory": {
        "arachne": 68.48875850381981,
        "arachne_runtime": 20742.731747126352,
        "bq": 238.37518692016602,
        "bq_baseline_runtime": 104366.56000000001,
        "multi_cloud_plan": "aws",
        "percent_diff": 71.26850349287515,
        "profiling_cost": 315.47391915775734,
        "profiling_runtime": 132208.2349770935
    },
    "item": {
        "arachne": 61.4900000176936,
        "arachne_runtime": 14970.765479146503,
        "bq": 93.05500507354736,
        "bq_baseline_runtime": 48002.55500000001,
        "multi_cloud_plan": "aws",
        "percent_diff": 33.92080311091908,
        "profiling_cost": 160.50814777266785,
        "profiling_runtime": 67877.7386185623
    },
    "promotion": {
        "arachne": 67.42040316701005,
        "arachne_runtime": 19848.8825146874,
        "bq": 215.28478145599365,
        "bq_baseline_runtime": 97716.66099999998,
        "multi_cloud_plan": "aws",
        "percent_diff": 68.68315414074382,
        "profiling_cost": 291.3833134425083,
        "profiling_runtime": 124720.67576934131
    },
    "reason": {
        "arachne": 68.49301758555254,
        "arachne_runtime": 20733.37475890541,
        "bq": 230.7737159729004,
        "bq_baseline_runtime": 104568.12199999997,
        "multi_cloud_plan": "aws",
        "percent_diff": 70.32026923135578,
        "profiling_cost": 307.37293473698315,
        "profiling_runtime": 131985.00911571694
    },
    "ship_mode": {
        "arachne": 68.73310356913379,
        "arachne_runtime": 20931.353189525806,
        "bq": 237.4097490310669,
        "bq_baseline_runtime": 106991.29200000002,
        "multi_cloud_plan": "aws",
        "percent_diff": 71.04874427033764,
        "profiling_cost": 314.6968843385205,
        "profiling_runtime": 134975.445174988
    },
    "store": {
        "arachne": 64.18461768329541,
        "arachne_runtime": 17180.64929185403,
        "bq": 136.7197608947754,
        "bq_baseline_runtime": 60536.15699999999,
        "multi_cloud_plan": "aws",
        "percent_diff": 53.05388389854318,
        "profiling_cost": 206.81773713651674,
        "profiling_runtime": 82592.02563271286
    },
    "store_returns": {
        "arachne": 63.04272933240283,
        "arachne_runtime": 18159.627168378473,
        "bq": 185.66169261932373,
        "bq_baseline_runtime": 87304.47600000005,
        "multi_cloud_plan": "aws",
        "percent_diff": 66.0442989380345,
        "profiling_cost": 254.01179974320675,
        "profiling_runtime": 109840.77870326511
    },
    "store_sales": {
        "arachne": 21.086888313293457,
        "arachne_runtime": 13401.667999999996,
        "bq": 21.086888313293457,
        "bq_baseline_runtime": 13401.667999999996,
        "multi_cloud_plan": "gcp",
        "percent_diff": 0.0,
        "profiling_cost": 55.366677807820906,
        "profiling_runtime": 20944.30860931606
    },
    "time_dim": {
        "arachne": 68.68085479652542,
        "arachne_runtime": 20888.33106794735,
        "bq": 230.68166732788086,
        "bq_baseline_runtime": 102975.365,
        "multi_cloud_plan": "aws",
        "percent_diff": 70.2269991403758,
        "profiling_cost": 307.7642777214987,
        "profiling_runtime": 130790.92698092455
    },
    "warehouse": {
        "arachne": 68.42422011782676,
        "arachne_runtime": 20676.651745990996,
        "bq": 235.83679676055908,
        "bq_baseline_runtime": 103431.73100000003,
        "multi_cloud_plan": "aws",
        "percent_diff": 70.98662250433436,
        "profiling_cost": 312.76205077545137,
        "profiling_runtime": 131117.47160812083
    },
    "web_page": {
        "arachne": 68.618951514634,
        "arachne_runtime": 20837.222209216707,
        "bq": 231.70127391815186,
        "bq_baseline_runtime": 105966.08999999998,
        "multi_cloud_plan": "aws",
        "percent_diff": 70.38473274045374,
        "profiling_cost": 308.8922368678881,
        "profiling_runtime": 133870.93851604234
    },
    "web_returns": {
        "arachne": 65.81325983758826,
        "arachne_runtime": 19113.59691246986,
        "bq": 201.80835247039795,
        "bq_baseline_runtime": 97414.90899999999,
        "multi_cloud_plan": "aws",
        "percent_diff": 67.38823788413713,
        "profiling_cost": 274.6151128490945,