{
    "call_center": {
        "arachne": 106.5452138373955,
        "arachne_runtime": 20909.853046337754,
        "bq": 260.02942419052124,
        "bq_baseline_runtime": 105783.204,
        "multi_cloud_plan": "aws",
        "percent_diff": 59.02570866005888,
        "profiling_cost": 375.2213333664117,
        "profiling_runtime": 133822.27272389093
    },
    "catalog_page": {
        "arachne": 106.01991299228654,
        "arachne_runtime": 20476.74662608761,
        "bq": 243.88043880462646,
        "bq_baseline_runtime": 105810.448,
        "multi_cloud_plan": "aws",
        "percent_diff": 56.52791445187636,
        "profiling_cost": 358.5784758079678,
        "profiling_runtime": 133442.32688074152
    },
    "catalog_returns": {
        "arachne": 100.81919369326101,
        "arachne_runtime": 18464.89272406153,
        "bq": 212.9609088897705,
        "bq_baseline_runtime": 91777.65499999998,
        "multi_cloud_plan": "aws",
        "percent_diff": 52.6583567759633,
        "profiling_cost": 320.9550770953683,
        "profiling_runtime": 116159.08564697833
    },
    "catalog_sales": {
        "arachne": 63.70415244495265,
        "arachne_runtime": 17632.057342792126,
        "bq": 114.65973329544067,
        "bq_baseline_runtime": 57335.01900000002,
        "multi_cloud_plan": "multi",
        "percent_diff": 44.44069368205501,
        "profiling_cost": 188.7070042195411,
        "profiling_runtime": 72593.92022364045
    },
    "customer": {
        "arachne": 101.05743127571606,
        "arachne_runtime": 16447.724085682683,
        "bq": 204.45880842208862,
        "bq_baseline_runtime": 77589.223,
        "multi_cloud_plan": "aws",
        "percent_diff": 50.57320735867188,
        "profiling_cost": 311.27528703593424,
        "profiling_runtime": 98784.97991059461
    },
    "customer_address": {
        "arachne": 104.24214429029693,
        "arachne_runtime": 19028.786238859553,
        "bq": 212.74511575698853,
        "bq_baseline_runtime": 80994.64999999998,
        "multi_cloud_plan": "aws",
        "percent_diff": 51.00139247879647,
        "profiling_cost": 324.41004138879055,
        "profiling_runtime": 106143.39442206697
    },
    "customer_demographics": {
        "arachne": 104.53402497104268,
        "arachne_runtime": 19252.59073366286,
        "bq": 228.21683979034424,
        "bq_baseline_runtime": 91655.29500000001,
        "multi_cloud_plan": "aws",
        "percent_diff": 54.19530606633811,
        "profiling_cost": 340.51236484084507,
        "profiling_runtime": 117307.14871142022
    },
    "date_dim": {
        "arachne": 31.01987075805664,
        "arachne_runtime": 12509.484,
        "bq": 31.01987075805664,
        "bq_baseline_runtime": 12509.484,
        "multi_cloud_plan": "gcp",
        "percent_diff": 0.0,
        "profiling_cost": 126.84780875445786,
        "profiling_runtime": 24580.932669306003
    },
    "household_demographics": {
        "arachne": 105.34741640125038,
        "arachne_runtime": 19922.142934324365,
        "bq": 236.0058331489563,
        "bq_baseline_runtime": 93139.92100000003,
        "multi_cloud_plan": "aws",
        "percent_diff": 55.36236753319576,
        "profiling_cost": 349.5275661921964,
        "profiling_runtime": 119801.74092618276
    },
    "income_band": {
        "arachne": 106.14474708138081,
        "arachne_runtime": 20579.62180384822,
        "bq": 255.69012069702148,
        "bq_baseline_runtime": 106110.696,
        "multi_cloud_plan": "aws",
        "percent_diff": 58.48695804436011,
        "profiling_cost": 370.50259461597807,
        "profiling_runtime": 133836.8763628425
    },
    "inventory": {
        "arachne": 106.31335650022328,
        "arachne_runtime": 20742.731747126352,
        "bq": 262.2127056121826,
        "bq_baseline_runtime": 104366.55999999998,
        "multi_cloud_plan": "aws",
        "percent_diff": 59.45529937154812,
        "profiling_cost": 377.13603107780585,
        "profiling_runtime": 132208.23497709347
    },
    "item": {
        "arachne": 97.79896074081232,
        "arachne_runtime": 32984.7319404483,
        "bq": 102.3605055809021,
        "bq_baseline_runtime": 48002.555000000015,
        "multi_cloud_plan": "multi",
        "percent_diff": 4.45635239314493,
        "profiling_cost": 207.65152678752872,
        "profiling_runtime": 67877.73861856232
    },
    "promotion": {
        "arachne": 105.25858554062036,
        "arachne_runtime": 19848.8825146874,
        "bq": 236.81325960159302,
        "bq_baseline_runtime": 97716.661,
        "multi_cloud_plan": "aws",
        "percent_diff": 55.55207266784639,
        "profiling_cost": 350.7499691933465,
        "profiling_runtime": 124720.67576934134
    },
    "reason": {
        "arachne": 106.33120132235368,
        "arachne_runtime": 20733.37475890541,
        "bq": 253.85108757019043,
        "bq_baseline_runtime": 104568.12200000003,
        "multi_cloud_plan": "aws",
        "percent_diff": 58.11276510960275,
        "profiling_cost": 368.2884853027028,
        "profiling_runtime": 131985.00911571697
    },
    "ship_mode": {
        "arachne": 106.57128728739231,
        "arachne_runtime": 20931.353189525806,
        "bq": 261.1507239341736,
        "bq_baseline_runtime": 106991.29199999996,
        "multi_cloud_plan": "aws",
        "percent_diff": 59.19165542338111,
        "profiling_cost": 376.2760381915139,
        "profiling_runtime": 134975.44517498795
    },
    "store": {
        "arachne": 102.02276355307015,
        "arachne_runtime": 17180.64929185403,
        "bq": 150.39173698425293,
        "bq_baseline_runtime": 60536.15699999999,
        "multi_cloud_plan": "aws",
        "percent_diff": 32.16198868442311,
        "profiling_cost": 258.3278909547822,
        "profiling_runtime": 82592.02563271286
    },
    "store_returns": {
        "arachne": 98.45639891659435,
        "arachne_runtime": 22018.32819169495,
        "bq": 204.2278618812561,
        "bq_baseline_runtime": 87304.47599999998,
        "multi_cloud_plan": "multi",
        "percent_diff": 51.79090746499627,
        "profiling_cost": 308.3879060238539,
        "profiling_runtime": 109840.77870326508
    },
    "store_sales": {
        "arachne": 23.195577144622803,
        "arachne_runtime": 13401.668,
        "bq": 23.195577144622803,
        "bq_baseline_runtime": 13401.668,
        "multi_cloud_plan": "gcp",
        "percent_diff": 0.0,
        "profiling_cost": 79.4265158450183,
        "profiling_runtime": 20944.30860931606
    },
    "time_dim": {
        "arachne": 106.51897202848491,
        "arachne_runtime": 20888.33106794735,
        "bq": 253.74983406066895,
        "bq_baseline_runtime": 102975.36499999999,
        "multi_cloud_plan": "aws",
        "percent_diff": 58.02205253737532,
        "profiling_cost": 368.67055691787465,
        "profiling_runtime": 130790.92698092455
    },
    "warehouse": {
        "arachne": 106.2624037079772,
        "arachne_runtime": 20676.651745990996,
        "bq": 259.420476436615,
        "bq_baseline_runtime": 103431.73099999996,
        "multi_cloud_plan": "aws",
        "percent_diff": 59.038544232285915,
        "profiling_cost": 374.18390936016004,
        "profiling_runtime": 131117.47160812074
    },
    "web_page": {
        "arachne": 106.45713473336833,
        "arachne_runtime": 20837.222209216707,
        "bq": 254.87140130996704,
        "bq_baseline_runtime": 105966.08999999998,
        "multi_cloud_plan": "aws",
        "percent_diff": 58.231039580663534,
        "profiling_cost": 369.900542710066,
        "profiling_runtime": 133870.93851604237
    },
    "web_returns": {
        "arachne": 103.02846928565107,
        "arachne_runtime": 19113.59691246986,
        "bq": 221.98918771743774,
        "bq_baseline_runtime": 97414.909,
        "multi_cloud_plan": "aws",
        "percent_diff": 53.588519177432914,
        "profiling_cost": 332.0111894032104,
        "profiling_runtime": 122294.89754675329
    },