{
    "call_center": {
        "arachne": 35.45855784416199,
        "arachne_runtime": 105783.20400000001,
        "bq": 35.45855784416199,
        "bq_baseline_runtime": 105783.20400000001,
        "multi_cloud_plan": "gcp",
        "percent_diff": 0.0,
        "profiling_cost": 150.65046702005256,
        "profiling_runtime": 133822.27272389096
    },
    "catalog_page": {
        "arachne": 33.256423473358154,
        "arachne_runtime": 105810.44800000002,
        "bq": 33.256423473358154,
        "bq_baseline_runtime": 105810.44800000002,
        "multi_cloud_plan": "gcp",
        "percent_diff": 0.0,
        "profiling_cost": 147.95446047669947,
        "profiling_runtime": 133442.32688074154
    },
    "catalog_returns": {
        "arachne": 29.04012393951416,
        "arachne_runtime": 91777.65500000001,
        "bq": 29.04012393951416,
        "bq_baseline_runtime": 91777.65500000001,
        "multi_cloud_plan": "gcp",
        "percent_diff": 0.0,
        "profiling_cost": 137.034292145112,
        "profiling_runtime": 116159.08564697833
    },
    "catalog_sales": {
        "arachne": 15.635418176651001,
        "arachne_runtime": 57335.019,
        "bq": 15.635418176651001,
        "bq_baseline_runtime": 57335.019,
        "multi_cloud_plan": "gcp",
        "percent_diff": 0.0,
        "profiling_cost": 89.68268910075126,
        "profiling_runtime": 72593.92022364044
    },
    "customer": {
        "arachne": 27.880746603012085,
        "arachne_runtime": 77589.22300000001,
        "bq": 27.880746603012085,
        "bq_baseline_runtime": 77589.22300000001,
        "multi_cloud_plan": "gcp",
        "percent_diff": 0.0,
        "profiling_cost": 134.69722521685765,
        "profiling_runtime": 98784.97991059464
    },
    "customer_address": {
        "arachne": 29.010697603225708,
        "arachne_runtime": 80994.65000000002,
        "bq": 29.010697603225708,
        "bq_baseline_runtime": 80994.65000000002,
        "multi_cloud_plan": "gcp",
        "percent_diff": 0.0,
        "profiling_cost": 140.67562323502793,
        "profiling_runtime": 106143.39442206695
    },
    "customer_demographics": {
        "arachne": 31.12047815322876,
        "arachne_runtime": 91655.295,
        "bq": 31.12047815322876,
        "bq_baseline_runtime": 91655.295,
        "multi_cloud_plan": "gcp",
        "percent_diff": 0.0,
        "profiling_cost": 143.4160032037298,
        "profiling_runtime": 117307.14871142017
    },
    "date_dim": {
        "arachne": 4.229982376098633,
        "arachne_runtime": 12509.484000000002,
        "bq": 4.229982376098633,
        "bq_baseline_runtime": 12509.484000000002,
        "multi_cloud_plan": "gcp",
        "percent_diff": 0.0,
        "profiling_cost": 100.05792037249985,
        "profiling_runtime": 24580.932669306007
    },
    "household_demographics": {
        "arachne": 32.18261361122131,
        "arachne_runtime": 93139.92100000002,
        "bq": 32.18261361122131,
        "bq_baseline_runtime": 93139.92100000002,
        "multi_cloud_plan": "gcp",
        "percent_diff": 0.0,
        "profiling_cost": 145.70434665446152,
        "profiling_runtime": 119801.74092618276
    },
    "income_band": {
        "arachne": 34.86683464050293,
        "arachne_runtime": 106110.69600000001,
        "bq": 34.86683464050293,
        "bq_baseline_runtime": 106110.69600000001,
        "multi_cloud_plan": "gcp",
        "percent_diff": 0.0,
        "profiling_cost": 149.6793085594597,
        "profiling_runtime": 133836.8763628425
    },
    "inventory": {
        "arachne": 35.7562780380249,
        "arachne_runtime": 104366.56000000001,
        "bq": 35.7562780380249,
        "bq_baseline_runtime": 104366.56000000001,
        "multi_cloud_plan": "gcp",
        "percent_diff": 0.0,
        "profiling_cost": 150.6796035036484,
        "profiling_runtime": 132208.23497709347
    },
    "item": {
        "arachne": 13.958250761032104,
        "arachne_runtime": 48002.555,
        "bq": 13.958250761032104,
        "bq_baseline_runtime": 48002.555,
        "multi_cloud_plan": "gcp",
        "percent_diff": 0.0,
        "profiling_cost": 119.24927196765854,
        "profiling_runtime": 67877.73861856232
    },
    "promotion": {
        "arachne": 32.29271721839905,
        "arachne_runtime": 97716.66100000001,
        "bq": 32.29271721839905,
        "bq_baseline_runtime": 97716.66100000001,
        "multi_cloud_plan": "gcp",
        "percent_diff": 0.0,
        "profiling_cost": 146.22942681015266,
        "profiling_runtime": 124720.67576934132
    },
    "reason": {
        "arachne": 34.61605739593506,
        "arachne_runtime": 104568.12199999999,
        "bq": 34.61605739593506,
        "bq_baseline_runtime": 104568.12199999999,
        "multi_cloud_plan": "gcp",
        "percent_diff": 0.0,
        "profiling_cost": 149.05345512844747,
        "profiling_runtime": 131985.00911571697
    },
    "ship_mode": {
        "arachne": 35.611462354660034,
        "arachne_runtime": 106991.29199999999,
        "bq": 35.611462354660034,
        "bq_baseline_runtime": 106991.29199999999,
        "multi_cloud_plan": "gcp",
        "percent_diff": 0.0,
        "profiling_cost": 150.73677661200068,
        "profiling_runtime": 134975.445174988
    },
    "store": {
        "arachne": 20.50796413421631,
        "arachne_runtime": 60536.157000000014,
        "bq": 20.50796413421631,
        "bq_baseline_runtime": 60536.157000000014,
        "multi_cloud_plan": "gcp",
        "percent_diff": 0.0,
        "profiling_cost": 128.4441181047456,
        "profiling_runtime": 82592.02563271286
    },
    "store_returns": {
        "arachne": 27.84925389289856,
        "arachne_runtime": 87304.476,
        "bq": 27.84925389289856,
        "bq_baseline_runtime": 87304.476,
        "multi_cloud_plan": "gcp",
        "percent_diff": 0.0,
        "profiling_cost": 132.00929803549639,
        "profiling_runtime": 109840.77870326511
    },
    "store_sales": {
        "arachne": 3.1630332469940186,
        "arachne_runtime": 13401.667999999998,
        "bq": 3.1630332469940186,
        "bq_baseline_runtime": 13401.667999999998,
        "multi_cloud_plan": "gcp",
        "percent_diff": 0.0,
        "profiling_cost": 59.39397194738959,
        "profiling_runtime": 20944.30860931606
    },
    "time_dim": {
        "arachne": 34.60225009918213,
        "arachne_runtime": 102975.36500000003,
        "bq": 34.60225009918213,
        "bq_baseline_runtime": 102975.36500000003,
        "multi_cloud_plan": "gcp",
        "percent_diff": 0.0,
        "profiling_cost": 149.522972956388,
        "profiling_runtime": 130790.92698092459
    },
    "warehouse": {
        "arachne": 35.37551951408386,
        "arachne_runtime": 103431.73100000003,
        "bq": 35.37551951408386,
        "bq_baseline_runtime": 103431.73100000003,
        "multi_cloud_plan": "gcp",
        "percent_diff": 0.0,
        "profiling_cost": 150.13895243762894,
        "profiling_runtime": 131117.47160812083
    },
    "web_page": {
        "arachne": 34.75519108772278,
        "arachne_runtime": 105966.09000000005,
        "bq": 34.75519108772278,
        "bq_baseline_runtime": 105966.09000000005,
        "multi_cloud_plan": "gcp",
        "percent_diff": 0.0,
        "profiling_cost": 149.7843324878218,
        "profiling_runtime": 133870.93851604237
    },
    "web_returns": {
        "arachne": 30.271252870559692,
        "arachne_runtime": 97414.90900000001,
        "bq": 30.271252870559692,
        "bq_baseline_runtime": 97414.90900000001,
        "multi_cloud_plan": "gcp",
        "percent_diff": 0.0,
        "profiling_cost": 140.2932545563325,
        "profiling_runtime": 122294.89754675332
    },
    "web_sales": {
        "arachne": 17.909555912017822,
        "arachne_runtime": 66566.271,
        "bq": 17.909555912017822,
        "bq_baseline_runtime": 66566.271,
        "multi_cloud_plan": "gcp",
        "percent_diff": 0.0,
        "profiling_cost": 107.41748136671514,