{
    "call_center": {
        "arachne": 134.06388450271922,
        "arachne_runtime": 20909.853046337754,
        "bq": 236.39038562774658,
        "bq_baseline_runtime": 105783.204,
        "multi_cloud_plan": "aws",
        "percent_diff": 43.28708244766139,
        "profiling_cost": 379.1009702373324,
        "profiling_runtime": 133822.27272389093
    },
    "catalog_page": {
        "arachne": 133.5385572489156,
        "arachne_runtime": 20476.74662608761,
        "bq": 221.7094898223877,
        "bq_baseline_runtime": 105810.448,
        "multi_cloud_plan": "aws",
        "percent_diff": 39.76867776120281,
        "profiling_cost": 363.9261758507295,
        "profiling_runtime": 133442.32688074154
    },
    "catalog_returns": {
        "arachne": 126.90980077401242,
        "arachne_runtime": 19226.364220601175,
        "bq": 193.60082626342773,
        "bq_baseline_runtime": 91777.655,
        "multi_cloud_plan": "multi",
        "percent_diff": 34.4476967255659,
        "profiling_cost": 328.1790197274474,
        "profiling_runtime": 116159.08564697832
    },
    "catalog_sales": {
        "arachne": 73.98344260950742,
        "arachne_runtime": 21118.241971016676,
        "bq": 104.23612117767334,
        "bq_baseline_runtime": 57335.01900000001,
        "multi_cloud_plan": "multi",
        "percent_diff": 29.023219807459444,
        "profiling_cost": 197.11843817538187,
        "profiling_runtime": 72593.92022364042
    },
    "customer": {
        "arachne": 128.55016577163897,
        "arachne_runtime": 16447.724085682683,
        "bq": 185.87164402008057,
        "bq_baseline_runtime": 77589.223,
        "multi_cloud_plan": "aws",
        "percent_diff": 30.839280811573865,
        "profiling_cost": 320.1808619227703,
        "profiling_runtime": 98784.97991059464
    },
    "customer_address": {
        "arachne": 131.75339716283105,
        "arachne_runtime": 19028.786238859553,
        "bq": 193.4046506881714,
        "bq_baseline_runtime": 80994.65000000001,
        "multi_cloud_plan": "aws",
        "percent_diff": 31.87682059659537,
        "profiling_cost": 332.5808339854288,
        "profiling_runtime": 106143.394422067
    },
    "customer_demographics": {
        "arachne": 132.05220911330443,
        "arachne_runtime": 19252.59073366286,
        "bq": 207.4698543548584,
        "bq_baseline_runtime": 91655.295,
        "multi_cloud_plan": "aws",
        "percent_diff": 36.35113422914874,
        "profiling_cost": 347.2835683405422,
        "profiling_runtime": 117307.14871142022
    },
    "date_dim": {
        "arachne": 28.19988250732422,
        "arachne_runtime": 12509.484,
        "bq": 28.19988250732422,
        "bq_baseline_runtime": 12509.484,
        "multi_cloud_plan": "gcp",
        "percent_diff": 0.0,
        "profiling_cost": 151.546416357397,
        "profiling_runtime": 24580.932669306003
    },
    "household_demographics": {
        "arachne": 132.86608586624834,
        "arachne_runtime": 19922.142934324365,
        "bq": 214.5507574081421,
        "bq_baseline_runtime": 93139.92099999997,
        "multi_cloud_plan": "aws",
        "percent_diff": 38.07242282836791,
        "profiling_cost": 355.5911647093013,
        "profiling_runtime": 119801.7409261827
    },
    "income_band": {
        "arachne": 133.66341795155827,
        "arachne_runtime": 20579.62180384822,
        "bq": 232.44556427001953,
        "bq_baseline_runtime": 106110.69599999998,
        "multi_cloud_plan": "aws",
        "percent_diff": 42.496894543322554,
        "profiling_cost": 374.7767138275252,
        "profiling_runtime": 133836.8763628425
    },
    "inventory": {
        "arachne": 133.82214680678396,
        "arachne_runtime": 20742.731747126352,
        "bq": 238.37518692016602,
        "bq_baseline_runtime": 104366.56000000006,
        "multi_cloud_plan": "aws",
        "percent_diff": 43.860706084479254,
        "profiling_cost": 380.8073074607215,
        "profiling_runtime": 132208.23497709353
    },
    "item": {
        "arachne": 93.05500507354736,
        "arachne_runtime": 48002.555000000015,
        "bq": 93.05500507354736,
        "bq_baseline_runtime": 48002.555000000015,
        "multi_cloud_plan": "gcp",
        "percent_diff": 0.0,
        "profiling_cost": 225.86448337654207,
        "profiling_runtime": 67877.73861856232
    },
    "promotion": {
        "arachne": 132.77725539424057,
        "arachne_runtime": 19848.8825146874,
        "bq": 215.28478145599365,
        "bq_baseline_runtime": 97716.66100000001,
        "multi_cloud_plan": "aws",
        "percent_diff": 38.324829792308584,
        "profiling_cost": 356.740165669739,
        "profiling_runtime": 124720.67576934132
    },
    "reason": {
        "arachne": 133.84987216738546,
        "arachne_runtime": 20733.37475890541,
        "bq": 230.7737159729004,
        "bq_baseline_runtime": 104568.12200000005,
        "multi_cloud_plan": "aws",
        "percent_diff": 41.99951601806188,
        "profiling_cost": 372.7297893188159,
        "profiling_runtime": 131985.00911571697
    },
    "ship_mode": {
        "arachne": 134.0899581189385,
        "arachne_runtime": 20931.353189525806,
        "bq": 237.4097490310669,
        "bq_baseline_runtime": 106991.29199999999,
        "multi_cloud_plan": "aws",
        "percent_diff": 43.51960748613074,
        "profiling_cost": 380.0537388883251,
        "profiling_runtime": 134975.44517498798
    },
    "store": {
        "arachne": 129.54140685844635,
        "arachne_runtime": 17180.64929185403,
        "bq": 136.7197608947754,
        "bq_baseline_runtime": 60536.156999999985,
        "multi_cloud_plan": "aws",
        "percent_diff": 5.25041441657711,
        "profiling_cost": 272.1745895771504,
        "profiling_runtime": 82592.02563271287
    },
    "store_returns": {
        "arachne": 122.79575378176904,
        "arachne_runtime": 22779.799688234598,
        "bq": 185.66169261932373,
        "bq_baseline_runtime": 87304.47599999998,
        "multi_cloud_plan": "multi",
        "percent_diff": 33.86047921390736,
        "profiling_cost": 315.86532732098686,
        "profiling_runtime": 109840.7787032651
    },
    "store_sales": {
        "arachne": 21.086888313293457,
        "arachne_runtime": 13401.667999999996,
        "bq": 21.086888313293457,
        "bq_baseline_runtime": 13401.667999999996,
        "multi_cloud_plan": "gcp",
        "percent_diff": 0.0,
        "profiling_cost": 93.28229916341124,
        "profiling_runtime": 20944.30860931606
    },
    "time_dim": {
        "arachne": 134.03759450635908,
        "arachne_runtime": 20888.33106794735,
        "bq": 230.68166732788086,
        "bq_baseline_runtime": 102975.365,
        "multi_cloud_plan": "aws",
        "percent_diff": 41.8949949256939,
        "profiling_cost": 373.12101743133223,
        "profiling_runtime": 130790.92698092457
    },
    "warehouse": {
        "arachne": 133.78107444635384,
        "arachne_runtime": 20676.651745990996,
        "bq": 235.83679676055908,
        "bq_baseline_runtime": 103431.73099999994,
        "multi_cloud_plan": "aws",
        "percent_diff": 43.27387571237266,
        "profiling_cost": 378.1189052540332,
        "profiling_runtime": 131117.47160812077
    },
    "web_page": {
        "arachne": 133.97580520162424,
        "arachne_runtime": 20837.222209216707,
        "bq": 231.70127391815186,
        "bq_baseline_runtime": 105966.09000000001,
        "multi_cloud_plan": "aws",
        "percent_diff": 42.177354946718594,
        "profiling_cost": 374.2490905548782,
        "profiling_runtime": 133870.93851604237
    },
    "web_returns": {
        "arachne": 130.09406792069132,
        "arachne_runtime": 19113.59691246986,
        "bq": 201.80835247039795,
        "bq_baseline_runtime": 97414.90900000001,
        "multi_cloud_plan": "aws",
        "percent_diff": 35.53583569353304,
        "profiling_cost": 338.8959841976805,
        "profiling_runtime": 122294.89754675335
    },