{
    "call_center": {
        "arachne": 120.30454678587158,
        "arachne_runtime": 20909.853046337754,
        "bq": 236.39038562774658,
        "bq_baseline_runtime": 105783.20400000004,
        "multi_cloud_plan": "aws",
        "percent_diff": 49.10768199544292,
        "profiling_cost": 365.3416325204847,
        "profiling_runtime": 133822.27272389096
    },
    "catalog_page": {
        "arachne": 119.77923273641528,
        "arachne_runtime": 20476.74662608761,
        "bq": 221.7094898223877,
        "bq_baseline_runtime": 105810.44800000002,
        "multi_cloud_plan": "aws",
        "percent_diff": 45.97469290449819,
        "profiling_cost": 350.1668513382293,
        "profiling_runtime": 133442.32688074157
    },
    "catalog_returns": {
        "arachne": 113.8443242746449,
        "arachne_runtime": 19226.364220601175,
        "bq": 193.60082626342773,
        "bq_baseline_runtime": 91777.65499999997,
        "multi_cloud_plan": "multi",
        "percent_diff": 41.19636446192651,
        "profiling_cost": 314.8870070982365,
        "profiling_runtime": 116159.08564697832
    },
    "catalog_sales": {
        "arachne": 68.18430484212172,
        "arachne_runtime": 21118.24197101667,
        "bq": 104.23612117767334,
        "bq_baseline_runtime": 57335.019000000015,
        "multi_cloud_plan": "multi",
        "percent_diff": 34.58668255133967,
        "profiling_cost": 187.70091513857778,
        "profiling_runtime": 72593.92022364042
    },
    "customer": {
        "arachne": 114.80379613949174,
        "arachne_runtime": 16447.724085682683,
        "bq": 185.87164402008057,
        "bq_baseline_runtime": 77589.22300000004,
        "multi_cloud_plan": "aws",
        "percent_diff": 38.234905735761956,
        "profiling_cost": 306.4344922783482,
        "profiling_runtime": 98784.97991059469
    },
    "customer_address": {
        "arachne": 117.99776834237821,
        "arachne_runtime": 19028.786238859553,
        "bq": 193.4046506881714,
        "bq_baseline_runtime": 80994.65,
        "multi_cloud_plan": "aws",
        "percent_diff": 38.98917739438055,
        "profiling_cost": 318.8252051527012,
        "profiling_runtime": 106143.39442206698
    },
    "customer_demographics": {
        "arachne": 118.29311465798779,
        "arachne_runtime": 19252.59073366286,
        "bq": 207.4698543548584,
        "bq_baseline_runtime": 91655.29499999998,
        "multi_cloud_plan": "aws",
        "percent_diff": 42.98298660023247,
        "profiling_cost": 333.5244738729507,
        "profiling_runtime": 117307.1487114202
    },
    "date_dim": {
        "arachne": 28.19988250732422,
        "arachne_runtime": 12509.484000000002,
        "bq": 28.19988250732422,
        "bq_baseline_runtime": 12509.484000000002,
        "multi_cloud_plan": "gcp",
        "percent_diff": 0.0,
        "profiling_cost": 137.78711843056124,
        "profiling_runtime": 24580.932669306007
    },
    "household_demographics": {
        "arachne": 119.1067487495636,
        "arachne_runtime": 19922.142934324365,
        "bq": 214.5507574081421,
        "bq_baseline_runtime": 93139.92100000003,
        "multi_cloud_plan": "aws",
        "percent_diff": 44.48551466868718,
        "profiling_cost": 341.8318275803418,
        "profiling_runtime": 119801.74092618276
    },
    "income_band": {
        "arachne": 119.90408013228375,
        "arachne_runtime": 20579.62180384822,
        "bq": 232.44556427001953,
        "bq_baseline_runtime": 106110.696,
        "multi_cloud_plan": "aws",
        "percent_diff": 48.41627522175574,
        "profiling_cost": 361.0173760082507,
        "profiling_runtime": 133836.87636284248
    },
    "inventory": {
        "arachne": 120.06774926931784,
        "arachne_runtime": 20742.731747126352,
        "bq": 238.37518692016602,
        "bq_baseline_runtime": 104366.56000000001,
        "multi_cloud_plan": "aws",
        "percent_diff": 49.63076869677312,
        "profiling_cost": 367.0529099232555,
        "profiling_runtime": 132208.23497709347
    },
    "item": {
        "arachne": 93.05500507354736,
        "arachne_runtime": 48002.555,
        "bq": 93.05500507354736,
        "bq_baseline_runtime": 48002.555,
        "multi_cloud_plan": "gcp",
        "percent_diff": 0.0,
        "profiling_cost": 212.10525482835803,
        "profiling_runtime": 67877.73861856229
    },
    "promotion": {
        "arachne": 119.01791808324471,
        "arachne_runtime": 19848.8825146874,
        "bq": 215.28478145599365,
        "bq_baseline_runtime": 97716.66099999996,
        "multi_cloud_plan": "aws",
        "percent_diff": 44.71605597092651,
        "profiling_cost": 342.980828358743,
        "profiling_runtime": 124720.6757693413
    },
    "reason": {
        "arachne": 120.09053436068376,
        "arachne_runtime": 20733.37475890541,
        "bq": 230.7737159729004,
        "bq_baseline_runtime": 104568.12200000002,
        "multi_cloud_plan": "aws",
        "percent_diff": 47.961779852439555,
        "profiling_cost": 358.9704515121143,
        "profiling_runtime": 131985.00911571697
    },
    "ship_mode": {
        "arachne": 120.33062031897961,
        "arachne_runtime": 20931.353189525806,
        "bq": 237.4097490310669,
        "bq_baseline_runtime": 106991.292,
        "multi_cloud_plan": "aws",
        "percent_diff": 49.315215230174296,
        "profiling_cost": 366.29440108836627,
        "profiling_runtime": 134975.44517498798
    },
    "store": {
        "arachne": 115.78208282157244,
        "arachne_runtime": 17180.64929185403,
        "bq": 136.7197608947754,
        "bq_baseline_runtime": 60536.157,
        "multi_cloud_plan": "aws",
        "percent_diff": 15.314302728569984,
        "profiling_cost": 258.41525222122755,
        "profiling_runtime": 82592.02563271286
    },
    "store_returns": {
        "arachne": 110.46781984669305,
        "arachne_runtime": 22779.799688234598,
        "bq": 185.66169261932373,
        "bq_baseline_runtime": 87304.476,
        "multi_cloud_plan": "multi",
        "percent_diff": 40.50047789169217,
        "profiling_cost": 302.8435320414541,
        "profiling_runtime": 109840.77870326508
    },
    "store_sales": {
        "arachne": 21.086888313293457,
        "arachne_runtime": 13401.667999999996,
        "bq": 21.086888313293457,
        "bq_baseline_runtime": 13401.667999999996,
        "multi_cloud_plan": "gcp",
        "percent_diff": 0.0,
        "profiling_cost": 85.3000630885501,
        "profiling_runtime": 20944.30860931606
    },
    "time_dim": {
        "arachne": 120.2782808832362,
        "arachne_runtime": 20888.33106794735,
        "bq": 230.68166732788086,
        "bq_baseline_runtime": 102975.36499999999,
        "multi_cloud_plan": "aws",
        "percent_diff": 47.85962739194272,
        "profiling_cost": 359.36170380820937,
        "profiling_runtime": 130790.92698092456
    },
    "warehouse": {
        "arachne": 120.02173669297976,
        "arachne_runtime": 20676.651745990996,
        "bq": 235.83679676055908,
        "bq_baseline_runtime": 103431.731,
        "multi_cloud_plan": "aws",
        "percent_diff": 49.10813819489089,
        "profiling_cost": 364.3595674690686,
        "profiling_runtime": 131117.4716081208
    },
    "web_page": {
        "arachne": 120.2164675833105,
        "arachne_runtime": 20837.222209216707,
        "bq": 231.70127391815186,
        "bq_baseline_runtime": 105966.08999999997,
        "multi_cloud_plan": "aws",
        "percent_diff": 48.11575027171547,
        "profiling_cost": 360.48975293656434,
        "profiling_runtime": 133870.93851604234
    },
    "web_returns": {
        "arachne": 116.56126621898541,
        "arachne_runtime": 19113.59691246986,
        "bq": 201.80835247039795,
        "bq_baseline_runtime": 97414.90899999999,
        "multi_cloud_plan": "aws",
        "percent_diff": 42.24160457576547,
        "profiling_cost": 325.3631691769256,