{
    "call_center": {
        "arachne": 106.54521622158127,
        "arachne_runtime": 20909.853046337754,
        "bq": 271.84894347190857,
        "bq_baseline_runtime": 105783.20400000001,
        "multi_cloud_plan": "aws",
        "percent_diff": 60.80719871085647,
        "profiling_cost": 387.0408526477991,
        "profiling_runtime": 133822.2727238909
    },
    "catalog_page": {
        "arachne": 106.01991537647233,
        "arachne_runtime": 20476.74662608761,
        "bq": 254.96591329574585,
        "bq_baseline_runtime": 105810.448,
        "multi_cloud_plan": "aws",
        "percent_diff": 58.418004192781915,
        "profiling_cost": 369.66395029908716,
        "profiling_runtime": 133442.32688074152
    },
    "catalog_returns": {
        "arachne": 100.81919607744682,
        "arachne_runtime": 18464.89272406153,
        "bq": 222.6409502029419,
        "bq_baseline_runtime": 91777.65500000003,
        "multi_cloud_plan": "aws",
        "percent_diff": 54.716688019186044,
        "profiling_cost": 330.63511840853977,
        "profiling_runtime": 116159.08564697833
    },
    "catalog_sales": {
        "arachne": 64.36308203136316,
        "arachne_runtime": 17632.05734279212,
        "bq": 119.87153935432434,
        "bq_baseline_runtime": 57335.019,
        "multi_cloud_plan": "multi",
        "percent_diff": 46.30661925420475,
        "profiling_cost": 193.91881027842473,
        "profiling_runtime": 72593.92022364042
    },
    "customer": {
        "arachne": 101.05743365990185,
        "arachne_runtime": 16447.724085682683,
        "bq": 213.75239062309265,
        "bq_baseline_runtime": 77589.22300000001,
        "multi_cloud_plan": "aws",
        "percent_diff": 52.72219722768136,
        "profiling_cost": 320.56886923693816,
        "profiling_runtime": 98784.97991059464
    },
    "customer_address": {
        "arachne": 104.24214667448273,
        "arachne_runtime": 19028.786238859553,
        "bq": 222.4153482913971,
        "bq_baseline_runtime": 80994.65,
        "multi_cloud_plan": "aws",
        "percent_diff": 53.13176564689679,
        "profiling_cost": 334.0802739231993,
        "profiling_runtime": 106143.39442206695
    },
    "customer_demographics": {
        "arachne": 104.53402735522849,
        "arachne_runtime": 19252.59073366286,
        "bq": 238.59033250808716,
        "bq_baseline_runtime": 91655.295,
        "multi_cloud_plan": "aws",
        "percent_diff": 56.18681349895631,
        "profiling_cost": 350.8858575585879,
        "profiling_runtime": 117307.1487114202
    },
    "date_dim": {
        "arachne": 32.42986488342285,
        "arachne_runtime": 12509.484,
        "bq": 32.42986488342285,
        "bq_baseline_runtime": 12509.484,
        "multi_cloud_plan": "gcp",
        "percent_diff": 0.0,
        "profiling_cost": 128.25780287982408,
        "profiling_runtime": 24580.932669306003
    },
    "household_demographics": {
        "arachne": 105.34741878543618,
        "arachne_runtime": 19922.142934324365,
        "bq": 246.7333710193634,
        "bq_baseline_runtime": 93139.92100000002,
        "multi_cloud_plan": "aws",
        "percent_diff": 57.303133195886744,
        "profiling_cost": 360.2551040626036,
        "profiling_runtime": 119801.74092618276
    },
    "income_band": {
        "arachne": 106.14474946556659,
        "arachne_runtime": 20579.62180384822,
        "bq": 267.31239891052246,
        "bq_baseline_runtime": 106110.69600000003,
        "multi_cloud_plan": "aws",
        "percent_diff": 60.29187202008672,
        "profiling_cost": 382.1248728294788,
        "profiling_runtime": 133836.87636284254
    },
    "inventory": {
        "arachne": 106.31335888440907,
        "arachne_runtime": 20742.731747126352,
        "bq": 274.1314649581909,
        "bq_baseline_runtime": 104366.56000000004,
        "multi_cloud_plan": "aws",
        "percent_diff": 61.21811157262687,
        "profiling_cost": 389.05479042381427,
        "profiling_runtime": 132208.23497709347
    },
    "item": {
        "arachne": 99.31429128494891,
        "arachne_runtime": 14970.765479146503,
        "bq": 107.01325583457947,
        "bq_baseline_runtime": 48002.55500000001,
        "multi_cloud_plan": "aws",
        "percent_diff": 7.194402683655919,
        "profiling_cost": 212.30427704120603,
        "profiling_runtime": 67877.73861856232
    },
    "promotion": {
        "arachne": 105.25858792480615,
        "arachne_runtime": 19848.8825146874,
        "bq": 247.5774986743927,
        "bq_baseline_runtime": 97716.66100000004,
        "multi_cloud_plan": "aws",
        "percent_diff": 57.48459028449939,
        "profiling_cost": 361.51420826614606,
        "profiling_runtime": 124720.67576934134
    },
    "reason": {
        "arachne": 106.33120370653947,
        "arachne_runtime": 20733.37475890541,
        "bq": 265.38977336883545,
        "bq_baseline_runtime": 104568.122,
        "multi_cloud_plan": "aws",
        "percent_diff": 59.93394833690081,
        "profiling_cost": 379.8271711013477,
        "profiling_runtime": 131985.00911571697
    },
    "ship_mode": {
        "arachne": 106.5712896715781,
        "arachne_runtime": 20931.353189525806,
        "bq": 273.02121138572693,
        "bq_baseline_runtime": 106991.292,
        "multi_cloud_plan": "aws",
        "percent_diff": 60.96593040127818,
        "profiling_cost": 388.14652564306726,
        "profiling_runtime": 134975.445174988
    },
    "store": {
        "arachne": 102.02276593725594,
        "arachne_runtime": 17180.64929185403,
        "bq": 157.2277250289917,
        "bq_baseline_runtime": 60536.157,
        "multi_cloud_plan": "aws",
        "percent_diff": 35.111465920884086,
        "profiling_cost": 265.163878999521,
        "profiling_runtime": 82592.02563271287
    },
    "store_returns": {
        "arachne": 98.5945705894154,
        "arachne_runtime": 22018.32819169495,
        "bq": 213.5109465122223,
        "bq_baseline_runtime": 87304.47599999998,
        "multi_cloud_plan": "multi",
        "percent_diff": 53.82224087336365,
        "profiling_cost": 317.67099065482006,
        "profiling_runtime": 109840.77870326508
    },
    "store_sales": {
        "arachne": 24.249921560287476,
        "arachne_runtime": 13401.667999999998,
        "bq": 24.249921560287476,
        "bq_baseline_runtime": 13401.667999999998,
        "multi_cloud_plan": "gcp",
        "percent_diff": 0.0,
        "profiling_cost": 80.48086026068296,
        "profiling_runtime": 20944.30860931606
    },
    "time_dim": {
        "arachne": 106.5189744126707,
        "arachne_runtime": 20888.33106794735,
        "bq": 265.283917427063,
        "bq_baseline_runtime": 102975.36499999999,
        "multi_cloud_plan": "aws",
        "percent_diff": 59.84717978919436,
        "profiling_cost": 380.2046402842688,
        "profiling_runtime": 130790.92698092456
    },
    "warehouse": {
        "arachne": 106.26240609216299,
        "arachne_runtime": 20676.651745990996,
        "bq": 271.21231627464294,
        "bq_baseline_runtime": 103431.73100000001,
        "multi_cloud_plan": "aws",
        "percent_diff": 60.81947621266711,
        "profiling_cost": 385.97574919818777,
        "profiling_runtime": 131117.47160812083
    },
    "web_page": {
        "arachne": 106.45713711755413,
        "arachne_runtime": 20837.222209216707,
        "bq": 266.45646500587463,
        "bq_baseline_runtime": 105966.09000000001,
        "multi_cloud_plan": "aws",
        "percent_diff": 60.04708044325101,
        "profiling_cost": 381.48560640597356,
        "profiling_runtime": 133870.93851604234
    },
    "web_returns": {
        "arachne": 103.02847166983686,
        "arachne_runtime": 19113.59691246986,
        "bq": 232.07960534095764,
        "bq_baseline_runtime": 97414.909,
        "multi_cloud_plan": "aws",
        "percent_diff": 55.606408620665526,
        "profiling_cost": 342.10160702673033,
        "profiling_runtime": 122294.89754675333
    },