{
    "call_center": {
        "arachne": 99.66554021060007,
        "arachne_runtime": 20909.853046337754,
        "bq": 236.39038562774658,
        "bq_baseline_runtime": 105783.20399999998,
        "multi_cloud_plan": "aws",
        "percent_diff": 57.83858131711524,
        "profiling_cost": 344.7026259452132,
        "profiling_runtime": 133822.27272389093
    },
    "catalog_page": {
        "arachne": 99.1402459676648,
        "arachne_runtime": 20476.74662608761,
        "bq": 221.7094898223877,
        "bq_baseline_runtime": 105810.44800000005,
        "multi_cloud_plan": "aws",
        "percent_diff": 55.28371561944127,
        "profiling_cost": 329.52786456947877,
        "profiling_runtime": 133442.32688074157
    },
    "catalog_returns": {
        "arachne": 94.17318926980847,
        "arachne_runtime": 18464.89272406153,
        "bq": 193.60082626342773,
        "bq_baseline_runtime": 91777.655,
        "multi_cloud_plan": "aws",
        "percent_diff": 51.3570313270929,
        "profiling_cost": 294.9489881544201,
        "profiling_runtime": 116159.08564697832
    },
    "catalog_sales": {
        "arachne": 59.11795310629301,
        "arachne_runtime": 17632.05734279212,
        "bq": 104.23612117767334,
        "bq_baseline_runtime": 57335.01899999999,
        "multi_cloud_plan": "multi",
        "percent_diff": 43.284580778361054,
        "profiling_cost": 173.57463058337177,
        "profiling_runtime": 72593.92022364042
    },
    "customer": {
        "arachne": 94.18424169127086,
        "arachne_runtime": 16447.724085682683,
        "bq": 185.87164402008057,
        "bq_baseline_runtime": 77589.22299999998,
        "multi_cloud_plan": "aws",
        "percent_diff": 49.3283431220441,
        "profiling_cost": 285.814937811715,
        "profiling_runtime": 98784.97991059463
    },
    "customer_address": {
        "arachne": 97.36432511169893,
        "arachne_runtime": 19028.786238859553,
        "bq": 193.4046506881714,
        "bq_baseline_runtime": 80994.65000000002,
        "multi_cloud_plan": "aws",
        "percent_diff": 49.65771259105832,
        "profiling_cost": 298.1917619036097,
        "profiling_runtime": 106143.39442206697
    },
    "customer_demographics": {
        "arachne": 97.6544729750128,
        "arachne_runtime": 19252.59073366286,
        "bq": 207.4698543548584,
        "bq_baseline_runtime": 91655.29500000003,
        "multi_cloud_plan": "aws",
        "percent_diff": 52.93076515685809,
        "profiling_cost": 312.88583217156344,
        "profiling_runtime": 117307.14871142022
    },
    "date_dim": {
        "arachne": 28.19988250732422,
        "arachne_runtime": 12509.484,
        "bq": 28.19988250732422,
        "bq_baseline_runtime": 12509.484,
        "multi_cloud_plan": "gcp",
        "percent_diff": 0.0,
        "profiling_cost": 117.14817154030759,
        "profiling_runtime": 24580.932669306003
    },
    "household_demographics": {
        "arachne": 98.46774307453644,
        "arachne_runtime": 19922.142934324365,
        "bq": 214.5507574081421,
        "bq_baseline_runtime": 93139.92099999997,
        "multi_cloud_plan": "aws",
        "percent_diff": 54.10515242916609,
        "profiling_cost": 321.19282188690244,
        "profiling_runtime": 119801.7409261827
    },
    "income_band": {
        "arachne": 99.26507340337197,
        "arachne_runtime": 20579.62180384822,
        "bq": 232.44556427001953,
        "bq_baseline_runtime": 106110.69600000001,
        "multi_cloud_plan": "aws",
        "percent_diff": 57.29534623940552,
        "profiling_cost": 340.3783692793389,
        "profiling_runtime": 133836.8763628425
    },
    "inventory": {
        "arachne": 99.43615296311863,
        "arachne_runtime": 20742.731747126352,
        "bq": 238.37518692016602,
        "bq_baseline_runtime": 104366.56,
        "multi_cloud_plan": "aws",
        "percent_diff": 58.285862615213944,
        "profiling_cost": 346.4213136170562,
        "profiling_runtime": 132208.23497709347
    },
    "item": {
        "arachne": 89.78460163705442,
        "arachne_runtime": 32984.73194044829,
        "bq": 93.05500507354736,
        "bq_baseline_runtime": 48002.55500000001,
        "multi_cloud_plan": "multi",
        "percent_diff": 3.514484184819646,
        "profiling_cost": 191.46641200608195,
        "profiling_runtime": 67877.73861856229
    },
    "promotion": {
        "arachne": 98.37891211675084,
        "arachne_runtime": 19848.8825146874,
        "bq": 215.28478145599365,
        "bq_baseline_runtime": 97716.66099999998,
        "multi_cloud_plan": "aws",
        "percent_diff": 54.302895238853445,
        "profiling_cost": 322.3418223922491,
        "profiling_runtime": 124720.67576934132
    },
    "reason": {
        "arachne": 99.45152765063126,
        "arachne_runtime": 20733.37475890541,
        "bq": 230.7737159729004,
        "bq_baseline_runtime": 104568.12199999997,
        "multi_cloud_plan": "aws",
        "percent_diff": 56.905175604006054,
        "profiling_cost": 338.3314448020619,
        "profiling_runtime": 131985.0091157169
    },
    "ship_mode": {
        "arachne": 99.69161361904128,
        "arachne_runtime": 20931.353189525806,
        "bq": 237.4097490310669,
        "bq_baseline_runtime": 106991.29199999999,
        "multi_cloud_plan": "aws",
        "percent_diff": 58.00862684623964,
        "profiling_cost": 345.6553943884279,
        "profiling_runtime": 134975.44517498798
    },
    "store": {
        "arachne": 95.14309676626164,
        "arachne_runtime": 17180.64929185403,
        "bq": 136.7197608947754,
        "bq_baseline_runtime": 60536.15700000001,
        "multi_cloud_plan": "aws",
        "percent_diff": 30.410135196559263,
        "profiling_cost": 237.77624618734325,
        "profiling_runtime": 82592.02563271286
    },
    "store_returns": {
        "arachne": 91.90282719801706,
        "arachne_runtime": 22018.328191694953,
        "bq": 185.66169261932373,
        "bq_baseline_runtime": 87304.47599999998,
        "multi_cloud_plan": "multi",
        "percent_diff": 50.49984415123673,
        "profiling_cost": 283.3108391221552,
        "profiling_runtime": 109840.77870326507
    },
    "store_sales": {
        "arachne": 21.086888313293457,
        "arachne_runtime": 13401.668,
        "bq": 21.086888313293457,
        "bq_baseline_runtime": 13401.668,
        "multi_cloud_plan": "gcp",
        "percent_diff": 0.0,
        "profiling_cost": 73.32670897625837,
        "profiling_runtime": 20944.30860931606
    },
    "time_dim": {
        "arachne": 99.6393104485519,
        "arachne_runtime": 20888.33106794735,
        "bq": 230.68166732788086,
        "bq_baseline_runtime": 102975.36499999999,
        "multi_cloud_plan": "aws",
        "percent_diff": 56.806576091315954,
        "profiling_cost": 338.72273337352516,
        "profiling_runtime": 130790.92698092453
    },
    "warehouse": {
        "arachne": 99.38273006291855,
        "arachne_runtime": 20676.651745990996,
        "bq": 235.83679676055908,
        "bq_baseline_runtime": 103431.73100000001,
        "multi_cloud_plan": "aws",
        "percent_diff": 57.85953191866828,
        "profiling_cost": 343.7205607916218,
        "profiling_runtime": 131117.47160812083
    },
    "web_page": {
        "arachne": 99.5774611558399,
        "arachne_runtime": 20837.222209216707,
        "bq": 231.70127391815186,
        "bq_baseline_runtime": 105966.09000000007,
        "multi_cloud_plan": "aws",
        "percent_diff": 57.023343259210776,
        "profiling_cost": 339.8507465090938,
        "profiling_runtime": 133870.9385160424
    },
    "web_returns": {
        "arachne": 96.26206366642654,
        "arachne_runtime": 19113.59691246986,
        "bq": 201.80835247039795,
        "bq_baseline_runtime": 97414.90900000001,
        "multi_cloud_plan": "aws",
        "percent_diff": 52.30025789911414,
        "profiling_cost": 305.06394664579324,