{
    "call_center": {
        "arachne": 151.2630566487788,
        "arachne_runtime": 20909.853046337754,
        "bq": 236.39038562774658,
        "bq_baseline_runtime": 105783.20400000001,
        "multi_cloud_plan": "aws",
        "percent_diff": 36.011333012934465,
        "profiling_cost": 396.30014238339174,
        "profiling_runtime": 133822.27272389096
    },
    "catalog_page": {
        "arachne": 150.737712889541,
        "arachne_runtime": 20476.74662608761,
        "bq": 221.7094898223877,
        "bq_baseline_runtime": 105810.44800000003,
        "multi_cloud_plan": "aws",
        "percent_diff": 32.011158832083574,
        "profiling_cost": 381.12533149135504,
        "profiling_runtime": 133442.32688074157
    },
    "catalog_returns": {
        "arachne": 143.24164639822177,
        "arachne_runtime": 19226.364220601175,
        "bq": 193.60082626342773,
        "bq_baseline_runtime": 91777.65500000001,
        "multi_cloud_plan": "multi",
        "percent_diff": 26.01186205511515,
        "profiling_cost": 344.79403551396115,
        "profiling_runtime": 116159.08564697833
    },
    "catalog_sales": {
        "arachne": 81.23236481873954,
        "arachne_runtime": 21118.241971016672,
        "bq": 104.23612117767334,
        "bq_baseline_runtime": 57335.01900000002,
        "multi_cloud_plan": "multi",
        "percent_diff": 22.06889137760917,
        "profiling_cost": 208.89034197138687,
        "profiling_runtime": 72593.92022364045
    },
    "customer": {
        "arachne": 145.733127811823,
        "arachne_runtime": 16447.724085682683,
        "bq": 185.87164402008057,
        "bq_baseline_runtime": 77589.223,
        "multi_cloud_plan": "aws",
        "percent_diff": 21.594749656338763,
        "profiling_cost": 337.36382397829794,
        "profiling_runtime": 98784.97991059463
    },
    "customer_address": {
        "arachne": 148.9479331883971,
        "arachne_runtime": 19028.786238859553,
        "bq": 193.4046506881714,
        "bq_baseline_runtime": 80994.65,
        "multi_cloud_plan": "aws",
        "percent_diff": 22.986374599363895,
        "profiling_cost": 349.7753700263384,
        "profiling_runtime": 106143.39442206695
    },
    "customer_demographics": {
        "arachne": 149.25107718245025,
        "arachne_runtime": 19252.59073366286,
        "bq": 207.4698543548584,
        "bq_baseline_runtime": 91655.295,
        "multi_cloud_plan": "aws",
        "percent_diff": 28.061318765294068,
        "profiling_cost": 364.48243642503155,
        "profiling_runtime": 117307.14871142019
    },
    "date_dim": {
        "arachne": 28.19988250732422,
        "arachne_runtime": 12509.484,
        "bq": 28.19988250732422,
        "bq_baseline_runtime": 12509.484,
        "multi_cloud_plan": "gcp",
        "percent_diff": 0.0,
        "profiling_cost": 168.74553876594163,
        "profiling_runtime": 24580.932669306003
    },
    "household_demographics": {
        "arachne": 150.06525726210427,
        "arachne_runtime": 19922.142934324365,
        "bq": 214.5507574081421,
        "bq_baseline_runtime": 93139.92100000006,
        "multi_cloud_plan": "aws",
        "percent_diff": 30.05605802796883,
        "profiling_cost": 372.79033612050085,
        "profiling_runtime": 119801.74092618277
    },
    "income_band": {
        "arachne": 150.86259022565142,
        "arachne_runtime": 20579.62180384822,
        "bq": 232.44556427001953,
        "bq_baseline_runtime": 106110.69599999997,
        "multi_cloud_plan": "aws",
        "percent_diff": 35.09766869528108,
        "profiling_cost": 391.9758861016184,
        "profiling_runtime": 133836.87636284248
    },
    "inventory": {
        "arachne": 151.0151437286166,
        "arachne_runtime": 20742.731747126352,
        "bq": 238.37518692016602,
        "bq_baseline_runtime": 104366.56000000004,
        "multi_cloud_plan": "aws",
        "percent_diff": 36.64812781911193,
        "profiling_cost": 398.00030438255425,
        "profiling_runtime": 132208.23497709353
    },
    "item": {
        "arachne": 93.05500507354736,
        "arachne_runtime": 48002.55500000001,
        "bq": 93.05500507354736,
        "bq_baseline_runtime": 48002.55500000001,
        "multi_cloud_plan": "gcp",
        "percent_diff": 0.0,
        "profiling_cost": 243.06351906177207,
        "profiling_runtime": 67877.73861856232
    },
    "promotion": {
        "arachne": 149.97642703298547,
        "arachne_runtime": 19848.8825146874,
        "bq": 215.28478145599365,
        "bq_baseline_runtime": 97716.66100000001,
        "multi_cloud_plan": "aws",
        "percent_diff": 30.33579706903614,
        "profiling_cost": 373.9393373084838,
        "profiling_runtime": 124720.67576934134
    },
    "reason": {
        "arachne": 151.0490444257625,
        "arachne_runtime": 20733.37475890541,
        "bq": 230.7737159729004,
        "bq_baseline_runtime": 104568.12199999999,
        "multi_cloud_plan": "aws",
        "percent_diff": 34.54668622508982,
        "profiling_cost": 389.9289615771931,
        "profiling_runtime": 131985.00911571697
    },
    "ship_mode": {
        "arachne": 151.2891303688871,
        "arachne_runtime": 20931.353189525806,
        "bq": 237.4097490310669,
        "bq_baseline_runtime": 106991.29200000002,
        "multi_cloud_plan": "aws",
        "percent_diff": 36.2750978060763,
        "profiling_cost": 397.25291113827376,
        "profiling_runtime": 134975.445174988
    },
    "store": {
        "arachne": 136.7197608947754,
        "arachne_runtime": 60536.15700000002,
        "bq": 136.7197608947754,
        "bq_baseline_runtime": 60536.15700000002,
        "multi_cloud_plan": "gcp",
        "percent_diff": 0.0,
        "profiling_cost": 289.3737612720542,
        "profiling_runtime": 82592.02563271287
    },
    "store_returns": {
        "arachne": 138.20567120061403,
        "arachne_runtime": 22779.799688234598,
        "bq": 185.66169261932373,
        "bq_baseline_runtime": 87304.47600000002,
        "multi_cloud_plan": "multi",
        "percent_diff": 25.56048086667635,
        "profiling_cost": 332.1425714204027,
        "profiling_runtime": 109840.77870326511
    },
    "store_sales": {
        "arachne": 21.086888313293457,
        "arachne_runtime": 13401.668000000001,
        "bq": 21.086888313293457,
        "bq_baseline_runtime": 13401.668000000001,
        "multi_cloud_plan": "gcp",
        "percent_diff": 0.0,
        "profiling_cost": 103.26009425698764,
        "profiling_runtime": 20944.30860931606
    },
    "time_dim": {
        "arachne": 151.23673653526265,
        "arachne_runtime": 20888.33106794735,
        "bq": 230.68166732788086,
        "bq_baseline_runtime": 102975.36499999999,
        "multi_cloud_plan": "aws",
        "percent_diff": 34.43920434288289,
        "profiling_cost": 390.3201594602359,
        "profiling_runtime": 130790.92698092457
    },
    "warehouse": {
        "arachne": 150.98024663807152,
        "arachne_runtime": 20676.651745990996,
        "bq": 235.83679676055908,
        "bq_baseline_runtime": 103431.73100000001,
        "multi_cloud_plan": "aws",
        "percent_diff": 35.98104760922483,
        "profiling_cost": 395.3180774852389,
        "profiling_runtime": 131117.4716081208
    },
    "web_page": {
        "arachne": 151.17497722451643,
        "arachne_runtime": 20837.222209216707,
        "bq": 231.70127391815186,
        "bq_baseline_runtime": 105966.09000000003,
        "multi_cloud_plan": "aws",
        "percent_diff": 34.75436079047249,
        "profiling_cost": 391.44826257777027,
        "profiling_runtime": 133870.93851604234
    },
    "web_returns": {
        "arachne": 147.0100700478237,
        "arachne_runtime": 19113.59691246986,
        "bq": 201.80835247039795,
        "bq_baseline_runtime": 97414.90900000001,
        "multi_cloud_plan": "aws",
        "percent_diff": 27.153624590742492,
        "profiling_cost": 355.8120029736242,