{
    "call_center": {
        "arachne": 106.52282303375532,
        "arachne_runtime": 20908.637811127337,
        "bq": 130.01471209526062,
        "bq_baseline_runtime": 105783.20399999995,
        "multi_cloud_plan": "aws",
        "percent_diff": 18.068639066241214,
        "profiling_cost": 245.20662127115114,
        "profiling_runtime": 133822.2727238909
    },
    "catalog_page": {
        "arachne": 105.99752218891398,
        "arachne_runtime": 20475.531390877193,
        "bq": 121.94021940231323,
        "bq_baseline_runtime": 105810.448,
        "multi_cloud_plan": "aws",
        "percent_diff": 13.074191018797542,
        "profiling_cost": 236.63825640565446,
        "profiling_runtime": 133442.32688074154
    },
    "catalog_returns": {
        "arachne": 100.0172138678822,
        "arachne_runtime": 19233.947263966656,
        "bq": 106.48045444488525,
        "bq_baseline_runtime": 91777.65500000001,
        "multi_cloud_plan": "multi",
        "percent_diff": 6.06988447851568,
        "profiling_cost": 214.47462265048316,
        "profiling_runtime": 116159.08564697836
    },
    "catalog_sales": {
        "arachne": 54.13262787554237,
        "arachne_runtime": 21125.82501438215,
        "bq": 57.32986664772034,
        "bq_baseline_runtime": 57335.01900000001,
        "multi_cloud_plan": "multi",
        "percent_diff": 5.576916464544233,
        "profiling_cost": 131.37713757182067,
        "profiling_runtime": 72593.92022364045
    },
    "customer": {
        "arachne": 101.0562042659332,
        "arachne_runtime": 16455.30712904816,
        "bq": 102.22940421104431,
        "bq_baseline_runtime": 77589.223,
        "multi_cloud_plan": "aws",
        "percent_diff": 1.1476149686729384,
        "profiling_cost": 209.04588282489,
        "profiling_runtime": 98784.97991059464
    },
    "customer_address": {
        "arachne": 104.2409172665478,
        "arachne_runtime": 19036.36928222503,
        "bq": 106.37255787849426,
        "bq_baseline_runtime": 80994.65000000001,
        "multi_cloud_plan": "aws",
        "percent_diff": 2.0039384729108103,
        "profiling_cost": 218.0374835102965,
        "profiling_runtime": 106143.39442206697
    },
    "customer_demographics": {
        "arachne": 104.51163417233266,
        "arachne_runtime": 19251.375498452442,
        "bq": 114.10841989517212,
        "bq_baseline_runtime": 91655.29499999997,
        "multi_cloud_plan": "aws",
        "percent_diff": 8.41023452226902,
        "profiling_cost": 226.40394494567315,
        "profiling_runtime": 117307.1487114202
    },
    "date_dim": {
        "arachne": 15.50993537902832,
        "arachne_runtime": 12509.483999999999,
        "bq": 15.50993537902832,
        "bq_baseline_runtime": 12509.483999999999,
        "multi_cloud_plan": "gcp",
        "percent_diff": 0.0,
        "profiling_cost": 111.33787337542954,
        "profiling_runtime": 24580.932669306
    },
    "household_demographics": {
        "arachne": 105.32502559762239,
        "arachne_runtime": 19920.92769911395,
        "bq": 118.00291657447815,
        "bq_baseline_runtime": 93139.92100000005,
        "multi_cloud_plan": "aws",
        "percent_diff": 10.74370985470859,
        "profiling_cost": 231.5246496177183,
        "profiling_runtime": 119801.74092618276
    },
    "income_band": {
        "arachne": 106.12235627773855,
        "arachne_runtime": 20578.4065686378,
        "bq": 127.84506034851074,
        "bq_baseline_runtime": 106110.69600000001,
        "multi_cloud_plan": "aws",
        "percent_diff": 16.991430104186456,
        "profiling_cost": 242.65753426746744,
        "profiling_runtime": 133836.8763628425
    },
    "inventory": {
        "arachne": 106.29216659255336,
        "arachne_runtime": 20733.933468550455,
        "bq": 131.1063528060913,
        "bq_baseline_runtime": 104366.56000000001,
        "multi_cloud_plan": "aws",
        "percent_diff": 18.926761123649428,
        "profiling_cost": 246.02967827171474,
        "profiling_runtime": 132208.23497709347
    },
    "item": {
        "arachne": 51.18025279045105,
        "arachne_runtime": 48002.55500000001,
        "bq": 51.18025279045105,
        "bq_baseline_runtime": 48002.55500000001,
        "multi_cloud_plan": "gcp",
        "percent_diff": 0.0,
        "profiling_cost": 156.47127399707765,
        "profiling_runtime": 67877.73861856232
    },
    "promotion": {
        "arachne": 105.23619473698841,
        "arachne_runtime": 19847.66727947698,
        "bq": 118.40662980079651,
        "bq_baseline_runtime": 97716.66100000001,
        "multi_cloud_plan": "aws",
        "percent_diff": 11.123055428539445,
        "profiling_cost": 232.3433393925501,
        "profiling_runtime": 124720.67576934131
    },
    "reason": {
        "arachne": 106.30881051871168,
        "arachne_runtime": 20732.159523694994,
        "bq": 126.92554378509521,
        "bq_baseline_runtime": 104568.122,
        "multi_cloud_plan": "aws",
        "percent_diff": 16.243171115572203,
        "profiling_cost": 241.3629415176076,
        "profiling_runtime": 131985.00911571697
    },
    "ship_mode": {
        "arachne": 106.54889648375045,
        "arachne_runtime": 20930.13795431539,
        "bq": 130.5753619670868,
        "bq_baseline_runtime": 106991.292,
        "multi_cloud_plan": "aws",
        "percent_diff": 18.40045864808134,
        "profiling_cost": 245.7006762244274,
        "profiling_runtime": 134975.445174988
    },
    "store": {
        "arachne": 75.19586849212646,
        "arachne_runtime": 60536.15700000001,
        "bq": 75.19586849212646,
        "bq_baseline_runtime": 60536.15700000001,
        "multi_cloud_plan": "gcp",
        "percent_diff": 0.0,
        "profiling_cost": 183.1320224626559,
        "profiling_runtime": 82592.02563271289
    },
    "store_returns": {
        "arachne": 96.13472951899269,
        "arachne_runtime": 22787.382731600075,
        "bq": 102.11393094062805,
        "bq_baseline_runtime": 87304.47599999998,
        "multi_cloud_plan": "multi",
        "percent_diff": 5.855421847496836,
        "profiling_cost": 206.27397508322596,
        "profiling_runtime": 109840.7787032651
    },
    "store_sales": {
        "arachne": 11.597788572311401,
        "arachne_runtime": 13401.667999999998,
        "bq": 11.597788572311401,
        "bq_baseline_runtime": 13401.667999999998,
        "multi_cloud_plan": "gcp",
        "percent_diff": 0.0,
        "profiling_cost": 67.8287272727069,
        "profiling_runtime": 20944.30860931606
    },
    "time_dim": {
        "arachne": 106.49658122533305,
        "arachne_runtime": 20887.11583273693,
        "bq": 126.87491703033447,
        "bq_baseline_runtime": 102975.36499999999,
        "multi_cloud_plan": "aws",
        "percent_diff": 16.06175300995797,
        "profiling_cost": 241.79563988754035,
        "profiling_runtime": 130790.92698092457
    },
    "warehouse": {
        "arachne": 106.24121370763618,
        "arachne_runtime": 20667.853467415098,
        "bq": 129.7102382183075,
        "bq_baseline_runtime": 103431.73099999997,
        "multi_cloud_plan": "aws",
        "percent_diff": 18.093424877666184,
        "profiling_cost": 244.4736711418526,
        "profiling_runtime": 131117.47160812077
    },
    "web_page": {
        "arachne": 106.43474392973017,
        "arachne_runtime": 20836.00697400629,
        "bq": 127.43570065498352,
        "bq_baseline_runtime": 105966.09000000004,
        "multi_cloud_plan": "aws",
        "percent_diff": 16.479649436786048,
        "profiling_cost": 242.46484205508253,
        "profiling_runtime": 133870.93851604237
    },
    "web_returns": {
        "arachne": 103.02724259800799,
        "arachne_runtime": 19121.179955835338,
        "bq": 110.99459385871887,
        "bq_baseline_runtime": 97414.90900000001,
        "multi_cloud_plan": "aws",
        "percent_diff": 7.178143532695157,
        "profiling_cost": 221.01659554449165,