{
    "call_center": {
        "arachne": 106.54521860576708,
        "arachne_runtime": 20909.853046337754,
        "bq": 283.6684627532959,
        "bq_baseline_runtime": 105783.20399999997,
        "multi_cloud_plan": "aws",
        "percent_diff": 62.4402312574209,
        "profiling_cost": 398.86037192918633,
        "profiling_runtime": 133822.27272389093
    },
    "catalog_page": {
        "arachne": 106.01991776065812,
        "arachne_runtime": 20476.74662608761,
        "bq": 266.05138778686523,
        "bq_baseline_runtime": 105810.44799999997,
        "multi_cloud_plan": "aws",
        "percent_diff": 60.15058645527868,
        "profiling_cost": 380.74942479020643,
        "profiling_runtime": 133442.3268807415
    },
    "catalog_returns": {
        "arachne": 100.81919846163261,
        "arachne_runtime": 18464.89272406153,
        "bq": 232.32099151611328,
        "bq_baseline_runtime": 91777.65499999997,
        "multi_cloud_plan": "aws",
        "percent_diff": 56.6034916588069,
        "profiling_cost": 340.31515972171104,
        "profiling_runtime": 116159.08564697832
    },
    "catalog_sales": {
        "arachne": 65.02201161777369,
        "arachne_runtime": 17632.05734279212,
        "bq": 125.08334541320801,
        "bq_baseline_runtime": 57335.019,
        "multi_cloud_plan": "multi",
        "percent_diff": 48.01705102867534,
        "profiling_cost": 199.13061633730842,
        "profiling_runtime": 72593.92022364044
    },
    "customer": {
        "arachne": 101.05743604408764,
        "arachne_runtime": 16447.724085682683,
        "bq": 223.04597282409668,
        "bq_baseline_runtime": 77589.22300000001,
        "multi_cloud_plan": "aws",
        "percent_diff": 54.69210460760673,
        "profiling_cost": 329.8624514379423,
        "profiling_runtime": 98784.97991059469
    },
    "customer_address": {
        "arachne": 104.24214905866852,
        "arachne_runtime": 19028.786238859553,
        "bq": 232.08558082580566,
        "bq_baseline_runtime": 80994.64999999998,
        "multi_cloud_plan": "aws",
        "percent_diff": 55.08460771765542,
        "profiling_cost": 343.7505064576077,
        "profiling_runtime": 106143.39442206695
    },
    "customer_demographics": {
        "arachne": 104.53402973941428,
        "arachne_runtime": 19252.59073366286,
        "bq": 248.96382522583008,
        "bq_baseline_runtime": 91655.29499999997,
        "multi_cloud_plan": "aws",
        "percent_diff": 58.01236197885634,
        "profiling_cost": 361.2593502763309,
        "profiling_runtime": 117307.14871142017
    },
    "date_dim": {
        "arachne": 33.83985900878906,
        "arachne_runtime": 12509.484000000002,
        "bq": 33.83985900878906,
        "bq_baseline_runtime": 12509.484000000002,
        "multi_cloud_plan": "gcp",
        "percent_diff": 0.0,
        "profiling_cost": 129.6677970051903,
        "profiling_runtime": 24580.932669306007
    },
    "household_demographics": {
        "arachne": 105.34742116962197,
        "arachne_runtime": 19922.142934324365,
        "bq": 257.4609088897705,
        "bq_baseline_runtime": 93139.921,
        "multi_cloud_plan": "aws",
        "percent_diff": 59.08216838668682,
        "profiling_cost": 370.98264193301065,
        "profiling_runtime": 119801.74092618273
    },
    "income_band": {
        "arachne": 106.14475184975238,
        "arachne_runtime": 20579.62180384822,
        "bq": 278.93467712402344,
        "bq_baseline_runtime": 106110.69599999997,
        "multi_cloud_plan": "aws",
        "percent_diff": 61.9463764978361,
        "profiling_cost": 393.74715104298,
        "profiling_runtime": 133836.8763628425
    },
    "inventory": {
        "arachne": 106.31336126859486,
        "arachne_runtime": 20742.731747126352,
        "bq": 286.0502243041992,
        "bq_baseline_runtime": 104366.55999999998,
        "multi_cloud_plan": "aws",
        "percent_diff": 62.83402275694906,
        "profiling_cost": 400.9735497698224,
        "profiling_runtime": 132208.23497709347
    },
    "item": {
        "arachne": 99.31429128494891,
        "arachne_runtime": 14970.765479146503,
        "bq": 111.66600608825684,
        "bq_baseline_runtime": 48002.555,
        "multi_cloud_plan": "aws",
        "percent_diff": 11.061302571836922,
        "profiling_cost": 216.95702729488343,
        "profiling_runtime": 67877.73861856229
    },
    "promotion": {
        "arachne": 105.25859030899194,
        "arachne_runtime": 19848.8825146874,
        "bq": 258.3417377471924,
        "bq_baseline_runtime": 97716.66099999998,
        "multi_cloud_plan": "aws",
        "percent_diff": 59.256064766431315,
        "profiling_cost": 372.27844733894574,
        "profiling_runtime": 124720.67576934134
    },
    "reason": {
        "arachne": 106.33120609072525,
        "arachne_runtime": 20733.37475890541,
        "bq": 276.92845916748047,
        "bq_baseline_runtime": 104568.12200000002,
        "multi_cloud_plan": "aws",
        "percent_diff": 61.603366295257366,
        "profiling_cost": 391.3658568999927,
        "profiling_runtime": 131985.00911571697
    },
    "ship_mode": {
        "arachne": 106.57129205576389,
        "arachne_runtime": 20931.353189525806,
        "bq": 284.8916988372803,
        "bq_baseline_runtime": 106991.29200000002,
        "multi_cloud_plan": "aws",
        "percent_diff": 62.59234913101716,
        "profiling_cost": 400.0170130946207,
        "profiling_runtime": 134975.44517498798
    },
    "store": {
        "arachne": 102.02276832144173,
        "arachne_runtime": 17180.64929185403,
        "bq": 164.06371307373047,
        "bq_baseline_runtime": 60536.15700000002,
        "multi_cloud_plan": "aws",
        "percent_diff": 37.81515338763999,
        "profiling_cost": 271.9998670442597,
        "profiling_runtime": 82592.02563271289
    },
    "store_returns": {
        "arachne": 98.73274226223644,
        "arachne_runtime": 22018.32819169495,
        "bq": 222.79403114318848,
        "bq_baseline_runtime": 87304.47600000002,
        "multi_cloud_plan": "multi",
        "percent_diff": 55.6842964977004,
        "profiling_cost": 326.95407528578625,
        "profiling_runtime": 109840.77870326512
    },
    "store_sales": {
        "arachne": 25.30426597595215,
        "arachne_runtime": 13401.668,
        "bq": 25.30426597595215,
        "bq_baseline_runtime": 13401.668,
        "multi_cloud_plan": "gcp",
        "percent_diff": 0.0,
        "profiling_cost": 81.53520467634765,
        "profiling_runtime": 20944.30860931606
    },
    "time_dim": {
        "arachne": 106.51897679685649,
        "arachne_runtime": 20888.33106794735,
        "bq": 276.81800079345703,
        "bq_baseline_runtime": 102975.36500000002,
        "multi_cloud_plan": "aws",
        "percent_diff": 61.52021310336181,
        "profiling_cost": 391.7387236506628,
        "profiling_runtime": 130790.92698092459
    },
    "warehouse": {
        "arachne": 106.26240847634878,
        "arachne_runtime": 20676.651745990996,
        "bq": 283.0041561126709,
        "bq_baseline_runtime": 103431.73099999997,
        "multi_cloud_plan": "aws",
        "percent_diff": 62.45199719468321,
        "profiling_cost": 397.76758903621584,
        "profiling_runtime": 131117.47160812077
    },
    "web_page": {
        "arachne": 106.45713950173992,
        "arachne_runtime": 20837.222209216707,
        "bq": 278.0415287017822,
        "bq_baseline_runtime": 105966.08999999997,
        "multi_cloud_plan": "aws",
        "percent_diff": 61.71178456728953,
        "profiling_cost": 393.0706701018809,
        "profiling_runtime": 133870.93851604234
    },
    "web_returns": {
        "arachne": 103.02847405402265,
        "arachne_runtime": 19113.59691246986,
        "bq": 242.17002296447754,
        "bq_baseline_runtime": 97414.90899999997,
        "multi_cloud_plan": "aws",
        "percent_diff": 57.456140610295414,
        "profiling_cost": 352.1920246502502,