{
    "call_center": {
        "arachne": 79.02653363532859,
        "arachne_runtime": 20909.853046337754,
        "bq": 236.39038562774658,
        "bq_baseline_runtime": 105783.20400000001,
        "multi_cloud_plan": "aws",
        "percent_diff": 66.56948063878755,
        "profiling_cost": 324.06361936994165,
        "profiling_runtime": 133822.27272389096
    },
    "catalog_page": {
        "arachne": 78.50125919891433,
        "arachne_runtime": 20476.74662608761,
        "bq": 221.7094898223877,
        "bq_baseline_runtime": 105810.44799999999,
        "multi_cloud_plan": "aws",
        "percent_diff": 64.59273833438434,
        "profiling_cost": 308.8888778007284,
        "profiling_runtime": 133442.32688074152
    },
    "catalog_returns": {
        "arachne": 74.2351903045656,
        "arachne_runtime": 18464.89272406153,
        "bq": 193.60082626342773,
        "bq_baseline_runtime": 91777.655,
        "multi_cloud_plan": "aws",
        "percent_diff": 61.655540558718656,
        "profiling_cost": 275.0109692106037,
        "profiling_runtime": 116159.0856469783
    },
    "catalog_sales": {
        "arachne": 49.26729566525597,
        "arachne_runtime": 11797.68712132884,
        "bq": 104.23612117767334,
        "bq_baseline_runtime": 57335.01900000001,
        "multi_cloud_plan": "multi",
        "percent_diff": 52.73491078847945,
        "profiling_cost": 159.44834602816564,
        "profiling_runtime": 72593.92022364042
    },
    "customer": {
        "arachne": 73.56468724304996,
        "arachne_runtime": 16447.724085682683,
        "bq": 185.87164402008057,
        "bq_baseline_runtime": 77589.22299999998,
        "multi_cloud_plan": "aws",
        "percent_diff": 60.421780508326265,
        "profiling_cost": 265.195383345082,
        "profiling_runtime": 98784.97991059461
    },
    "customer_address": {
        "arachne": 76.73088188101967,
        "arachne_runtime": 19028.786238859553,
        "bq": 193.4046506881714,
        "bq_baseline_runtime": 80994.65000000001,
        "multi_cloud_plan": "aws",
        "percent_diff": 60.3262477877361,
        "profiling_cost": 277.55831865451813,
        "profiling_runtime": 106143.39442206695
    },
    "customer_demographics": {
        "arachne": 77.0158312920378,
        "arachne_runtime": 19252.59073366286,
        "bq": 207.4698543548584,
        "bq_baseline_runtime": 91655.295,
        "multi_cloud_plan": "aws",
        "percent_diff": 62.878543713483694,
        "profiling_cost": 292.24719047017624,
        "profiling_runtime": 117307.1487114202
    },
    "date_dim": {
        "arachne": 28.19988250732422,
        "arachne_runtime": 12509.484,
        "bq": 28.19988250732422,
        "bq_baseline_runtime": 12509.484,
        "multi_cloud_plan": "gcp",
        "percent_diff": 0.0,
        "profiling_cost": 96.50922465005401,
        "profiling_runtime": 24580.932669306003
    },
    "household_demographics": {
        "arachne": 77.8287373995093,
        "arachne_runtime": 19922.142934324365,
        "bq": 214.5507574081421,
        "bq_baseline_runtime": 93139.92099999999,
        "multi_cloud_plan": "aws",
        "percent_diff": 63.724790189645006,
        "profiling_cost": 300.553816193463,
        "profiling_runtime": 119801.74092618274
    },
    "income_band": {
        "arachne": 78.6260666744602,
        "arachne_runtime": 20579.62180384822,
        "bq": 232.44556427001953,
        "bq_baseline_runtime": 106110.69600000001,
        "multi_cloud_plan": "aws",
        "percent_diff": 66.17441725705527,
        "profiling_cost": 319.73936255042713,
        "profiling_runtime": 133836.8763628425
    },
    "inventory": {
        "arachne": 78.80455665691942,
        "arachne_runtime": 20742.731747126352,
        "bq": 238.37518692016602,
        "bq_baseline_runtime": 104366.56,
        "multi_cloud_plan": "aws",
        "percent_diff": 66.94095653365476,
        "profiling_cost": 325.78971731085693,
        "profiling_runtime": 132208.23497709347
    },
    "item": {
        "arachne": 71.80571581785414,
        "arachne_runtime": 14970.765479146503,
        "bq": 93.05500507354736,
        "bq_baseline_runtime": 48002.55500000001,
        "multi_cloud_plan": "aws",
        "percent_diff": 22.835192195087785,
        "profiling_cost": 170.8275691838059,
        "profiling_runtime": 67877.7386185623
    },
    "promotion": {
        "arachne": 77.73990615025699,
        "arachne_runtime": 19848.8825146874,
        "bq": 215.28478145599365,
        "bq_baseline_runtime": 97716.66100000001,
        "multi_cloud_plan": "aws",
        "percent_diff": 63.88973450678036,
        "profiling_cost": 301.7028164257553,
        "profiling_runtime": 124720.67576934134
    },
    "reason": {
        "arachne": 78.81252094057876,
        "arachne_runtime": 20733.37475890541,
        "bq": 230.7737159729004,
        "bq_baseline_runtime": 104568.122,
        "multi_cloud_plan": "aws",
        "percent_diff": 65.84857135557255,
        "profiling_cost": 317.6924380920093,
        "profiling_runtime": 131985.00911571697
    },
    "ship_mode": {
        "arachne": 79.05260691910296,
        "arachne_runtime": 20931.353189525806,
        "bq": 237.4097490310669,
        "bq_baseline_runtime": 106991.29199999999,
        "multi_cloud_plan": "aws",
        "percent_diff": 66.70203846230496,
        "profiling_cost": 325.0163876884895,
        "profiling_runtime": 134975.445174988
    },
    "store": {
        "arachne": 74.50411071095083,
        "arachne_runtime": 17180.64929185403,
        "bq": 136.7197608947754,
        "bq_baseline_runtime": 60536.157,
        "multi_cloud_plan": "aws",
        "percent_diff": 45.505967664548535,
        "profiling_cost": 217.13724015345892,
        "profiling_runtime": 82592.02563271286
    },
    "store_returns": {
        "arachne": 72.80906579355944,
        "arachne_runtime": 18159.627168378473,
        "bq": 185.66169261932373,
        "bq_baseline_runtime": 87304.47600000004,
        "multi_cloud_plan": "aws",
        "percent_diff": 60.78401270269285,
        "profiling_cost": 263.7781462028562,
        "profiling_runtime": 109840.77870326512
    },
    "store_sales": {
        "arachne": 21.086888313293457,
        "arachne_runtime": 13401.667999999998,
        "bq": 21.086888313293457,
        "bq_baseline_runtime": 13401.667999999998,
        "multi_cloud_plan": "gcp",
        "percent_diff": 0.0,
        "profiling_cost": 61.35335486396675,
        "profiling_runtime": 20944.30860931606
    },
    "time_dim": {
        "arachne": 79.00034001386759,
        "arachne_runtime": 20888.33106794735,
        "bq": 230.68166732788086,
        "bq_baseline_runtime": 102975.365,
        "multi_cloud_plan": "aws",
        "percent_diff": 65.75352479068918,
        "profiling_cost": 318.0837629388409,
        "profiling_runtime": 130790.92698092457
    },
    "warehouse": {
        "arachne": 78.74372343285737,
        "arachne_runtime": 20676.651745990996,
        "bq": 235.83679676055908,
        "bq_baseline_runtime": 103431.73100000001,
        "multi_cloud_plan": "aws",
        "percent_diff": 66.61092564244566,
        "profiling_cost": 323.0815541141748,
        "profiling_runtime": 131117.47160812077
    },
    "web_page": {
        "arachne": 78.93845472836931,
        "arachne_runtime": 20837.222209216707,
        "bq": 231.70127391815186,
        "bq_baseline_runtime": 105966.08999999997,
        "multi_cloud_plan": "aws",
        "percent_diff": 65.93093624670608,
        "profiling_cost": 319.2117400816233,
        "profiling_runtime": 133870.9385160423
    },
    "web_returns": {
        "arachne": 75.96286111386769,
        "arachne_runtime": 19113.59691246986,
        "bq": 201.80835247039795,
        "bq_baseline_runtime": 97414.90900000001,
        "multi_cloud_plan": "aws",
        "percent_diff": 62.3589112224628,
        "profiling_cost": 284.7647241146608,
        "profiling_runtime": 122294.89754675327
    },