{
    "call_center": {
        "arachne": 106.54523529506761,
        "arachne_runtime": 20909.853046337754,
        "bq": 366.4050977230072,
        "bq_baseline_runtime": 105783.20400000001,
        "multi_cloud_plan": "aws",
        "percent_diff": 70.92146480570717,
        "profiling_cost": 481.5970068988975,
        "profiling_runtime": 133822.27272389093
    },
    "catalog_page": {
        "arachne": 106.01993444995865,
        "arachne_runtime": 20476.74662608761,
        "bq": 343.6497092247009,
        "bq_baseline_runtime": 105810.448,
        "multi_cloud_plan": "aws",
        "percent_diff": 69.1488362701812,
        "profiling_cost": 458.34774622804224,
        "profiling_runtime": 133442.32688074157
    },
    "catalog_returns": {
        "arachne": 100.81921515093313,
        "arachne_runtime": 18464.89272406153,
        "bq": 300.081280708313,
        "bq_baseline_runtime": 91777.65499999998,
        "multi_cloud_plan": "aws",
        "percent_diff": 66.40269765812813,
        "profiling_cost": 408.07544891391086,
        "profiling_runtime": 116159.0856469783
    },
    "catalog_sales": {
        "arachne": 67.31604879934271,
        "arachne_runtime": 11797.68712132884,
        "bq": 161.56598782539368,
        "bq_baseline_runtime": 57335.01899999999,
        "multi_cloud_plan": "multi",
        "percent_diff": 58.33525997310029,
        "profiling_cost": 235.61325874949407,
        "profiling_runtime": 72593.92022364042
    },
    "customer": {
        "arachne": 101.05745273338817,
        "arachne_runtime": 16447.724085682683,
        "bq": 288.1010482311249,
        "bq_baseline_runtime": 77589.223,
        "multi_cloud_plan": "aws",
        "percent_diff": 64.92291390334815,
        "profiling_cost": 394.9175268449704,
        "profiling_runtime": 98784.97991059466
    },
    "customer_address": {
        "arachne": 104.24216574796905,
        "arachne_runtime": 19028.786238859553,
        "bq": 299.77720856666565,
        "bq_baseline_runtime": 80994.65000000001,
        "multi_cloud_plan": "aws",
        "percent_diff": 65.2267875044986,
        "profiling_cost": 411.44213419846784,
        "profiling_runtime": 106143.39442206697
    },
    "customer_demographics": {
        "arachne": 104.5340464287148,
        "arachne_runtime": 19252.59073366286,
        "bq": 321.5782742500305,
        "bq_baseline_runtime": 91655.29499999998,
        "multi_cloud_plan": "aws",
        "percent_diff": 67.49343634220808,
        "profiling_cost": 433.87379930053123,
        "profiling_runtime": 117307.1487114202
    },
    "date_dim": {
        "arachne": 43.70981788635254,
        "arachne_runtime": 12509.484,
        "bq": 43.70981788635254,
        "bq_baseline_runtime": 12509.484,
        "multi_cloud_plan": "gcp",
        "percent_diff": 0.0,
        "profiling_cost": 139.5377558827539,
        "profiling_runtime": 24580.932669306003
    },
    "household_demographics": {
        "arachne": 105.3474378589225,
        "arachne_runtime": 19922.142934324365,
        "bq": 332.55367398262024,
        "bq_baseline_runtime": 93139.921,
        "multi_cloud_plan": "aws",
        "percent_diff": 68.32167373245495,
        "profiling_cost": 446.07540702586033,
        "profiling_runtime": 119801.74092618277
    },
    "income_band": {
        "arachne": 106.14476853905292,
        "arachne_runtime": 20579.62180384822,
        "bq": 360.2906246185303,
        "bq_baseline_runtime": 106110.69599999998,
        "multi_cloud_plan": "aws",
        "percent_diff": 70.53912555969582,
        "profiling_cost": 475.10309853748674,
        "profiling_runtime": 133836.8763628425
    },
    "inventory": {
        "arachne": 106.3133779578954,
        "arachne_runtime": 20742.731747126352,
        "bq": 369.4815397262573,
        "bq_baseline_runtime": 104366.56000000003,
        "multi_cloud_plan": "aws",
        "percent_diff": 71.22633568197718,
        "profiling_cost": 484.4048651918805,
        "profiling_runtime": 132208.2349770935
    },
    "item": {
        "arachne": 99.31429128494891,
        "arachne_runtime": 14970.765479146503,
        "bq": 144.2352578639984,
        "bq_baseline_runtime": 48002.555,
        "multi_cloud_plan": "aws",
        "percent_diff": 31.14423424916407,
        "profiling_cost": 249.52627907062498,
        "profiling_runtime": 67877.73861856229
    },
    "promotion": {
        "arachne": 105.25860699829248,
        "arachne_runtime": 19848.8825146874,
        "bq": 333.69141125679016,
        "bq_baseline_runtime": 97716.66100000001,
        "multi_cloud_plan": "aws",
        "percent_diff": 68.45630320485193,
        "profiling_cost": 447.62812084854363,
        "profiling_runtime": 124720.67576934135
    },
    "reason": {
        "arachne": 106.33122278002578,
        "arachne_runtime": 20733.37475890541,
        "bq": 357.6992597579956,
        "bq_baseline_runtime": 104568.12200000002,
        "multi_cloud_plan": "aws",
        "percent_diff": 70.27356924027043,
        "profiling_cost": 472.13665749050784,
        "profiling_runtime": 131985.0091157169
    },
    "ship_mode": {
        "arachne": 106.57130874506443,
        "arachne_runtime": 20931.353189525806,
        "bq": 367.9851109981537,
        "bq_baseline_runtime": 106991.29199999997,
        "multi_cloud_plan": "aws",
        "percent_diff": 71.03923350159698,
        "profiling_cost": 483.110425255494,
        "profiling_runtime": 134975.44517498795
    },
    "store": {
        "arachne": 102.02278501074227,
        "arachne_runtime": 17180.64929185403,
        "bq": 211.91562938690186,
        "bq_baseline_runtime": 60536.15699999999,
        "multi_cloud_plan": "aws",
        "percent_diff": 51.85688506982387,
        "profiling_cost": 319.85178335743103,
        "profiling_runtime": 82592.02563271287
    },
    "store_returns": {
        "arachne": 98.85265591602075,
        "arachne_runtime": 18159.627168378473,
        "bq": 287.7756235599518,
        "bq_baseline_runtime": 87304.47600000001,
        "multi_cloud_plan": "aws",
        "percent_diff": 65.64939910713913,
        "profiling_cost": 391.9356677025496,
        "profiling_runtime": 109840.77870326511
    },
    "store_sales": {
        "arachne": 32.68467688560486,
        "arachne_runtime": 13401.668000000001,
        "bq": 32.68467688560486,
        "bq_baseline_runtime": 13401.668000000001,
        "multi_cloud_plan": "gcp",
        "percent_diff": 0.0,
        "profiling_cost": 88.91561558600034,
        "profiling_runtime": 20944.30860931606
    },
    "time_dim": {
        "arachne": 106.51899348615702,
        "arachne_runtime": 20888.33106794735,
        "bq": 357.55658435821533,
        "bq_baseline_runtime": 102975.36500000002,
        "multi_cloud_plan": "aws",
        "percent_diff": 70.20919257371534,
        "profiling_cost": 472.47730721542115,
        "profiling_runtime": 130790.92698092457
    },
    "warehouse": {
        "arachne": 106.26242516564932,
        "arachne_runtime": 20676.651745990996,
        "bq": 365.5470349788666,
        "bq_baseline_runtime": 103431.73100000004,
        "multi_cloud_plan": "aws",
        "percent_diff": 70.93057390773455,
        "profiling_cost": 480.3104679024114,
        "profiling_runtime": 131117.47160812083
    },
    "web_page": {
        "arachne": 106.45715619104045,
        "arachne_runtime": 20837.222209216707,
        "bq": 359.1369745731354,
        "bq_baseline_runtime": 105966.08999999997,
        "multi_cloud_plan": "aws",
        "percent_diff": 70.3575059856831,
        "profiling_cost": 474.1661159732342,
        "profiling_runtime": 133870.9385160423
    },
    "web_returns": {
        "arachne": 103.02849074332319,
        "arachne_runtime": 19113.59691246986,
        "bq": 312.8029463291168,
        "bq_baseline_runtime": 97414.909,
        "multi_cloud_plan": "aws",
        "percent_diff": 67.06281320159901,
        "profiling_cost": 422.8249480148894,