{
    "call_center": {
        "arachne": 48.10166863948389,
        "arachne_runtime": 27935.22210505739,
        "bq": 236.39038562774658,
        "bq_baseline_runtime": 105783.20399999998,
        "multi_cloud_plan": "aws",
        "percent_diff": 79.65159686518237,
        "profiling_cost": 286.2254406486106,
        "profiling_runtime": 133822.2727238909
    },
    "catalog_page": {
        "arachne": 47.624566732213665,
        "arachne_runtime": 27509.859305849495,
        "bq": 221.7094898223877,
        "bq_baseline_runtime": 105810.44799999999,
        "multi_cloud_plan": "aws",
        "percent_diff": 78.51938283274843,
        "profiling_cost": 271.0507353913524,
        "profiling_runtime": 133442.32688074152
    },
    "catalog_returns": {
        "arachne": 37.68219220162032,
        "arachne_runtime": 18464.89272406153,
        "bq": 193.60082626342773,
        "bq_baseline_runtime": 91777.65500000001,
        "multi_cloud_plan": "aws",
        "percent_diff": 80.53614081669924,
        "profiling_cost": 238.45793448027356,
        "profiling_runtime": 116159.08564697832
    },
    "catalog_sales": {
        "arachne": 24.654288563289906,
        "arachne_runtime": 11797.68712132884,
        "bq": 104.23612117767334,
        "bq_baseline_runtime": 57335.019000000015,
        "multi_cloud_plan": "multi",
        "percent_diff": 76.34765349598341,
        "profiling_cost": 133.55015767695446,
        "profiling_runtime": 72593.92022364042
    },
    "customer": {
        "arachne": 42.44530100774898,
        "arachne_runtime": 23436.80469879227,
        "bq": 185.87164402008057,
        "bq_baseline_runtime": 77589.223,
        "multi_cloud_plan": "aws",
        "percent_diff": 77.16418702189807,
        "profiling_cost": 227.39286682292135,
        "profiling_runtime": 98784.97991059464
    },
    "customer_address": {
        "arachne": 45.27759651445968,
        "arachne_runtime": 25852.978644569775,
        "bq": 193.4046506881714,
        "bq_baseline_runtime": 80994.65000000002,
        "multi_cloud_plan": "aws",
        "percent_diff": 76.58918937401289,
        "profiling_cost": 239.73033936451716,
        "profiling_runtime": 106143.39442206698
    },
    "customer_demographics": {
        "arachne": 45.0307884797871,
        "arachne_runtime": 23443.761140054004,
        "bq": 207.4698543548584,
        "bq_baseline_runtime": 91655.29500000003,
        "multi_cloud_plan": "aws",
        "percent_diff": 78.29526192139411,
        "profiling_cost": 254.40968068429964,
        "profiling_runtime": 117307.14871142023
    },
    "date_dim": {
        "arachne": 15.192832334117286,
        "arachne_runtime": 6317.313656899411,
        "bq": 28.19988250732422,
        "bq_baseline_runtime": 12509.484,
        "multi_cloud_plan": "multi",
        "percent_diff": 46.12448356771939,
        "profiling_cost": 58.671155351255855,
        "profiling_runtime": 24580.932669306003
    },
    "household_demographics": {
        "arachne": 46.30627800388299,
        "arachne_runtime": 24286.459455682856,
        "bq": 214.5507574081421,
        "bq_baseline_runtime": 93139.92099999999,
        "multi_cloud_plan": "aws",
        "percent_diff": 78.4170987959767,
        "profiling_cost": 262.7156390888241,
        "profiling_runtime": 119801.74092618274
    },
    "income_band": {
        "arachne": 47.73556721472402,
        "arachne_runtime": 27598.721109376856,
        "bq": 232.44556427001953,
        "bq_baseline_runtime": 106110.69600000003,
        "multi_cloud_plan": "aws",
        "percent_diff": 79.46376504768567,
        "profiling_cost": 281.9011835474222,
        "profiling_runtime": 133836.87636284254
    },
    "inventory": {
        "arachne": 47.32083914324123,
        "arachne_runtime": 25086.7540753925,
        "bq": 238.37518692016602,
        "bq_baseline_runtime": 104366.56000000001,
        "multi_cloud_plan": "aws",
        "percent_diff": 80.1485885529313,
        "profiling_cost": 287.96512408282507,
        "profiling_runtime": 132208.23497709347
    },
    "item": {
        "arachne": 33.98142455059882,
        "arachne_runtime": 14970.765479146503,
        "bq": 93.05500507354736,
        "bq_baseline_runtime": 48002.55499999999,
        "multi_cloud_plan": "aws",
        "percent_diff": 63.48243221980256,
        "profiling_cost": 132.98969067629972,
        "profiling_runtime": 67877.7386185623
    },
    "promotion": {
        "arachne": 39.90172854501823,
        "arachne_runtime": 19848.8825146874,
        "bq": 215.28478145599365,
        "bq_baseline_runtime": 97716.66100000002,
        "multi_cloud_plan": "aws",
        "percent_diff": 81.46560649797973,
        "profiling_cost": 263.8646388205165,
        "profiling_runtime": 124720.67576934135
    },
    "reason": {
        "arachne": 46.22122978092128,
        "arachne_runtime": 26465.06250852394,
        "bq": 230.7737159729004,
        "bq_baseline_runtime": 104568.12200000002,
        "multi_cloud_plan": "aws",
        "percent_diff": 79.9711897058723,
        "profiling_cost": 279.8542591235797,
        "profiling_runtime": 131985.00911571697
    },
    "ship_mode": {
        "arachne": 41.22588657469121,
        "arachne_runtime": 20958.935496364793,
        "bq": 237.4097490310669,
        "bq_baseline_runtime": 106991.29199999997,
        "multi_cloud_plan": "aws",
        "percent_diff": 82.63513324834167,
        "profiling_cost": 287.17820873860273,
        "profiling_runtime": 134975.44517498795
    },
    "store": {
        "arachne": 36.66596960954765,
        "arachne_runtime": 17180.64929185403,
        "bq": 136.7197608947754,
        "bq_baseline_runtime": 60536.15700000001,
        "multi_cloud_plan": "aws",
        "percent_diff": 73.18166052252889,
        "profiling_cost": 179.299062424671,
        "profiling_runtime": 82592.02563271289
    },
    "store_returns": {
        "arachne": 38.85413802610894,
        "arachne_runtime": 21674.058762530924,
        "bq": 185.66169261932373,
        "bq_baseline_runtime": 87304.47600000001,
        "multi_cloud_plan": "aws",
        "percent_diff": 79.07261456148925,
        "profiling_cost": 227.96820918414141,
        "profiling_runtime": 109840.77870326511
    },
    "store_sales": {
        "arachne": 16.254509173216437,
        "arachne_runtime": 6423.565617541961,
        "bq": 21.086888313293457,
        "bq_baseline_runtime": 13401.668,
        "multi_cloud_plan": "multi",
        "percent_diff": 22.91651128550163,
        "profiling_cost": 39.402205658098616,
        "profiling_runtime": 20944.30860931606
    },
    "time_dim": {
        "arachne": 48.12367749843305,
        "arachne_runtime": 27921.443747709236,
        "bq": 230.68166732788086,
        "bq_baseline_runtime": 102975.36499999996,
        "multi_cloud_plan": "aws",
        "percent_diff": 79.13849069331022,
        "profiling_cost": 280.24565047525283,
        "profiling_runtime": 130790.92698092456
    },
    "warehouse": {
        "arachne": 46.58513134862307,
        "arachne_runtime": 24390.239731418853,
        "bq": 235.83679676055908,
        "bq_baseline_runtime": 103431.73099999999,
        "multi_cloud_plan": "aws",
        "percent_diff": 80.24687750660041,
        "profiling_cost": 285.2433752055221,
        "profiling_runtime": 131117.47160812077
    },
    "web_page": {
        "arachne": 47.59847538745984,
        "arachne_runtime": 27697.188774011243,
        "bq": 231.70127391815186,
        "bq_baseline_runtime": 105966.09000000001,
        "multi_cloud_plan": "aws",
        "percent_diff": 79.45696431333651,
        "profiling_cost": 281.37356163126054,
        "profiling_runtime": 133870.93851604237
    },
    "web_returns": {
        "arachne": 42.62479275667314,
        "arachne_runtime": 24743.20813116836,
        "bq": 201.80835247039795,
        "bq_baseline_runtime": 97414.90900000001,
        "multi_cloud_plan": "aws",
        "percent_diff": 78.87857849544383,