{
    "call_center": {
        "arachne": 42.82814863494682,
        "arachne_runtime": 92704.34799999997,
        "bq": 207.6362419128418,
        "bq_baseline_runtime": 92704.34799999997,
        "multi_cloud_plan": "gcp",
        "percent_diff": 79.37347149014356,
        "profiling_cost": 318.5656468017087,
        "profiling_runtime": 117228.49335424483
    },
    "catalog_page": {
        "arachne": 40.30484396566041,
        "arachne_runtime": 92731.59199999998,
        "bq": 192.9553461074829,
        "bq_baseline_runtime": 92731.59199999998,
        "multi_cloud_plan": "gcp",
        "percent_diff": 79.1118283174133,
        "profiling_cost": 303.3908788441105,
        "profiling_runtime": 116848.54751109544
    },
    "catalog_returns": {
        "arachne": 38.16306154420823,
        "arachne_runtime": 87471.43100000001,
        "bq": 180.82664966583252,
        "bq_baseline_runtime": 87471.43100000001,
        "multi_cloud_plan": "gcp",
        "percent_diff": 78.8952227922524,
        "profiling_cost": 287.62280659861545,
        "profiling_runtime": 110864.79741152946
    },
    "catalog_sales": {
        "arachne": 21.080585833540827,
        "arachne_runtime": 54584.887,
        "bq": 92.73408889770508,
        "bq_baseline_runtime": 54584.887,
        "multi_cloud_plan": "gcp",
        "percent_diff": 77.26770588451588,
        "profiling_cost": 165.648005644225,
        "profiling_runtime": 68907.74125971028
    },
    "customer": {
        "arachne": 27.88791064445578,
        "arachne_runtime": 68587.658,
        "bq": 166.13430500030518,
        "bq_baseline_runtime": 68587.658,
        "multi_cloud_plan": "gcp",
        "percent_diff": 83.21363511021727,
        "profiling_cost": 269.2956060923156,
        "profiling_runtime": 86769.2879684369
    },
    "customer_address": {
        "arachne": 36.5714548598785,
        "arachne_runtime": 71993.08499999999,
        "bq": 173.667311668396,
        "bq_baseline_runtime": 71993.08499999999,
        "multi_cloud_plan": "gcp",
        "percent_diff": 78.94165890601866,
        "profiling_cost": 281.6770475657966,
        "profiling_runtime": 94127.70247990919
    },
    "customer_demographics": {
        "arachne": 39.77195173592116,
        "arachne_runtime": 83758.85000000002,
        "bq": 186.71122074127197,
        "bq_baseline_runtime": 83758.85000000002,
        "multi_cloud_plan": "gcp",
        "percent_diff": 78.69868153717786,
        "profiling_cost": 295.52527519656115,
        "profiling_runtime": 106539.8318938314
    },
    "date_dim": {
        "arachne": 7.070908194053408,
        "arachne_runtime": 12509.484,
        "bq": 28.19988250732422,
        "bq_baseline_runtime": 12509.484,
        "multi_cloud_plan": "gcp",
        "percent_diff": 74.92575299837893,
        "profiling_cost": 124.02782050372544,
        "profiling_runtime": 24580.932669306003
    },
    "household_demographics": {
        "arachne": 39.82110425343113,
        "arachne_runtime": 85243.47600000002,
        "bq": 193.79212379455566,
        "bq_baseline_runtime": 85243.47600000002,
        "multi_cloud_plan": "gcp",
        "percent_diff": 79.45163948167131,
        "profiling_cost": 303.83238593773365,
        "profiling_runtime": 109034.42410859396
    },
    "income_band": {
        "arachne": 43.63571360351372,
        "arachne_runtime": 95338.185,
        "bq": 210.82536697387695,
        "bq_baseline_runtime": 95338.185,
        "multi_cloud_plan": "gcp",
        "percent_diff": 79.30243678460165,
        "profiling_cost": 321.87863196709344,
        "profiling_runtime": 119964.46670838159
    },
    "inventory": {
        "arachne": 43.39238280254651,
        "arachne_runtime": 94163.76999999999,
        "bq": 210.48260688781738,
        "bq_baseline_runtime": 94163.76999999999,
        "multi_cloud_plan": "gcp",
        "percent_diff": 79.38433800106168,
        "profiling_cost": 321.4211731946637,
        "profiling_runtime": 118719.54844431947
    },
    "item": {
        "arachne": 25.159201249633206,
        "arachne_runtime": 46194.21399999999,
        "bq": 89.75104331970215,
        "bq_baseline_runtime": 46194.21399999999,
        "multi_cloud_plan": "gcp",
        "percent_diff": 71.96778965564374,
        "profiling_cost": 193.17435139055635,
        "profiling_runtime": 64529.25399282604
    },
    "promotion": {
        "arachne": 41.35664844487425,
        "arachne_runtime": 89820.21600000001,
        "bq": 194.52614784240723,
        "bq_baseline_runtime": 89820.21600000001,
        "multi_cloud_plan": "gcp",
        "percent_diff": 78.73979981427546,
        "profiling_cost": 304.98138653386985,
        "profiling_runtime": 113953.35895175253
    },
    "reason": {
        "arachne": 40.48235081039237,
        "arachne_runtime": 91489.26600000003,
        "bq": 202.0195722579956,
        "bq_baseline_runtime": 91489.26600000003,
        "multi_cloud_plan": "gcp",
        "percent_diff": 79.96117388136379,
        "profiling_cost": 312.1944657033463,
        "profiling_runtime": 115391.2297460709
    },
    "ship_mode": {
        "arachne": 42.72223460330931,
        "arachne_runtime": 93912.436,
        "bq": 208.6556053161621,
        "bq_baseline_runtime": 93912.436,
        "multi_cloud_plan": "gcp",
        "percent_diff": 79.52500028045012,
        "profiling_cost": 319.51841528635134,
        "profiling_runtime": 118381.66580534191
    },
    "store": {
        "arachne": 29.184789412393357,
        "arachne_runtime": 53855.016,
        "bq": 127.2630262374878,
        "bq_baseline_runtime": 53855.016,
        "multi_cloud_plan": "gcp",
        "percent_diff": 77.06734605074446,
        "profiling_cost": 232.5972510192161,
        "profiling_runtime": 73765.29577291636
    },
    "store_returns": {
        "arachne": 34.96687387903292,
        "arachne_runtime": 80122.18600000002,
        "bq": 172.02595233917236,
        "bq_baseline_runtime": 80122.18600000002,
        "multi_cloud_plan": "gcp",
        "percent_diff": 79.6734891430271,
        "profiling_cost": 274.7104379358585,
        "profiling_runtime": 101441.39763094418
    },
    "store_sales": {
        "arachne": 4.922152824824023,
        "arachne_runtime": 10525.602,
        "bq": 20.225324630737305,
        "bq_baseline_runtime": 10525.602,
        "multi_cloud_plan": "gcp",
        "percent_diff": 75.66341744970751,
        "profiling_cost": 76.17910429339949,
        "profiling_runtime": 17839.215772443964
    },
    "time_dim": {
        "arachne": 41.34475298746822,
        "arachne_runtime": 89896.50899999998,
        "bq": 201.92752361297607,
        "bq_baseline_runtime": 89896.50899999998,
        "multi_cloud_plan": "gcp",
        "percent_diff": 79.52495417776156,
        "profiling_cost": 312.5857422202172,
        "profiling_runtime": 114197.14761127847
    },
    "warehouse": {
        "arachne": 42.612446614822524,
        "arachne_runtime": 93228.941,
        "bq": 207.94421672821045,
        "bq_baseline_runtime": 93228.941,
        "multi_cloud_plan": "gcp",
        "percent_diff": 79.50775102799886,
        "profiling_cost": 318.7228833894346,
        "profiling_runtime": 117628.78507534682
    },
    "web_page": {
        "arachne": 42.96836153020827,
        "arachne_runtime": 92887.234,
        "bq": 202.94713020324707,
        "bq_baseline_runtime": 92887.234,
        "multi_cloud_plan": "gcp",
        "percent_diff": 78.82780530713768,
        "profiling_cost": 313.7137673164741,
        "profiling_runtime": 117277.15914639627
    },
    "web_returns": {
        "arachne": 37.47339146560534,
        "arachne_runtime": 87926.27399999998,
        "bq": 181.03866577148438,
        "bq_baseline_runtime": 87926.27399999998,
        "multi_cloud_plan": "gcp",
        "percent_diff": 79.30089061034838,
        "profiling_cost": 289.0815825237418,
        "profiling_runtime": 111174.14675924716
    },
    "web_sales": {
        "arachne": 20.203406967695873,