{
    "call_center": {
        "arachne": 59.097596406936646,
        "arachne_runtime": 105783.20400000001,
        "bq": 59.097596406936646,
        "bq_baseline_runtime": 105783.20400000001,
        "multi_cloud_plan": "gcp",
        "percent_diff": 0.0,
        "profiling_cost": 174.28950558282722,
        "profiling_runtime": 133822.2727238909
    },
    "catalog_page": {
        "arachne": 55.427372455596924,
        "arachne_runtime": 105810.44799999999,
        "bq": 55.427372455596924,
        "bq_baseline_runtime": 105810.44799999999,
        "multi_cloud_plan": "gcp",
        "percent_diff": 0.0,
        "profiling_cost": 170.12540945893826,
        "profiling_runtime": 133442.32688074154
    },
    "catalog_returns": {
        "arachne": 48.400206565856934,
        "arachne_runtime": 91777.65499999998,
        "bq": 48.400206565856934,
        "bq_baseline_runtime": 91777.65499999998,
        "multi_cloud_plan": "gcp",
        "percent_diff": 0.0,
        "profiling_cost": 156.3943747714548,
        "profiling_runtime": 116159.08564697829
    },
    "catalog_sales": {
        "arachne": 26.059030294418335,
        "arachne_runtime": 57335.019000000015,
        "bq": 26.059030294418335,
        "bq_baseline_runtime": 57335.019000000015,
        "multi_cloud_plan": "gcp",
        "percent_diff": 0.0,
        "profiling_cost": 100.1063012185186,
        "profiling_runtime": 72593.92022364042
    },
    "customer": {
        "arachne": 46.46791100502014,
        "arachne_runtime": 77589.223,
        "bq": 46.46791100502014,
        "bq_baseline_runtime": 77589.223,
        "multi_cloud_plan": "gcp",
        "percent_diff": 0.0,
        "profiling_cost": 153.2843896188658,
        "profiling_runtime": 98784.97991059464
    },
    "customer_address": {
        "arachne": 48.35116267204285,
        "arachne_runtime": 80994.65,
        "bq": 48.35116267204285,
        "bq_baseline_runtime": 80994.65,
        "multi_cloud_plan": "gcp",
        "percent_diff": 0.0,
        "profiling_cost": 160.01608830384507,
        "profiling_runtime": 106143.39442206698
    },
    "customer_demographics": {
        "arachne": 51.8674635887146,
        "arachne_runtime": 91655.29499999998,
        "bq": 51.8674635887146,
        "bq_baseline_runtime": 91655.29499999998,
        "multi_cloud_plan": "gcp",
        "percent_diff": 0.0,
        "profiling_cost": 164.16298863921554,
        "profiling_runtime": 117307.14871142019
    },
    "date_dim": {
        "arachne": 7.049970626831055,
        "arachne_runtime": 12509.484000000002,
        "bq": 7.049970626831055,
        "bq_baseline_runtime": 12509.484000000002,
        "multi_cloud_plan": "gcp",
        "percent_diff": 0.0,
        "profiling_cost": 102.87790862323229,
        "profiling_runtime": 24580.932669306007
    },
    "household_demographics": {
        "arachne": 53.63768935203552,
        "arachne_runtime": 93139.92100000002,
        "bq": 53.63768935203552,
        "bq_baseline_runtime": 93139.92100000002,
        "multi_cloud_plan": "gcp",
        "percent_diff": 0.0,
        "profiling_cost": 167.15942239527573,
        "profiling_runtime": 119801.74092618273
    },
    "income_band": {
        "arachne": 58.11139106750488,
        "arachne_runtime": 106110.69599999998,
        "bq": 58.11139106750488,
        "bq_baseline_runtime": 106110.69599999998,
        "multi_cloud_plan": "gcp",
        "percent_diff": 0.0,
        "profiling_cost": 172.9238649864617,
        "profiling_runtime": 133836.8763628425
    },
    "inventory": {
        "arachne": 59.593796730041504,
        "arachne_runtime": 104366.56,
        "bq": 59.593796730041504,
        "bq_baseline_runtime": 104366.56,
        "multi_cloud_plan": "gcp",
        "percent_diff": 0.0,
        "profiling_cost": 174.51712219566494,
        "profiling_runtime": 132208.2349770935
    },
    "item": {
        "arachne": 23.26375126838684,
        "arachne_runtime": 48002.555000000015,
        "bq": 23.26375126838684,
        "bq_baseline_runtime": 48002.555000000015,
        "multi_cloud_plan": "gcp",
        "percent_diff": 0.0,
        "profiling_cost": 128.5547724750133,
        "profiling_runtime": 67877.73861856232
    },
    "promotion": {
        "arachne": 53.82119536399841,
        "arachne_runtime": 97716.66100000002,
        "bq": 53.82119536399841,
        "bq_baseline_runtime": 97716.66100000002,
        "multi_cloud_plan": "gcp",
        "percent_diff": 0.0,
        "profiling_cost": 167.757904955752,
        "profiling_runtime": 124720.67576934132
    },
    "reason": {
        "arachne": 57.6934289932251,
        "arachne_runtime": 104568.122,
        "bq": 57.6934289932251,
        "bq_baseline_runtime": 104568.122,
        "multi_cloud_plan": "gcp",
        "percent_diff": 0.0,
        "profiling_cost": 172.13082672573748,
        "profiling_runtime": 131985.00911571697
    },
    "ship_mode": {
        "arachne": 59.352437257766724,
        "arachne_runtime": 106991.29200000002,
        "bq": 59.352437257766724,
        "bq_baseline_runtime": 106991.29200000002,
        "multi_cloud_plan": "gcp",
        "percent_diff": 0.0,
        "profiling_cost": 174.47775151510737,
        "profiling_runtime": 134975.445174988
    },
    "store": {
        "arachne": 34.17994022369385,
        "arachne_runtime": 60536.157000000014,
        "bq": 34.17994022369385,
        "bq_baseline_runtime": 60536.157000000014,
        "multi_cloud_plan": "gcp",
        "percent_diff": 0.0,
        "profiling_cost": 142.11609419422322,
        "profiling_runtime": 82592.02563271289
    },
    "store_returns": {
        "arachne": 46.41542315483093,
        "arachne_runtime": 87304.476,
        "bq": 46.41542315483093,
        "bq_baseline_runtime": 87304.476,
        "multi_cloud_plan": "gcp",
        "percent_diff": 0.0,
        "profiling_cost": 150.57546729742884,
        "profiling_runtime": 109840.7787032651
    },
    "store_sales": {
        "arachne": 5.271722078323364,
        "arachne_runtime": 13401.668,
        "bq": 5.271722078323364,
        "bq_baseline_runtime": 13401.668,
        "multi_cloud_plan": "gcp",
        "percent_diff": 0.0,
        "profiling_cost": 61.50266077871893,
        "profiling_runtime": 20944.30860931606
    },
    "time_dim": {
        "arachne": 57.670416831970215,
        "arachne_runtime": 102975.36500000003,
        "bq": 57.670416831970215,
        "bq_baseline_runtime": 102975.36500000003,
        "multi_cloud_plan": "gcp",
        "percent_diff": 0.0,
        "profiling_cost": 172.59113968917612,
        "profiling_runtime": 130790.9269809246
    },
    "warehouse": {
        "arachne": 58.95919919013977,
        "arachne_runtime": 103431.73100000001,
        "bq": 58.95919919013977,
        "bq_baseline_runtime": 103431.73100000001,
        "multi_cloud_plan": "gcp",
        "percent_diff": 0.0,
        "profiling_cost": 173.7226321136848,
        "profiling_runtime": 131117.47160812083
    },
    "web_page": {
        "arachne": 57.925318479537964,
        "arachne_runtime": 105966.08999999998,
        "bq": 57.925318479537964,
        "bq_baseline_runtime": 105966.08999999998,
        "multi_cloud_plan": "gcp",
        "percent_diff": 0.0,
        "profiling_cost": 172.95445987963703,
        "profiling_runtime": 133870.93851604234
    },
    "web_returns": {
        "arachne": 50.45208811759949,
        "arachne_runtime": 97414.90900000001,
        "bq": 50.45208811759949,
        "bq_baseline_runtime": 97414.90900000001,
        "multi_cloud_plan": "gcp",
        "percent_diff": 0.0,
        "profiling_cost": 160.47408980337227,
        "profiling_runtime": 122294.89754675332
    },
    "web_sales": {
        "arachne": 29.849259853363037,
        "arachne_runtime": 66566.27100000002,
        "bq": 29.849259853363037,
        "bq_baseline_runtime": 66566.27100000002,
        "multi_cloud_plan": "gcp",
        "percent_diff": 0.0,
        "profiling_cost": 119.35718530806037,