{
    "call_center": {
        "arachne": 109.98504349823581,
        "arachne_runtime": 20909.853046337754,
        "bq": 236.39038562774658,
        "bq_baseline_runtime": 105783.20400000003,
        "multi_cloud_plan": "aws",
        "percent_diff": 53.473131656279094,
        "profiling_cost": 355.02212923284895,
        "profiling_runtime": 133822.272723891
    },
    "catalog_page": {
        "arachne": 109.45973935204003,
        "arachne_runtime": 20476.74662608761,
        "bq": 221.7094898223877,
        "bq_baseline_runtime": 105810.44800000002,
        "multi_cloud_plan": "aws",
        "percent_diff": 50.62920426196973,
        "profiling_cost": 339.84735795385404,
        "profiling_runtime": 133442.32688074154
    },
    "catalog_returns": {
        "arachne": 104.04521690011927,
        "arachne_runtime": 19226.364220601175,
        "bq": 193.60082626342773,
        "bq_baseline_runtime": 91777.65500000001,
        "multi_cloud_plan": "multi",
        "percent_diff": 46.257865264196965,
        "profiling_cost": 304.9179976263283,
        "profiling_runtime": 116159.0856469783
    },
    "catalog_sales": {
        "arachne": 63.83495151658245,
        "arachne_runtime": 21118.241971016672,
        "bq": 104.23612117767334,
        "bq_baseline_runtime": 57335.019,
        "multi_cloud_plan": "multi",
        "percent_diff": 38.75927960924984,
        "profiling_cost": 180.63777286097476,
        "profiling_runtime": 72593.92022364042
    },
    "customer": {
        "arachne": 104.49401891538129,
        "arachne_runtime": 16447.724085682683,
        "bq": 185.87164402008057,
        "bq_baseline_runtime": 77589.223,
        "multi_cloud_plan": "aws",
        "percent_diff": 43.78162442890303,
        "profiling_cost": 296.12471504503173,
        "profiling_runtime": 98784.97991059463
    },
    "customer_address": {
        "arachne": 107.68104672703856,
        "arachne_runtime": 19028.786238859553,
        "bq": 193.4046506881714,
        "bq_baseline_runtime": 80994.64999999998,
        "multi_cloud_plan": "aws",
        "percent_diff": 44.32344499271944,
        "profiling_cost": 308.50848352815535,
        "profiling_runtime": 106143.39442206691
    },
    "customer_demographics": {
        "arachne": 107.97379381650028,
        "arachne_runtime": 19252.59073366286,
        "bq": 207.4698543548584,
        "bq_baseline_runtime": 91655.29500000001,
        "multi_cloud_plan": "aws",
        "percent_diff": 47.95687587854528,
        "profiling_cost": 323.2051530222571,
        "profiling_runtime": 117307.14871142022
    },
    "date_dim": {
        "arachne": 28.19988250732422,
        "arachne_runtime": 12509.484,
        "bq": 28.19988250732422,
        "bq_baseline_runtime": 12509.484,
        "multi_cloud_plan": "gcp",
        "percent_diff": 0.0,
        "profiling_cost": 127.46764498543438,
        "profiling_runtime": 24580.932669306007
    },
    "household_demographics": {
        "arachne": 108.78724591205,
        "arachne_runtime": 19922.142934324365,
        "bq": 214.5507574081421,
        "bq_baseline_runtime": 93139.92100000002,
        "multi_cloud_plan": "aws",
        "percent_diff": 49.29533354892664,
        "profiling_cost": 331.5123247336221,
        "profiling_runtime": 119801.74092618279
    },
    "income_band": {
        "arachne": 109.58457676782785,
        "arachne_runtime": 20579.62180384822,
        "bq": 232.44556427001953,
        "bq_baseline_runtime": 106110.69600000001,
        "multi_cloud_plan": "aws",
        "percent_diff": 52.85581073058063,
        "profiling_cost": 350.6978726437948,
        "profiling_runtime": 133836.8763628425
    },
    "inventory": {
        "arachne": 109.75195111621824,
        "arachne_runtime": 20742.731747126352,
        "bq": 238.37518692016602,
        "bq_baseline_runtime": 104366.56000000003,
        "multi_cloud_plan": "aws",
        "percent_diff": 53.95831565599353,
        "profiling_cost": 356.7371117701558,
        "profiling_runtime": 132208.23497709347
    },
    "item": {
        "arachne": 93.05500507354736,
        "arachne_runtime": 48002.555000000015,
        "bq": 93.05500507354736,
        "bq_baseline_runtime": 48002.555000000015,
        "multi_cloud_plan": "gcp",
        "percent_diff": 0.0,
        "profiling_cost": 201.78583341722,
        "profiling_runtime": 67877.73861856232
    },
    "promotion": {
        "arachne": 108.69841509999776,
        "arachne_runtime": 19848.8825146874,
        "bq": 215.28478145599365,
        "bq_baseline_runtime": 97716.66099999998,
        "multi_cloud_plan": "aws",
        "percent_diff": 49.509475604889985,
        "profiling_cost": 332.6613253754961,
        "profiling_runtime": 124720.67576934131
    },
    "reason": {
        "arachne": 109.7710310056575,
        "arachne_runtime": 20733.37475890541,
        "bq": 230.7737159729004,
        "bq_baseline_runtime": 104568.12199999999,
        "multi_cloud_plan": "aws",
        "percent_diff": 52.43347772822281,
        "profiling_cost": 348.65094815708807,
        "profiling_runtime": 131985.0091157169
    },
    "ship_mode": {
        "arachne": 110.01111696901043,
        "arachne_runtime": 20931.353189525806,
        "bq": 237.4097490310669,
        "bq_baseline_runtime": 106991.292,
        "multi_cloud_plan": "aws",
        "percent_diff": 53.66192103820697,
        "profiling_cost": 355.97489773839715,
        "profiling_runtime": 134975.445174988
    },
    "store": {
        "arachne": 105.46258979391703,
        "arachne_runtime": 17180.64929185403,
        "bq": 136.7197608947754,
        "bq_baseline_runtime": 60536.15700000001,
        "multi_cloud_plan": "aws",
        "percent_diff": 22.86221896256463,
        "profiling_cost": 248.0957492042855,
        "profiling_runtime": 82592.02563271289
    },
    "store_returns": {
        "arachne": 101.22186939538604,
        "arachne_runtime": 22779.799688234598,
        "bq": 185.66169261932373,
        "bq_baseline_runtime": 87304.47600000005,
        "multi_cloud_plan": "multi",
        "percent_diff": 45.48047690003079,
        "profiling_cost": 293.07718558180477,
        "profiling_runtime": 109840.7787032651
    },
    "store_sales": {
        "arachne": 21.086888313293457,
        "arachne_runtime": 13401.668,
        "bq": 21.086888313293457,
        "bq_baseline_runtime": 13401.668,
        "multi_cloud_plan": "gcp",
        "percent_diff": 0.0,
        "profiling_cost": 79.31338603240424,
        "profiling_runtime": 20944.30860931606
    },
    "time_dim": {
        "arachne": 109.95879566589404,
        "arachne_runtime": 20888.33106794735,
        "bq": 230.68166732788086,
        "bq_baseline_runtime": 102975.36500000005,
        "multi_cloud_plan": "aws",
        "percent_diff": 52.33310174162934,
        "profiling_cost": 349.0422185908673,
        "profiling_runtime": 130790.92698092462
    },
    "warehouse": {
        "arachne": 109.70223337794916,
        "arachne_runtime": 20676.651745990996,
        "bq": 235.83679676055908,
        "bq_baseline_runtime": 103431.731,
        "multi_cloud_plan": "aws",
        "percent_diff": 53.48383505677958,
        "profiling_cost": 354.0400641303451,
        "profiling_runtime": 131117.47160812083
    },
    "web_page": {
        "arachne": 109.89696436957519,
        "arachne_runtime": 20837.222209216707,
        "bq": 231.70127391815186,
        "bq_baseline_runtime": 105966.09000000001,
        "multi_cloud_plan": "aws",
        "percent_diff": 52.56954676546313,
        "profiling_cost": 350.1702497228291,
        "profiling_runtime": 133870.93851604237
    },
    "web_returns": {
        "arachne": 106.41166494270597,
        "arachne_runtime": 19113.59691246986,
        "bq": 201.80835247039795,
        "bq_baseline_runtime": 97414.90899999997,
        "multi_cloud_plan": "aws",
        "percent_diff": 47.27093123743981,
        "profiling_cost": 315.2135579113594,
        "profiling_runtime": 122294.89754675327
    },