{
    "call_center": {
        "arachne": 130.62405007350728,
        "arachne_runtime": 20909.853046337754,
        "bq": 236.39038562774658,
        "bq_baseline_runtime": 105783.20400000001,
        "multi_cloud_plan": "aws",
        "percent_diff": 44.74223233460678,
        "profiling_cost": 375.66113580812043,
        "profiling_runtime": 133822.27272389096
    },
    "catalog_page": {
        "arachne": 130.09872612079053,
        "arachne_runtime": 20476.74662608761,
        "bq": 221.7094898223877,
        "bq_baseline_runtime": 105810.448,
        "multi_cloud_plan": "aws",
        "percent_diff": 41.32018154702665,
        "profiling_cost": 360.48634472260454,
        "profiling_runtime": 133442.32688074152
    },
    "catalog_returns": {
        "arachne": 123.64343164917052,
        "arachne_runtime": 19226.364220601175,
        "bq": 193.60082626342773,
        "bq_baseline_runtime": 91777.65500000001,
        "multi_cloud_plan": "multi",
        "percent_diff": 36.134863659656055,
        "profiling_cost": 324.85601657014473,
        "profiling_runtime": 116159.08564697833
    },
    "catalog_sales": {
        "arachne": 72.533658167661,
        "arachne_runtime": 21118.241971016672,
        "bq": 104.23612117767334,
        "bq_baseline_runtime": 57335.01899999999,
        "multi_cloud_plan": "multi",
        "percent_diff": 30.414085493429493,
        "profiling_cost": 194.76405741618078,
        "profiling_runtime": 72593.92022364042
    },
    "customer": {
        "arachne": 125.11357336360217,
        "arachne_runtime": 16447.724085682683,
        "bq": 185.87164402008057,
        "bq_baseline_runtime": 77589.22299999997,
        "multi_cloud_plan": "aws",
        "percent_diff": 32.68818704262089,
        "profiling_cost": 316.74426951166475,
        "profiling_runtime": 98784.9799105946
    },
    "customer_address": {
        "arachne": 128.31448995771783,
        "arachne_runtime": 19028.786238859553,
        "bq": 193.4046506881714,
        "bq_baseline_runtime": 80994.65,
        "multi_cloud_plan": "aws",
        "percent_diff": 33.654909796041665,
        "profiling_cost": 329.14192677724697,
        "profiling_runtime": 106143.39442206697
    },
    "customer_demographics": {
        "arachne": 128.61243549947525,
        "arachne_runtime": 19252.59073366286,
        "bq": 207.4698543548584,
        "bq_baseline_runtime": 91655.29499999998,
        "multi_cloud_plan": "aws",
        "percent_diff": 38.00909732191968,
        "profiling_cost": 343.8437947236443,
        "profiling_runtime": 117307.14871142019
    },
    "date_dim": {
        "arachne": 28.19988250732422,
        "arachne_runtime": 12509.484000000002,
        "bq": 28.19988250732422,
        "bq_baseline_runtime": 12509.484000000002,
        "multi_cloud_plan": "gcp",
        "percent_diff": 0.0,
        "profiling_cost": 148.10659187568808,
        "profiling_runtime": 24580.932669306007
    },
    "household_demographics": {
        "arachne": 129.42625158707713,
        "arachne_runtime": 19922.142934324365,
        "bq": 214.5507574081421,
        "bq_baseline_runtime": 93139.92099999994,
        "multi_cloud_plan": "aws",
        "percent_diff": 39.67569578844774,
        "profiling_cost": 352.1513304270614,
        "profiling_runtime": 119801.74092618268
    },
    "income_band": {
        "arachne": 130.22358349673962,
        "arachne_runtime": 20579.62180384822,
        "bq": 232.44556427001953,
        "bq_baseline_runtime": 106110.69599999998,
        "multi_cloud_plan": "aws",
        "percent_diff": 43.976739712930865,
        "profiling_cost": 371.33687937270656,
        "profiling_runtime": 133836.8763628425
    },
    "inventory": {
        "arachne": 130.38354742241742,
        "arachne_runtime": 20742.731747126352,
        "bq": 238.37518692016602,
        "bq_baseline_runtime": 104366.55999999997,
        "multi_cloud_plan": "aws",
        "percent_diff": 45.30322173755273,
        "profiling_cost": 377.36870807635506,
        "profiling_runtime": 132208.23497709344
    },
    "item": {
        "arachne": 93.05500507354736,
        "arachne_runtime": 48002.55500000001,
        "bq": 93.05500507354736,
        "bq_baseline_runtime": 48002.55500000001,
        "multi_cloud_plan": "gcp",
        "percent_diff": 0.0,
        "profiling_cost": 222.42467623949602,
        "profiling_runtime": 67877.7386185623
    },
    "promotion": {
        "arachne": 129.3374210664916,
        "arachne_runtime": 19848.8825146874,
        "bq": 215.28478145599365,
        "bq_baseline_runtime": 97716.66100000001,
        "multi_cloud_plan": "aws",
        "percent_diff": 39.922636336963066,
        "profiling_cost": 353.3003313419899,
        "profiling_runtime": 124720.67576934131
    },
    "reason": {
        "arachne": 130.41003771571002,
        "arachne_runtime": 20733.37475890541,
        "bq": 230.7737159729004,
        "bq_baseline_runtime": 104568.122,
        "multi_cloud_plan": "aws",
        "percent_diff": 43.490081976656306,
        "profiling_cost": 369.2899548671406,
        "profiling_runtime": 131985.00911571694
    },
    "ship_mode": {
        "arachne": 130.65012366894877,
        "arachne_runtime": 20931.353189525806,
        "bq": 237.4097490310669,
        "bq_baseline_runtime": 106991.292,
        "multi_cloud_plan": "aws",
        "percent_diff": 44.968509422141636,
        "profiling_cost": 376.6139044383353,
        "profiling_runtime": 134975.445174988
    },
    "store": {
        "arachne": 126.10157584922784,
        "arachne_runtime": 17180.64929185403,
        "bq": 136.7197608947754,
        "bq_baseline_runtime": 60536.15700000002,
        "multi_cloud_plan": "aws",
        "percent_diff": 7.766386494575352,
        "profiling_cost": 268.7347552381698,
        "profiling_runtime": 82592.02563271287
    },
    "store_returns": {
        "arachne": 119.71377029800003,
        "arachne_runtime": 22779.799688234598,
        "bq": 185.66169261932373,
        "bq_baseline_runtime": 87304.47600000001,
        "multi_cloud_plan": "multi",
        "percent_diff": 35.520478883353576,
        "profiling_cost": 312.60987850110365,
        "profiling_runtime": 109840.77870326511
    },
    "store_sales": {
        "arachne": 21.086888313293457,
        "arachne_runtime": 13401.667999999998,
        "bq": 21.086888313293457,
        "bq_baseline_runtime": 13401.667999999998,
        "multi_cloud_plan": "gcp",
        "percent_diff": 0.0,
        "profiling_cost": 91.28674014469595,
        "profiling_runtime": 20944.30860931606
    },
    "time_dim": {
        "arachne": 130.59776610057835,
        "arachne_runtime": 20888.33106794735,
        "bq": 230.68166732788086,
        "bq_baseline_runtime": 102975.36499999998,
        "multi_cloud_plan": "aws",
        "percent_diff": 43.38615304225611,
        "profiling_cost": 369.68118902555165,
        "profiling_runtime": 130790.92698092455
    },
    "warehouse": {
        "arachne": 130.34124000801032,
        "arachne_runtime": 20676.651745990996,
        "bq": 235.83679676055908,
        "bq_baseline_runtime": 103431.73100000001,
        "multi_cloud_plan": "aws",
        "percent_diff": 44.732441333002214,
        "profiling_cost": 374.67907080779185,
        "profiling_runtime": 131117.47160812083
    },
    "web_page": {
        "arachne": 130.53597079704582,
        "arachne_runtime": 20837.222209216707,
        "bq": 231.70127391815186,
        "bq_baseline_runtime": 105966.09000000003,
        "multi_cloud_plan": "aws",
        "percent_diff": 43.6619537779678,
        "profiling_cost": 370.80925615029975,
        "profiling_runtime": 133870.93851604237
    },
    "web_returns": {
        "arachne": 126.71086749526481,
        "arachne_runtime": 19113.59691246986,
        "bq": 201.80835247039795,
        "bq_baseline_runtime": 97414.909,
        "multi_cloud_plan": "aws",
        "percent_diff": 37.21227791409116,
        "profiling_cost": 335.5127804424918,