{
    "call_center": {
        "arachne": 106.5452400634392,
        "arachne_runtime": 20909.853046337754,
        "bq": 390.04413628578186,
        "bq_baseline_runtime": 105783.20400000003,
        "multi_cloud_plan": "aws",
        "percent_diff": 72.68379904950693,
        "profiling_cost": 505.23604546167235,
        "profiling_runtime": 133822.272723891
    },
    "catalog_page": {
        "arachne": 106.01993921833024,
        "arachne_runtime": 20476.74662608761,
        "bq": 365.8206582069397,
        "bq_baseline_runtime": 105810.44800000002,
        "multi_cloud_plan": "aws",
        "percent_diff": 71.01860246548564,
        "profiling_cost": 480.5186952102809,
        "profiling_runtime": 133442.32688074157
    },
    "catalog_returns": {
        "arachne": 100.81921991930473,
        "arachne_runtime": 18464.89272406153,
        "bq": 319.44136333465576,
        "bq_baseline_runtime": 91777.655,
        "multi_cloud_plan": "aws",
        "percent_diff": 68.43889630733774,
        "profiling_cost": 427.4355315402535,
        "profiling_runtime": 116159.08564697835
    },
    "catalog_sales": {
        "arachne": 67.34302776891668,
        "arachne_runtime": 11797.68712132884,
        "bq": 171.989599943161,
        "bq_baseline_runtime": 57335.019000000015,
        "multi_cloud_plan": "multi",
        "percent_diff": 60.844709336394665,
        "profiling_cost": 246.03687086726137,
        "profiling_runtime": 72593.92022364044
    },
    "customer": {
        "arachne": 101.05745750175974,
        "arachne_runtime": 16447.724085682683,
        "bq": 306.68821263313293,
        "bq_baseline_runtime": 77589.22300000001,
        "multi_cloud_plan": "aws",
        "percent_diff": 67.0487963544113,
        "profiling_cost": 413.50469124697844,
        "profiling_runtime": 98784.97991059469
    },
    "customer_address": {
        "arachne": 104.24217051634064,
        "arachne_runtime": 19028.786238859553,
        "bq": 319.1176736354828,
        "bq_baseline_runtime": 80994.65000000001,
        "multi_cloud_plan": "aws",
        "percent_diff": 67.33425343423225,
        "profiling_cost": 430.78259926728487,
        "profiling_runtime": 106143.39442206694
    },
    "customer_demographics": {
        "arachne": 104.5340511970864,
        "arachne_runtime": 19252.59073366286,
        "bq": 342.32525968551636,
        "bq_baseline_runtime": 91655.29499999998,
        "multi_cloud_plan": "aws",
        "percent_diff": 69.46352971641106,
        "profiling_cost": 454.6207847360171,
        "profiling_runtime": 117307.14871142016
    },
    "date_dim": {
        "arachne": 46.422698760848746,
        "arachne_runtime": 6317.313656899411,
        "bq": 46.52980613708496,
        "bq_baseline_runtime": 12509.484000000002,
        "multi_cloud_plan": "multi",
        "percent_diff": 0.23019089295291195,
        "profiling_cost": 142.3577441334863,
        "profiling_runtime": 24580.932669306007
    },
    "household_demographics": {
        "arachne": 105.34744262729409,
        "arachne_runtime": 19922.142934324365,
        "bq": 354.00874972343445,
        "bq_baseline_runtime": 93139.92099999997,
        "multi_cloud_plan": "aws",
        "percent_diff": 70.24157094716003,
        "profiling_cost": 467.5304827666746,
        "profiling_runtime": 119801.74092618271
    },
    "income_band": {
        "arachne": 106.1447733074245,
        "arachne_runtime": 20579.62180384822,
        "bq": 383.5351810455322,
        "bq_baseline_runtime": 106110.69600000001,
        "multi_cloud_plan": "aws",
        "percent_diff": 72.32463185826406,
        "profiling_cost": 498.3476549644889,
        "profiling_runtime": 133836.8763628425
    },
    "inventory": {
        "arachne": 106.31338272626698,
        "arachne_runtime": 20742.731747126352,
        "bq": 393.3190584182739,
        "bq_baseline_runtime": 104366.55999999998,
        "multi_cloud_plan": "aws",
        "percent_diff": 72.97019291315186,
        "profiling_cost": 508.24238388389693,
        "profiling_runtime": 132208.23497709353
    },
    "item": {
        "arachne": 99.31429128494891,
        "arachne_runtime": 14970.765479146503,
        "bq": 153.54075837135315,
        "bq_baseline_runtime": 48002.555000000015,
        "multi_cloud_plan": "aws",
        "percent_diff": 35.31731096133595,
        "profiling_cost": 258.8317795779796,
        "profiling_runtime": 67877.73861856232
    },
    "promotion": {
        "arachne": 105.25861176666406,
        "arachne_runtime": 19848.8825146874,
        "bq": 355.2198894023895,
        "bq_baseline_runtime": 97716.66100000005,
        "multi_cloud_plan": "aws",
        "percent_diff": 70.3680410621861,
        "profiling_cost": 469.156598994143,
        "profiling_runtime": 124720.67576934135
    },
    "reason": {
        "arachne": 106.33122754839737,
        "arachne_runtime": 20733.37475890541,
        "bq": 380.77663135528564,
        "bq_baseline_runtime": 104568.12200000002,
        "multi_cloud_plan": "aws",
        "percent_diff": 72.0751698522212,
        "profiling_cost": 495.21402908779805,
        "profiling_runtime": 131985.00911571694
    },
    "ship_mode": {
        "arachne": 106.57131351343601,
        "arachne_runtime": 20931.353189525806,
        "bq": 391.7260859012604,
        "bq_baseline_runtime": 106991.29200000002,
        "multi_cloud_plan": "aws",
        "percent_diff": 72.79443025392527,
        "profiling_cost": 506.8514001586008,
        "profiling_runtime": 134975.445174988
    },
    "store": {
        "arachne": 102.02278977911385,
        "arachne_runtime": 17180.64929185403,
        "bq": 225.5876054763794,
        "bq_baseline_runtime": 60536.15699999999,
        "multi_cloud_plan": "aws",
        "percent_diff": 54.77464749729065,
        "profiling_cost": 333.5237594469085,
        "profiling_runtime": 82592.02563271286
    },
    "store_returns": {
        "arachne": 98.85266068439233,
        "arachne_runtime": 18159.627168378473,
        "bq": 306.34179282188416,
        "bq_baseline_runtime": 87304.47600000002,
        "multi_cloud_plan": "aws",
        "percent_diff": 67.73125215015371,
        "profiling_cost": 410.5018369644819,
        "profiling_runtime": 109840.77870326514
    },
    "store_sales": {
        "arachne": 34.793365716934204,
        "arachne_runtime": 13401.668,
        "bq": 34.793365716934204,
        "bq_baseline_runtime": 13401.668,
        "multi_cloud_plan": "gcp",
        "percent_diff": 0.0,
        "profiling_cost": 91.02430441732969,
        "profiling_runtime": 20944.30860931606
    },
    "time_dim": {
        "arachne": 106.5189982545286,
        "arachne_runtime": 20888.33106794735,
        "bq": 380.6247510910034,
        "bq_baseline_runtime": 102975.365,
        "multi_cloud_plan": "aws",
        "percent_diff": 72.01469480132127,
        "profiling_cost": 495.54547394820906,
        "profiling_runtime": 130790.92698092457
    },
    "warehouse": {
        "arachne": 106.2624299340209,
        "arachne_runtime": 20676.651745990996,
        "bq": 389.1307146549225,
        "bq_baseline_runtime": 103431.73100000001,
        "multi_cloud_plan": "aws",
        "percent_diff": 72.69235608187509,
        "profiling_cost": 503.8941475784674,
        "profiling_runtime": 131117.47160812083
    },
    "web_page": {
        "arachne": 106.45716095941204,
        "arachne_runtime": 20837.222209216707,
        "bq": 382.30710196495056,
        "bq_baseline_runtime": 105966.09000000005,
        "multi_cloud_plan": "aws",
        "percent_diff": 72.15401952716749,
        "profiling_cost": 497.3362433650495,
        "profiling_runtime": 133870.93851604237
    },
    "web_returns": {
        "arachne": 103.02849551169477,
        "arachne_runtime": 19113.59691246986,
        "bq": 332.9837815761566,
        "bq_baseline_runtime": 97414.909,
        "multi_cloud_plan": "aws",
        "percent_diff": 69.05900490888288,
        "profiling_cost": 443.0057832619292,