{
    "call_center": {
        "arachne": 24.349468705628624,
        "arachne_runtime": 21062.417921002063,
        "bq": 236.39038562774658,
        "bq_baseline_runtime": 105783.20399999998,
        "multi_cloud_plan": "aws",
        "percent_diff": 89.69946741236224,
        "profiling_cost": 269.0262685025511,
        "profiling_runtime": 133822.2727238909
    },
    "catalog_page": {
        "arachne": 23.872383298040884,
        "arachne_runtime": 20637.05512179417,
        "bq": 221.7094898223877,
        "bq_baseline_runtime": 105810.44799999997,
        "multi_cloud_plan": "aws",
        "percent_diff": 89.23258390194974,
        "profiling_cost": 253.8515797507271,
        "profiling_runtime": 133442.32688074154
    },
    "catalog_returns": {
        "arachne": 21.06719306391793,
        "arachne_runtime": 18464.89272406153,
        "bq": 193.60082626342773,
        "bq_baseline_runtime": 91777.655,
        "multi_cloud_plan": "aws",
        "percent_diff": 89.11823184305405,
        "profiling_cost": 221.84291869376,
        "profiling_runtime": 116159.08564697833
    },
    "catalog_sales": {
        "arachne": 13.482168461763713,
        "arachne_runtime": 11816.471149591931,
        "bq": 104.23612117767334,
        "bq_baseline_runtime": 57335.01900000001,
        "multi_cloud_plan": "multi",
        "percent_diff": 87.0657423650838,
        "profiling_cost": 121.77825388094928,
        "profiling_runtime": 72593.92022364042
    },
    "customer": {
        "arachne": 18.709305530984338,
        "arachne_runtime": 16564.000514736945,
        "bq": 185.87164402008057,
        "bq_baseline_runtime": 77589.22299999997,
        "multi_cloud_plan": "aws",
        "percent_diff": 89.93428737900274,
        "profiling_cost": 210.2099047673937,
        "profiling_runtime": 98784.97991059463
    },
    "customer_address": {
        "arachne": 21.99328199193482,
        "arachne_runtime": 19153.32057548179,
        "bq": 193.4046506881714,
        "bq_baseline_runtime": 80994.64999999998,
        "multi_cloud_plan": "aws",
        "percent_diff": 88.62835929039015,
        "profiling_cost": 222.53580332360758,
        "profiling_runtime": 106143.39442206692
    },
    "customer_demographics": {
        "arachne": 22.32596903087736,
        "arachne_runtime": 19391.14223409392,
        "bq": 207.4698543548584,
        "bq_baseline_runtime": 91655.295,
        "multi_cloud_plan": "aws",
        "percent_diff": 89.23893348250449,
        "profiling_cost": 237.2108125998103,
        "profiling_runtime": 117307.1487114202
    },
    "date_dim": {
        "arachne": 7.028207876939581,
        "arachne_runtime": 6317.313656899411,
        "bq": 28.19988250732422,
        "bq_baseline_runtime": 12509.484000000002,
        "multi_cloud_plan": "multi",
        "percent_diff": 75.07717319349051,
        "profiling_cost": 41.472032942711195,
        "profiling_runtime": 24580.932669306007
    },
    "household_demographics": {
        "arachne": 23.13790447778567,
        "arachne_runtime": 20060.694434755427,
        "bq": 214.5507574081421,
        "bq_baseline_runtime": 93139.92100000003,
        "multi_cloud_plan": "aws",
        "percent_diff": 89.21565006001344,
        "profiling_cost": 245.51646767762463,
        "profiling_runtime": 119801.74092618277
    },
    "income_band": {
        "arachne": 23.9833671528798,
        "arachne_runtime": 20725.91692532153,
        "bq": 232.44556427001953,
        "bq_baseline_runtime": 106110.69599999998,
        "multi_cloud_plan": "aws",
        "percent_diff": 89.68215752871085,
        "profiling_cost": 264.7020112733291,
        "profiling_runtime": 133836.8763628425
    },
    "inventory": {
        "arachne": 24.15863843457917,
        "arachne_runtime": 20860.989054465066,
        "bq": 238.37518692016602,
        "bq_baseline_runtime": 104366.56000000001,
        "multi_cloud_plan": "aws",
        "percent_diff": 89.86528810036334,
        "profiling_cost": 270.77212716099245,
        "profiling_runtime": 132208.23497709347
    },
    "item": {
        "arachne": 16.788564883664584,
        "arachne_runtime": 14970.765479146503,
        "bq": 93.05500507354736,
        "bq_baseline_runtime": 48002.55500000003,
        "multi_cloud_plan": "aws",
        "percent_diff": 81.95845041285475,
        "profiling_cost": 115.7906549910696,
        "profiling_runtime": 67877.73861856232
    },
    "promotion": {
        "arachne": 22.702556906273347,
        "arachne_runtime": 19848.8825146874,
        "bq": 215.28478145599365,
        "bq_baseline_runtime": 97716.66099999995,
        "multi_cloud_plan": "aws",
        "percent_diff": 89.45463922125217,
        "profiling_cost": 246.66546718177185,
        "profiling_runtime": 124720.67576934128
    },
    "reason": {
        "arachne": 24.18359186200284,
        "arachne_runtime": 20893.68325461197,
        "bq": 230.7737159729004,
        "bq_baseline_runtime": 104568.12200000002,
        "multi_cloud_plan": "aws",
        "percent_diff": 89.52064720193582,
        "profiling_cost": 262.6550868652028,
        "profiling_runtime": 131985.0091157169
    },
    "ship_mode": {
        "arachne": 24.423677867498583,
        "arachne_runtime": 21091.661685232364,
        "bq": 237.4097490310669,
        "bq_baseline_runtime": 106991.29200000002,
        "multi_cloud_plan": "aws",
        "percent_diff": 89.712436845084,
        "profiling_cost": 269.9790364886541,
        "profiling_runtime": 134975.445174988
    },
    "store": {
        "arachne": 19.46681456345531,
        "arachne_runtime": 17180.64929185403,
        "bq": 136.7197608947754,
        "bq_baseline_runtime": 60536.157,
        "multi_cloud_plan": "aws",
        "percent_diff": 85.76152091251996,
        "profiling_cost": 162.09989072976734,
        "profiling_runtime": 82592.02563271286
    },
    "store_returns": {
        "arachne": 20.868455520999934,
        "arachne_runtime": 18223.43914159739,
        "bq": 185.66169261932373,
        "bq_baseline_runtime": 87304.47600000004,
        "multi_cloud_plan": "aws",
        "percent_diff": 88.75995622651782,
        "profiling_cost": 211.69096508472555,
        "profiling_runtime": 109840.77870326515
    },
    "store_sales": {
        "arachne": 12.91878338227008,
        "arachne_runtime": 9547.405433679276,
        "bq": 21.086888313293457,
        "bq_baseline_runtime": 13401.667999999998,
        "multi_cloud_plan": "multi",
        "percent_diff": 38.73546826666737,
        "profiling_cost": 29.424410564522177,
        "profiling_runtime": 20944.30860931606
    },
    "time_dim": {
        "arachne": 24.371507671238746,
        "arachne_runtime": 21048.63956365391,
        "bq": 230.68166732788086,
        "bq_baseline_runtime": 102975.36500000002,
        "multi_cloud_plan": "aws",
        "percent_diff": 89.43500454390329,
        "profiling_cost": 263.0465084463495,
        "profiling_runtime": 130790.9269809246
    },
    "warehouse": {
        "arachne": 24.078044025222958,
        "arachne_runtime": 20794.90905332971,
        "bq": 235.83679676055908,
        "bq_baseline_runtime": 103431.73100000003,
        "multi_cloud_plan": "aws",
        "percent_diff": 89.79037861947006,
        "profiling_cost": 268.0442029743164,
        "profiling_runtime": 131117.47160812083
    },
    "web_page": {
        "arachne": 24.309526403357808,
        "arachne_runtime": 20997.530704923265,
        "bq": 231.70127391815186,
        "bq_baseline_runtime": 105966.09000000001,
        "multi_cloud_plan": "aws",
        "percent_diff": 89.50824654855151,
        "profiling_cost": 264.1743896083684,
        "profiling_runtime": 133870.93851604234
    },
    "web_returns": {
        "arachne": 22.1426868433987,
        "arachne_runtime": 19208.4784460659,
        "bq": 201.80835247039795,
        "bq_baseline_runtime": 97414.90900000004,
        "multi_cloud_plan": "aws",
        "percent_diff": 89.02786402428676,