{
    "call_center": {
        "arachne": 144.38338779035493,
        "arachne_runtime": 20909.853046337754,
        "bq": 236.39038562774658,
        "bq_baseline_runtime": 105783.204,
        "multi_cloud_plan": "aws",
        "percent_diff": 38.92163278682525,
        "profiling_cost": 389.42047352496803,
        "profiling_runtime": 133822.27272389096
    },
    "catalog_page": {
        "arachne": 143.85805063329084,
        "arachne_runtime": 20476.74662608761,
        "bq": 221.7094898223877,
        "bq_baseline_runtime": 105810.44800000002,
        "multi_cloud_plan": "aws",
        "percent_diff": 35.11416640373127,
        "profiling_cost": 374.24566923510474,
        "profiling_runtime": 133442.32688074157
    },
    "catalog_returns": {
        "arachne": 136.70890814853803,
        "arachne_runtime": 19226.364220601172,
        "bq": 193.60082626342773,
        "bq_baseline_runtime": 91777.655,
        "multi_cloud_plan": "multi",
        "percent_diff": 29.38619592329545,
        "profiling_cost": 338.1480291993557,
        "profiling_runtime": 116159.08564697829
    },
    "catalog_sales": {
        "arachne": 78.33279593504668,
        "arachne_runtime": 21118.241971016672,
        "bq": 104.23612117767334,
        "bq_baseline_runtime": 57335.01900000001,
        "multi_cloud_plan": "multi",
        "percent_diff": 24.8506227495493,
        "profiling_cost": 204.18158045298483,
        "profiling_runtime": 72593.92022364045
    },
    "customer": {
        "arachne": 138.85994299574938,
        "arachne_runtime": 16447.724085682683,
        "bq": 185.87164402008057,
        "bq_baseline_runtime": 77589.223,
        "multi_cloud_plan": "aws",
        "percent_diff": 25.292562118432816,
        "profiling_cost": 330.4906391560869,
        "profiling_runtime": 98784.97991059464
    },
    "customer_address": {
        "arachne": 142.07011877817067,
        "arachne_runtime": 19028.786238859553,
        "bq": 193.4046506881714,
        "bq_baseline_runtime": 80994.65000000002,
        "multi_cloud_plan": "aws",
        "percent_diff": 26.542552998256486,
        "profiling_cost": 342.8975556099745,
        "profiling_runtime": 106143.39442206695
    },
    "customer_demographics": {
        "arachne": 142.3715299547919,
        "arachne_runtime": 19252.59073366286,
        "bq": 207.4698543548584,
        "bq_baseline_runtime": 91655.29500000003,
        "multi_cloud_plan": "aws",
        "percent_diff": 31.377244950835948,
        "profiling_cost": 357.6028891912358,
        "profiling_runtime": 117307.14871142022
    },
    "date_dim": {
        "arachne": 28.19988250732422,
        "arachne_runtime": 12509.484,
        "bq": 28.19988250732422,
        "bq_baseline_runtime": 12509.484,
        "multi_cloud_plan": "gcp",
        "percent_diff": 0.0,
        "profiling_cost": 161.86588980252378,
        "profiling_runtime": 24580.932669306003
    },
    "household_demographics": {
        "arachne": 143.18558870376188,
        "arachne_runtime": 19922.142934324365,
        "bq": 214.5507574081421,
        "bq_baseline_runtime": 93139.921,
        "multi_cloud_plan": "aws",
        "percent_diff": 33.26260394812847,
        "profiling_cost": 365.910667556021,
        "profiling_runtime": 119801.74092618274
    },
    "income_band": {
        "arachne": 143.98292131601414,
        "arachne_runtime": 20579.62180384822,
        "bq": 232.44556427001953,
        "bq_baseline_runtime": 106110.69600000003,
        "multi_cloud_plan": "aws",
        "percent_diff": 38.05735903449768,
        "profiling_cost": 385.09621719198105,
        "profiling_runtime": 133836.87636284257
    },
    "inventory": {
        "arachne": 144.13794495988355,
        "arachne_runtime": 20742.731747126352,
        "bq": 238.37518692016602,
        "bq_baseline_runtime": 104366.56000000001,
        "multi_cloud_plan": "aws",
        "percent_diff": 39.533159125258855,
        "profiling_cost": 391.12310561382117,
        "profiling_runtime": 132208.23497709347
    },
    "item": {
        "arachne": 93.05500507354736,
        "arachne_runtime": 48002.555000000015,
        "bq": 93.05500507354736,
        "bq_baseline_runtime": 48002.555000000015,
        "multi_cloud_plan": "gcp",
        "percent_diff": 0.0,
        "profiling_cost": 236.18390478768004,
        "profiling_runtime": 67877.73861856232
    },
    "promotion": {
        "arachne": 143.0967583774875,
        "arachne_runtime": 19848.8825146874,
        "bq": 215.28478145599365,
        "bq_baseline_runtime": 97716.66099999998,
        "multi_cloud_plan": "aws",
        "percent_diff": 33.53141015834512,
        "profiling_cost": 367.05966865298586,
        "profiling_runtime": 124720.67576934131
    },
    "reason": {
        "arachne": 144.16937552241166,
        "arachne_runtime": 20733.37475890541,
        "bq": 230.7737159729004,
        "bq_baseline_runtime": 104568.12200000003,
        "multi_cloud_plan": "aws",
        "percent_diff": 37.527818142278655,
        "profiling_cost": 383.0492926738422,
        "profiling_runtime": 131985.00911571697
    },
    "ship_mode": {
        "arachne": 144.40946146890766,
        "arachne_runtime": 20931.353189525806,
        "bq": 237.4097490310669,
        "bq_baseline_runtime": 106991.292,
        "multi_cloud_plan": "aws",
        "percent_diff": 39.17290167809808,
        "profiling_cost": 390.3732422382944,
        "profiling_runtime": 134975.445174988
    },
    "store": {
        "arachne": 136.7197608947754,
        "arachne_runtime": 60536.15700000002,
        "bq": 136.7197608947754,
        "bq_baseline_runtime": 60536.15700000002,
        "multi_cloud_plan": "gcp",
        "percent_diff": 0.0,
        "profiling_cost": 282.4940925940926,
        "profiling_runtime": 82592.02563271289
    },
    "store_returns": {
        "arachne": 132.04170423307605,
        "arachne_runtime": 22779.799688234598,
        "bq": 185.66169261932373,
        "bq_baseline_runtime": 87304.47600000001,
        "multi_cloud_plan": "multi",
        "percent_diff": 28.880480205568748,
        "profiling_cost": 325.6316737806363,
        "profiling_runtime": 109840.77870326511
    },
    "store_sales": {
        "arachne": 21.086888313293457,
        "arachne_runtime": 13401.668000000001,
        "bq": 21.086888313293457,
        "bq_baseline_runtime": 13401.668000000001,
        "multi_cloud_plan": "gcp",
        "percent_diff": 0.0,
        "profiling_cost": 99.26897621955706,
        "profiling_runtime": 20944.308609316064
    },
    "time_dim": {
        "arachne": 144.35707972370122,
        "arachne_runtime": 20888.33106794735,
        "bq": 230.68166732788086,
        "bq_baseline_runtime": 102975.36500000002,
        "multi_cloud_plan": "aws",
        "percent_diff": 37.4215205760073,
        "profiling_cost": 383.44050264867457,
        "profiling_runtime": 130790.92698092459
    },
    "warehouse": {
        "arachne": 144.10057776138444,
        "arachne_runtime": 20676.651745990996,
        "bq": 235.83679676055908,
        "bq_baseline_runtime": 103431.73099999999,
        "multi_cloud_plan": "aws",
        "percent_diff": 38.89817885048396,
        "profiling_cost": 388.4384085927566,
        "profiling_runtime": 131117.4716081208
    },
    "web_page": {
        "arachne": 144.29530841535956,
        "arachne_runtime": 20837.222209216707,
        "bq": 231.70127391815186,
        "bq_baseline_runtime": 105966.09000000001,
        "multi_cloud_plan": "aws",
        "percent_diff": 37.72355845297093,
        "profiling_cost": 384.5685937686135,
        "profiling_runtime": 133870.93851604237
    },
    "web_returns": {
        "arachne": 140.24366919697073,
        "arachne_runtime": 19113.59691246986,
        "bq": 201.80835247039795,
        "bq_baseline_runtime": 97414.90899999997,
        "multi_cloud_plan": "aws",
        "percent_diff": 30.506509031858712,
        "profiling_cost": 349.04559546324674,