{
    "call_center": {
        "arachne": 72.14686477690476,
        "arachne_runtime": 20909.853046337754,
        "bq": 236.39038562774658,
        "bq_baseline_runtime": 105783.20400000001,
        "multi_cloud_plan": "aws",
        "percent_diff": 69.47978041267832,
        "profiling_cost": 317.1839505115179,
        "profiling_runtime": 133822.27272389096
    },
    "catalog_page": {
        "arachne": 71.62159694266417,
        "arachne_runtime": 20476.74662608761,
        "bq": 221.7094898223877,
        "bq_baseline_runtime": 105810.44800000003,
        "multi_cloud_plan": "aws",
        "percent_diff": 67.69574590603203,
        "profiling_cost": 302.0092155444782,
        "profiling_runtime": 133442.32688074157
    },
    "catalog_returns": {
        "arachne": 67.58919064948465,
        "arachne_runtime": 18464.89272406153,
        "bq": 193.60082626342773,
        "bq_baseline_runtime": 91777.655,
        "multi_cloud_plan": "aws",
        "percent_diff": 65.08837696926058,
        "profiling_cost": 268.3649628959982,
        "profiling_runtime": 116159.08564697833
    },
    "catalog_sales": {
        "arachne": 44.792203464898506,
        "arachne_runtime": 11797.687121328838,
        "bq": 104.23612117767334,
        "bq_baseline_runtime": 57335.019,
        "multi_cloud_plan": "multi",
        "percent_diff": 57.028136735298354,
        "profiling_cost": 154.7395845097636,
        "profiling_runtime": 72593.92022364042
    },
    "customer": {
        "arachne": 66.69150242697636,
        "arachne_runtime": 16447.724085682683,
        "bq": 185.87164402008057,
        "bq_baseline_runtime": 77589.22299999998,
        "multi_cloud_plan": "aws",
        "percent_diff": 64.11959297042029,
        "profiling_cost": 258.3221985228709,
        "profiling_runtime": 98784.97991059464
    },
    "customer_address": {
        "arachne": 69.85306747079326,
        "arachne_runtime": 19028.786238859553,
        "bq": 193.4046506881714,
        "bq_baseline_runtime": 80994.65,
        "multi_cloud_plan": "aws",
        "percent_diff": 63.882426186628685,
        "profiling_cost": 270.6805042381543,
        "profiling_runtime": 106143.39442206695
    },
    "customer_demographics": {
        "arachne": 70.13628406437947,
        "arachne_runtime": 19252.59073366286,
        "bq": 207.4698543548584,
        "bq_baseline_runtime": 91655.29500000001,
        "multi_cloud_plan": "aws",
        "percent_diff": 66.19446989902556,
        "profiling_cost": 285.3676432363804,
        "profiling_runtime": 117307.14871142022
    },
    "date_dim": {
        "arachne": 28.19988250732422,
        "arachne_runtime": 12509.483999999999,
        "bq": 28.19988250732422,
        "bq_baseline_runtime": 12509.483999999999,
        "multi_cloud_plan": "gcp",
        "percent_diff": 0.0,
        "profiling_cost": 89.62957568663614,
        "profiling_runtime": 24580.932669306003
    },
    "household_demographics": {
        "arachne": 70.9490688411669,
        "arachne_runtime": 19922.142934324365,
        "bq": 214.5507574081421,
        "bq_baseline_runtime": 93139.92100000002,
        "multi_cloud_plan": "aws",
        "percent_diff": 66.93133610980465,
        "profiling_cost": 293.6741476289831,
        "profiling_runtime": 119801.74092618276
    },
    "income_band": {
        "arachne": 71.74639776482294,
        "arachne_runtime": 20579.62180384822,
        "bq": 232.44556427001953,
        "bq_baseline_runtime": 106110.69600000004,
        "multi_cloud_plan": "aws",
        "percent_diff": 69.13410759627187,
        "profiling_cost": 312.85969364079,
        "profiling_runtime": 133836.87636284254
    },
    "inventory": {
        "arachne": 71.92735788818634,
        "arachne_runtime": 20742.731747126352,
        "bq": 238.37518692016602,
        "bq_baseline_runtime": 104366.56,
        "multi_cloud_plan": "aws",
        "percent_diff": 69.82598783980168,
        "profiling_cost": 318.91251854212385,
        "profiling_runtime": 132208.23497709347
    },
    "item": {
        "arachne": 64.92857195108046,
        "arachne_runtime": 14970.765479146503,
        "bq": 93.05500507354736,
        "bq_baseline_runtime": 48002.555000000015,
        "multi_cloud_plan": "aws",
        "percent_diff": 30.225599472308634,
        "profiling_cost": 163.94795490971387,
        "profiling_runtime": 67877.73861856232
    },
    "promotion": {
        "arachne": 70.86023749475903,
        "arachne_runtime": 19848.8825146874,
        "bq": 215.28478145599365,
        "bq_baseline_runtime": 97716.66099999998,
        "multi_cloud_plan": "aws",
        "percent_diff": 67.08534759608933,
        "profiling_cost": 294.8231477702573,
        "profiling_runtime": 124720.67576934131
    },
    "reason": {
        "arachne": 71.93285203722795,
        "arachne_runtime": 20733.37475890541,
        "bq": 230.7737159729004,
        "bq_baseline_runtime": 104568.12200000003,
        "multi_cloud_plan": "aws",
        "percent_diff": 68.82970327276136,
        "profiling_cost": 310.81276918865854,
        "profiling_runtime": 131985.00911571697
    },
    "ship_mode": {
        "arachne": 72.17293801912352,
        "arachne_runtime": 20931.353189525806,
        "bq": 237.4097490310669,
        "bq_baseline_runtime": 106991.292,
        "multi_cloud_plan": "aws",
        "percent_diff": 69.59984233432674,
        "profiling_cost": 318.1367187885102,
        "profiling_runtime": 134975.445174988
    },
    "store": {
        "arachne": 67.6244486925139,
        "arachne_runtime": 17180.64929185403,
        "bq": 136.7197608947754,
        "bq_baseline_runtime": 60536.15700000001,
        "multi_cloud_plan": "aws",
        "percent_diff": 50.537911820544956,
        "profiling_cost": 210.25757147549737,
        "profiling_runtime": 82592.02563271289
    },
    "store_returns": {
        "arachne": 66.29817481945503,
        "arachne_runtime": 18159.627168378473,
        "bq": 185.66169261932373,
        "bq_baseline_runtime": 87304.47600000002,
        "multi_cloud_plan": "aws",
        "percent_diff": 64.29087019292062,
        "profiling_cost": 257.26724856308994,
        "profiling_runtime": 109840.77870326512
    },
    "store_sales": {
        "arachne": 21.086888313293457,
        "arachne_runtime": 13401.668000000001,
        "bq": 21.086888313293457,
        "bq_baseline_runtime": 13401.668000000001,
        "multi_cloud_plan": "gcp",
        "percent_diff": 0.0,
        "profiling_cost": 57.36223682653618,
        "profiling_runtime": 20944.308609316064
    },
    "time_dim": {
        "arachne": 72.12068320230615,
        "arachne_runtime": 20888.33106794735,
        "bq": 230.68166732788086,
        "bq_baseline_runtime": 102975.36500000003,
        "multi_cloud_plan": "aws",
        "percent_diff": 68.73584102381358,
        "profiling_cost": 311.2041061272794,
        "profiling_runtime": 130790.92698092457
    },
    "warehouse": {
        "arachne": 71.8640545561703,
        "arachne_runtime": 20676.651745990996,
        "bq": 235.83679676055908,
        "bq_baseline_runtime": 103431.731,
        "multi_cloud_plan": "aws",
        "percent_diff": 69.5280568837048,
        "profiling_cost": 316.20188522169246,
        "profiling_runtime": 131117.47160812083
    },
    "web_page": {
        "arachne": 72.05878591921245,
        "arachne_runtime": 20837.222209216707,
        "bq": 231.70127391815186,
        "bq_baseline_runtime": 105966.09000000004,
        "multi_cloud_plan": "aws",
        "percent_diff": 68.90013390920451,
        "profiling_cost": 312.33207127246635,
        "profiling_runtime": 133870.93851604237
    },
    "web_returns": {
        "arachne": 69.19646026301476,
        "arachne_runtime": 19113.59691246986,
        "bq": 201.80835247039795,
        "bq_baseline_runtime": 97414.90899999999,
        "multi_cloud_plan": "aws",
        "percent_diff": 65.71179566357901,
        "profiling_cost": 277.9983166042833,