{
    "01": 39.978092432022095,
    "02": 44.6188702583313,
    "03": 30.90320873260498,
    "04": 715.52716588974,
    "05": 142.19168138504028,
    "06": 33.754440784454346,
    "07": 80.70233845710754,
    "08": 30.343533754348755,
    "09": 177.9193036556244,
    "10": 46.19479560852051,
    "11": 399.32825779914856,
    "12": 12.584591150283813,
    "13": 149.74330830574036,
    "14": 242.39063787460327,
    "15": 23.37282085418701,
    "16": 8.969716310501099,
    "17": 61.708534955978394,
    "18": 283.41603207588196,
    "19": 51.11991286277771,
    "20": 11.18217134475708,
    "21": 7.915447950363159,
    "22": 22.8557391166687,
    "23": 1472.2185368537903,
    "24": 101.29265570640564,
    "25": 74.89531445503235,
    "26": 38.60900616645813,
    "27": 220.07256436347961,
    "28": 327.4364275932312,
    "29": 75.84530305862427,
    "30": 42.86727857589722,
    "31": 119.40690851211548,
    "32": 15.052995443344116,
    "33": 7.0368664264678955,
    "34": 26.405938625335693,
    "35": 44.687877893447876,
    "36": 146.68642449378967,
    "37": 8.42026424407959,
    "38": 92.3853907585144,
    "39": 6.577383279800415,
    "40": 7.767638921737671,
    "41": 7.387828826904297,
    "42": 28.74283003807068,
    "43": 7.836771011352539,
    "44": 104.76546120643616,
    "45": 30.601755619049072,
    "46": 70.47457599639893,
    "47": 222.8647301197052,
    "48": 76.72155451774597,
    "49": 117.52846598625183,
    "50": 204.49244022369385,
    "51": 51.33648419380188,
    "52": 27.925536394119263,
    "53": 34.385467290878296,
    "54": 52.017271518707275,
    "55": 29.154426336288452,
    "56": 9.112828254699707,
    "57": 60.00499939918518,
    "58": 57.06729245185852,
    "59": 69.52346181869507,
    "60": 7.063302755355835,
    "61": 6.746279239654541,
    "62": 13.025908946990967,
    "63": 26.918500423431396,
    "64": 415.0247151851654,
    "65": 45.45922374725342,
    "66": 42.652076721191406,
    "67": 902.2925231456757,
    "68": 83.40765571594238,
    "69": 109.66644501686096,
    "70": 102.43265438079834,
    "71": 51.35585832595825,
    "72": 229.02683687210083,
    "73": 23.779204845428467,
    "74": 470.8274772167206,
    "75": 175.61129808425903,
    "76": 71.70562672615051,
    "77": 99.93771052360535,
    "78": 896.731009721756,
    "79": 67.31373405456543,
    "80": 383.2360336780548,
    "81": 41.82355761528015,
    "82": 10.42019009590149,
    "83": 16.51255989074707,
    "84": 7.63662576675415,
    "85": 78.13473987579346,
    "86": 26.09774136543274,
    "87": 74.65843772888184,
    "88": 86.60572290420532,
    "89": 33.960469245910645,
    "90": 9.37120795249939,
    "91": 6.749660491943359,
    "92": 14.117421627044678,
    "93": 165.86899399757385,
    "94": 52.277230739593506,
    "95": 21.809405088424683,
    "96": 10.42910885810852,
    "97": 102.01272368431091,
    "98": 31.943260669708252,
    "99": 19.166916608810425
}
