{
    "call_center": {
        "moved_tables": [],
        "optimal_cost": 2.0307370185397504,
        "optimal_runtime": 11565.110999999997
    },
    "catalog_page": {
        "moved_tables": [],
        "optimal_cost": 1.9480519577096842,
        "optimal_runtime": 11513.970000000003
    },
    "catalog_returns": {
        "moved_tables": [],
        "optimal_cost": 1.7250246427853266,
        "optimal_runtime": 6858.371000000002
    },
    "catalog_sales": {
        "moved_tables": [],
        "optimal_cost": 1.1252203035374273,
        "optimal_runtime": 3188.221000000001
    },
    "customer": {
        "moved_tables": [],
        "optimal_cost": 1.5610206244109115,
        "optimal_runtime": 9306.698999999999
    },
    "customer_address": {
        "moved_tables": [],
        "optimal_cost": 1.5989619609038486,
        "optimal_runtime": 9219.514999999998
    },
    "customer_demographics": {
        "moved_tables": [],
        "optimal_cost": 1.8224917904089748,
        "optimal_runtime": 6863.398000000001
    },
    "date_dim": {
        "moved_tables": [],
        "optimal_cost": 0.2345232996190498,
        "optimal_runtime": 536.804
    },
    "household_demographics": {
        "moved_tables": [],
        "optimal_cost": 1.8653051449578777,
        "optimal_runtime": 7353.561000000004
    },
    "income_band": {
        "moved_tables": [],
        "optimal_cost": 2.099175773946628,
        "optimal_runtime": 11734.654
    },
    "inventory": {
        "moved_tables": [],
        "optimal_cost": 2.0269612297694497,
        "optimal_runtime": 7605.450000000001
    },
    "item": {
        "moved_tables": [],
        "optimal_cost": 1.1603156664552425,
        "optimal_runtime": 3220.6560000000004
    },
    "promotion": {
        "moved_tables": [],
        "optimal_cost": 1.8799653460831969,
        "optimal_runtime": 7390.625000000002
    },
    "reason": {
        "moved_tables": [],
        "optimal_cost": 1.9866643378900182,
        "optimal_runtime": 11564.826000000005
    },
    "ship_mode": {
        "moved_tables": [],
        "optimal_cost": 2.0289365246488007,
        "optimal_runtime": 11650.774000000005
    },
    "store": {
        "moved_tables": [],
        "optimal_cost": 1.313338843407577,
        "optimal_runtime": 8973.042999999998
    },
    "store_returns": {
        "moved_tables": [],
        "optimal_cost": 1.6648583998223094,
        "optimal_runtime": 9961.145000000002
    },
    "store_sales": {
        "moved_tables": [],
        "optimal_cost": 0.5040984371336029,
        "optimal_runtime": 5352.938
    },
    "time_dim": {
        "moved_tables": [],
        "optimal_cost": 1.98063219161413,
        "optimal_runtime": 11500.634999999997
    },
    "warehouse": {
        "moved_tables": [],
        "optimal_cost": 1.9581108013423394,
        "optimal_runtime": 7465.010000000002
    },
    "web_page": {
        "moved_tables": [],
        "optimal_cost": 2.042744146813951,
        "optimal_runtime": 11620.486000000003
    },
    "web_returns": {
        "moved_tables": [],
        "optimal_cost": 1.7253229013135307,
        "optimal_runtime": 10823.966000000002
    },
    "web_sales": {
        "moved_tables": [],
        "optimal_cost": 1.1571884864716022,
        "optimal_runtime": 7547.134000000004
    },
    "web_site": {
        "moved_tables": [],
        "optimal_cost": 1.8769788701333794,
        "optimal_runtime": 11307.728000000005
    }
}