{
    "call_center": 2.768378496170044,
    "catalog_page": 2.896915912628174,
    "catalog_returns": 74.86348843574524,
    "catalog_sales": 864.3408241271973,
    "customer": 11.765413522720337,
    "customer_address": 13.968602657318115,
    "customer_demographics": 3.7640390396118164,
    "date_dim": 2.8542087078094482,
    "household_demographics": 2.5332021713256836,
    "income_band": 2.4014041423797607,
    "inventory": 62.42200207710266,
    "item": 5.317271947860718,
    "promotion": 3.766667604446411,
    "reason": 2.267592668533325,
    "ship_mode": 2.343575954437256,
    "store": 3.0795366764068604,
    "store_returns": 132.5022256374359,
    "store_sales": 1351.6945538520813,
    "time_dim": 2.9887959957122803,
    "warehouse": 2.5601367950439453,
    "web_page": 2.576916456222534,
    "web_returns": 41.15879034996033,
    "web_sales": 511.8247137069702,
    "web_site": 2.8651163578033447
}