{
    "table0": 0.7651591300964355,
    "table1": 1.9379973411560059,
    "table10": 417.18571162223816,
    "table11": 5.958559989929199,
    "table12": 5.814164400100708,
    "table13": 1.7451722621917725,
    "table14": 2.3233704566955566,
    "table15": 2.6520090103149414,
    "table16": 832.7644157409668,
    "table17": 7107.057981967926,
    "table18": 2.3751285076141357,
    "table19": 3.1809563636779785,
    "table2": 426.2912087440491,
    "table20": 5.6587865352630615,
    "table21": 227.5539631843567,
    "table22": 2881.162515640259,
    "table23": 2.7722713947296143,
    "table24": 0.7651591300964355,
    "table25": 1.9379973411560059,
    "table26": 426.2912087440491,
    "table27": 4799.805301904678,
    "table28": 34.35504674911499,
    "table29": 17.575684547424316,
    "table3": 4799.805301904678,
    "table30": 5.0917439460754395,
    "table31": 3.0780715942382812,
    "table32": 2.7060487270355225,
    "table33": 2.2558016777038574,
    "table34": 417.18571162223816,
    "table35": 5.958559989929199,
    "table36": 5.814164400100708,
    "table37": 1.7451722621917725,
    "table38": 2.3233704566955566,
    "table39": 2.6520090103149414,
    "table4": 34.35504674911499,
    "table40": 832.7644157409668,
    "table41": 7107.057981967926,
    "table42": 2.3751285076141357,
    "table43": 3.1809563636779785,
    "table44": 5.6587865352630615,
    "table45": 227.5539631843567,
    "table46": 2881.162515640259,
    "table47": 2.7722713947296143,
    "table48": 0.7651591300964355,
    "table49": 1.9379973411560059,
    "table5": 17.575684547424316,
    "table50": 426.2912087440491,
    "table51": 4799.805301904678,
    "table52": 34.35504674911499,
    "table53": 17.575684547424316,
    "table54": 5.0917439460754395,
    "table55": 3.0780715942382812,
    "table56": 2.7060487270355225,
    "table57": 2.2558016777038574,
    "table58": 417.18571162223816,
    "table59": 5.958559989929199,
    "table6": 5.0917439460754395,
    "table60": 5.814164400100708,
    "table61": 1.7451722621917725,
    "table62": 2.3233704566955566,
    "table63": 2.6520090103149414,
    "table64": 832.7644157409668,
    "table65": 7107.057981967926,
    "table66": 2.3751285076141357,
    "table67": 3.1809563636779785,
    "table68": 5.6587865352630615,
    "table69": 227.5539631843567,
    "table7": 3.0780715942382812,
    "table70": 2881.162515640259,
    "table71": 2.7722713947296143,
    "table72": 0.7651591300964355,
    "table73": 1.9379973411560059,
    "table74": 426.2912087440491,
    "table75": 4799.805301904678,
    "table76": 34.35504674911499,
    "table77": 17.575684547424316,
    "table78": 5.0917439460754395,
    "table79": 3.0780715942382812,
    "table8": 2.7060487270355225,
    "table80": 2.7060487270355225,
    "table81": 2.2558016777038574,
    "table82": 417.18571162223816,
    "table83": 5.958559989929199,
    "table84": 5.814164400100708,
    "table85": 1.7451722621917725,
    "table86": 2.3233704566955566,
    "table87": 2.6520090103149414,
    "table88": 832.7644157409668,
    "table89": 7107.057981967926,
    "table9": 2.2558016777038574,
    "table90": 2.3751285076141357,
    "table91": 3.1809563636779785,
    "table92": 5.6587865352630615,
    "table93": 227.5539631843567,
    "table94": 2881.162515640259,
    "table95": 2.7722713947296143,
    "table96": 0.7651591300964355,
    "table97": 1.9379973411560059,
    "table98": 426.2912087440491,
    "table99": 4799.805301904678
}