{
    "call_center": {
        "arachne": 18.34952387598016,
        "arachne_runtime": 12391.856052751747,
        "bq": 93.8852596282959,
        "bq_baseline_runtime": 29449.217000000004,
        "multi_cloud_plan": "aws",
        "percent_diff": 80.45537292155515,
        "profiling_cost": 117.21613033415872,
        "profiling_runtime": 45939.66304227086
    },
    "catalog_page": {
        "arachne": 18.168965871143953,
        "arachne_runtime": 12242.688609301207,
        "bq": 88.67907047271729,
        "bq_baseline_runtime": 29104.66300000001,
        "multi_cloud_plan": "aws",
        "percent_diff": 79.5115512890567,
        "profiling_cost": 111.86473895176186,
        "profiling_runtime": 45475.15293996299
    },
    "catalog_returns": {
        "arachne": 16.472961432003405,
        "arachne_runtime": 10929.880527023051,
        "bq": 77.67235279083252,
        "bq_baseline_runtime": 20833.994000000006,
        "multi_cloud_plan": "aws",
        "percent_diff": 78.79173111137214,
        "profiling_cost": 98.11073755892505,
        "profiling_runtime": 35022.07200460514
    },
    "catalog_sales": {
        "arachne": 10.800200844679575,
        "arachne_runtime": 7137.273044487346,
        "bq": 41.535258293151855,
        "bq_baseline_runtime": 12311.433000000003,
        "multi_cloud_plan": "multi",
        "percent_diff": 73.99751129882762,
        "profiling_cost": 55.08635514783166,
        "profiling_runtime": 21606.498340940376
    },
    "customer": {
        "arachne": 15.277442096771349,
        "arachne_runtime": 9844.562218824733,
        "bq": 74.27536487579346,
        "bq_baseline_runtime": 23349.040999999994,
        "multi_cloud_plan": "aws",
        "percent_diff": 79.43134695828292,
        "profiling_cost": 92.54760256954188,
        "profiling_runtime": 35665.71913469422
    },
    "customer_address": {
        "arachne": 16.73495532709695,
        "arachne_runtime": 11044.705378627736,
        "bq": 76.7768144607544,
        "bq_baseline_runtime": 23769.81700000001,
        "multi_cloud_plan": "aws",
        "percent_diff": 78.2031132124513,
        "profiling_cost": 97.50195024511217,
        "profiling_runtime": 38109.0255709083
    },
    "customer_demographics": {
        "arachne": 17.155524286958993,
        "arachne_runtime": 11405.447698060983,
        "bq": 82.86781311035156,
        "bq_baseline_runtime": 21214.163000000008,
        "multi_cloud_plan": "aws",
        "percent_diff": 79.29772291189377,
        "profiling_cost": 104.161444464832,
        "profiling_runtime": 36021.49977280882
    },
    "date_dim": {
        "arachne": 5.761511344952719,
        "arachne_runtime": 3375.330237419177,
        "bq": 10.604453086853027,
        "bq_baseline_runtime": 2806.4669999999996,
        "multi_cloud_plan": "multi",
        "percent_diff": 45.66894400150057,
        "profiling_cost": 21.936336440282236,
        "profiling_runtime": 9383.245532003053
    },
    "household_demographics": {
        "arachne": 17.733538558603385,
        "arachne_runtime": 11882.931394599007,
        "bq": 84.45921897888184,
        "bq_baseline_runtime": 21505.640000000007,
        "multi_cloud_plan": "aws",
        "percent_diff": 79.00343056329058,
        "profiling_cost": 106.72390431956318,
        "profiling_runtime": 37115.19343576988
    },
    "income_band": {
        "arachne": 18.23632233183486,
        "arachne_runtime": 12298.327768549883,
        "bq": 92.41918087005615,
        "bq_baseline_runtime": 29432.815,
        "multi_cloud_plan": "aws",
        "percent_diff": 80.26781652882683,
        "profiling_cost": 115.66393178895551,
        "profiling_runtime": 45852.10797049994
    },
    "inventory": {
        "arachne": 18.004025871974022,
        "arachne_runtime": 12140.836991332566,
        "bq": 93.50381851196289,
        "bq_baseline_runtime": 23872.071,
        "multi_cloud_plan": "aws",
        "percent_diff": 80.74514371873424,
        "profiling_cost": 116.20793277343265,
        "profiling_runtime": 39879.26604892687
    },
    "item": {
        "arachne": 13.548375011175349,
        "arachne_runtime": 8457.427555754077,
        "bq": 35.14582633972168,
        "bq_baseline_runtime": 11228.742,
        "multi_cloud_plan": "aws",
        "percent_diff": 61.4509703649704,
        "profiling_cost": 52.39370546882598,
        "profiling_runtime": 22693.594669565475
    },
    "promotion": {
        "arachne": 17.691734522868536,
        "arachne_runtime": 11848.3845020161,
        "bq": 85.56325435638428,
        "bq_baseline_runtime": 22579.337,
        "multi_cloud_plan": "aws",
        "percent_diff": 79.32320988028377,
        "profiling_cost": 107.90784428799317,
        "profiling_runtime": 38254.90866784862
    },
    "reason": {
        "arachne": 18.319526659289423,
        "arachne_runtime": 12367.072004107387,
        "bq": 92.01372623443604,
        "bq_baseline_runtime": 29149.64400000001,
        "multi_cloud_plan": "aws",
        "percent_diff": 80.09044149281137,
        "profiling_cost": 115.13650565099412,
        "profiling_runtime": 45468.16292841236
    },
    "ship_mode": {
        "arachne": 18.46996135810948,
        "arachne_runtime": 12491.362622892577,
        "bq": 94.33101177215576,
        "bq_baseline_runtime": 29704.261999999995,
        "multi_cloud_plan": "aws",
        "percent_diff": 80.42005379660162,
        "profiling_cost": 117.75357310011248,
        "profiling_runtime": 46270.463675188264
    },
    "store": {
        "arachne": 15.455894028541355,
        "arachne_runtime": 10001.131011604426,
        "bq": 54.358344078063965,
        "bq_baseline_runtime": 19434.615999999998,
        "multi_cloud_plan": "aws",
        "percent_diff": 71.56665772168269,
        "profiling_cost": 73.86598575070633,
        "profiling_runtime": 32766.27341693043
    },
    "store_returns": {
        "arachne": 16.295716160537157,
        "arachne_runtime": 10834.616348537711,
        "bq": 74.16031837463379,
        "bq_baseline_runtime": 24971.007000000005,
        "multi_cloud_plan": "aws",
        "percent_diff": 78.02636704144594,
        "profiling_cost": 94.41792556210302,
        "profiling_runtime": 39062.40409507767
    },
    "store_sales": {
        "arachne": 6.560958832206767,
        "arachne_runtime": 3929.3362100521063,
        "bq": 9.416570663452148,
        "bq_baseline_runtime": 8720.065,
        "multi_cloud_plan": "multi",
        "percent_diff": 30.325390562072247,
        "profiling_cost": 17.493813864056687,
        "profiling_runtime": 13770.831041177324
    },
    "time_dim": {
        "arachne": 18.390448038198198,
        "arachne_runtime": 12425.67607784793,
        "bq": 91.1452054977417,
        "bq_baseline_runtime": 28742.781000000006,
        "multi_cloud_plan": "aws",
        "percent_diff": 79.82291231034215,
        "profiling_cost": 114.41089350955842,
        "profiling_runtime": 45179.380580388504
    },
    "warehouse": {
        "arachne": 18.180933030003658,
        "arachne_runtime": 12252.572872438563,
        "bq": 92.61285781860352,
        "bq_baseline_runtime": 23665.578999999994,
        "multi_cloud_plan": "aws",
        "percent_diff": 80.36888887975599,
        "profiling_cost": 115.38351873361364,
        "profiling_runtime": 39693.17418771713
    },
    "web_page": {
        "arachne": 18.347674388030658,
        "arachne_runtime": 12390.328419182542,
        "bq": 92.55434989929199,
        "bq_baseline_runtime": 29591.187000000016,
        "multi_cloud_plan": "aws",
        "percent_diff": 80.17632406473095,
        "profiling_cost": 115.84063738469564,
        "profiling_runtime": 46044.79838279226
    },
    "web_returns": {
        "arachne": 17.126236801001262,
        "arachne_runtime": 11407.152731648315,
        "bq": 81.0332202911377,
        "bq_baseline_runtime": 27105.240000000013,
        "multi_cloud_plan": "aws",
        "percent_diff": 78.86516574379027,
        "profiling_cost": 102.28952744373007,