{
    "call_center": {
        "arachne": 93.8852596282959,
        "arachne_runtime": 29449.217,
        "bq": 93.8852596282959,
        "bq_baseline_runtime": 29449.217,
        "multi_cloud_plan": "gcp",
        "percent_diff": 0.0,
        "profiling_cost": 459.8784695397003,
        "profiling_runtime": 45939.66304227088
    },
    "catalog_page": {
        "arachne": 88.67907047271729,
        "arachne_runtime": 29104.663,
        "bq": 88.67907047271729,
        "bq_baseline_runtime": 29104.663,
        "multi_cloud_plan": "gcp",
        "percent_diff": 0.0,
        "profiling_cost": 454.52569911291226,
        "profiling_runtime": 45475.15293996298
    },
    "catalog_returns": {
        "arachne": 77.67235279083252,
        "arachne_runtime": 20833.994000000013,
        "bq": 77.67235279083252,
        "bq_baseline_runtime": 20833.994000000013,
        "multi_cloud_plan": "gcp",
        "percent_diff": 0.0,
        "profiling_cost": 430.17010729867536,
        "profiling_runtime": 35022.07200460516
    },
    "catalog_sales": {
        "arachne": 41.535258293151855,
        "arachne_runtime": 12311.433000000005,
        "bq": 41.535258293151855,
        "bq_baseline_runtime": 12311.433000000005,
        "multi_cloud_plan": "gcp",
        "percent_diff": 0.0,
        "profiling_cost": 289.9195217056754,
        "profiling_runtime": 21606.49834094038
    },
    "customer": {
        "arachne": 74.27536487579346,
        "arachne_runtime": 23349.041,
        "bq": 74.27536487579346,
        "bq_baseline_runtime": 23349.041,
        "multi_cloud_plan": "gcp",
        "percent_diff": 0.0,
        "profiling_cost": 434.5143431877084,
        "profiling_runtime": 35665.719134694235
    },
    "customer_address": {
        "arachne": 76.7768144607544,
        "arachne_runtime": 23769.817000000017,
        "bq": 76.7768144607544,
        "bq_baseline_runtime": 23769.817000000017,
        "multi_cloud_plan": "gcp",
        "percent_diff": 0.0,
        "profiling_cost": 439.96467764950256,
        "profiling_runtime": 38109.0255709083
    },
    "customer_demographics": {
        "arachne": 82.86781311035156,
        "arachne_runtime": 21214.163000000004,
        "bq": 82.86781311035156,
        "bq_baseline_runtime": 21214.163000000004,
        "multi_cloud_plan": "gcp",
        "percent_diff": 0.0,
        "profiling_cost": 446.8143533354657,
        "profiling_runtime": 36021.49977280882
    },
    "date_dim": {
        "arachne": 10.604453086853027,
        "arachne_runtime": 2806.4669999999996,
        "bq": 10.604453086853027,
        "bq_baseline_runtime": 2806.4669999999996,
        "multi_cloud_plan": "gcp",
        "percent_diff": 0.0,
        "profiling_cost": 364.59705928908306,
        "profiling_runtime": 9383.245532003053
    },
    "household_demographics": {
        "arachne": 84.45921897888184,
        "arachne_runtime": 21505.640000000007,
        "bq": 84.45921897888184,
        "bq_baseline_runtime": 21505.640000000007,
        "multi_cloud_plan": "gcp",
        "percent_diff": 0.0,
        "profiling_cost": 449.38622269358405,
        "profiling_runtime": 37115.19343576988
    },
    "income_band": {
        "arachne": 92.41918087005615,
        "arachne_runtime": 29432.815000000002,
        "bq": 92.41918087005615,
        "bq_baseline_runtime": 29432.815000000002,
        "multi_cloud_plan": "gcp",
        "percent_diff": 0.0,
        "profiling_cost": 458.3262784139948,
        "profiling_runtime": 45852.10797049996
    },
    "inventory": {
        "arachne": 93.50381851196289,
        "arachne_runtime": 23872.07100000001,
        "bq": 93.50381851196289,
        "bq_baseline_runtime": 23872.07100000001,
        "multi_cloud_plan": "gcp",
        "percent_diff": 0.0,
        "profiling_cost": 454.68467074642865,
        "profiling_runtime": 39879.26604892688
    },
    "item": {
        "arachne": 35.14582633972168,
        "arachne_runtime": 11228.742000000002,
        "bq": 35.14582633972168,
        "bq_baseline_runtime": 11228.742000000002,
        "multi_cloud_plan": "gcp",
        "percent_diff": 0.0,
        "profiling_cost": 395.02761038567036,
        "profiling_runtime": 22693.594669565467
    },
    "promotion": {
        "arachne": 85.56325435638428,
        "arachne_runtime": 22579.337,
        "bq": 85.56325435638428,
        "bq_baseline_runtime": 22579.337,
        "multi_cloud_plan": "gcp",
        "percent_diff": 0.0,
        "profiling_cost": 450.57012907578866,
        "profiling_runtime": 38254.90866784862
    },
    "reason": {
        "arachne": 92.01372623443604,
        "arachne_runtime": 29149.643999999997,
        "bq": 92.01372623443604,
        "bq_baseline_runtime": 29149.643999999997,
        "multi_cloud_plan": "gcp",
        "percent_diff": 0.0,
        "profiling_cost": 457.79885151245134,
        "profiling_runtime": 45468.16292841234
    },
    "ship_mode": {
        "arachne": 94.33101177215576,
        "arachne_runtime": 29704.262,
        "bq": 94.33101177215576,
        "bq_baseline_runtime": 29704.262,
        "multi_cloud_plan": "gcp",
        "percent_diff": 0.0,
        "profiling_cost": 460.41591908073707,
        "profiling_runtime": 46270.46367518828
    },
    "store": {
        "arachne": 54.358344078063965,
        "arachne_runtime": 19434.616000000005,
        "bq": 54.358344078063965,
        "bq_baseline_runtime": 19434.616000000005,
        "multi_cloud_plan": "gcp",
        "percent_diff": 0.0,
        "profiling_cost": 416.52825186262027,
        "profiling_runtime": 32766.273416930428
    },
    "store_returns": {
        "arachne": 74.16031837463379,
        "arachne_runtime": 24971.007000000012,
        "bq": 74.16031837463379,
        "bq_baseline_runtime": 24971.007000000012,
        "multi_cloud_plan": "gcp",
        "percent_diff": 0.0,
        "profiling_cost": 420.0874232542315,
        "profiling_runtime": 39062.40409507768
    },
    "store_sales": {
        "arachne": 9.416570663452148,
        "arachne_runtime": 8720.064999999999,
        "bq": 9.416570663452148,
        "bq_baseline_runtime": 8720.064999999999,
        "multi_cloud_plan": "gcp",
        "percent_diff": 0.0,
        "profiling_cost": 217.77835459243386,
        "profiling_runtime": 13770.831041177322
    },
    "time_dim": {
        "arachne": 91.1452054977417,
        "arachne_runtime": 28742.781000000003,
        "bq": 91.1452054977417,
        "bq_baseline_runtime": 28742.781000000003,
        "multi_cloud_plan": "gcp",
        "percent_diff": 0.0,
        "profiling_cost": 457.0722506309141,
        "profiling_runtime": 45179.380580388504
    },
    "warehouse": {
        "arachne": 92.61285781860352,
        "arachne_runtime": 23665.579000000005,
        "bq": 92.61285781860352,
        "bq_baseline_runtime": 23665.579000000005,
        "multi_cloud_plan": "gcp",
        "percent_diff": 0.0,
        "profiling_cost": 458.0458634064331,
        "profiling_runtime": 39693.174187717115
    },
    "web_page": {
        "arachne": 92.55434989929199,
        "arachne_runtime": 29591.187,
        "bq": 92.55434989929199,
        "bq_baseline_runtime": 29591.187,
        "multi_cloud_plan": "gcp",
        "percent_diff": 0.0,
        "profiling_cost": 458.50292415810793,
        "profiling_runtime": 46044.79838279225
    },
    "web_returns": {
        "arachne": 81.0332202911377,
        "arachne_runtime": 27105.239999999998,
        "bq": 81.0332202911377,
        "bq_baseline_runtime": 27105.239999999998,
        "multi_cloud_plan": "gcp",
        "percent_diff": 0.0,
        "profiling_cost": 439.8291330923128,
        "profiling_runtime": 41923.93132459257
    },
    "web_sales": {
        "arachne": 48.173699378967285,
        "arachne_runtime": 19348.599000000002,
        "bq": 48.173699378967285,
        "bq_baseline_runtime": 19348.599000000002,
        "multi_cloud_plan": "gcp",
        "percent_diff": 0.0,
        "profiling_cost": 351.417138790961,