{
    "call_center": {
        "arachne": 93.8852596282959,
        "arachne_runtime": 29449.217,
        "bq": 93.8852596282959,
        "bq_baseline_runtime": 29449.217,
        "multi_cloud_plan": "gcp",
        "percent_diff": 0.0,
        "profiling_cost": 192.89615617096536,
        "profiling_runtime": 45939.66304227087
    },
    "catalog_page": {
        "arachne": 88.67907047271729,
        "arachne_runtime": 29104.663,
        "bq": 88.67907047271729,
        "bq_baseline_runtime": 29104.663,
        "multi_cloud_plan": "gcp",
        "percent_diff": 0.0,
        "profiling_cost": 187.5444602143472,
        "profiling_runtime": 45475.15293996299
    },
    "catalog_returns": {
        "arachne": 77.67235279083252,
        "arachne_runtime": 20833.994000000002,
        "bq": 77.67235279083252,
        "bq_baseline_runtime": 20833.994000000002,
        "multi_cloud_plan": "gcp",
        "percent_diff": 0.0,
        "profiling_cost": 171.44900326831777,
        "profiling_runtime": 35022.07200460513
    },
    "catalog_sales": {
        "arachne": 41.535258293151855,
        "arachne_runtime": 12311.433,
        "bq": 41.535258293151855,
        "bq_baseline_runtime": 12311.433,
        "multi_cloud_plan": "gcp",
        "percent_diff": 0.0,
        "profiling_cost": 106.95134898882787,
        "profiling_runtime": 21606.49834094037
    },
    "customer": {
        "arachne": 74.27536487579346,
        "arachne_runtime": 23349.04100000001,
        "bq": 74.27536487579346,
        "bq_baseline_runtime": 23349.04100000001,
        "multi_cloud_plan": "gcp",
        "percent_diff": 0.0,
        "profiling_cost": 168.07399927048664,
        "profiling_runtime": 35665.71913469424
    },
    "customer_address": {
        "arachne": 76.7768144607544,
        "arachne_runtime": 23769.817000000003,
        "bq": 76.7768144607544,
        "bq_baseline_runtime": 23769.817000000003,
        "multi_cloud_plan": "gcp",
        "percent_diff": 0.0,
        "profiling_cost": 173.1378900399469,
        "profiling_runtime": 38109.0255709083
    },
    "customer_demographics": {
        "arachne": 82.86781311035156,
        "arachne_runtime": 21214.163,
        "bq": 82.86781311035156,
        "bq_baseline_runtime": 21214.163,
        "multi_cloud_plan": "gcp",
        "percent_diff": 0.0,
        "profiling_cost": 179.83938752828485,
        "profiling_runtime": 36021.499772808806
    },
    "date_dim": {
        "arachne": 10.604453086853027,
        "arachne_runtime": 2806.4669999999996,
        "bq": 10.604453086853027,
        "bq_baseline_runtime": 2806.4669999999996,
        "multi_cloud_plan": "gcp",
        "percent_diff": 0.0,
        "profiling_cost": 97.6160052903242,
        "profiling_runtime": 9383.245532003053
    },
    "household_demographics": {
        "arachne": 84.45921897888184,
        "arachne_runtime": 21505.640000000003,
        "bq": 84.45921897888184,
        "bq_baseline_runtime": 21505.640000000003,
        "multi_cloud_plan": "gcp",
        "percent_diff": 0.0,
        "profiling_cost": 182.40392555554322,
        "profiling_runtime": 37115.19343576986
    },
    "income_band": {
        "arachne": 92.41918087005615,
        "arachne_runtime": 29432.815000000002,
        "bq": 92.41918087005615,
        "bq_baseline_runtime": 29432.815000000002,
        "multi_cloud_plan": "gcp",
        "percent_diff": 0.0,
        "profiling_cost": 191.3439592644243,
        "profiling_runtime": 45852.10797049995
    },
    "inventory": {
        "arachne": 92.75962444269713,
        "arachne_runtime": 12140.836991332566,
        "bq": 93.50381851196289,
        "bq_baseline_runtime": 23872.071000000004,
        "multi_cloud_plan": "aws",
        "percent_diff": 0.7958969816516609,
        "profiling_cost": 190.96353134415574,
        "profiling_runtime": 39879.26604892687
    },
    "item": {
        "arachne": 35.14582633972168,
        "arachne_runtime": 11228.742,
        "bq": 35.14582633972168,
        "bq_baseline_runtime": 11228.742,
        "multi_cloud_plan": "gcp",
        "percent_diff": 0.0,
        "profiling_cost": 128.0674513400309,
        "profiling_runtime": 22693.59466956548
    },
    "promotion": {
        "arachne": 85.56325435638428,
        "arachne_runtime": 22579.336999999992,
        "bq": 85.56325435638428,
        "bq_baseline_runtime": 22579.336999999992,
        "multi_cloud_plan": "gcp",
        "percent_diff": 0.0,
        "profiling_cost": 183.58785810615666,
        "profiling_runtime": 38254.908667848635
    },
    "reason": {
        "arachne": 92.01372623443604,
        "arachne_runtime": 29149.644000000004,
        "bq": 92.01372623443604,
        "bq_baseline_runtime": 29149.644000000004,
        "multi_cloud_plan": "gcp",
        "percent_diff": 0.0,
        "profiling_cost": 190.816532957819,
        "profiling_runtime": 45468.16292841236
    },
    "ship_mode": {
        "arachne": 94.14998869125358,
        "arachne_runtime": 12491.362622892579,
        "bq": 94.33101177215576,
        "bq_baseline_runtime": 29704.262,
        "multi_cloud_plan": "aws",
        "percent_diff": 0.19190198165097233,
        "profiling_cost": 193.4336004332566,
        "profiling_runtime": 46270.46367518826
    },
    "store": {
        "arachne": 54.358344078063965,
        "arachne_runtime": 19434.616000000005,
        "bq": 54.358344078063965,
        "bq_baseline_runtime": 19434.616000000005,
        "multi_cloud_plan": "gcp",
        "percent_diff": 0.0,
        "profiling_cost": 149.54599544413523,
        "profiling_runtime": 32766.27341693043
    },
    "store_returns": {
        "arachne": 74.16031837463379,
        "arachne_runtime": 24971.007000000005,
        "bq": 74.16031837463379,
        "bq_baseline_runtime": 24971.007000000005,
        "multi_cloud_plan": "gcp",
        "percent_diff": 0.0,
        "profiling_cost": 166.34493118735838,
        "profiling_runtime": 39062.40409507767
    },
    "store_sales": {
        "arachne": 9.416570663452148,
        "arachne_runtime": 8720.064999999999,
        "bq": 9.416570663452148,
        "bq_baseline_runtime": 8720.064999999999,
        "multi_cloud_plan": "gcp",
        "percent_diff": 0.0,
        "profiling_cost": 61.72843635621361,
        "profiling_runtime": 13770.831041177325
    },
    "time_dim": {
        "arachne": 91.1452054977417,
        "arachne_runtime": 28742.78100000001,
        "bq": 91.1452054977417,
        "bq_baseline_runtime": 28742.78100000001,
        "multi_cloud_plan": "gcp",
        "percent_diff": 0.0,
        "profiling_cost": 190.09070244433644,
        "profiling_runtime": 45179.38058038852
    },
    "warehouse": {
        "arachne": 92.61285781860352,
        "arachne_runtime": 23665.579000000005,
        "bq": 92.61285781860352,
        "bq_baseline_runtime": 23665.579000000005,
        "multi_cloud_plan": "gcp",
        "percent_diff": 0.0,
        "profiling_cost": 191.06354577791734,
        "profiling_runtime": 39693.17418771712
    },
    "web_page": {
        "arachne": 92.55434989929199,
        "arachne_runtime": 29591.187000000005,
        "bq": 92.55434989929199,
        "bq_baseline_runtime": 29591.187000000005,
        "multi_cloud_plan": "gcp",
        "percent_diff": 0.0,
        "profiling_cost": 191.52065164140026,
        "profiling_runtime": 46044.79838279226
    },
    "web_returns": {
        "arachne": 81.0332202911377,
        "arachne_runtime": 27105.240000000005,
        "bq": 81.0332202911377,
        "bq_baseline_runtime": 27105.240000000005,
        "multi_cloud_plan": "gcp",
        "percent_diff": 0.0,
        "profiling_cost": 176.83815200415322,
        "profiling_runtime": 41923.931324592566
    },
    "web_sales": {
        "arachne": 48.173699378967285,
        "arachne_runtime": 19348.59900000001,
        "bq": 48.173699378967285,
        "bq_baseline_runtime": 19348.59900000001,
        "multi_cloud_plan": "gcp",
        "percent_diff": 0.0,