{
    "call_center": {
        "arachne": 51.98509091456093,
        "arachne_runtime": 12391.856052751746,
        "bq": 93.8852596282959,
        "bq_baseline_runtime": 29449.21700000001,
        "multi_cloud_plan": "aws",
        "percent_diff": 44.62912376194437,
        "profiling_cost": 150.85169737273944,
        "profiling_runtime": 45939.66304227087
    },
    "catalog_page": {
        "arachne": 51.80439754340412,
        "arachne_runtime": 12242.688609301207,
        "bq": 88.67907047271729,
        "bq_baseline_runtime": 29104.663000000008,
        "multi_cloud_plan": "aws",
        "percent_diff": 41.582159953579925,
        "profiling_cost": 145.500170624022,
        "profiling_runtime": 45475.15293996298
    },
    "catalog_returns": {
        "arachne": 49.06761005614045,
        "arachne_runtime": 10929.880527023051,
        "bq": 77.67235279083252,
        "bq_baseline_runtime": 20833.994000000006,
        "multi_cloud_plan": "aws",
        "percent_diff": 36.82744465295535,
        "profiling_cost": 130.70552231865508,
        "profiling_runtime": 35022.072004605136
    },
    "catalog_sales": {
        "arachne": 29.31616110700395,
        "arachne_runtime": 8165.579752677706,
        "bq": 41.535258293151855,
        "bq_baseline_runtime": 12311.433,
        "multi_cloud_plan": "multi",
        "percent_diff": 29.41861369900891,
        "profiling_cost": 78.13746352160777,
        "profiling_runtime": 21606.49834094038
    },
    "customer": {
        "arachne": 48.84472947843526,
        "arachne_runtime": 9844.562218824733,
        "bq": 74.27536487579346,
        "bq_baseline_runtime": 23349.040999999997,
        "multi_cloud_plan": "aws",
        "percent_diff": 34.2383176977783,
        "profiling_cost": 126.114889992184,
        "profiling_runtime": 35665.71913469423
    },
    "customer_address": {
        "arachne": 50.35092852826752,
        "arachne_runtime": 11044.705378627736,
        "bq": 76.7768144607544,
        "bq_baseline_runtime": 23769.816999999995,
        "multi_cloud_plan": "aws",
        "percent_diff": 34.41909659588034,
        "profiling_cost": 131.1179234872609,
        "profiling_runtime": 38109.02557090829
    },
    "customer_demographics": {
        "arachne": 50.7901656075154,
        "arachne_runtime": 11405.447698060982,
        "bq": 82.86781311035156,
        "bq_baseline_runtime": 21214.163000000008,
        "multi_cloud_plan": "aws",
        "percent_diff": 38.709417201730325,
        "profiling_cost": 137.79608582636666,
        "profiling_runtime": 36021.49977280881
    },
    "date_dim": {
        "arachne": 10.604453086853027,
        "arachne_runtime": 2806.4669999999996,
        "bq": 10.604453086853027,
        "bq_baseline_runtime": 2806.4669999999996,
        "multi_cloud_plan": "gcp",
        "percent_diff": 0.0,
        "profiling_cost": 55.57174481807864,
        "profiling_runtime": 9383.245532003053
    },
    "household_demographics": {
        "arachne": 51.369103511394115,
        "arachne_runtime": 11882.931394599005,
        "bq": 84.45921897888184,
        "bq_baseline_runtime": 21505.64,
        "multi_cloud_plan": "aws",
        "percent_diff": 39.17880826693598,
        "profiling_cost": 140.35946931333203,
        "profiling_runtime": 37115.19343576988
    },
    "income_band": {
        "arachne": 51.87189009870988,
        "arachne_runtime": 12298.327768549883,
        "bq": 92.41918087005615,
        "bq_baseline_runtime": 29432.81500000001,
        "multi_cloud_plan": "aws",
        "percent_diff": 43.87324188509834,
        "profiling_cost": 149.29949955583055,
        "profiling_runtime": 45852.10797049996
    },
    "inventory": {
        "arachne": 51.22873634785095,
        "arachne_runtime": 12140.836991332566,
        "bq": 93.50381851196289,
        "bq_baseline_runtime": 23872.070999999996,
        "multi_cloud_plan": "aws",
        "percent_diff": 45.212145168919776,
        "profiling_cost": 149.4326432493095,
        "profiling_runtime": 39879.26604892687
    },
    "item": {
        "arachne": 35.14582633972168,
        "arachne_runtime": 11228.742,
        "bq": 35.14582633972168,
        "bq_baseline_runtime": 11228.742,
        "multi_cloud_plan": "gcp",
        "percent_diff": 0.0,
        "profiling_cost": 86.02648141158375,
        "profiling_runtime": 22693.59466956547
    },
    "promotion": {
        "arachne": 51.32729621983005,
        "arachne_runtime": 11848.384502016102,
        "bq": 85.56325435638428,
        "bq_baseline_runtime": 22579.337,
        "multi_cloud_plan": "aws",
        "percent_diff": 40.01245440473328,
        "profiling_cost": 141.5434059849547,
        "profiling_runtime": 38254.90866784862
    },
    "reason": {
        "arachne": 51.95509435121162,
        "arachne_runtime": 12367.072004107387,
        "bq": 92.01372623443604,
        "bq_baseline_runtime": 29149.64399999999,
        "multi_cloud_plan": "aws",
        "percent_diff": 43.53549575979732,
        "profiling_cost": 148.77207334291626,
        "profiling_runtime": 45468.162928412334
    },
    "ship_mode": {
        "arachne": 52.10552906172908,
        "arachne_runtime": 12491.362622892577,
        "bq": 94.33101177215576,
        "bq_baseline_runtime": 29704.262000000002,
        "multi_cloud_plan": "aws",
        "percent_diff": 44.76309743440134,
        "profiling_cost": 151.38914080373212,
        "profiling_runtime": 46270.46367518828
    },
    "store": {
        "arachne": 49.09131775669447,
        "arachne_runtime": 10001.131011604426,
        "bq": 54.358344078063965,
        "bq_baseline_runtime": 19434.616000000005,
        "multi_cloud_plan": "aws",
        "percent_diff": 9.689453221396004,
        "profiling_cost": 107.50154561445251,
        "profiling_runtime": 32766.273416930428
    },
    "store_returns": {
        "arachne": 47.92562264114569,
        "arachne_runtime": 16466.408054206255,
        "bq": 74.16031837463379,
        "bq_baseline_runtime": 24971.006999999998,
        "multi_cloud_plan": "multi",
        "percent_diff": 35.37565143795494,
        "profiling_cost": 126.38548361777212,
        "profiling_runtime": 39062.40409507767
    },
    "store_sales": {
        "arachne": 9.237125370550377,
        "arachne_runtime": 8796.937038474865,
        "bq": 9.416570663452148,
        "bq_baseline_runtime": 8720.065,
        "multi_cloud_plan": "multi",
        "percent_diff": 1.9056331579206383,
        "profiling_cost": 37.153646082793095,
        "profiling_runtime": 13770.831041177325
    },
    "time_dim": {
        "arachne": 52.02591867587729,
        "arachne_runtime": 12425.67607784793,
        "bq": 91.1452054977417,
        "bq_baseline_runtime": 28742.781000000006,
        "multi_cloud_plan": "aws",
        "percent_diff": 42.91974175518609,
        "profiling_cost": 148.04636414723757,
        "profiling_runtime": 45179.38058038852
    },
    "warehouse": {
        "arachne": 51.45372994667639,
        "arachne_runtime": 12275.803224479616,
        "bq": 92.61285781860352,
        "bq_baseline_runtime": 23665.579000000005,
        "multi_cloud_plan": "multi",
        "percent_diff": 44.44213129946124,
        "profiling_cost": 149.01908630885973,
        "profiling_runtime": 39693.17418771712
    },
    "web_page": {
        "arachne": 51.983236279899366,
        "arachne_runtime": 12390.328419182544,
        "bq": 92.55434989929199,
        "bq_baseline_runtime": 29591.18700000001,
        "multi_cloud_plan": "aws",
        "percent_diff": 43.834907450095955,
        "profiling_cost": 149.4761992765644,
        "profiling_runtime": 46044.79838279225
    },
    "web_returns": {
        "arachne": 50.25882269226295,
        "arachne_runtime": 11407.152731648315,
        "bq": 81.0332202911377,
        "bq_baseline_runtime": 27105.24000000001,
        "multi_cloud_plan": "aws",
        "percent_diff": 37.97750785209807,
        "profiling_cost": 135.42224947058477,