{
    "call_center": {
        "arachne": 64.60972192208156,
        "arachne_runtime": 12386.330213751044,
        "bq": 122.05083751678467,
        "bq_baseline_runtime": 29449.217000000008,
        "multi_cloud_plan": "aws",
        "percent_diff": 47.06327032520665,
        "profiling_cost": 191.63061290069606,
        "profiling_runtime": 45939.663042270855
    },
    "catalog_page": {
        "arachne": 64.42897778748929,
        "arachne_runtime": 12237.162770300503,
        "bq": 115.28279161453247,
        "bq_baseline_runtime": 29104.663,
        "multi_cloud_plan": "aws",
        "percent_diff": 44.11223315712333,
        "profiling_cost": 184.71717864293473,
        "profiling_runtime": 45475.15293996298
    },
    "catalog_returns": {
        "arachne": 61.29820115831019,
        "arachne_runtime": 10919.986849412653,
        "bq": 100.97405862808228,
        "bq_baseline_runtime": 20833.994,
        "multi_cloud_plan": "aws",
        "percent_diff": 39.29311944953125,
        "profiling_cost": 166.23027244080373,
        "profiling_runtime": 35022.072004605136
    },
    "catalog_sales": {
        "arachne": 36.97040803604039,
        "arachne_runtime": 8165.579752677706,
        "bq": 53.99583578109741,
        "bq_baseline_runtime": 12311.432999999999,
        "multi_cloud_plan": "multi",
        "percent_diff": 31.531001416626275,
        "profiling_cost": 99.24220664971934,
        "profiling_runtime": 21606.498340940372
    },
    "customer": {
        "arachne": 61.4324980093461,
        "arachne_runtime": 9844.562218824733,
        "bq": 96.5579743385315,
        "bq_baseline_runtime": 23349.041000000012,
        "multi_cloud_plan": "aws",
        "percent_diff": 36.37760275089839,
        "profiling_cost": 160.98523223841283,
        "profiling_runtime": 35665.71913469424
    },
    "customer_address": {
        "arachne": 62.95695424149334,
        "arachne_runtime": 11044.705378627736,
        "bq": 99.80985879898071,
        "bq_baseline_runtime": 23769.817000000006,
        "multi_cloud_plan": "aws",
        "percent_diff": 36.92311060344244,
        "profiling_cost": 166.75695779129302,
        "profiling_runtime": 38109.0255709083
    },
    "customer_demographics": {
        "arachne": 63.41444946349234,
        "arachne_runtime": 11399.92185906028,
        "bq": 107.72815704345703,
        "bq_baseline_runtime": 21214.162999999997,
        "multi_cloud_plan": "aws",
        "percent_diff": 41.13474953636193,
        "profiling_cost": 175.26942027004762,
        "profiling_runtime": 36021.499772808806
    },
    "date_dim": {
        "arachne": 13.785789012908936,
        "arachne_runtime": 2806.4669999999996,
        "bq": 13.785789012908936,
        "bq_baseline_runtime": 2806.4669999999996,
        "multi_cloud_plan": "gcp",
        "percent_diff": 0.0,
        "profiling_cost": 71.36635888580824,
        "profiling_runtime": 9383.245532003053
    },
    "household_demographics": {
        "arachne": 63.993733736727066,
        "arachne_runtime": 11877.405555598303,
        "bq": 109.79698467254639,
        "bq_baseline_runtime": 21505.64000000001,
        "multi_cloud_plan": "aws",
        "percent_diff": 41.71631039998128,
        "profiling_cost": 178.31057187965993,
        "profiling_runtime": 37115.19343576986
    },
    "income_band": {
        "arachne": 64.49652137934659,
        "arachne_runtime": 12292.80192954918,
        "bq": 120.144935131073,
        "bq_baseline_runtime": 29432.815000000002,
        "multi_cloud_plan": "aws",
        "percent_diff": 46.31773590040759,
        "profiling_cost": 189.63859172942549,
        "profiling_runtime": 45852.10797049995
    },
    "inventory": {
        "arachne": 63.699292911297746,
        "arachne_runtime": 12135.311152331862,
        "bq": 121.55496406555176,
        "bq_baseline_runtime": 23872.071,
        "multi_cloud_plan": "aws",
        "percent_diff": 47.59630476551644,
        "profiling_cost": 189.9430552313522,
        "profiling_runtime": 39879.26604892688
    },
    "item": {
        "arachne": 45.689574241638184,
        "arachne_runtime": 11228.742,
        "bq": 45.689574241638184,
        "bq_baseline_runtime": 11228.742,
        "multi_cloud_plan": "gcp",
        "percent_diff": 0.0,
        "profiling_cost": 109.18252029203441,
        "profiling_runtime": 22693.59466956547
    },
    "promotion": {
        "arachne": 63.95192522420143,
        "arachne_runtime": 11842.858663015399,
        "bq": 111.23223066329956,
        "bq_baseline_runtime": 22579.336999999996,
        "multi_cloud_plan": "aws",
        "percent_diff": 42.50594019121653,
        "profiling_cost": 179.8257179282306,
        "profiling_runtime": 38254.90866784862
    },
    "reason": {
        "arachne": 64.57972560374041,
        "arachne_runtime": 12361.546165106683,
        "bq": 119.61784410476685,
        "bq_baseline_runtime": 29149.64400000002,
        "multi_cloud_plan": "aws",
        "percent_diff": 46.011628877729564,
        "profiling_cost": 188.989529097718,
        "profiling_runtime": 45468.16292841235
    },
    "ship_mode": {
        "arachne": 64.7301603186445,
        "arachne_runtime": 12485.836783891875,
        "bq": 122.63031530380249,
        "bq_baseline_runtime": 29704.262000000002,
        "multi_cloud_plan": "aws",
        "percent_diff": 47.215205181293896,
        "profiling_cost": 192.30178222423615,
        "profiling_runtime": 46270.46367518825
    },
    "store": {
        "arachne": 61.715895021677,
        "arachne_runtime": 9995.605172603722,
        "bq": 70.66584730148315,
        "bq_baseline_runtime": 19434.616000000005,
        "multi_cloud_plan": "aws",
        "percent_diff": 12.665173661079573,
        "profiling_cost": 136.4223837867765,
        "profiling_runtime": 32766.273416930428
    },
    "store_returns": {
        "arachne": 59.939883930309165,
        "arachne_runtime": 16456.514376595856,
        "bq": 96.40841388702393,
        "bq_baseline_runtime": 24971.007000000012,
        "multi_cloud_plan": "multi",
        "percent_diff": 37.82712367765988,
        "profiling_cost": 160.62141340103804,
        "profiling_runtime": 39062.40409507768
    },
    "store_sales": {
        "arachne": 11.947105633869244,
        "arachne_runtime": 8796.937038474864,
        "bq": 12.241541862487793,
        "bq_baseline_runtime": 8720.064999999999,
        "multi_cloud_plan": "multi",
        "percent_diff": 2.405221759856909,
        "profiling_cost": 47.35105436385489,
        "profiling_runtime": 13770.831041177322
    },
    "time_dim": {
        "arachne": 64.65051353230122,
        "arachne_runtime": 12420.150238847225,
        "bq": 118.48876714706421,
        "bq_baseline_runtime": 28742.781,
        "multi_cloud_plan": "aws",
        "percent_diff": 45.43743251876424,
        "profiling_cost": 188.0032272856897,
        "profiling_runtime": 45179.38058038852
    },
    "warehouse": {
        "arachne": 64.02197601240633,
        "arachne_runtime": 12270.277385478916,
        "bq": 120.39671516418457,
        "bq_baseline_runtime": 23665.579000000005,
        "multi_cloud_plan": "multi",
        "percent_diff": 46.824150538409796,
        "profiling_cost": 189.4162814951581,
        "profiling_runtime": 39693.17418771712
    },
    "web_page": {
        "arachne": 64.60786535736247,
        "arachne_runtime": 12384.80258018184,
        "bq": 120.32065486907959,
        "bq_baseline_runtime": 29591.18700000001,
        "multi_cloud_plan": "aws",
        "percent_diff": 46.30359564809382,
        "profiling_cost": 189.8558399558027,
        "profiling_runtime": 46044.79838279224
    },
    "web_returns": {
        "arachne": 62.68726798042667,
        "arachne_runtime": 11411.52057025801,
        "bq": 105.343186378479,
        "bq_baseline_runtime": 27105.24,
        "multi_cloud_plan": "aws",
        "percent_diff": 40.49233734472141,
        "profiling_cost": 172.15698631799665,