{
    "call_center": {
        "arachne": 9.38852596282959,
        "arachne_runtime": 29449.217,
        "bq": 9.38852596282959,
        "bq_baseline_runtime": 29449.217,
        "multi_cloud_plan": "gcp",
        "percent_diff": 0.0,
        "profiling_cost": 78.96830134674099,
        "profiling_runtime": 45939.66304227087
    },
    "catalog_page": {
        "arachne": 8.867907047271729,
        "arachne_runtime": 29104.66300000001,
        "bq": 8.867907047271729,
        "bq_baseline_runtime": 29104.66300000001,
        "multi_cloud_plan": "gcp",
        "percent_diff": 0.0,
        "profiling_cost": 78.30229407567406,
        "profiling_runtime": 45475.15293996298
    },
    "catalog_returns": {
        "arachne": 7.767235279083252,
        "arachne_runtime": 20833.99400000001,
        "bq": 7.767235279083252,
        "bq_baseline_runtime": 20833.99400000001,
        "multi_cloud_plan": "gcp",
        "percent_diff": 0.0,
        "profiling_cost": 73.02344909180468,
        "profiling_runtime": 35022.07200460514
    },
    "catalog_sales": {
        "arachne": 4.1535258293151855,
        "arachne_runtime": 12311.432999999999,
        "bq": 4.1535258293151855,
        "bq_baseline_runtime": 12311.432999999999,
        "multi_cloud_plan": "gcp",
        "percent_diff": 0.0,
        "profiling_cost": 49.39989669793709,
        "profiling_runtime": 21606.49834094038
    },
    "customer": {
        "arachne": 7.427536487579346,
        "arachne_runtime": 23349.041000000005,
        "bq": 7.427536487579346,
        "bq_baseline_runtime": 23349.041000000005,
        "multi_cloud_plan": "gcp",
        "percent_diff": 0.0,
        "profiling_cost": 71.85479438746069,
        "profiling_runtime": 35665.71913469423
    },
    "customer_address": {
        "arachne": 7.6776814460754395,
        "arachne_runtime": 23769.817000000003,
        "bq": 7.6776814460754395,
        "bq_baseline_runtime": 23769.817000000003,
        "multi_cloud_plan": "gcp",
        "percent_diff": 0.0,
        "profiling_cost": 74.62478043838777,
        "profiling_runtime": 38109.025570908285
    },
    "customer_demographics": {
        "arachne": 8.286781311035156,
        "arachne_runtime": 21214.162999999997,
        "bq": 8.286781311035156,
        "bq_baseline_runtime": 21214.162999999997,
        "multi_cloud_plan": "gcp",
        "percent_diff": 0.0,
        "profiling_cost": 75.8280445376257,
        "profiling_runtime": 36021.499772808806
    },
    "date_dim": {
        "arachne": 1.0604453086853027,
        "arachne_runtime": 2806.4669999999996,
        "bq": 1.0604453086853027,
        "bq_baseline_runtime": 2806.4669999999996,
        "multi_cloud_plan": "gcp",
        "percent_diff": 0.0,
        "profiling_cost": 58.64101518158458,
        "profiling_runtime": 9383.245532003053
    },
    "household_demographics": {
        "arachne": 8.445921897888184,
        "arachne_runtime": 21505.639999999992,
        "bq": 8.445921897888184,
        "bq_baseline_runtime": 21505.639999999992,
        "multi_cloud_plan": "gcp",
        "percent_diff": 0.0,
        "profiling_cost": 76.95950910500179,
        "profiling_runtime": 37115.19343576987
    },
    "income_band": {
        "arachne": 9.241918087005615,
        "arachne_runtime": 29432.815000000006,
        "bq": 9.241918087005615,
        "bq_baseline_runtime": 29432.815000000006,
        "multi_cloud_plan": "gcp",
        "percent_diff": 0.0,
        "profiling_cost": 78.73557468535816,
        "profiling_runtime": 45852.107970499936
    },
    "inventory": {
        "arachne": 9.350381851196289,
        "arachne_runtime": 23872.071,
        "bq": 9.350381851196289,
        "bq_baseline_runtime": 23872.071,
        "multi_cloud_plan": "gcp",
        "percent_diff": 0.0,
        "profiling_cost": 77.73847301699682,
        "profiling_runtime": 39879.26604892685
    },
    "item": {
        "arachne": 3.514582633972168,
        "arachne_runtime": 11228.742000000002,
        "bq": 3.514582633972168,
        "bq_baseline_runtime": 11228.742000000002,
        "multi_cloud_plan": "gcp",
        "percent_diff": 0.0,
        "profiling_cost": 67.00752868436837,
        "profiling_runtime": 22693.59466956547
    },
    "promotion": {
        "arachne": 8.556325435638428,
        "arachne_runtime": 22579.337000000003,
        "bq": 8.556325435638428,
        "bq_baseline_runtime": 22579.337000000003,
        "multi_cloud_plan": "gcp",
        "percent_diff": 0.0,
        "profiling_cost": 77.14981270056946,
        "profiling_runtime": 38254.90866784863
    },
    "reason": {
        "arachne": 9.201372623443604,
        "arachne_runtime": 29149.643999999993,
        "bq": 9.201372623443604,
        "bq_baseline_runtime": 29149.643999999993,
        "multi_cloud_plan": "gcp",
        "percent_diff": 0.0,
        "profiling_cost": 78.5730576163947,
        "profiling_runtime": 45468.16292841236
    },
    "ship_mode": {
        "arachne": 9.433101177215576,
        "arachne_runtime": 29704.261999999995,
        "bq": 9.433101177215576,
        "bq_baseline_runtime": 29704.261999999995,
        "multi_cloud_plan": "gcp",
        "percent_diff": 0.0,
        "profiling_cost": 79.1045680976493,
        "profiling_runtime": 46270.46367518825
    },
    "store": {
        "arachne": 5.4358344078063965,
        "arachne_runtime": 19434.616000000005,
        "bq": 5.4358344078063965,
        "bq_baseline_runtime": 19434.616000000005,
        "multi_cloud_plan": "gcp",
        "percent_diff": 0.0,
        "profiling_cost": 71.19237089309976,
        "profiling_runtime": 32766.273416930424
    },
    "store_returns": {
        "arachne": 7.416031837463379,
        "arachne_runtime": 24971.007000000012,
        "bq": 7.416031837463379,
        "bq_baseline_runtime": 24971.007000000012,
        "multi_cloud_plan": "gcp",
        "percent_diff": 0.0,
        "profiling_cost": 71.6290313514776,
        "profiling_runtime": 39062.40409507766
    },
    "store_sales": {
        "arachne": 0.9416570663452148,
        "arachne_runtime": 8720.064999999997,
        "bq": 0.9416570663452148,
        "bq_baseline_runtime": 8720.064999999997,
        "multi_cloud_plan": "gcp",
        "percent_diff": 0.0,
        "profiling_cost": 36.05116956771231,
        "profiling_runtime": 13770.83104117732
    },
    "time_dim": {
        "arachne": 9.11452054977417,
        "arachne_runtime": 28742.781000000014,
        "bq": 9.11452054977417,
        "bq_baseline_runtime": 28742.781000000014,
        "multi_cloud_plan": "gcp",
        "percent_diff": 0.0,
        "profiling_cost": 78.62898068839968,
        "profiling_runtime": 45179.38058038852
    },
    "warehouse": {
        "arachne": 9.261285781860352,
        "arachne_runtime": 23665.578999999994,
        "bq": 9.261285781860352,
        "bq_baseline_runtime": 23665.578999999994,
        "multi_cloud_plan": "gcp",
        "percent_diff": 0.0,
        "profiling_cost": 78.28085211283388,
        "profiling_runtime": 39693.17418771711
    },
    "web_page": {
        "arachne": 9.2554349899292,
        "arachne_runtime": 29591.187,
        "bq": 9.2554349899292,
        "bq_baseline_runtime": 29591.187,
        "multi_cloud_plan": "gcp",
        "percent_diff": 0.0,
        "profiling_cost": 78.79062007665232,
        "profiling_runtime": 46044.79838279222
    },
    "web_returns": {
        "arachne": 8.10332202911377,
        "arachne_runtime": 27105.240000000013,
        "bq": 8.10332202911377,
        "bq_baseline_runtime": 27105.240000000013,
        "multi_cloud_plan": "gcp",
        "percent_diff": 0.0,
        "profiling_cost": 74.91712196863143,
        "profiling_runtime": 41923.93132459258
    },
    "web_sales": {
        "arachne": 4.8173699378967285,
        "arachne_runtime": 19348.599000000006,
        "bq": 4.8173699378967285,
        "bq_baseline_runtime": 19348.599000000006,
        "multi_cloud_plan": "gcp",
        "percent_diff": 0.0,