{
    "call_center": {
        "arachne": 64.59083635279582,
        "arachne_runtime": 12391.856052751746,
        "bq": 84.49673366546631,
        "bq_baseline_runtime": 29449.217,
        "multi_cloud_plan": "aws",
        "percent_diff": 23.55818556428531,
        "profiling_cost": 154.07650904937765,
        "profiling_runtime": 45939.66304227087
    },
    "catalog_page": {
        "arachne": 64.41009221926876,
        "arachne_runtime": 12242.688609301205,
        "bq": 79.81116342544556,
        "bq_baseline_runtime": 29104.663000000004,
        "multi_cloud_plan": "aws",
        "percent_diff": 19.29688848673843,
        "profiling_cost": 149.2455504538479,
        "profiling_runtime": 45475.15293996299
    },
    "catalog_returns": {
        "arachne": 61.085771010694494,
        "arachne_runtime": 11150.92796210095,
        "bq": 69.90511751174927,
        "bq_baseline_runtime": 20833.994000000006,
        "multi_cloud_plan": "multi",
        "percent_diff": 12.616167192012039,
        "profiling_cost": 135.16133132447067,
        "profiling_runtime": 35022.07200460514
    },
    "catalog_sales": {
        "arachne": 34.00397546462926,
        "arachne_runtime": 8165.579752677706,
        "bq": 37.38173246383667,
        "bq_baseline_runtime": 12311.432999999994,
        "multi_cloud_plan": "multi",
        "percent_diff": 9.035849268021694,
        "profiling_cost": 82.62810333245861,
        "profiling_runtime": 21606.498340940376
    },
    "customer": {
        "arachne": 61.43245032563028,
        "arachne_runtime": 9844.562218824733,
        "bq": 66.84782838821411,
        "bq_baseline_runtime": 23349.040999999997,
        "multi_cloud_plan": "aws",
        "percent_diff": 8.10105308303271,
        "profiling_cost": 131.27508628809542,
        "profiling_runtime": 35665.71913469423
    },
    "customer_address": {
        "arachne": 62.95690655777752,
        "arachne_runtime": 11044.705378627736,
        "bq": 69.09913301467896,
        "bq_baseline_runtime": 23769.816999999995,
        "multi_cloud_plan": "aws",
        "percent_diff": 8.8890065459962,
        "profiling_cost": 136.0462320069913,
        "profiling_runtime": 38109.025570908285
    },
    "customer_demographics": {
        "arachne": 63.39556390149114,
        "arachne_runtime": 11405.447698060982,
        "bq": 74.5810317993164,
        "bq_baseline_runtime": 21214.163,
        "multi_cloud_plan": "aws",
        "percent_diff": 14.997738202286165,
        "profiling_cost": 142.12229502590696,
        "profiling_runtime": 36021.49977280881
    },
    "date_dim": {
        "arachne": 9.544007778167725,
        "arachne_runtime": 2806.467,
        "bq": 9.544007778167725,
        "bq_baseline_runtime": 2806.467,
        "multi_cloud_plan": "gcp",
        "percent_diff": 0.0,
        "profiling_cost": 67.12457765106703,
        "profiling_runtime": 9383.245532003053
    },
    "household_demographics": {
        "arachne": 63.974848167457736,
        "arachne_runtime": 11882.931394599005,
        "bq": 76.01329708099365,
        "bq_baseline_runtime": 21505.640000000007,
        "multi_cloud_plan": "aws",
        "percent_diff": 15.83729344184178,
        "profiling_cost": 144.52688428810723,
        "profiling_runtime": 37115.19343576987
    },
    "income_band": {
        "arachne": 64.4776358100551,
        "arachne_runtime": 12298.327768549882,
        "bq": 83.17726278305054,
        "bq_baseline_runtime": 29432.815000000006,
        "multi_cloud_plan": "aws",
        "percent_diff": 22.481657062662986,
        "profiling_cost": 152.67091938140302,
        "profiling_runtime": 45852.10797049996
    },
    "inventory": {
        "arachne": 63.68041057507189,
        "arachne_runtime": 12140.836991332566,
        "bq": 84.1534366607666,
        "bq_baseline_runtime": 23872.071,
        "multi_cloud_plan": "aws",
        "percent_diff": 24.328211536058987,
        "profiling_cost": 152.54152782656715,
        "profiling_runtime": 39879.26604892686
    },
    "item": {
        "arachne": 31.63124370574951,
        "arachne_runtime": 11228.742,
        "bq": 31.63124370574951,
        "bq_baseline_runtime": 11228.742,
        "multi_cloud_plan": "gcp",
        "percent_diff": 0.0,
        "profiling_cost": 95.12418975614574,
        "profiling_runtime": 22693.594669565475
    },
    "promotion": {
        "arachne": 63.93303965495772,
        "arachne_runtime": 11848.3845020161,
        "bq": 77.00692892074585,
        "bq_baseline_runtime": 22579.336999999996,
        "multi_cloud_plan": "aws",
        "percent_diff": 16.977549227087792,
        "profiling_cost": 145.60041618567692,
        "profiling_runtime": 38254.908667848635
    },
    "reason": {
        "arachne": 64.56084003444953,
        "arachne_runtime": 12367.072004107386,
        "bq": 82.81235361099243,
        "bq_baseline_runtime": 29149.644000000008,
        "multi_cloud_plan": "aws",
        "percent_diff": 22.039602523892302,
        "profiling_cost": 152.18403860394355,
        "profiling_runtime": 45468.162928412356
    },
    "ship_mode": {
        "arachne": 64.71127474935354,
        "arachne_runtime": 12491.362622892579,
        "bq": 84.89791059494019,
        "bq_baseline_runtime": 29704.261999999995,
        "multi_cloud_plan": "aws",
        "percent_diff": 23.777541407231933,
        "profiling_cost": 154.56937751537393,
        "profiling_runtime": 46270.46367518826
    },
    "store": {
        "arachne": 48.92250967025757,
        "arachne_runtime": 19434.615999999998,
        "bq": 48.92250967025757,
        "bq_baseline_runtime": 19434.615999999998,
        "multi_cloud_plan": "gcp",
        "percent_diff": 0.0,
        "profiling_cost": 114.67904615555094,
        "profiling_runtime": 32766.273416930424
    },
    "store_returns": {
        "arachne": 59.18194037405478,
        "arachne_runtime": 16687.455489284155,
        "bq": 66.74428653717041,
        "bq_baseline_runtime": 24971.007000000012,
        "multi_cloud_plan": "multi",
        "percent_diff": 11.330327366529117,
        "profiling_cost": 130.95728605118458,
        "profiling_runtime": 39062.40409507768
    },
    "store_sales": {
        "arachne": 8.474913597106934,
        "arachne_runtime": 8720.065,
        "bq": 8.474913597106934,
        "bq_baseline_runtime": 8720.065,
        "multi_cloud_plan": "gcp",
        "percent_diff": 0.0,
        "profiling_cost": 43.584426098474026,
        "profiling_runtime": 13770.831041177325
    },
    "time_dim": {
        "arachne": 64.63162796377406,
        "arachne_runtime": 12425.676077847927,
        "bq": 82.03068494796753,
        "bq_baseline_runtime": 28742.781000000006,
        "multi_cloud_plan": "aws",
        "percent_diff": 21.21042509303655,
        "profiling_cost": 151.545145086593,
        "profiling_runtime": 45179.38058038852
    },
    "warehouse": {
        "arachne": 63.872840838048354,
        "arachne_runtime": 12275.803224479616,
        "bq": 83.35157203674316,
        "bq_baseline_runtime": 23665.57900000001,
        "multi_cloud_plan": "multi",
        "percent_diff": 23.36936271592834,
        "profiling_cost": 152.3711383677167,
        "profiling_runtime": 39693.17418771713
    },
    "web_page": {
        "arachne": 64.58897978811721,
        "arachne_runtime": 12390.328419182542,
        "bq": 83.2989149093628,
        "bq_baseline_runtime": 29591.18700000001,
        "multi_cloud_plan": "aws",
        "percent_diff": 22.4611990943745,
        "profiling_cost": 152.83409999608585,
        "profiling_runtime": 46044.79838279225
    },
    "web_returns": {
        "arachne": 62.67874303548878,
        "arachne_runtime": 11407.152731648315,
        "bq": 72.92989826202393,
        "bq_baseline_runtime": 27105.24000000001,
        "multi_cloud_plan": "aws",
        "percent_diff": 14.056176507616398,
        "profiling_cost": 139.74369820154155,
        "profiling_runtime": 41923.93132459257
    },