{
    "call_center": {
        "arachne": 93.8852596282959,
        "arachne_runtime": 29449.217000000015,
        "bq": 93.8852596282959,
        "bq_baseline_runtime": 29449.217000000015,
        "multi_cloud_plan": "gcp",
        "percent_diff": 0.0,
        "profiling_cost": 354.76732254413537,
        "profiling_runtime": 45939.66304227086
    },
    "catalog_page": {
        "arachne": 88.67907047271729,
        "arachne_runtime": 29104.66299999999,
        "bq": 88.67907047271729,
        "bq_baseline_runtime": 29104.66299999999,
        "multi_cloud_plan": "gcp",
        "percent_diff": 0.0,
        "profiling_cost": 349.41497513709913,
        "profiling_runtime": 45475.15293996298
    },
    "catalog_returns": {
        "arachne": 77.67235279083252,
        "arachne_runtime": 20833.99399999999,
        "bq": 77.67235279083252,
        "bq_baseline_runtime": 20833.99399999999,
        "multi_cloud_plan": "gcp",
        "percent_diff": 0.0,
        "profiling_cost": 328.3114049245188,
        "profiling_runtime": 35022.07200460513
    },
    "catalog_sales": {
        "arachne": 41.535258293151855,
        "arachne_runtime": 12311.433,
        "bq": 41.535258293151855,
        "bq_baseline_runtime": 12311.433,
        "multi_cloud_plan": "gcp",
        "percent_diff": 0.0,
        "profiling_cost": 217.8848080376252,
        "profiling_runtime": 21606.49834094038
    },
    "customer": {
        "arachne": 74.27536487579346,
        "arachne_runtime": 23349.041000000005,
        "bq": 74.27536487579346,
        "bq_baseline_runtime": 23349.041000000005,
        "multi_cloud_plan": "gcp",
        "percent_diff": 0.0,
        "profiling_cost": 329.6165699919518,
        "profiling_runtime": 35665.71913469423
    },
    "customer_address": {
        "arachne": 76.7768144607544,
        "arachne_runtime": 23769.817000000003,
        "bq": 76.7768144607544,
        "bq_baseline_runtime": 23769.817000000003,
        "multi_cloud_plan": "gcp",
        "percent_diff": 0.0,
        "profiling_cost": 334.9147612677877,
        "profiling_runtime": 38109.0255709083
    },
    "customer_demographics": {
        "arachne": 82.86781311035156,
        "arachne_runtime": 21214.163000000004,
        "bq": 82.86781311035156,
        "bq_baseline_runtime": 21214.163000000004,
        "multi_cloud_plan": "gcp",
        "percent_diff": 0.0,
        "profiling_cost": 341.70609908066996,
        "profiling_runtime": 36021.499772808806
    },
    "date_dim": {
        "arachne": 10.604453086853027,
        "arachne_runtime": 2806.467,
        "bq": 10.604453086853027,
        "bq_baseline_runtime": 2806.467,
        "multi_cloud_plan": "gcp",
        "percent_diff": 0.0,
        "profiling_cost": 259.48640810846945,
        "profiling_runtime": 9383.245532003053
    },
    "household_demographics": {
        "arachne": 84.45921897888184,
        "arachne_runtime": 21505.640000000007,
        "bq": 84.45921897888184,
        "bq_baseline_runtime": 21505.640000000007,
        "multi_cloud_plan": "gcp",
        "percent_diff": 0.0,
        "profiling_cost": 344.27508208805614,
        "profiling_runtime": 37115.19343576986
    },
    "income_band": {
        "arachne": 92.41918087005615,
        "arachne_runtime": 29432.81500000001,
        "bq": 92.41918087005615,
        "bq_baseline_runtime": 29432.81500000001,
        "multi_cloud_plan": "gcp",
        "percent_diff": 0.0,
        "profiling_cost": 353.21512914251036,
        "profiling_runtime": 45852.107970499965
    },
    "inventory": {
        "arachne": 93.50381851196289,
        "arachne_runtime": 23872.070999999996,
        "bq": 93.50381851196289,
        "bq_baseline_runtime": 23872.070999999996,
        "multi_cloud_plan": "gcp",
        "percent_diff": 0.0,
        "profiling_cost": 350.85745050931325,
        "profiling_runtime": 39879.26604892685
    },
    "item": {
        "arachne": 35.14582633972168,
        "arachne_runtime": 11228.742,
        "bq": 35.14582633972168,
        "bq_baseline_runtime": 11228.742,
        "multi_cloud_plan": "gcp",
        "percent_diff": 0.0,
        "profiling_cost": 289.92518556455246,
        "profiling_runtime": 22693.594669565475
    },
    "promotion": {
        "arachne": 85.56325435638428,
        "arachne_runtime": 22579.337000000003,
        "bq": 85.56325435638428,
        "bq_baseline_runtime": 22579.337000000003,
        "multi_cloud_plan": "gcp",
        "percent_diff": 0.0,
        "profiling_cost": 345.4589987727839,
        "profiling_runtime": 38254.90866784862
    },
    "reason": {
        "arachne": 92.01372623443604,
        "arachne_runtime": 29149.644,
        "bq": 92.01372623443604,
        "bq_baseline_runtime": 29149.644,
        "multi_cloud_plan": "gcp",
        "percent_diff": 0.0,
        "profiling_cost": 352.68770247519444,
        "profiling_runtime": 45468.162928412356
    },
    "ship_mode": {
        "arachne": 94.33101177215576,
        "arachne_runtime": 29704.261999999988,
        "bq": 94.33101177215576,
        "bq_baseline_runtime": 29704.261999999988,
        "multi_cloud_plan": "gcp",
        "percent_diff": 0.0,
        "profiling_cost": 355.3047700069258,
        "profiling_runtime": 46270.46367518827
    },
    "store": {
        "arachne": 54.358344078063965,
        "arachne_runtime": 19434.616000000005,
        "bq": 54.358344078063965,
        "bq_baseline_runtime": 19434.616000000005,
        "multi_cloud_plan": "gcp",
        "percent_diff": 0.0,
        "profiling_cost": 311.41712728841355,
        "profiling_runtime": 32766.27341693043
    },
    "store_returns": {
        "arachne": 74.16031837463379,
        "arachne_runtime": 24971.007000000016,
        "bq": 74.16031837463379,
        "bq_baseline_runtime": 24971.007000000016,
        "multi_cloud_plan": "gcp",
        "percent_diff": 0.0,
        "profiling_cost": 320.1888043302657,
        "profiling_runtime": 39062.40409507768
    },
    "store_sales": {
        "arachne": 9.416570663452148,
        "arachne_runtime": 8720.064999999999,
        "bq": 9.416570663452148,
        "bq_baseline_runtime": 8720.064999999999,
        "multi_cloud_plan": "gcp",
        "percent_diff": 0.0,
        "profiling_cost": 156.34137890888258,
        "profiling_runtime": 13770.831041177324
    },
    "time_dim": {
        "arachne": 91.1452054977417,
        "arachne_runtime": 28742.781000000006,
        "bq": 91.1452054977417,
        "bq_baseline_runtime": 28742.781000000006,
        "multi_cloud_plan": "gcp",
        "percent_diff": 0.0,
        "profiling_cost": 351.9614048881669,
        "profiling_runtime": 45179.38058038853
    },
    "warehouse": {
        "arachne": 92.61285781860352,
        "arachne_runtime": 23665.578999999998,
        "bq": 92.61285781860352,
        "bq_baseline_runtime": 23665.578999999998,
        "multi_cloud_plan": "gcp",
        "percent_diff": 0.0,
        "profiling_cost": 352.9347147337891,
        "profiling_runtime": 39693.17418771712
    },
    "web_page": {
        "arachne": 92.55434989929199,
        "arachne_runtime": 29591.187000000005,
        "bq": 92.55434989929199,
        "bq_baseline_runtime": 29591.187000000005,
        "multi_cloud_plan": "gcp",
        "percent_diff": 0.0,
        "profiling_cost": 353.39179324601827,
        "profiling_runtime": 46044.798382792236
    },
    "web_returns": {
        "arachne": 81.0332202911377,
        "arachne_runtime": 27105.240000000005,
        "bq": 81.0332202911377,
        "bq_baseline_runtime": 27105.240000000005,
        "multi_cloud_plan": "gcp",
        "percent_diff": 0.0,
        "profiling_cost": 336.2893767583917,
        "profiling_runtime": 41923.93132459258
    },
    "web_sales": {
        "arachne": 48.173699378967285,
        "arachne_runtime": 19348.599000000002,
        "bq": 48.173699378967285,
        "bq_baseline_runtime": 19348.599000000002,
        "multi_cloud_plan": "gcp",
        "percent_diff": 0.0,
        "profiling_cost": 263.0586956064381,