{
    "call_center": {
        "arachne": 43.57619915491574,
        "arachne_runtime": 12391.856052751747,
        "bq": 93.8852596282959,
        "bq_baseline_runtime": 29449.217000000008,
        "multi_cloud_plan": "aws",
        "percent_diff": 53.58568605184706,
        "profiling_cost": 142.44280561309424,
        "profiling_runtime": 45939.66304227088
    },
    "catalog_page": {
        "arachne": 43.39553962533909,
        "arachne_runtime": 12242.688609301205,
        "bq": 88.67907047271729,
        "bq_baseline_runtime": 29104.663000000008,
        "multi_cloud_plan": "aws",
        "percent_diff": 51.064507787449095,
        "profiling_cost": 137.09131270595702,
        "profiling_runtime": 45475.15293996298
    },
    "catalog_returns": {
        "arachne": 40.91894790010619,
        "arachne_runtime": 10929.880527023051,
        "bq": 77.67235279083252,
        "bq_baseline_runtime": 20833.994000000013,
        "multi_cloud_plan": "aws",
        "percent_diff": 47.31851626755955,
        "profiling_cost": 122.55682612872266,
        "profiling_runtime": 35022.07200460514
    },
    "catalog_sales": {
        "arachne": 25.411703670646578,
        "arachne_runtime": 7851.064696371193,
        "bq": 41.535258293151855,
        "bq_baseline_runtime": 12311.432999999997,
        "multi_cloud_plan": "multi",
        "percent_diff": 38.81895836233106,
        "profiling_cost": 72.37468642816376,
        "profiling_runtime": 21606.498340940372
    },
    "customer": {
        "arachne": 40.45290763301929,
        "arachne_runtime": 9844.562218824733,
        "bq": 74.27536487579346,
        "bq_baseline_runtime": 23349.041,
        "multi_cloud_plan": "aws",
        "percent_diff": 45.53657501290445,
        "profiling_cost": 117.72306813652347,
        "profiling_runtime": 35665.719134694235
    },
    "customer_address": {
        "arachne": 41.94693522797488,
        "arachne_runtime": 11044.705378627736,
        "bq": 76.7768144607544,
        "bq_baseline_runtime": 23769.817000000003,
        "multi_cloud_plan": "aws",
        "percent_diff": 45.36510075002307,
        "profiling_cost": 122.71393017672375,
        "profiling_runtime": 38109.0255709083
    },
    "customer_demographics": {
        "arachne": 42.3815052773763,
        "arachne_runtime": 11405.447698060983,
        "bq": 82.86781311035156,
        "bq_baseline_runtime": 21214.163000000004,
        "multi_cloud_plan": "aws",
        "percent_diff": 48.856493629271185,
        "profiling_cost": 129.38742548598296,
        "profiling_runtime": 36021.499772808806
    },
    "date_dim": {
        "arachne": 10.604453086853027,
        "arachne_runtime": 2806.4669999999996,
        "bq": 10.604453086853027,
        "bq_baseline_runtime": 2806.4669999999996,
        "multi_cloud_plan": "gcp",
        "percent_diff": 0.0,
        "profiling_cost": 47.16289272362954,
        "profiling_runtime": 9383.245532003053
    },
    "household_demographics": {
        "arachne": 42.96021227319643,
        "arachne_runtime": 11882.931394599007,
        "bq": 84.45921897888184,
        "bq_baseline_runtime": 21505.64,
        "multi_cloud_plan": "aws",
        "percent_diff": 49.13496384102463,
        "profiling_cost": 131.9505780648898,
        "profiling_runtime": 37115.19343576986
    },
    "income_band": {
        "arachne": 43.46299815699113,
        "arachne_runtime": 12298.327768549882,
        "bq": 92.41918087005615,
        "bq_baseline_runtime": 29432.815000000002,
        "multi_cloud_plan": "aws",
        "percent_diff": 52.971885546030464,
        "profiling_cost": 140.8906076141118,
        "profiling_runtime": 45852.107970499965
    },
    "inventory": {
        "arachne": 42.922558728881725,
        "arachne_runtime": 12140.836991332566,
        "bq": 93.50381851196289,
        "bq_baseline_runtime": 23872.071000000004,
        "multi_cloud_plan": "aws",
        "percent_diff": 54.09539480637338,
        "profiling_cost": 141.12646563034028,
        "profiling_runtime": 39879.26604892687
    },
    "item": {
        "arachne": 35.14582633972168,
        "arachne_runtime": 11228.742000000004,
        "bq": 35.14582633972168,
        "bq_baseline_runtime": 11228.742000000004,
        "multi_cloud_plan": "gcp",
        "percent_diff": 0.0,
        "profiling_cost": 77.61828742589434,
        "profiling_runtime": 22693.594669565475
    },
    "promotion": {
        "arachne": 42.91840579558968,
        "arachne_runtime": 11848.3845020161,
        "bq": 85.56325435638428,
        "bq_baseline_runtime": 22579.33700000001,
        "multi_cloud_plan": "aws",
        "percent_diff": 49.8401432736209,
        "profiling_cost": 133.13451556071433,
        "profiling_runtime": 38254.908667848635
    },
    "reason": {
        "arachne": 43.54620242823107,
        "arachne_runtime": 12367.072004107387,
        "bq": 92.01372623443604,
        "bq_baseline_runtime": 29149.644000000015,
        "multi_cloud_plan": "aws",
        "percent_diff": 52.67423219305083,
        "profiling_cost": 140.3631814199357,
        "profiling_runtime": 45468.162928412356
    },
    "ship_mode": {
        "arachne": 43.69663713582418,
        "arachne_runtime": 12491.362622892579,
        "bq": 94.33101177215576,
        "bq_baseline_runtime": 29704.262,
        "multi_cloud_plan": "aws",
        "percent_diff": 53.677336524951414,
        "profiling_cost": 142.98024887782717,
        "profiling_runtime": 46270.46367518824
    },
    "store": {
        "arachne": 40.682461824656194,
        "arachne_runtime": 10001.131011604424,
        "bq": 54.358344078063965,
        "bq_baseline_runtime": 19434.615999999998,
        "multi_cloud_plan": "aws",
        "percent_diff": 25.15875434646767,
        "profiling_cost": 99.09265564851597,
        "profiling_runtime": 32766.273416930428
    },
    "store_returns": {
        "arachne": 40.19396293340202,
        "arachne_runtime": 16466.40805420625,
        "bq": 74.16031837463379,
        "bq_baseline_runtime": 24971.006999999998,
        "multi_cloud_plan": "multi",
        "percent_diff": 45.801253535138294,
        "profiling_cost": 118.39359410385484,
        "profiling_runtime": 39062.40409507768
    },
    "store_sales": {
        "arachne": 9.133673155616446,
        "arachne_runtime": 8796.937038474865,
        "bq": 9.416570663452148,
        "bq_baseline_runtime": 8720.065,
        "multi_cloud_plan": "multi",
        "percent_diff": 3.004251950592715,
        "profiling_cost": 32.23868802810899,
        "profiling_runtime": 13770.831041177324
    },
    "time_dim": {
        "arachne": 43.61705101645752,
        "arachne_runtime": 12425.676077847927,
        "bq": 91.1452054977417,
        "bq_baseline_runtime": 28742.78100000001,
        "multi_cloud_plan": "aws",
        "percent_diff": 52.14553439397509,
        "profiling_cost": 139.6374964878177,
        "profiling_runtime": 45179.38058038852
    },
    "warehouse": {
        "arachne": 43.14755241191735,
        "arachne_runtime": 12275.803224479616,
        "bq": 92.61285781860352,
        "bq_baseline_runtime": 23665.579000000005,
        "multi_cloud_plan": "multi",
        "percent_diff": 53.41084010556239,
        "profiling_cost": 140.61019441504826,
        "profiling_runtime": 39693.17418771712
    },
    "web_page": {
        "arachne": 43.57434580693219,
        "arachne_runtime": 12390.328419182542,
        "bq": 92.55434989929199,
        "bq_baseline_runtime": 29591.187000000013,
        "multi_cloud_plan": "aws",
        "percent_diff": 52.9202616037547,
        "profiling_cost": 141.0673088035972,
        "profiling_runtime": 46044.798382792236
    },
    "web_returns": {
        "arachne": 41.975676219447536,
        "arachne_runtime": 11407.152731648315,
        "bq": 81.0332202911377,
        "bq_baseline_runtime": 27105.240000000013,
        "multi_cloud_plan": "aws",
        "percent_diff": 48.19942232502111,
        "profiling_cost": 127.13906896387114,