{
    "call_center": {
        "arachne": 30.96286151544795,
        "arachne_runtime": 12391.856052751747,
        "bq": 93.8852596282959,
        "bq_baseline_runtime": 29449.21700000002,
        "multi_cloud_plan": "aws",
        "percent_diff": 67.02052948670111,
        "profiling_cost": 129.8294679736265,
        "profiling_runtime": 45939.663042270884
    },
    "catalog_page": {
        "arachne": 30.78225274824152,
        "arachne_runtime": 12242.688609301207,
        "bq": 88.67907047271729,
        "bq_baseline_runtime": 29104.663000000004,
        "multi_cloud_plan": "aws",
        "percent_diff": 65.2880295382529,
        "profiling_cost": 124.47802582885942,
        "profiling_runtime": 45475.152939962994
    },
    "catalog_returns": {
        "arachne": 28.695954666054796,
        "arachne_runtime": 10929.880527023051,
        "bq": 77.67235279083252,
        "bq_baseline_runtime": 20833.994000000002,
        "multi_cloud_plan": "aws",
        "percent_diff": 63.05512368946585,
        "profiling_cost": 110.3337818438238,
        "profiling_runtime": 35022.072004605136
    },
    "catalog_sales": {
        "arachne": 19.054021502474868,
        "arachne_runtime": 7137.273044487346,
        "bq": 41.535258293151855,
        "bq_baseline_runtime": 12311.432999999994,
        "multi_cloud_plan": "multi",
        "percent_diff": 54.125669887512394,
        "profiling_cost": 63.73052078799766,
        "profiling_runtime": 21606.49834094037
    },
    "customer": {
        "arachne": 27.86517486489532,
        "arachne_runtime": 9844.562218824733,
        "bq": 74.27536487579346,
        "bq_baseline_runtime": 23349.041,
        "multi_cloud_plan": "aws",
        "percent_diff": 62.483960985593676,
        "profiling_cost": 105.1353353530327,
        "profiling_runtime": 35665.71913469423
    },
    "customer_address": {
        "arachne": 29.34094527753592,
        "arachne_runtime": 11044.705378627736,
        "bq": 76.7768144607544,
        "bq_baseline_runtime": 23769.817000000006,
        "multi_cloud_plan": "aws",
        "percent_diff": 61.78410698123717,
        "profiling_cost": 110.107940210918,
        "profiling_runtime": 38109.0255709083
    },
    "customer_demographics": {
        "arachne": 29.768514782167642,
        "arachne_runtime": 11405.447698060982,
        "bq": 82.86781311035156,
        "bq_baseline_runtime": 21214.162999999993,
        "multi_cloud_plan": "aws",
        "percent_diff": 64.07710827058249,
        "profiling_cost": 116.77443497540754,
        "profiling_runtime": 36021.499772808806
    },
    "date_dim": {
        "arachne": 10.604453086853027,
        "arachne_runtime": 2806.467,
        "bq": 10.604453086853027,
        "bq_baseline_runtime": 2806.467,
        "multi_cloud_plan": "gcp",
        "percent_diff": 0.0,
        "profiling_cost": 34.54961458195588,
        "profiling_runtime": 9383.245532003053
    },
    "household_demographics": {
        "arachne": 30.346875415899916,
        "arachne_runtime": 11882.931394599005,
        "bq": 84.45921897888184,
        "bq_baseline_runtime": 21505.640000000003,
        "multi_cloud_plan": "aws",
        "percent_diff": 64.0691972021576,
        "profiling_cost": 119.3372411922264,
        "profiling_runtime": 37115.19343576988
    },
    "income_band": {
        "arachne": 30.84966024441299,
        "arachne_runtime": 12298.327768549883,
        "bq": 92.41918087005615,
        "bq_baseline_runtime": 29432.815000000002,
        "multi_cloud_plan": "aws",
        "percent_diff": 66.61985103742865,
        "profiling_cost": 128.27726970153367,
        "profiling_runtime": 45852.107970499965
    },
    "inventory": {
        "arachne": 30.463292300427863,
        "arachne_runtime": 12140.836991332566,
        "bq": 93.50381851196289,
        "bq_baseline_runtime": 23872.071000000007,
        "multi_cloud_plan": "aws",
        "percent_diff": 67.42026926255382,
        "profiling_cost": 128.66719920188646,
        "profiling_runtime": 39879.26604892687
    },
    "item": {
        "arachne": 26.006592198633996,
        "arachne_runtime": 8457.427555754077,
        "bq": 35.14582633972168,
        "bq_baseline_runtime": 11228.742000000004,
        "multi_cloud_plan": "aws",
        "percent_diff": 26.003753767936182,
        "profiling_cost": 65.00599644736018,
        "profiling_runtime": 22693.59466956548
    },
    "promotion": {
        "arachne": 30.305070159229107,
        "arachne_runtime": 11848.384502016102,
        "bq": 85.56325435638428,
        "bq_baseline_runtime": 22579.337,
        "multi_cloud_plan": "aws",
        "percent_diff": 64.58167657695235,
        "profiling_cost": 120.5211799243538,
        "profiling_runtime": 38254.90866784862
    },
    "reason": {
        "arachne": 30.932864543760246,
        "arachne_runtime": 12367.072004107387,
        "bq": 92.01372623443604,
        "bq_baseline_runtime": 29149.64400000001,
        "multi_cloud_plan": "aws",
        "percent_diff": 66.3823368429311,
        "profiling_cost": 127.7498435354649,
        "profiling_runtime": 45468.16292841237
    },
    "ship_mode": {
        "arachne": 31.083299246966824,
        "arachne_runtime": 12491.362622892577,
        "bq": 94.33101177215576,
        "bq_baseline_runtime": 29704.262,
        "multi_cloud_plan": "aws",
        "percent_diff": 67.04869516077653,
        "profiling_cost": 130.36691098896983,
        "profiling_runtime": 46270.46367518827
    },
    "store": {
        "arachne": 28.06917792659877,
        "arachne_runtime": 10001.131011604424,
        "bq": 54.358344078063965,
        "bq_baseline_runtime": 19434.615999999995,
        "multi_cloud_plan": "aws",
        "percent_diff": 48.362706034075195,
        "profiling_cost": 86.47932069961116,
        "profiling_runtime": 32766.273416930424
    },
    "store_returns": {
        "arachne": 28.28349936519884,
        "arachne_runtime": 10834.61634853771,
        "bq": 74.16031837463379,
        "bq_baseline_runtime": 24971.00700000001,
        "multi_cloud_plan": "aws",
        "percent_diff": 61.86168022860986,
        "profiling_cost": 106.40575983297889,
        "profiling_runtime": 39062.40409507768
    },
    "store_sales": {
        "arachne": 8.978494833215548,
        "arachne_runtime": 8796.937038474864,
        "bq": 9.416570663452148,
        "bq_baseline_runtime": 8720.064999999999,
        "multi_cloud_plan": "multi",
        "percent_diff": 4.6521801396008495,
        "profiling_cost": 24.866250946082843,
        "profiling_runtime": 13770.831041177325
    },
    "time_dim": {
        "arachne": 31.003749527327862,
        "arachne_runtime": 12425.67607784793,
        "bq": 91.1452054977417,
        "bq_baseline_runtime": 28742.781000000017,
        "multi_cloud_plan": "aws",
        "percent_diff": 65.98422335215861,
        "profiling_cost": 127.02419499868806,
        "profiling_runtime": 45179.38058038852
    },
    "warehouse": {
        "arachne": 30.688286109778783,
        "arachne_runtime": 12275.803224479616,
        "bq": 92.61285781860352,
        "bq_baseline_runtime": 23665.579,
        "multi_cloud_plan": "multi",
        "percent_diff": 66.86390331471414,
        "profiling_cost": 127.99685657433093,
        "profiling_runtime": 39693.17418771712
    },
    "web_page": {
        "arachne": 30.96101009748142,
        "arachne_runtime": 12390.328419182544,
        "bq": 92.55434989929199,
        "bq_baseline_runtime": 29591.186999999998,
        "multi_cloud_plan": "aws",
        "percent_diff": 66.54829283424283,
        "profiling_cost": 128.45397309414642,
        "profiling_runtime": 46044.79838279224
    },
    "web_returns": {
        "arachne": 29.550956510224392,
        "arachne_runtime": 11407.152731648315,
        "bq": 81.0332202911377,
        "bq_baseline_runtime": 27105.24,
        "multi_cloud_plan": "aws",
        "percent_diff": 63.5322940344057,
        "profiling_cost": 114.71429820380065,