{
    "call_center": {
        "arachne": 87.72288089305299,
        "arachne_runtime": 12391.856052751747,
        "bq": 93.8852596282959,
        "bq_baseline_runtime": 29449.217000000004,
        "multi_cloud_plan": "aws",
        "percent_diff": 6.563734029857912,
        "profiling_cost": 186.5894873512315,
        "profiling_runtime": 45939.663042270855
    },
    "catalog_page": {
        "arachne": 87.54204369518054,
        "arachne_runtime": 12242.688609301205,
        "bq": 88.67907047271729,
        "bq_baseline_runtime": 29104.663,
        "multi_cloud_plan": "aws",
        "percent_diff": 1.282181659635867,
        "profiling_cost": 181.23781677579845,
        "profiling_runtime": 45475.15293996299
    },
    "catalog_returns": {
        "arachne": 77.67235279083252,
        "arachne_runtime": 20833.994000000006,
        "bq": 77.67235279083252,
        "bq_baseline_runtime": 20833.994000000006,
        "multi_cloud_plan": "gcp",
        "percent_diff": 0.0,
        "profiling_cost": 165.33748112586838,
        "profiling_runtime": 35022.07200460513
    },
    "catalog_sales": {
        "arachne": 41.535258293151855,
        "arachne_runtime": 12311.433000000005,
        "bq": 41.535258293151855,
        "bq_baseline_runtime": 12311.433000000005,
        "multi_cloud_plan": "gcp",
        "percent_diff": 0.0,
        "profiling_cost": 102.62926616874483,
        "profiling_runtime": 21606.498340940372
    },
    "customer": {
        "arachne": 74.27536487579346,
        "arachne_runtime": 23349.04100000001,
        "bq": 74.27536487579346,
        "bq_baseline_runtime": 23349.04100000001,
        "multi_cloud_plan": "gcp",
        "percent_diff": 0.0,
        "profiling_cost": 161.7801328787412,
        "profiling_runtime": 35665.719134694235
    },
    "customer_address": {
        "arachne": 76.7768144607544,
        "arachne_runtime": 23769.81700000001,
        "bq": 76.7768144607544,
        "bq_baseline_runtime": 23769.81700000001,
        "multi_cloud_plan": "gcp",
        "percent_diff": 0.0,
        "profiling_cost": 166.83489505704395,
        "profiling_runtime": 38109.0255709083
    },
    "customer_demographics": {
        "arachne": 82.86781311035156,
        "arachne_runtime": 21214.163000000004,
        "bq": 82.86781311035156,
        "bq_baseline_runtime": 21214.163000000004,
        "multi_cloud_plan": "gcp",
        "percent_diff": 0.0,
        "profiling_cost": 173.53289227299712,
        "profiling_runtime": 36021.49977280882
    },
    "date_dim": {
        "arachne": 10.604453086853027,
        "arachne_runtime": 2806.4669999999996,
        "bq": 10.604453086853027,
        "bq_baseline_runtime": 2806.4669999999996,
        "multi_cloud_plan": "gcp",
        "percent_diff": 0.0,
        "profiling_cost": 91.30936621948736,
        "profiling_runtime": 9383.245532003053
    },
    "household_demographics": {
        "arachne": 84.45921897888184,
        "arachne_runtime": 21505.64,
        "bq": 84.45921897888184,
        "bq_baseline_runtime": 21505.64,
        "multi_cloud_plan": "gcp",
        "percent_diff": 0.0,
        "profiling_cost": 176.0972571192115,
        "profiling_runtime": 37115.19343576986
    },
    "income_band": {
        "arachne": 87.60968085101457,
        "arachne_runtime": 12298.327768549883,
        "bq": 92.41918087005615,
        "bq_baseline_runtime": 29432.81500000001,
        "multi_cloud_plan": "aws",
        "percent_diff": 5.20400632613685,
        "profiling_cost": 185.03729030813523,
        "profiling_runtime": 45852.10797049996
    },
    "inventory": {
        "arachne": 86.5299912284702,
        "arachne_runtime": 12140.836991332566,
        "bq": 93.50381851196289,
        "bq_baseline_runtime": 23872.071,
        "multi_cloud_plan": "aws",
        "percent_diff": 7.458334209741888,
        "profiling_cost": 184.73389812992878,
        "profiling_runtime": 39879.266048926875
    },
    "item": {
        "arachne": 35.14582633972168,
        "arachne_runtime": 11228.742,
        "bq": 35.14582633972168,
        "bq_baseline_runtime": 11228.742,
        "multi_cloud_plan": "gcp",
        "percent_diff": 0.0,
        "profiling_cost": 121.76130585076382,
        "profiling_runtime": 22693.594669565475
    },
    "promotion": {
        "arachne": 85.56325435638428,
        "arachne_runtime": 22579.337000000007,
        "bq": 85.56325435638428,
        "bq_baseline_runtime": 22579.337000000007,
        "multi_cloud_plan": "gcp",
        "percent_diff": 0.0,
        "profiling_cost": 177.28119028797633,
        "profiling_runtime": 38254.908667848635
    },
    "reason": {
        "arachne": 87.69288502387893,
        "arachne_runtime": 12367.072004107387,
        "bq": 92.01372623443604,
        "bq_baseline_runtime": 29149.644000000004,
        "multi_cloud_plan": "aws",
        "percent_diff": 4.695865918469929,
        "profiling_cost": 184.50986401558362,
        "profiling_runtime": 45468.16292841237
    },
    "ship_mode": {
        "arachne": 87.8433197468249,
        "arachne_runtime": 12491.362622892579,
        "bq": 94.33101177215576,
        "bq_baseline_runtime": 29704.262000000013,
        "multi_cloud_plan": "aws",
        "percent_diff": 6.8775812995635315,
        "profiling_cost": 187.1269314888279,
        "profiling_runtime": 46270.463675188264
    },
    "store": {
        "arachne": 54.358344078063965,
        "arachne_runtime": 19434.616000000005,
        "bq": 54.358344078063965,
        "bq_baseline_runtime": 19434.616000000005,
        "multi_cloud_plan": "gcp",
        "percent_diff": 0.0,
        "profiling_cost": 143.2393279696828,
        "profiling_runtime": 32766.273416930424
    },
    "store_returns": {
        "arachne": 74.16031837463379,
        "arachne_runtime": 24971.00700000001,
        "bq": 74.16031837463379,
        "bq_baseline_runtime": 24971.00700000001,
        "multi_cloud_plan": "gcp",
        "percent_diff": 0.0,
        "profiling_cost": 160.3510140519204,
        "profiling_runtime": 39062.40409507767
    },
    "store_sales": {
        "arachne": 9.416570663452148,
        "arachne_runtime": 8720.064999999999,
        "bq": 9.416570663452148,
        "bq_baseline_runtime": 8720.064999999999,
        "multi_cloud_plan": "gcp",
        "percent_diff": 0.0,
        "profiling_cost": 58.04221781520053,
        "profiling_runtime": 13770.831041177325
    },
    "time_dim": {
        "arachne": 87.76360622841133,
        "arachne_runtime": 12425.676077847927,
        "bq": 91.1452054977417,
        "bq_baseline_runtime": 28742.781,
        "multi_cloud_plan": "aws",
        "percent_diff": 3.7101230403327703,
        "profiling_cost": 183.78405169977157,
        "profiling_runtime": 45179.38058038852
    },
    "warehouse": {
        "arachne": 86.75498446940233,
        "arachne_runtime": 12275.803224479616,
        "bq": 92.61285781860352,
        "bq_baseline_runtime": 23665.579000000005,
        "multi_cloud_plan": "multi",
        "percent_diff": 6.325118873531285,
        "profiling_cost": 184.7568768575587,
        "profiling_runtime": 39693.17418771714
    },
    "web_page": {
        "arachne": 87.72102079000986,
        "arachne_runtime": 12390.328419182542,
        "bq": 92.55434989929199,
        "bq_baseline_runtime": 29591.187,
        "multi_cloud_plan": "aws",
        "percent_diff": 5.222152297046285,
        "profiling_cost": 185.21398378667485,
        "profiling_runtime": 46044.79838279226
    },
    "web_returns": {
        "arachne": 81.0332202911377,
        "arachne_runtime": 27105.24000000001,
        "bq": 81.0332202911377,
        "bq_baseline_runtime": 27105.24000000001,
        "multi_cloud_plan": "gcp",
        "percent_diff": 0.0,
        "profiling_cost": 170.62576662411792,
        "profiling_runtime": 41923.931324592566
    },
    "web_sales": {
        "arachne": 48.173699378967285,
        "arachne_runtime": 19348.599000000002,
        "bq": 48.173699378967285,