{
    "call_center": {
        "arachne": 64.60913260494742,
        "arachne_runtime": 12396.223891361442,
        "bq": 117.35657453536987,
        "bq_baseline_runtime": 29449.216999999997,
        "multi_cloud_plan": "aws",
        "percent_diff": 44.94630329766911,
        "profiling_cost": 186.93634991928124,
        "profiling_runtime": 45939.66304227086
    },
    "catalog_page": {
        "arachne": 64.42838847078943,
        "arachne_runtime": 12247.056447910902,
        "bq": 110.8488380908966,
        "bq_baseline_runtime": 29104.663000000004,
        "multi_cloud_plan": "aws",
        "percent_diff": 41.877254123351456,
        "profiling_cost": 180.2832251192989,
        "profiling_runtime": 45475.152939962994
    },
    "catalog_returns": {
        "arachne": 61.29761518060322,
        "arachne_runtime": 10929.880527023051,
        "bq": 97.09044098854065,
        "bq_baseline_runtime": 20833.994,
        "multi_cloud_plan": "aws",
        "percent_diff": 36.86544776551377,
        "profiling_cost": 162.3466548012621,
        "profiling_runtime": 35022.07200460513
    },
    "catalog_sales": {
        "arachne": 36.599603964614,
        "arachne_runtime": 8165.579752677705,
        "bq": 51.91907286643982,
        "bq_baseline_runtime": 12311.432999999997,
        "multi_cloud_plan": "multi",
        "percent_diff": 29.506437723251867,
        "profiling_cost": 97.16544373506176,
        "profiling_runtime": 21606.498340940372
    },
    "customer": {
        "arachne": 61.43249204888162,
        "arachne_runtime": 9844.562218824733,
        "bq": 92.84420609474182,
        "bq_baseline_runtime": 23349.041,
        "multi_cloud_plan": "aws",
        "percent_diff": 33.832713280790486,
        "profiling_cost": 157.27146399462316,
        "profiling_runtime": 35665.71913469423
    },
    "customer_address": {
        "arachne": 62.956948281028865,
        "arachne_runtime": 11044.705378627736,
        "bq": 95.971018075943,
        "bq_baseline_runtime": 23769.81700000001,
        "multi_cloud_plan": "aws",
        "percent_diff": 34.40004123827227,
        "profiling_cost": 162.9181170682553,
        "profiling_runtime": 38109.0255709083
    },
    "customer_demographics": {
        "arachne": 63.41386014932806,
        "arachne_runtime": 11409.815536670678,
        "bq": 103.58476638793945,
        "bq_baseline_runtime": 21214.163000000004,
        "multi_cloud_plan": "aws",
        "percent_diff": 38.78070843753774,
        "profiling_cost": 171.12602961453004,
        "profiling_runtime": 36021.49977280882
    },
    "date_dim": {
        "arachne": 13.255566358566284,
        "arachne_runtime": 2806.4669999999996,
        "bq": 13.255566358566284,
        "bq_baseline_runtime": 2806.4669999999996,
        "multi_cloud_plan": "gcp",
        "percent_diff": 0.0,
        "profiling_cost": 70.83613623146559,
        "profiling_runtime": 9383.245532003053
    },
    "household_demographics": {
        "arachne": 63.993144419599616,
        "arachne_runtime": 11887.299233208701,
        "bq": 105.5740237236023,
        "bq_baseline_runtime": 21505.640000000003,
        "multi_cloud_plan": "aws",
        "percent_diff": 39.38552101875302,
        "profiling_cost": 174.0876109307158,
        "profiling_runtime": 37115.19343576987
    },
    "income_band": {
        "arachne": 64.4959320622101,
        "arachne_runtime": 12302.695607159578,
        "bq": 115.52397608757019,
        "bq_baseline_runtime": 29432.81500000001,
        "multi_cloud_plan": "aws",
        "percent_diff": 44.17095546181643,
        "profiling_cost": 185.01763268592265,
        "profiling_runtime": 45852.10797049995
    },
    "inventory": {
        "arachne": 63.69870491225497,
        "arachne_runtime": 12145.20482994226,
        "bq": 116.87977313995361,
        "bq_baseline_runtime": 23872.071,
        "multi_cloud_plan": "aws",
        "percent_diff": 45.50066003637672,
        "profiling_cost": 185.26786430575413,
        "profiling_runtime": 39879.266048926875
    },
    "item": {
        "arachne": 43.9322829246521,
        "arachne_runtime": 11228.742,
        "bq": 43.9322829246521,
        "bq_baseline_runtime": 11228.742,
        "multi_cloud_plan": "gcp",
        "percent_diff": 0.0,
        "profiling_cost": 107.42522897504828,
        "profiling_runtime": 22693.59466956547
    },
    "promotion": {
        "arachne": 63.95133590708443,
        "arachne_runtime": 11852.752340625797,
        "bq": 106.95406794548035,
        "bq_baseline_runtime": 22579.336999999992,
        "multi_cloud_plan": "aws",
        "percent_diff": 40.206728799054645,
        "profiling_cost": 175.5475552104114,
        "profiling_runtime": 38254.90866784862
    },
    "reason": {
        "arachne": 64.57913628660417,
        "arachne_runtime": 12371.439842717082,
        "bq": 115.01715779304504,
        "bq_baseline_runtime": 29149.644000000008,
        "multi_cloud_plan": "aws",
        "percent_diff": 43.85260640607727,
        "profiling_cost": 184.3888427859961,
        "profiling_runtime": 45468.162928412356
    },
    "ship_mode": {
        "arachne": 64.72957100150823,
        "arachne_runtime": 12495.730461502273,
        "bq": 117.9137647151947,
        "bq_baseline_runtime": 29704.262000000013,
        "multi_cloud_plan": "aws",
        "percent_diff": 45.10431317509533,
        "profiling_cost": 187.58523163562842,
        "profiling_runtime": 46270.46367518828
    },
    "store": {
        "arachne": 61.71530570500263,
        "arachne_runtime": 10005.49885021412,
        "bq": 67.94793009757996,
        "bq_baseline_runtime": 19434.616,
        "multi_cloud_plan": "aws",
        "percent_diff": 9.172647913816744,
        "profiling_cost": 133.7044665828733,
        "profiling_runtime": 32766.273416930435
    },
    "store_returns": {
        "arachne": 59.87110676872494,
        "arachne_runtime": 16466.408054206255,
        "bq": 92.70039796829224,
        "bq_baseline_runtime": 24971.006999999998,
        "multi_cloud_plan": "multi",
        "percent_diff": 35.41440157656757,
        "profiling_cost": 156.91339748230638,
        "profiling_runtime": 39062.404095077676
    },
    "store_sales": {
        "arachne": 11.521305310382916,
        "arachne_runtime": 8796.937038474865,
        "bq": 11.770713329315186,
        "bq_baseline_runtime": 8720.065,
        "multi_cloud_plan": "multi",
        "percent_diff": 2.1188861877309884,
        "profiling_cost": 46.880225830682285,
        "profiling_runtime": 13770.831041177324
    },
    "time_dim": {
        "arachne": 64.64992421547635,
        "arachne_runtime": 12430.043916457624,
        "bq": 113.93150687217712,
        "bq_baseline_runtime": 28742.78100000001,
        "multi_cloud_plan": "aws",
        "percent_diff": 43.2554470748738,
        "profiling_cost": 183.4459670108026,
        "profiling_runtime": 45179.380580388526
    },
    "warehouse": {
        "arachne": 64.00510640859778,
        "arachne_runtime": 12280.17106308931,
        "bq": 115.7660722732544,
        "bq_baseline_runtime": 23665.579000000012,
        "multi_cloud_plan": "multi",
        "percent_diff": 44.71168870831167,
        "profiling_cost": 184.78563860422793,
        "profiling_runtime": 39693.17418771712
    },
    "web_page": {
        "arachne": 64.60727604024484,
        "arachne_runtime": 12394.696257792239,
        "bq": 115.69293737411499,
        "bq_baseline_runtime": 29591.18700000001,
        "multi_cloud_plan": "aws",
        "percent_diff": 44.15624885439204,
        "profiling_cost": 185.22812246083805,
        "profiling_runtime": 46044.79838279226
    },
    "web_returns": {
        "arachne": 62.6872620199622,
        "arachne_runtime": 11411.52057025801,
        "bq": 101.29152536392212,
        "bq_baseline_runtime": 27105.24,
        "multi_cloud_plan": "aws",
        "percent_diff": 38.11203672297538,
        "profiling_cost": 168.10532530343974,
        "profiling_runtime": 41923.93132459255
    },