{
    "call_center": {
        "arachne": 70.90509737376263,
        "arachne_runtime": 12391.856052751747,
        "bq": 93.8852596282959,
        "bq_baseline_runtime": 29449.216999999993,
        "multi_cloud_plan": "aws",
        "percent_diff": 24.47685860966328,
        "profiling_cost": 169.77170383194112,
        "profiling_runtime": 45939.663042270884
    },
    "catalog_page": {
        "arachne": 70.72432785905046,
        "arachne_runtime": 12242.688609301205,
        "bq": 88.67907047271729,
        "bq_baseline_runtime": 29104.66300000001,
        "multi_cloud_plan": "aws",
        "percent_diff": 20.246877327374243,
        "profiling_cost": 164.42010093966837,
        "profiling_runtime": 45475.15293996298
    },
    "catalog_returns": {
        "arachne": 67.18708429021244,
        "arachne_runtime": 11150.927962100948,
        "bq": 77.67235279083252,
        "bq_baseline_runtime": 20833.994000000002,
        "multi_cloud_plan": "multi",
        "percent_diff": 13.499357395360928,
        "profiling_cost": 149.04008874600325,
        "profiling_runtime": 35022.07200460514
    },
    "catalog_sales": {
        "arachne": 37.460294857721095,
        "arachne_runtime": 8165.579752677706,
        "bq": 41.535258293151855,
        "bq_baseline_runtime": 12311.432999999999,
        "multi_cloud_plan": "multi",
        "percent_diff": 9.810853724972795,
        "profiling_cost": 91.1037119818568,
        "profiling_runtime": 21606.498340940376
    },
    "customer": {
        "arachne": 67.72632863062123,
        "arachne_runtime": 9844.562218824733,
        "bq": 74.27536487579346,
        "bq_baseline_runtime": 23349.041000000005,
        "multi_cloud_plan": "aws",
        "percent_diff": 8.817238738744425,
        "profiling_cost": 144.99648916742015,
        "profiling_runtime": 35665.719134694235
    },
    "customer_address": {
        "arachne": 69.25991345392599,
        "arachne_runtime": 11044.705378627736,
        "bq": 76.7768144607544,
        "bq_baseline_runtime": 23769.817000000014,
        "multi_cloud_plan": "aws",
        "percent_diff": 9.79058724905913,
        "profiling_cost": 150.02690843596957,
        "profiling_runtime": 38109.0255709083
    },
    "customer_demographics": {
        "arachne": 69.70965135032837,
        "arachne_runtime": 11405.447698060983,
        "bq": 82.86781311035156,
        "bq_baseline_runtime": 21214.162999999993,
        "multi_cloud_plan": "aws",
        "percent_diff": 15.878495239763385,
        "profiling_cost": 156.71557159222982,
        "profiling_runtime": 36021.499772808806
    },
    "date_dim": {
        "arachne": 10.604453086853027,
        "arachne_runtime": 2806.4670000000006,
        "bq": 10.604453086853027,
        "bq_baseline_runtime": 2806.4670000000006,
        "multi_cloud_plan": "gcp",
        "percent_diff": 0.0,
        "profiling_cost": 74.49166203058917,
        "profiling_runtime": 9383.245532003053
    },
    "household_demographics": {
        "arachne": 70.28910879733891,
        "arachne_runtime": 11882.931394599007,
        "bq": 84.45921897888184,
        "bq_baseline_runtime": 21505.640000000007,
        "multi_cloud_plan": "aws",
        "percent_diff": 16.777458225236508,
        "profiling_cost": 159.2794746223271,
        "profiling_runtime": 37115.19343576987
    },
    "income_band": {
        "arachne": 70.79189696757707,
        "arachne_runtime": 12298.327768549882,
        "bq": 92.41918087005615,
        "bq_baseline_runtime": 29432.81500000001,
        "multi_cloud_plan": "aws",
        "percent_diff": 23.40129364800108,
        "profiling_cost": 168.21950642469773,
        "profiling_runtime": 45852.10797049995
    },
    "inventory": {
        "arachne": 69.91763599053174,
        "arachne_runtime": 12140.836991332566,
        "bq": 93.50381851196289,
        "bq_baseline_runtime": 23872.070999999996,
        "multi_cloud_plan": "aws",
        "percent_diff": 25.224833484649118,
        "profiling_cost": 168.12154289199037,
        "profiling_runtime": 39879.266048926875
    },
    "item": {
        "arachne": 35.14582633972168,
        "arachne_runtime": 11228.741999999998,
        "bq": 35.14582633972168,
        "bq_baseline_runtime": 11228.741999999998,
        "multi_cloud_plan": "gcp",
        "percent_diff": 0.0,
        "profiling_cost": 104.944917879385,
        "profiling_runtime": 22693.59466956547
    },
    "promotion": {
        "arachne": 70.24729967437092,
        "arachne_runtime": 11848.384502016102,
        "bq": 85.56325435638428,
        "bq_baseline_runtime": 22579.337000000007,
        "multi_cloud_plan": "aws",
        "percent_diff": 17.90015444973612,
        "profiling_cost": 160.46340943949556,
        "profiling_runtime": 38254.908667848635
    },
    "reason": {
        "arachne": 70.87510117791786,
        "arachne_runtime": 12367.072004107387,
        "bq": 92.01372623443604,
        "bq_baseline_runtime": 29149.643999999997,
        "multi_cloud_plan": "aws",
        "percent_diff": 22.973338784976924,
        "profiling_cost": 167.69208016962256,
        "profiling_runtime": 45468.162928412385
    },
    "ship_mode": {
        "arachne": 71.02553589501512,
        "arachne_runtime": 12491.362622892577,
        "bq": 94.33101177215576,
        "bq_baseline_runtime": 29704.26200000001,
        "multi_cloud_plan": "aws",
        "percent_diff": 24.706059480663654,
        "profiling_cost": 170.30914763701816,
        "profiling_runtime": 46270.463675188264
    },
    "store": {
        "arachne": 54.358344078063965,
        "arachne_runtime": 19434.61600000001,
        "bq": 54.358344078063965,
        "bq_baseline_runtime": 19434.61600000001,
        "multi_cloud_plan": "gcp",
        "percent_diff": 0.0,
        "profiling_cost": 126.42154803780976,
        "profiling_runtime": 32766.27341693044
    },
    "store_returns": {
        "arachne": 65.10689488757573,
        "arachne_runtime": 16687.455489284155,
        "bq": 74.16031837463379,
        "bq_baseline_runtime": 24971.007000000005,
        "multi_cloud_plan": "multi",
        "percent_diff": 12.20790806388277,
        "profiling_cost": 144.36723502408586,
        "profiling_runtime": 39062.404095077676
    },
    "store_sales": {
        "arachne": 9.416570663452148,
        "arachne_runtime": 8720.064999999999,
        "bq": 9.416570663452148,
        "bq_baseline_runtime": 8720.064999999999,
        "multi_cloud_plan": "gcp",
        "percent_diff": 0.0,
        "profiling_cost": 48.21230170583233,
        "profiling_runtime": 13770.831041177322
    },
    "time_dim": {
        "arachne": 70.9458709095718,
        "arachne_runtime": 12425.67607784793,
        "bq": 91.1452054977417,
        "bq_baseline_runtime": 28742.781000000017,
        "multi_cloud_plan": "aws",
        "percent_diff": 22.16170831791079,
        "profiling_cost": 166.96631638093206,
        "profiling_runtime": 45179.380580388504
    },
    "warehouse": {
        "arachne": 70.14262939988424,
        "arachne_runtime": 12275.803224479616,
        "bq": 92.61285781860352,
        "bq_baseline_runtime": 23665.578999999994,
        "multi_cloud_plan": "multi",
        "percent_diff": 24.262536485733612,
        "profiling_cost": 167.9390930699357,
        "profiling_runtime": 39693.17418771711
    },
    "web_page": {
        "arachne": 70.90323984407551,
        "arachne_runtime": 12390.328419182544,
        "bq": 92.55434989929199,
        "bq_baseline_runtime": 29591.187,
        "multi_cloud_plan": "aws",
        "percent_diff": 23.392860604363772,
        "profiling_cost": 168.3962028407405,
        "profiling_runtime": 46044.79838279223
    },
    "web_returns": {
        "arachne": 68.89590225609767,
        "arachne_runtime": 11407.152731648315,
        "bq": 81.0332202911377,
        "bq_baseline_runtime": 27105.240000000013,
        "multi_cloud_plan": "aws",
        "percent_diff": 14.978200288021181,
        "profiling_cost": 154.05940561069062,