{
    "call_center": {
        "arachne": 66.70065149394003,
        "arachne_runtime": 12391.856052751746,
        "bq": 93.8852596282959,
        "bq_baseline_runtime": 29449.217000000004,
        "multi_cloud_plan": "aws",
        "percent_diff": 28.955139754614635,
        "profiling_cost": 165.5672579521185,
        "profiling_runtime": 45939.66304227084
    },
    "catalog_page": {
        "arachne": 66.51989890001794,
        "arachne_runtime": 12242.688609301207,
        "bq": 88.67907047271729,
        "bq_baseline_runtime": 29104.663,
        "multi_cloud_plan": "aws",
        "percent_diff": 24.988051244308846,
        "profiling_cost": 160.21567198063585,
        "profiling_runtime": 45475.15293996297
    },
    "catalog_returns": {
        "arachne": 63.175608934820104,
        "arachne_runtime": 11150.92796210095,
        "bq": 77.67235279083252,
        "bq_baseline_runtime": 20833.993999999995,
        "multi_cloud_plan": "multi",
        "percent_diff": 18.66396901230914,
        "profiling_cost": 144.96574065103707,
        "profiling_runtime": 35022.07200460513
    },
    "catalog_sales": {
        "arachne": 35.65048735756173,
        "arachne_runtime": 8165.579752677704,
        "bq": 41.535258293151855,
        "bq_baseline_runtime": 12311.433,
        "multi_cloud_plan": "multi",
        "percent_diff": 14.168133719203041,
        "profiling_cost": 88.2223234351348,
        "profiling_runtime": 21606.498340940383
    },
    "customer": {
        "arachne": 63.53041770791322,
        "arachne_runtime": 9844.562218824733,
        "bq": 74.27536487579346,
        "bq_baseline_runtime": 23349.041,
        "multi_cloud_plan": "aws",
        "percent_diff": 14.466367396307522,
        "profiling_cost": 140.80057823958992,
        "profiling_runtime": 35665.719134694235
    },
    "customer_address": {
        "arachne": 65.05791680377966,
        "arachne_runtime": 11044.705378627736,
        "bq": 76.7768144607544,
        "bq_baseline_runtime": 23769.817,
        "multi_cloud_plan": "aws",
        "percent_diff": 15.263589326130509,
        "profiling_cost": 145.824911780701,
        "profiling_runtime": 38109.0255709083
    },
    "customer_demographics": {
        "arachne": 65.50532118525882,
        "arachne_runtime": 11405.447698060983,
        "bq": 82.86781311035156,
        "bq_baseline_runtime": 21214.163,
        "multi_cloud_plan": "aws",
        "percent_diff": 20.952033453533815,
        "profiling_cost": 152.5112414220381,
        "profiling_runtime": 36021.499772808806
    },
    "date_dim": {
        "arachne": 10.604453086853027,
        "arachne_runtime": 2806.467,
        "bq": 10.604453086853027,
        "bq_baseline_runtime": 2806.467,
        "multi_cloud_plan": "gcp",
        "percent_diff": 0.0,
        "profiling_cost": 70.28723598336461,
        "profiling_runtime": 9383.245532003053
    },
    "household_demographics": {
        "arachne": 66.08466317824006,
        "arachne_runtime": 11882.931394599005,
        "bq": 84.45921897888184,
        "bq_baseline_runtime": 21505.64,
        "multi_cloud_plan": "aws",
        "percent_diff": 21.755536012280842,
        "profiling_cost": 155.07502899810598,
        "profiling_runtime": 37115.19343576986
    },
    "income_band": {
        "arachne": 66.58745099671769,
        "arachne_runtime": 12298.327768549883,
        "bq": 92.41918087005615,
        "bq_baseline_runtime": 29432.815,
        "multi_cloud_plan": "aws",
        "percent_diff": 27.950615478467146,
        "profiling_cost": 164.01506045383832,
        "profiling_runtime": 45852.10797049996
    },
    "inventory": {
        "arachne": 65.7645471810471,
        "arachne_runtime": 12140.836991332566,
        "bq": 93.50381851196289,
        "bq_baseline_runtime": 23872.070999999996,
        "multi_cloud_plan": "aws",
        "percent_diff": 29.666458303375943,
        "profiling_cost": 163.96845408250564,
        "profiling_runtime": 39879.266048926875
    },
    "item": {
        "arachne": 35.14582633972168,
        "arachne_runtime": 11228.741999999997,
        "bq": 35.14582633972168,
        "bq_baseline_runtime": 11228.741999999997,
        "multi_cloud_plan": "gcp",
        "percent_diff": 0.0,
        "profiling_cost": 100.74082088654025,
        "profiling_runtime": 22693.594669565467
    },
    "promotion": {
        "arachne": 66.04285446225073,
        "arachne_runtime": 11848.384502016102,
        "bq": 85.56325435638428,
        "bq_baseline_runtime": 22579.337000000003,
        "multi_cloud_plan": "aws",
        "percent_diff": 22.813998884179934,
        "profiling_cost": 156.25896422737534,
        "profiling_runtime": 38254.90866784863
    },
    "reason": {
        "arachne": 66.67065521642758,
        "arachne_runtime": 12367.072004107386,
        "bq": 92.01372623443604,
        "bq_baseline_runtime": 29149.644000000004,
        "multi_cloud_plan": "aws",
        "percent_diff": 27.542707001603684,
        "profiling_cost": 163.48763420813228,
        "profiling_runtime": 45468.16292841234
    },
    "ship_mode": {
        "arachne": 66.82108993206266,
        "arachne_runtime": 12491.362622892579,
        "bq": 94.33101177215576,
        "bq_baseline_runtime": 29704.26200000001,
        "multi_cloud_plan": "aws",
        "percent_diff": 29.163179025938707,
        "profiling_cost": 166.10470167406567,
        "profiling_runtime": 46270.46367518828
    },
    "store": {
        "arachne": 54.358344078063965,
        "arachne_runtime": 19434.616000000005,
        "bq": 54.358344078063965,
        "bq_baseline_runtime": 19434.616000000005,
        "multi_cloud_plan": "gcp",
        "percent_diff": 0.0,
        "profiling_cost": 122.21710305484146,
        "profiling_runtime": 32766.273416930424
    },
    "store_returns": {
        "arachne": 61.30392075632869,
        "arachne_runtime": 16687.455489284155,
        "bq": 74.16031837463379,
        "bq_baseline_runtime": 24971.006999999998,
        "multi_cloud_plan": "multi",
        "percent_diff": 17.335952568810136,
        "profiling_cost": 140.37129026712728,
        "profiling_runtime": 39062.404095077676
    },
    "store_sales": {
        "arachne": 9.416570663452148,
        "arachne_runtime": 8720.064999999999,
        "bq": 9.416570663452148,
        "bq_baseline_runtime": 8720.064999999999,
        "multi_cloud_plan": "gcp",
        "percent_diff": 0.0,
        "profiling_cost": 45.75482267849027,
        "profiling_runtime": 13770.831041177322
    },
    "time_dim": {
        "arachne": 66.74143707986191,
        "arachne_runtime": 12425.676077847927,
        "bq": 91.1452054977417,
        "bq_baseline_runtime": 28742.781,
        "multi_cloud_plan": "aws",
        "percent_diff": 26.774604637305295,
        "profiling_cost": 162.76188255122213,
        "profiling_runtime": 45179.38058038851
    },
    "warehouse": {
        "arachne": 65.98954063250471,
        "arachne_runtime": 12275.803224479616,
        "bq": 92.61285781860352,
        "bq_baseline_runtime": 23665.579,
        "multi_cloud_plan": "multi",
        "percent_diff": 28.746890888784204,
        "profiling_cost": 163.73464712302987,
        "profiling_runtime": 39693.17418771712
    },
    "web_page": {
        "arachne": 66.69879460759192,
        "arachne_runtime": 12390.328419182544,
        "bq": 92.55434989929199,
        "bq_baseline_runtime": 29591.18700000001,
        "multi_cloud_plan": "aws",
        "percent_diff": 27.93553768119315,
        "profiling_cost": 164.19175760425688,
        "profiling_runtime": 46044.79838279222
    },
    "web_returns": {
        "arachne": 64.75432901968995,
        "arachne_runtime": 11407.152731648315,
        "bq": 81.0332202911377,
        "bq_baseline_runtime": 27105.24,
        "multi_cloud_plan": "aws",
        "percent_diff": 20.08915752448272,
        "profiling_cost": 149.91781535733372,
        "profiling_runtime": 41923.931324592566
    },
    "web_sales": {
        "arachne": 42.28892844337716,