{
    "call_center": {
        "arachne": 93.8852596282959,
        "arachne_runtime": 29449.217,
        "bq": 93.8852596282959,
        "bq_baseline_runtime": 29449.217,
        "multi_cloud_plan": "gcp",
        "percent_diff": 0.0,
        "profiling_cost": 396.8117813423614,
        "profiling_runtime": 45939.66304227086
    },
    "catalog_page": {
        "arachne": 88.67907047271729,
        "arachne_runtime": 29104.663000000008,
        "bq": 88.67907047271729,
        "bq_baseline_runtime": 29104.663000000008,
        "multi_cloud_plan": "gcp",
        "percent_diff": 0.0,
        "profiling_cost": 391.45926472742434,
        "profiling_runtime": 45475.15293996298
    },
    "catalog_returns": {
        "arachne": 77.67235279083252,
        "arachne_runtime": 20833.99400000001,
        "bq": 77.67235279083252,
        "bq_baseline_runtime": 20833.99400000001,
        "multi_cloud_plan": "gcp",
        "percent_diff": 0.0,
        "profiling_cost": 369.0548858741814,
        "profiling_runtime": 35022.07200460514
    },
    "catalog_sales": {
        "arachne": 41.535258293151855,
        "arachne_runtime": 12311.433000000003,
        "bq": 41.535258293151855,
        "bq_baseline_runtime": 12311.433000000003,
        "multi_cloud_plan": "gcp",
        "percent_diff": 0.0,
        "profiling_cost": 246.69869350484532,
        "profiling_runtime": 21606.498340940376
    },
    "customer": {
        "arachne": 74.27536487579346,
        "arachne_runtime": 23349.041,
        "bq": 74.27536487579346,
        "bq_baseline_runtime": 23349.041,
        "multi_cloud_plan": "gcp",
        "percent_diff": 0.0,
        "profiling_cost": 371.57567927025445,
        "profiling_runtime": 35665.719134694235
    },
    "customer_address": {
        "arachne": 76.7768144607544,
        "arachne_runtime": 23769.81700000001,
        "bq": 76.7768144607544,
        "bq_baseline_runtime": 23769.81700000001,
        "multi_cloud_plan": "gcp",
        "percent_diff": 0.0,
        "profiling_cost": 376.9347278204737,
        "profiling_runtime": 38109.0255709083
    },
    "customer_demographics": {
        "arachne": 82.86781311035156,
        "arachne_runtime": 21214.163,
        "bq": 82.86781311035156,
        "bq_baseline_runtime": 21214.163,
        "multi_cloud_plan": "gcp",
        "percent_diff": 0.0,
        "profiling_cost": 383.7494007825882,
        "profiling_runtime": 36021.49977280881
    },
    "date_dim": {
        "arachne": 10.604453086853027,
        "arachne_runtime": 2806.4669999999996,
        "bq": 10.604453086853027,
        "bq_baseline_runtime": 2806.4669999999996,
        "multi_cloud_plan": "gcp",
        "percent_diff": 0.0,
        "profiling_cost": 301.53066858071486,
        "profiling_runtime": 9383.245532003053
    },
    "household_demographics": {
        "arachne": 84.45921897888184,
        "arachne_runtime": 21505.640000000003,
        "bq": 84.45921897888184,
        "bq_baseline_runtime": 21505.640000000003,
        "multi_cloud_plan": "gcp",
        "percent_diff": 0.0,
        "profiling_cost": 386.31953833026733,
        "profiling_runtime": 37115.19343576987
    },
    "income_band": {
        "arachne": 92.41918087005615,
        "arachne_runtime": 29432.81500000001,
        "bq": 92.41918087005615,
        "bq_baseline_runtime": 29432.81500000001,
        "multi_cloud_plan": "gcp",
        "percent_diff": 0.0,
        "profiling_cost": 395.2595888511043,
        "profiling_runtime": 45852.107970499965
    },
    "inventory": {
        "arachne": 93.50381851196289,
        "arachne_runtime": 23872.07100000001,
        "bq": 93.50381851196289,
        "bq_baseline_runtime": 23872.07100000001,
        "multi_cloud_plan": "gcp",
        "percent_diff": 0.0,
        "profiling_cost": 392.3883386041595,
        "profiling_runtime": 39879.26604892687
    },
    "item": {
        "arachne": 35.14582633972168,
        "arachne_runtime": 11228.742000000006,
        "bq": 35.14582633972168,
        "bq_baseline_runtime": 11228.742000000006,
        "multi_cloud_plan": "gcp",
        "percent_diff": 0.0,
        "profiling_cost": 331.9661554929997,
        "profiling_runtime": 22693.59466956548
    },
    "promotion": {
        "arachne": 85.56325435638428,
        "arachne_runtime": 22579.336999999992,
        "bq": 85.56325435638428,
        "bq_baseline_runtime": 22579.336999999992,
        "multi_cloud_plan": "gcp",
        "percent_diff": 0.0,
        "profiling_cost": 387.5034508939858,
        "profiling_runtime": 38254.90866784862
    },
    "reason": {
        "arachne": 92.01372623443604,
        "arachne_runtime": 29149.644000000004,
        "bq": 92.01372623443604,
        "bq_baseline_runtime": 29149.644000000004,
        "multi_cloud_plan": "gcp",
        "percent_diff": 0.0,
        "profiling_cost": 394.7321620900972,
        "profiling_runtime": 45468.16292841234
    },
    "ship_mode": {
        "arachne": 94.33101177215576,
        "arachne_runtime": 29704.26199999999,
        "bq": 94.33101177215576,
        "bq_baseline_runtime": 29704.26199999999,
        "multi_cloud_plan": "gcp",
        "percent_diff": 0.0,
        "profiling_cost": 397.3492296364504,
        "profiling_runtime": 46270.46367518828
    },
    "store": {
        "arachne": 54.358344078063965,
        "arachne_runtime": 19434.61600000001,
        "bq": 54.358344078063965,
        "bq_baseline_runtime": 19434.61600000001,
        "multi_cloud_plan": "gcp",
        "percent_diff": 0.0,
        "profiling_cost": 353.4615771180963,
        "profiling_runtime": 32766.27341693043
    },
    "store_returns": {
        "arachne": 74.16031837463379,
        "arachne_runtime": 24971.007000000005,
        "bq": 74.16031837463379,
        "bq_baseline_runtime": 24971.007000000005,
        "multi_cloud_plan": "gcp",
        "percent_diff": 0.0,
        "profiling_cost": 360.1482518998521,
        "profiling_runtime": 39062.40409507767
    },
    "store_sales": {
        "arachne": 9.416570663452148,
        "arachne_runtime": 8720.065000000002,
        "bq": 9.416570663452148,
        "bq_baseline_runtime": 8720.065000000002,
        "multi_cloud_plan": "gcp",
        "percent_diff": 0.0,
        "profiling_cost": 180.91616918230312,
        "profiling_runtime": 13770.831041177325
    },
    "time_dim": {
        "arachne": 91.1452054977417,
        "arachne_runtime": 28742.78100000001,
        "bq": 91.1452054977417,
        "bq_baseline_runtime": 28742.78100000001,
        "multi_cloud_plan": "gcp",
        "percent_diff": 0.0,
        "profiling_cost": 394.0057431852658,
        "profiling_runtime": 45179.380580388526
    },
    "warehouse": {
        "arachne": 92.61285781860352,
        "arachne_runtime": 23665.579000000005,
        "bq": 92.61285781860352,
        "bq_baseline_runtime": 23665.579000000005,
        "multi_cloud_plan": "gcp",
        "percent_diff": 0.0,
        "profiling_cost": 394.9791742028467,
        "profiling_runtime": 39693.17418771711
    },
    "web_page": {
        "arachne": 92.55434989929199,
        "arachne_runtime": 29591.186999999998,
        "bq": 92.55434989929199,
        "bq_baseline_runtime": 29591.186999999998,
        "multi_cloud_plan": "gcp",
        "percent_diff": 0.0,
        "profiling_cost": 395.4362456108542,
        "profiling_runtime": 46044.79838279223
    },
    "web_returns": {
        "arachne": 81.0332202911377,
        "arachne_runtime": 27105.24000000001,
        "bq": 81.0332202911377,
        "bq_baseline_runtime": 27105.24000000001,
        "multi_cloud_plan": "gcp",
        "percent_diff": 0.0,
        "profiling_cost": 377.7052792919601,
        "profiling_runtime": 41923.93132459257
    },
    "web_sales": {
        "arachne": 48.173699378967285,
        "arachne_runtime": 19348.599000000006,
        "bq": 48.173699378967285,
        "bq_baseline_runtime": 19348.599000000006,
        "multi_cloud_plan": "gcp",
        "percent_diff": 0.0,
        "profiling_cost": 298.4020728802473,