{
    "call_center": {
        "arachne": 37.26953033518184,
        "arachne_runtime": 12391.856052751746,
        "bq": 93.8852596282959,
        "bq_baseline_runtime": 29449.217,
        "multi_cloud_plan": "aws",
        "percent_diff": 60.30310776927409,
        "profiling_cost": 136.1361367933603,
        "profiling_runtime": 45939.66304227087
    },
    "catalog_page": {
        "arachne": 37.0888961867903,
        "arachne_runtime": 12242.688609301205,
        "bq": 88.67907047271729,
        "bq_baseline_runtime": 29104.663000000015,
        "multi_cloud_plan": "aws",
        "percent_diff": 58.17626866285101,
        "profiling_cost": 130.78466926740825,
        "profiling_runtime": 45475.152939962994
    },
    "catalog_returns": {
        "arachne": 34.807451283080496,
        "arachne_runtime": 10929.880527023051,
        "bq": 77.67235279083252,
        "bq_baseline_runtime": 20833.99400000001,
        "multi_cloud_plan": "aws",
        "percent_diff": 55.18681997851269,
        "profiling_cost": 116.44530398627322,
        "profiling_runtime": 35022.07200460515
    },
    "catalog_sales": {
        "arachne": 22.384240584189588,
        "arachne_runtime": 7851.064696371194,
        "bq": 41.535258293151855,
        "bq_baseline_runtime": 12311.432999999997,
        "multi_cloud_plan": "multi",
        "percent_diff": 46.10785750697932,
        "profiling_cost": 68.05260360808073,
        "profiling_runtime": 21606.49834094038
    },
    "customer": {
        "arachne": 34.1590412489573,
        "arachne_runtime": 9844.562218824733,
        "bq": 74.27536487579346,
        "bq_baseline_runtime": 23349.040999999997,
        "multi_cloud_plan": "aws",
        "percent_diff": 54.01026799924907,
        "profiling_cost": 111.4292017447781,
        "profiling_runtime": 35665.71913469423
    },
    "customer_address": {
        "arachne": 35.6439402527554,
        "arachne_runtime": 11044.705378627736,
        "bq": 76.7768144607544,
        "bq_baseline_runtime": 23769.817000000003,
        "multi_cloud_plan": "aws",
        "percent_diff": 53.57460386563013,
        "profiling_cost": 116.4109351938209,
        "profiling_runtime": 38109.0255709083
    },
    "customer_demographics": {
        "arachne": 36.075010029771974,
        "arachne_runtime": 11405.447698060982,
        "bq": 82.86781311035156,
        "bq_baseline_runtime": 21214.163000000004,
        "multi_cloud_plan": "aws",
        "percent_diff": 56.466800949926835,
        "profiling_cost": 123.08093023069524,
        "profiling_runtime": 36021.49977280881
    },
    "date_dim": {
        "arachne": 10.604453086853027,
        "arachne_runtime": 2806.4669999999996,
        "bq": 10.604453086853027,
        "bq_baseline_runtime": 2806.4669999999996,
        "multi_cloud_plan": "gcp",
        "percent_diff": 0.0,
        "profiling_cost": 40.85625365279272,
        "profiling_runtime": 9383.245532003053
    },
    "household_demographics": {
        "arachne": 36.65354384454817,
        "arachne_runtime": 11882.931394599007,
        "bq": 84.45921897888184,
        "bq_baseline_runtime": 21505.640000000003,
        "multi_cloud_plan": "aws",
        "percent_diff": 56.60208052159113,
        "profiling_cost": 125.64390962855816,
        "profiling_runtime": 37115.19343576988
    },
    "income_band": {
        "arachne": 37.15632920070206,
        "arachne_runtime": 12298.327768549882,
        "bq": 92.41918087005615,
        "bq_baseline_runtime": 29432.814999999995,
        "multi_cloud_plan": "aws",
        "percent_diff": 59.79586829172955,
        "profiling_cost": 134.5839386578227,
        "profiling_runtime": 45852.10797049996
    },
    "inventory": {
        "arachne": 36.692925514654796,
        "arachne_runtime": 12140.836991332566,
        "bq": 93.50381851196289,
        "bq_baseline_runtime": 23872.071000000007,
        "multi_cloud_plan": "aws",
        "percent_diff": 60.7578320344636,
        "profiling_cost": 134.89683241611334,
        "profiling_runtime": 39879.26604892687
    },
    "item": {
        "arachne": 32.23570079236332,
        "arachne_runtime": 8457.427555754077,
        "bq": 35.14582633972168,
        "bq_baseline_runtime": 11228.742,
        "multi_cloud_plan": "aws",
        "percent_diff": 8.280145469419079,
        "profiling_cost": 71.31214193662726,
        "profiling_runtime": 22693.594669565475
    },
    "promotion": {
        "arachne": 36.61173797740939,
        "arachne_runtime": 11848.384502016102,
        "bq": 85.56325435638428,
        "bq_baseline_runtime": 22579.337000000003,
        "multi_cloud_plan": "aws",
        "percent_diff": 57.210909925286614,
        "profiling_cost": 126.82784774253406,
        "profiling_runtime": 38254.908667848635
    },
    "reason": {
        "arachne": 37.23953348599566,
        "arachne_runtime": 12367.072004107386,
        "bq": 92.01372623443604,
        "bq_baseline_runtime": 29149.644,
        "multi_cloud_plan": "aws",
        "percent_diff": 59.52828451799097,
        "profiling_cost": 134.05651247770038,
        "profiling_runtime": 45468.162928412334
    },
    "ship_mode": {
        "arachne": 37.3899681913955,
        "arachne_runtime": 12491.362622892577,
        "bq": 94.33101177215576,
        "bq_baseline_runtime": 29704.262000000002,
        "multi_cloud_plan": "aws",
        "percent_diff": 60.363015842863966,
        "profiling_cost": 136.67357993339849,
        "profiling_runtime": 46270.463675188264
    },
    "store": {
        "arachne": 34.37581987562748,
        "arachne_runtime": 10001.131011604424,
        "bq": 54.358344078063965,
        "bq_baseline_runtime": 19434.615999999995,
        "multi_cloud_plan": "aws",
        "percent_diff": 36.76073019027144,
        "profiling_cost": 92.78598817406356,
        "profiling_runtime": 32766.273416930424
    },
    "store_returns": {
        "arachne": 34.27739096752968,
        "arachne_runtime": 10834.61634853771,
        "bq": 74.16031837463379,
        "bq_baseline_runtime": 24971.007000000005,
        "multi_cloud_plan": "aws",
        "percent_diff": 53.7793368221918,
        "profiling_cost": 112.39967696841686,
        "profiling_runtime": 39062.40409507768
    },
    "store_sales": {
        "arachne": 9.056083994415996,
        "arachne_runtime": 8796.937038474867,
        "bq": 9.416570663452148,
        "bq_baseline_runtime": 8720.065,
        "multi_cloud_plan": "multi",
        "percent_diff": 3.828216045096792,
        "profiling_cost": 28.552469487095916,
        "profiling_runtime": 13770.831041177324
    },
    "time_dim": {
        "arachne": 37.31040027189269,
        "arachne_runtime": 12425.67607784793,
        "bq": 91.1452054977417,
        "bq_baseline_runtime": 28742.781000000006,
        "multi_cloud_plan": "aws",
        "percent_diff": 59.06487887306686,
        "profiling_cost": 133.3308457432529,
        "profiling_runtime": 45179.38058038849
    },
    "warehouse": {
        "arachne": 36.917919260848066,
        "arachne_runtime": 12275.803224479616,
        "bq": 92.61285781860352,
        "bq_baseline_runtime": 23665.579,
        "multi_cloud_plan": "multi",
        "percent_diff": 60.13737171013827,
        "profiling_cost": 134.30352549468958,
        "profiling_runtime": 39693.17418771712
    },
    "web_page": {
        "arachne": 37.2676779522068,
        "arachne_runtime": 12390.328419182544,
        "bq": 92.55434989929199,
        "bq_baseline_runtime": 29591.187,
        "multi_cloud_plan": "aws",
        "percent_diff": 59.73427721899878,
        "profiling_cost": 134.76064094887178,
        "profiling_runtime": 46044.79838279223
    },
    "web_returns": {
        "arachne": 35.76331636483596,
        "arachne_runtime": 11407.152731648315,
        "bq": 81.0332202911377,
        "bq_baseline_runtime": 27105.239999999998,
        "multi_cloud_plan": "aws",
        "percent_diff": 55.86585817971341,
        "profiling_cost": 120.92668358383588,