{
    "call_center": {
        "arachne": 64.57944805094645,
        "arachne_runtime": 12391.856052751747,
        "bq": 70.41394472122192,
        "bq_baseline_runtime": 29449.21700000001,
        "multi_cloud_plan": "aws",
        "percent_diff": 8.285996038675309,
        "profiling_cost": 139.9937201051333,
        "profiling_runtime": 45939.66304227087
    },
    "catalog_page": {
        "arachne": 64.3987039174194,
        "arachne_runtime": 12242.688609301205,
        "bq": 66.50930285453796,
        "bq_baseline_runtime": 29104.663000000008,
        "multi_cloud_plan": "aws",
        "percent_diff": 3.1733890546629895,
        "profiling_cost": 135.94368988294025,
        "profiling_runtime": 45475.15293996298
    },
    "catalog_returns": {
        "arachne": 58.25426459312439,
        "arachne_runtime": 20833.994000000002,
        "bq": 58.25426459312439,
        "bq_baseline_runtime": 20833.994000000002,
        "multi_cloud_plan": "gcp",
        "percent_diff": 0.0,
        "profiling_cost": 123.5104784058458,
        "profiling_runtime": 35022.07200460514
    },
    "catalog_sales": {
        "arachne": 31.15144371986389,
        "arachne_runtime": 12311.433,
        "bq": 31.15144371986389,
        "bq_baseline_runtime": 12311.433,
        "multi_cloud_plan": "gcp",
        "percent_diff": 0.0,
        "profiling_cost": 76.39781458848586,
        "profiling_runtime": 21606.49834094038
    },
    "customer": {
        "arachne": 55.70652365684509,
        "arachne_runtime": 23349.041000000012,
        "bq": 55.70652365684509,
        "bq_baseline_runtime": 23349.041000000012,
        "multi_cloud_plan": "gcp",
        "percent_diff": 0.0,
        "profiling_cost": 120.13378155672646,
        "profiling_runtime": 35665.71913469424
    },
    "customer_address": {
        "arachne": 57.582610845565796,
        "arachne_runtime": 23769.817,
        "bq": 57.582610845565796,
        "bq_baseline_runtime": 23769.817,
        "multi_cloud_plan": "gcp",
        "percent_diff": 0.0,
        "profiling_cost": 124.52970983787813,
        "profiling_runtime": 38109.02557090829
    },
    "customer_demographics": {
        "arachne": 62.15085983276367,
        "arachne_runtime": 21214.163000000004,
        "bq": 62.15085983276367,
        "bq_baseline_runtime": 21214.163000000004,
        "multi_cloud_plan": "gcp",
        "percent_diff": 0.0,
        "profiling_cost": 129.69212305935417,
        "profiling_runtime": 36021.499772808806
    },
    "date_dim": {
        "arachne": 7.9533398151397705,
        "arachne_runtime": 2806.4670000000006,
        "bq": 7.9533398151397705,
        "bq_baseline_runtime": 2806.4670000000006,
        "multi_cloud_plan": "gcp",
        "percent_diff": 0.0,
        "profiling_cost": 65.53390968803907,
        "profiling_runtime": 9383.245532003053
    },
    "household_demographics": {
        "arachne": 63.34441423416138,
        "arachne_runtime": 21505.640000000007,
        "bq": 63.34441423416138,
        "bq_baseline_runtime": 21505.640000000007,
        "multi_cloud_plan": "gcp",
        "percent_diff": 0.0,
        "profiling_cost": 131.85800144127495,
        "profiling_runtime": 37115.19343576988
    },
    "income_band": {
        "arachne": 64.46624750820573,
        "arachne_runtime": 12298.327768549883,
        "bq": 69.31438565254211,
        "bq_baseline_runtime": 29432.815,
        "multi_cloud_plan": "aws",
        "percent_diff": 6.994418400588656,
        "profiling_cost": 138.80804225089472,
        "profiling_runtime": 45852.10797049996
    },
    "inventory": {
        "arachne": 63.669022273222524,
        "arachne_runtime": 12140.836991332566,
        "bq": 70.12786388397217,
        "bq_baseline_runtime": 23872.071000000004,
        "multi_cloud_plan": "aws",
        "percent_diff": 9.210093182698271,
        "profiling_cost": 138.51595504977269,
        "profiling_runtime": 39879.26604892686
    },
    "item": {
        "arachne": 26.35936975479126,
        "arachne_runtime": 11228.742000000002,
        "bq": 26.35936975479126,
        "bq_baseline_runtime": 11228.742000000002,
        "multi_cloud_plan": "gcp",
        "percent_diff": 0.0,
        "profiling_cost": 89.85231580518747,
        "profiling_runtime": 22693.594669565475
    },
    "promotion": {
        "arachne": 63.92165135310836,
        "arachne_runtime": 11848.384502016102,
        "bq": 64.17244076728821,
        "bq_baseline_runtime": 22579.336999999996,
        "multi_cloud_plan": "aws",
        "percent_diff": 0.3908054784596697,
        "profiling_cost": 132.76592803221916,
        "profiling_runtime": 38254.90866784862
    },
    "reason": {
        "arachne": 64.54945173260015,
        "arachne_runtime": 12367.072004107387,
        "bq": 69.01029467582703,
        "bq_baseline_runtime": 29149.64400000001,
        "multi_cloud_plan": "aws",
        "percent_diff": 6.464025351842798,
        "profiling_cost": 138.3819796687781,
        "profiling_runtime": 45468.16292841236
    },
    "ship_mode": {
        "arachne": 64.69988644750416,
        "arachne_runtime": 12491.362622892579,
        "bq": 70.74825882911682,
        "bq_baseline_runtime": 29704.262000000006,
        "multi_cloud_plan": "aws",
        "percent_diff": 8.549146624543395,
        "profiling_cost": 140.41972574955045,
        "profiling_runtime": 46270.46367518826
    },
    "store": {
        "arachne": 40.768758058547974,
        "arachne_runtime": 19434.615999999998,
        "bq": 40.768758058547974,
        "bq_baseline_runtime": 19434.615999999998,
        "multi_cloud_plan": "gcp",
        "percent_diff": 0.0,
        "profiling_cost": 106.52529454384133,
        "profiling_runtime": 32766.27341693043
    },
    "store_returns": {
        "arachne": 55.62023878097534,
        "arachne_runtime": 24971.007000000005,
        "bq": 55.62023878097534,
        "bq_baseline_runtime": 24971.007000000005,
        "multi_cloud_plan": "gcp",
        "percent_diff": 0.0,
        "profiling_cost": 119.83323829498956,
        "profiling_runtime": 39062.40409507767
    },
    "store_sales": {
        "arachne": 7.062427997589111,
        "arachne_runtime": 8720.065,
        "bq": 7.062427997589111,
        "bq_baseline_runtime": 8720.065,
        "multi_cloud_plan": "gcp",
        "percent_diff": 0.0,
        "profiling_cost": 42.171940498956204,
        "profiling_runtime": 13770.831041177325
    },
    "time_dim": {
        "arachne": 64.6202396619247,
        "arachne_runtime": 12425.67607784793,
        "bq": 68.35890412330627,
        "bq_baseline_runtime": 28742.781000000014,
        "multi_cloud_plan": "aws",
        "percent_diff": 5.469169685104585,
        "profiling_cost": 137.87336426193178,
        "profiling_runtime": 45179.380580388504
    },
    "warehouse": {
        "arachne": 63.81260772189845,
        "arachne_runtime": 12275.803224479616,
        "bq": 69.45964336395264,
        "bq_baseline_runtime": 23665.579000000016,
        "multi_cloud_plan": "multi",
        "percent_diff": 8.129951967166042,
        "profiling_cost": 138.47920969492623,
        "profiling_runtime": 39693.17418771712
    },
    "web_page": {
        "arachne": 64.57759148626785,
        "arachne_runtime": 12390.328419182544,
        "bq": 69.415762424469,
        "bq_baseline_runtime": 29591.18700000001,
        "multi_cloud_plan": "aws",
        "percent_diff": 6.969844843907808,
        "profiling_cost": 138.95094751119208,
        "profiling_runtime": 46044.79838279225
    },
    "web_returns": {
        "arachne": 60.77491521835327,
        "arachne_runtime": 27105.24000000001,
        "bq": 60.77491521835327,
        "bq_baseline_runtime": 27105.24000000001,
        "multi_cloud_plan": "gcp",
        "percent_diff": 0.0,
        "profiling_cost": 127.58871515787095,
        "profiling_runtime": 41923.93132459258
    },
    "web_sales": {
        "arachne": 36.130274534225464,
        "arachne_runtime": 19348.599000000002,
        "bq": 36.130274534225464,