{
    "call_center": {
        "arachne": 51.636892795562744,
        "arachne_runtime": 29449.217,
        "bq": 51.636892795562744,
        "bq_baseline_runtime": 29449.217,
        "multi_cloud_plan": "gcp",
        "percent_diff": 0.0,
        "profiling_cost": 121.21666817947417,
        "profiling_runtime": 45939.663042270855
    },
    "catalog_page": {
        "arachne": 48.77348875999451,
        "arachne_runtime": 29104.663000000004,
        "bq": 48.77348875999451,
        "bq_baseline_runtime": 29104.663000000004,
        "multi_cloud_plan": "gcp",
        "percent_diff": 0.0,
        "profiling_cost": 118.20787578839683,
        "profiling_runtime": 45475.15293996297
    },
    "catalog_returns": {
        "arachne": 42.719794034957886,
        "arachne_runtime": 20833.994000000002,
        "bq": 42.719794034957886,
        "bq_baseline_runtime": 20833.994000000002,
        "multi_cloud_plan": "gcp",
        "percent_diff": 0.0,
        "profiling_cost": 107.97600784767931,
        "profiling_runtime": 35022.07200460515
    },
    "catalog_sales": {
        "arachne": 22.84439206123352,
        "arachne_runtime": 12311.433,
        "bq": 22.84439206123352,
        "bq_baseline_runtime": 12311.433,
        "multi_cloud_plan": "gcp",
        "percent_diff": 0.0,
        "profiling_cost": 68.09076292985549,
        "profiling_runtime": 21606.498340940383
    },
    "customer": {
        "arachne": 40.8514506816864,
        "arachne_runtime": 23349.041,
        "bq": 40.8514506816864,
        "bq_baseline_runtime": 23349.041,
        "multi_cloud_plan": "gcp",
        "percent_diff": 0.0,
        "profiling_cost": 105.27870858156777,
        "profiling_runtime": 35665.71913469423
    },
    "customer_address": {
        "arachne": 42.22724795341492,
        "arachne_runtime": 23769.817000000003,
        "bq": 42.22724795341492,
        "bq_baseline_runtime": 23769.817000000003,
        "multi_cloud_plan": "gcp",
        "percent_diff": 0.0,
        "profiling_cost": 109.17434694572727,
        "profiling_runtime": 38109.0255709083
    },
    "customer_demographics": {
        "arachne": 45.57729721069336,
        "arachne_runtime": 21214.163000000008,
        "bq": 45.57729721069336,
        "bq_baseline_runtime": 21214.163000000008,
        "multi_cloud_plan": "gcp",
        "percent_diff": 0.0,
        "profiling_cost": 113.11856043728393,
        "profiling_runtime": 36021.49977280882
    },
    "date_dim": {
        "arachne": 5.832449197769165,
        "arachne_runtime": 2806.4669999999996,
        "bq": 5.832449197769165,
        "bq_baseline_runtime": 2806.4669999999996,
        "multi_cloud_plan": "gcp",
        "percent_diff": 0.0,
        "profiling_cost": 63.41301907066844,
        "profiling_runtime": 9383.245532003053
    },
    "household_demographics": {
        "arachne": 46.45257043838501,
        "arachne_runtime": 21505.639999999996,
        "bq": 46.45257043838501,
        "bq_baseline_runtime": 21505.639999999996,
        "multi_cloud_plan": "gcp",
        "percent_diff": 0.0,
        "profiling_cost": 114.96615764549863,
        "profiling_runtime": 37115.19343576986
    },
    "income_band": {
        "arachne": 50.830549478530884,
        "arachne_runtime": 29432.815000000002,
        "bq": 50.830549478530884,
        "bq_baseline_runtime": 29432.815000000002,
        "multi_cloud_plan": "gcp",
        "percent_diff": 0.0,
        "profiling_cost": 120.32420607688343,
        "profiling_runtime": 45852.107970499965
    },
    "inventory": {
        "arachne": 51.42710018157959,
        "arachne_runtime": 23872.070999999996,
        "bq": 51.42710018157959,
        "bq_baseline_runtime": 23872.070999999996,
        "multi_cloud_plan": "gcp",
        "percent_diff": 0.0,
        "profiling_cost": 119.81519134738012,
        "profiling_runtime": 39879.26604892687
    },
    "item": {
        "arachne": 19.330204486846924,
        "arachne_runtime": 11228.742000000002,
        "bq": 19.330204486846924,
        "bq_baseline_runtime": 11228.742000000002,
        "multi_cloud_plan": "gcp",
        "percent_diff": 0.0,
        "profiling_cost": 82.82315053724314,
        "profiling_runtime": 22693.59466956547
    },
    "promotion": {
        "arachne": 47.05978989601135,
        "arachne_runtime": 22579.337,
        "bq": 47.05978989601135,
        "bq_baseline_runtime": 22579.337,
        "multi_cloud_plan": "gcp",
        "percent_diff": 0.0,
        "profiling_cost": 115.65327716094241,
        "profiling_runtime": 38254.90866784862
    },
    "reason": {
        "arachne": 50.60754942893982,
        "arachne_runtime": 29149.64400000001,
        "bq": 50.60754942893982,
        "bq_baseline_runtime": 29149.64400000001,
        "multi_cloud_plan": "gcp",
        "percent_diff": 0.0,
        "profiling_cost": 119.97923442189095,
        "profiling_runtime": 45468.16292841236
    },
    "ship_mode": {
        "arachne": 51.88205647468567,
        "arachne_runtime": 29704.262000000006,
        "bq": 51.88205647468567,
        "bq_baseline_runtime": 29704.262000000006,
        "multi_cloud_plan": "gcp",
        "percent_diff": 0.0,
        "profiling_cost": 121.5535233951194,
        "profiling_runtime": 46270.46367518827
    },
    "store": {
        "arachne": 29.89708924293518,
        "arachne_runtime": 19434.616,
        "bq": 29.89708924293518,
        "bq_baseline_runtime": 19434.616,
        "multi_cloud_plan": "gcp",
        "percent_diff": 0.0,
        "profiling_cost": 95.65362572822855,
        "profiling_runtime": 32766.273416930428
    },
    "store_returns": {
        "arachne": 40.788175106048584,
        "arachne_runtime": 24971.007000000005,
        "bq": 40.788175106048584,
        "bq_baseline_runtime": 24971.007000000005,
        "multi_cloud_plan": "gcp",
        "percent_diff": 0.0,
        "profiling_cost": 105.0011746200628,
        "profiling_runtime": 39062.40409507768
    },
    "store_sales": {
        "arachne": 5.179113864898682,
        "arachne_runtime": 8720.064999999999,
        "bq": 5.179113864898682,
        "bq_baseline_runtime": 8720.064999999999,
        "multi_cloud_plan": "gcp",
        "percent_diff": 0.0,
        "profiling_cost": 40.288626366265774,
        "profiling_runtime": 13770.831041177322
    },
    "time_dim": {
        "arachne": 50.129863023757935,
        "arachne_runtime": 28742.781000000006,
        "bq": 50.129863023757935,
        "bq_baseline_runtime": 28742.781000000006,
        "multi_cloud_plan": "gcp",
        "percent_diff": 0.0,
        "profiling_cost": 119.64432316238343,
        "profiling_runtime": 45179.380580388526
    },
    "warehouse": {
        "arachne": 50.937071800231934,
        "arachne_runtime": 23665.579000000005,
        "bq": 50.937071800231934,
        "bq_baseline_runtime": 23665.579000000005,
        "multi_cloud_plan": "gcp",
        "percent_diff": 0.0,
        "profiling_cost": 119.95663813120544,
        "profiling_runtime": 39693.17418771713
    },
    "web_page": {
        "arachne": 50.904892444610596,
        "arachne_runtime": 29591.18700000001,
        "bq": 50.904892444610596,
        "bq_baseline_runtime": 29591.18700000001,
        "multi_cloud_plan": "gcp",
        "percent_diff": 0.0,
        "profiling_cost": 120.44007753133373,
        "profiling_runtime": 46044.798382792236
    },
    "web_returns": {
        "arachne": 44.56827116012573,
        "arachne_runtime": 27105.240000000013,
        "bq": 44.56827116012573,
        "bq_baseline_runtime": 27105.240000000013,
        "multi_cloud_plan": "gcp",
        "percent_diff": 0.0,
        "profiling_cost": 111.38207109964338,
        "profiling_runtime": 41923.93132459258
    },
    "web_sales": {
        "arachne": 26.495534658432007,
        "arachne_runtime": 19348.599000000002,
        "bq": 26.495534658432007,
        "bq_baseline_runtime": 19348.599000000002,
        "multi_cloud_plan": "gcp",
        "percent_diff": 0.0,