{
    "call_center": {
        "arachne": 93.8852596282959,
        "arachne_runtime": 29449.21700000001,
        "bq": 93.8852596282959,
        "bq_baseline_runtime": 29449.21700000001,
        "multi_cloud_plan": "gcp",
        "percent_diff": 0.0,
        "profiling_cost": 209.71393969025578,
        "profiling_runtime": 45939.66304227088
    },
    "catalog_page": {
        "arachne": 88.67907047271729,
        "arachne_runtime": 29104.663000000004,
        "bq": 88.67907047271729,
        "bq_baseline_runtime": 29104.663000000004,
        "multi_cloud_plan": "gcp",
        "percent_diff": 0.0,
        "profiling_cost": 204.3621760504773,
        "profiling_runtime": 45475.15293996298
    },
    "catalog_returns": {
        "arachne": 77.67235279083252,
        "arachne_runtime": 20833.994,
        "bq": 77.67235279083252,
        "bq_baseline_runtime": 20833.994,
        "multi_cloud_plan": "gcp",
        "percent_diff": 0.0,
        "profiling_cost": 187.74639564818278,
        "profiling_runtime": 35022.07200460514
    },
    "catalog_sales": {
        "arachne": 41.535258293151855,
        "arachne_runtime": 12311.432999999997,
        "bq": 41.535258293151855,
        "bq_baseline_runtime": 12311.432999999997,
        "multi_cloud_plan": "gcp",
        "percent_diff": 0.0,
        "profiling_cost": 118.47690317571589,
        "profiling_runtime": 21606.49834094038
    },
    "customer": {
        "arachne": 74.27536487579346,
        "arachne_runtime": 23349.041000000005,
        "bq": 74.27536487579346,
        "bq_baseline_runtime": 23349.041000000005,
        "multi_cloud_plan": "gcp",
        "percent_diff": 0.0,
        "profiling_cost": 184.8576429818077,
        "profiling_runtime": 35665.719134694235
    },
    "customer_address": {
        "arachne": 76.7768144607544,
        "arachne_runtime": 23769.817,
        "bq": 76.7768144607544,
        "bq_baseline_runtime": 23769.817,
        "multi_cloud_plan": "gcp",
        "percent_diff": 0.0,
        "profiling_cost": 189.9458766610213,
        "profiling_runtime": 38109.025570908285
    },
    "customer_demographics": {
        "arachne": 82.86781311035156,
        "arachne_runtime": 21214.163000000008,
        "bq": 82.86781311035156,
        "bq_baseline_runtime": 21214.163000000008,
        "multi_cloud_plan": "gcp",
        "percent_diff": 0.0,
        "profiling_cost": 196.65670820905217,
        "profiling_runtime": 36021.49977280882
    },
    "date_dim": {
        "arachne": 10.604453086853027,
        "arachne_runtime": 2806.4669999999996,
        "bq": 10.604453086853027,
        "bq_baseline_runtime": 2806.4669999999996,
        "multi_cloud_plan": "gcp",
        "percent_diff": 0.0,
        "profiling_cost": 114.4337094792224,
        "profiling_runtime": 9383.245532003053
    },
    "household_demographics": {
        "arachne": 84.45921897888184,
        "arachne_runtime": 21505.639999999996,
        "bq": 84.45921897888184,
        "bq_baseline_runtime": 21505.639999999996,
        "multi_cloud_plan": "gcp",
        "percent_diff": 0.0,
        "profiling_cost": 199.22170805242772,
        "profiling_runtime": 37115.19343576986
    },
    "income_band": {
        "arachne": 92.41918087005615,
        "arachne_runtime": 29432.815000000002,
        "bq": 92.41918087005615,
        "bq_baseline_runtime": 29432.815000000002,
        "multi_cloud_plan": "gcp",
        "percent_diff": 0.0,
        "profiling_cost": 208.16174314786178,
        "profiling_runtime": 45852.10797049994
    },
    "inventory": {
        "arachne": 93.50381851196289,
        "arachne_runtime": 23872.071000000004,
        "bq": 93.50381851196289,
        "bq_baseline_runtime": 23872.071000000004,
        "multi_cloud_plan": "gcp",
        "percent_diff": 0.0,
        "profiling_cost": 207.5758865820942,
        "profiling_runtime": 39879.266048926875
    },
    "item": {
        "arachne": 35.14582633972168,
        "arachne_runtime": 11228.742000000004,
        "bq": 35.14582633972168,
        "bq_baseline_runtime": 11228.742000000004,
        "multi_cloud_plan": "gcp",
        "percent_diff": 0.0,
        "profiling_cost": 144.8838393114098,
        "profiling_runtime": 22693.594669565475
    },
    "promotion": {
        "arachne": 85.56325435638428,
        "arachne_runtime": 22579.337000000007,
        "bq": 85.56325435638428,
        "bq_baseline_runtime": 22579.337000000007,
        "multi_cloud_plan": "gcp",
        "percent_diff": 0.0,
        "profiling_cost": 200.40563895463737,
        "profiling_runtime": 38254.908667848635
    },
    "reason": {
        "arachne": 92.01372623443604,
        "arachne_runtime": 29149.643999999997,
        "bq": 92.01372623443604,
        "bq_baseline_runtime": 29149.643999999997,
        "multi_cloud_plan": "gcp",
        "percent_diff": 0.0,
        "profiling_cost": 207.63431680378014,
        "profiling_runtime": 45468.16292841235
    },
    "ship_mode": {
        "arachne": 94.33101177215576,
        "arachne_runtime": 29704.26200000001,
        "bq": 94.33101177215576,
        "bq_baseline_runtime": 29704.26200000001,
        "multi_cloud_plan": "gcp",
        "percent_diff": 0.0,
        "profiling_cost": 210.25138428506642,
        "profiling_runtime": 46270.46367518826
    },
    "store": {
        "arachne": 54.358344078063965,
        "arachne_runtime": 19434.616,
        "bq": 54.358344078063965,
        "bq_baseline_runtime": 19434.616,
        "multi_cloud_plan": "gcp",
        "percent_diff": 0.0,
        "profiling_cost": 166.36377537600828,
        "profiling_runtime": 32766.273416930424
    },
    "store_returns": {
        "arachne": 74.16031837463379,
        "arachne_runtime": 24971.007000000012,
        "bq": 74.16031837463379,
        "bq_baseline_runtime": 24971.007000000012,
        "multi_cloud_plan": "gcp",
        "percent_diff": 0.0,
        "profiling_cost": 182.32871021519293,
        "profiling_runtime": 39062.40409507767
    },
    "store_sales": {
        "arachne": 9.416570663452148,
        "arachne_runtime": 8720.064999999999,
        "bq": 9.416570663452148,
        "bq_baseline_runtime": 8720.064999999999,
        "multi_cloud_plan": "gcp",
        "percent_diff": 0.0,
        "profiling_cost": 71.55835246558188,
        "profiling_runtime": 13770.831041177324
    },
    "time_dim": {
        "arachne": 91.1452054977417,
        "arachne_runtime": 28742.781000000003,
        "bq": 91.1452054977417,
        "bq_baseline_runtime": 28742.781000000003,
        "multi_cloud_plan": "gcp",
        "percent_diff": 0.0,
        "profiling_cost": 206.90843776317595,
        "profiling_runtime": 45179.38058038852
    },
    "warehouse": {
        "arachne": 92.61285781860352,
        "arachne_runtime": 23665.578999999998,
        "bq": 92.61285781860352,
        "bq_baseline_runtime": 23665.578999999998,
        "multi_cloud_plan": "gcp",
        "percent_diff": 0.0,
        "profiling_cost": 207.88132956554043,
        "profiling_runtime": 39693.17418771712
    },
    "web_page": {
        "arachne": 92.55434989929199,
        "arachne_runtime": 29591.187000000005,
        "bq": 92.55434989929199,
        "bq_baseline_runtime": 29591.187000000005,
        "multi_cloud_plan": "gcp",
        "percent_diff": 0.0,
        "profiling_cost": 208.3384325873346,
        "profiling_runtime": 46044.79838279224
    },
    "web_returns": {
        "arachne": 81.0332202911377,
        "arachne_runtime": 27105.24000000001,
        "bq": 81.0332202911377,
        "bq_baseline_runtime": 27105.24000000001,
        "multi_cloud_plan": "gcp",
        "percent_diff": 0.0,
        "profiling_cost": 193.40451301758057,
        "profiling_runtime": 41923.93132459258
    },
    "web_sales": {
        "arachne": 48.173699378967285,
        "arachne_runtime": 19348.598999999995,
        "bq": 48.173699378967285,
        "bq_baseline_runtime": 19348.598999999995,
        "multi_cloud_plan": "gcp",
        "percent_diff": 0.0,