{
    "call_center": {
        "arachne": 64.60975172440395,
        "arachne_runtime": 12386.330213751044,
        "bq": 145.52215242385864,
        "bq_baseline_runtime": 29449.21700000001,
        "multi_cloud_plan": "aws",
        "percent_diff": 55.60143205124071,
        "profiling_cost": 215.10192780777012,
        "profiling_runtime": 45939.66304227088
    },
    "catalog_page": {
        "arachne": 64.42900758981168,
        "arachne_runtime": 12237.162770300503,
        "bq": 137.4525592327118,
        "bq_baseline_runtime": 29104.662999999997,
        "multi_cloud_plan": "aws",
        "percent_diff": 53.126367417625744,
        "profiling_cost": 206.88694626111405,
        "profiling_runtime": 45475.152939962965
    },
    "catalog_returns": {
        "arachne": 61.29823096063258,
        "arachne_runtime": 10919.986849412653,
        "bq": 120.3921468257904,
        "bq_baseline_runtime": 20833.993999999995,
        "multi_cloud_plan": "aws",
        "percent_diff": 49.08452704200697,
        "profiling_cost": 185.6483606385118,
        "profiling_runtime": 35022.07200460514
    },
    "catalog_sales": {
        "arachne": 38.3359983278602,
        "arachne_runtime": 7851.064696371194,
        "bq": 64.37965035438538,
        "bq_baseline_runtime": 12311.432999999999,
        "multi_cloud_plan": "multi",
        "percent_diff": 40.45323620610677,
        "profiling_cost": 109.62602122300733,
        "profiling_runtime": 21606.49834094038
    },
    "customer": {
        "arachne": 61.43252781166848,
        "arachne_runtime": 9844.562218824733,
        "bq": 115.12681555747986,
        "bq_baseline_runtime": 23349.041000000005,
        "multi_cloud_plan": "aws",
        "percent_diff": 46.6392538400432,
        "profiling_cost": 179.5540734573612,
        "profiling_runtime": 35665.719134694235
    },
    "customer_address": {
        "arachne": 62.95698404381573,
        "arachne_runtime": 11044.705378627736,
        "bq": 119.00406241416931,
        "bq_baseline_runtime": 23769.817000000003,
        "multi_cloud_plan": "aws",
        "percent_diff": 47.09677739848341,
        "profiling_cost": 185.95116140648156,
        "profiling_runtime": 38109.0255709083
    },
    "customer_demographics": {
        "arachne": 63.41447926581474,
        "arachne_runtime": 11399.92185906028,
        "bq": 128.44511032104492,
        "bq_baseline_runtime": 21214.163000000004,
        "multi_cloud_plan": "aws",
        "percent_diff": 50.629121570052725,
        "profiling_cost": 195.98637354763554,
        "profiling_runtime": 36021.499772808806
    },
    "date_dim": {
        "arachne": 16.436902284622192,
        "arachne_runtime": 2806.467,
        "bq": 16.436902284622192,
        "bq_baseline_runtime": 2806.467,
        "multi_cloud_plan": "gcp",
        "percent_diff": 0.0,
        "profiling_cost": 74.0174721575215,
        "profiling_runtime": 9383.245532003053
    },
    "household_demographics": {
        "arachne": 63.99376353904945,
        "arachne_runtime": 11877.405555598303,
        "bq": 130.91178941726685,
        "bq_baseline_runtime": 21505.640000000003,
        "multi_cloud_plan": "aws",
        "percent_diff": 51.11688273156483,
        "profiling_cost": 199.42537662438033,
        "profiling_runtime": 37115.19343576988
    },
    "income_band": {
        "arachne": 64.49655118166898,
        "arachne_runtime": 12292.80192954918,
        "bq": 143.24973034858704,
        "bq_baseline_runtime": 29432.81500000001,
        "multi_cloud_plan": "aws",
        "percent_diff": 54.97614478943754,
        "profiling_cost": 212.74338694693958,
        "profiling_runtime": 45852.10797049995
    },
    "inventory": {
        "arachne": 63.699322713620134,
        "arachne_runtime": 12135.311152331862,
        "bq": 144.93091869354248,
        "bq_baseline_runtime": 23872.071000000007,
        "multi_cloud_plan": "aws",
        "percent_diff": 56.048493111181585,
        "profiling_cost": 213.31900985934297,
        "profiling_runtime": 39879.26604892686
    },
    "item": {
        "arachne": 54.4760308265686,
        "arachne_runtime": 11228.742000000002,
        "bq": 54.4760308265686,
        "bq_baseline_runtime": 11228.742000000002,
        "multi_cloud_plan": "gcp",
        "percent_diff": 0.0,
        "profiling_cost": 117.96897687696482,
        "profiling_runtime": 22693.59466956548
    },
    "promotion": {
        "arachne": 63.95195502652381,
        "arachne_runtime": 11842.858663015399,
        "bq": 132.62304425239563,
        "bq_baseline_runtime": 22579.337,
        "multi_cloud_plan": "aws",
        "percent_diff": 51.779153172795134,
        "profiling_cost": 201.21653151732664,
        "profiling_runtime": 38254.90866784862
    },
    "reason": {
        "arachne": 64.5797554060628,
        "arachne_runtime": 12361.546165106683,
        "bq": 142.62127566337585,
        "bq_baseline_runtime": 29149.643999999997,
        "multi_cloud_plan": "aws",
        "percent_diff": 54.719409775517505,
        "profiling_cost": 211.99296065632694,
        "profiling_runtime": 45468.162928412356
    },
    "ship_mode": {
        "arachne": 64.7301901209669,
        "arachne_runtime": 12485.836783891875,
        "bq": 146.21306824684143,
        "bq_baseline_runtime": 29704.26200000001,
        "multi_cloud_plan": "aws",
        "percent_diff": 55.72886138215266,
        "profiling_cost": 215.88453516727515,
        "profiling_runtime": 46270.46367518827
    },
    "store": {
        "arachne": 61.71592482399939,
        "arachne_runtime": 9995.605172603722,
        "bq": 84.25543332099915,
        "bq_baseline_runtime": 19434.616,
        "multi_cloud_plan": "aws",
        "percent_diff": 26.751400602413366,
        "profiling_cost": 150.01196980629248,
        "profiling_runtime": 32766.273416930424
    },
    "store_returns": {
        "arachne": 60.262231287917466,
        "arachne_runtime": 10829.090509537007,
        "bq": 114.94849348068237,
        "bq_baseline_runtime": 24971.007,
        "multi_cloud_plan": "aws",
        "percent_diff": 47.57457930664849,
        "profiling_cost": 179.16149299469654,
        "profiling_runtime": 39062.404095077676
    },
    "store_sales": {
        "arachne": 14.076107251300884,
        "arachne_runtime": 8796.937038474867,
        "bq": 14.59568452835083,
        "bq_baseline_runtime": 8720.065000000002,
        "multi_cloud_plan": "multi",
        "percent_diff": 3.5598006797194923,
        "profiling_cost": 49.70519702971792,
        "profiling_runtime": 13770.831041177327
    },
    "time_dim": {
        "arachne": 64.6505433346236,
        "arachne_runtime": 12420.150238847225,
        "bq": 141.27506852149963,
        "bq_baseline_runtime": 28742.78100000001,
        "multi_cloud_plan": "aws",
        "percent_diff": 54.23782553339558,
        "profiling_cost": 210.78952866012517,
        "profiling_runtime": 45179.38058038851
    },
    "warehouse": {
        "arachne": 64.10341383856293,
        "arachne_runtime": 12270.277385478914,
        "bq": 143.54992961883545,
        "bq_baseline_runtime": 23665.579,
        "multi_cloud_plan": "multi",
        "percent_diff": 55.34416909240212,
        "profiling_cost": 212.56949594980892,
        "profiling_runtime": 39693.17418771713
    },
    "web_page": {
        "arachne": 64.60789515968486,
        "arachne_runtime": 12384.80258018184,
        "bq": 143.4592423439026,
        "bq_baseline_runtime": 29591.187000000005,
        "multi_cloud_plan": "aws",
        "percent_diff": 54.96428525336425,
        "profiling_cost": 212.99442743062576,
        "profiling_runtime": 46044.79838279226
    },
    "web_returns": {
        "arachne": 62.68729778274906,
        "arachne_runtime": 11411.52057025801,
        "bq": 125.60149145126343,
        "bq_baseline_runtime": 27105.240000000005,
        "multi_cloud_plan": "aws",
        "percent_diff": 50.09032372272958,
        "profiling_cost": 192.415291390781,