{
    "call_center": {
        "arachne": 23.963066152075708,
        "arachne_runtime": 24335.942000000003,
        "bq": 48.87968611822128,
        "bq_baseline_runtime": 22535.942000000003,
        "multi_cloud_plan": "gcp",
        "percent_diff": 50.97540910119961,
        "profiling_cost": 156.2946375248268,
        "profiling_runtime": 38377.247599451075
    },
    "catalog_page": {
        "arachne": 23.42505435133886,
        "arachne_runtime": 23991.388000000006,
        "bq": 48.34167431748444,
        "bq_baseline_runtime": 22191.388000000006,
        "multi_cloud_plan": "gcp",
        "percent_diff": 51.542732679272596,
        "profiling_cost": 150.94713911567322,
        "profiling_runtime": 37915.58648322869
    },
    "catalog_returns": {
        "arachne": 21.501992066630834,
        "arachne_runtime": 22610.548000000003,
        "bq": 46.007351794714396,
        "bq_baseline_runtime": 20810.548000000003,
        "multi_cloud_plan": "gcp",
        "percent_diff": 53.264008407671234,
        "profiling_cost": 143.82798560570356,
        "profiling_runtime": 35883.13387670327
    },
    "catalog_sales": {
        "arachne": 12.893690287265295,
        "arachne_runtime": 14111.432999999999,
        "bq": 34.28300090825027,
        "bq_baseline_runtime": 12311.432999999999,
        "multi_cloud_plan": "gcp",
        "percent_diff": 62.390426900573914,
        "profiling_cost": 103.93245485682132,
        "profiling_runtime": 24009.646965654374
    },
    "customer": {
        "arachne": 16.365361721394894,
        "arachne_runtime": 18836.071000000004,
        "bq": 40.21780875261095,
        "bq_baseline_runtime": 17036.071000000004,
        "multi_cloud_plan": "gcp",
        "percent_diff": 59.30817160611106,
        "profiling_cost": 134.7636202759421,
        "profiling_runtime": 28933.501558443077
    },
    "customer_address": {
        "arachne": 19.592712355847933,
        "arachne_runtime": 19256.847,
        "bq": 44.309417336863945,
        "bq_baseline_runtime": 17456.847,
        "multi_cloud_plan": "gcp",
        "percent_diff": 55.78205823178936,
        "profiling_cost": 139.70996241815686,
        "profiling_runtime": 31380.431611415872
    },
    "customer_demographics": {
        "arachne": 22.638459131347908,
        "arachne_runtime": 22522.905,
        "bq": 47.4374608259519,
        "bq_baseline_runtime": 20722.905,
        "multi_cloud_plan": "gcp",
        "percent_diff": 52.277253594140625,
        "profiling_cost": 147.29914856620266,
        "profiling_runtime": 35439.92039373398
    },
    "date_dim": {
        "arachne": 3.4172962473021613,
        "arachne_runtime": 4606.467000000001,
        "bq": 4.217349316305585,
        "bq_baseline_runtime": 2806.467,
        "multi_cloud_plan": "gcp",
        "percent_diff": 18.97051937125932,
        "profiling_cost": 67.72714211869679,
        "profiling_runtime": 10133.542127124787
    },
    "household_demographics": {
        "arachne": 22.68136931728633,
        "arachne_runtime": 22814.381999999998,
        "bq": 47.530928345521296,
        "bq_baseline_runtime": 21014.381999999998,
        "multi_cloud_plan": "gcp",
        "percent_diff": 52.28081986447562,
        "profiling_cost": 149.85523832206044,
        "profiling_runtime": 36530.85917881203
    },
    "income_band": {
        "arachne": 24.424538247954626,
        "arachne_runtime": 24919.845,
        "bq": 49.319926304027774,
        "bq_baseline_runtime": 23119.845,
        "multi_cloud_plan": "gcp",
        "percent_diff": 50.47734236788597,
        "profiling_cost": 157.84234454228198,
        "profiling_runtime": 39106.978546352395
    },
    "inventory": {
        "arachne": 24.13176319242959,
        "arachne_runtime": 24580.508000000013,
        "bq": 44.05401665987438,
        "bq_baseline_runtime": 22780.508000000013,
        "multi_cloud_plan": "gcp",
        "percent_diff": 45.22233153280329,
        "profiling_cost": 156.5080818394974,
        "profiling_runtime": 38666.65150819589
    },
    "item": {
        "arachne": 11.661086643428272,
        "arachne_runtime": 12560.929999999998,
        "bq": 13.034762937336497,
        "bq_baseline_runtime": 10760.929999999998,
        "multi_cloud_plan": "gcp",
        "percent_diff": 10.538559853463052,
        "profiling_cost": 95.87077579803432,
        "profiling_runtime": 22146.709052019116
    },
    "promotion": {
        "arachne": 23.06720159715922,
        "arachne_runtime": 23888.078999999998,
        "bq": 47.88743520183563,
        "bq_baseline_runtime": 22088.078999999998,
        "multi_cloud_plan": "gcp",
        "percent_diff": 51.83036740235567,
        "profiling_cost": 151.04254146724017,
        "profiling_runtime": 37673.56261611366
    },
    "reason": {
        "arachne": 23.02353659633642,
        "arachne_runtime": 24036.369000000002,
        "bq": 47.94015656248198,
        "bq_baseline_runtime": 22236.369000000002,
        "multi_cloud_plan": "gcp",
        "percent_diff": 51.97442343282903,
        "profiling_cost": 154.21577695210573,
        "profiling_runtime": 37905.85649542237
    },
    "ship_mode": {
        "arachne": 24.051516000285194,
        "arachne_runtime": 24590.987,
        "bq": 48.96813596643075,
        "bq_baseline_runtime": 22790.987,
        "multi_cloud_plan": "gcp",
        "percent_diff": 50.88333356864291,
        "profiling_cost": 156.83189570085167,
        "profiling_runtime": 38708.12632776452
    },
    "store": {
        "arachne": 15.726518441862531,
        "arachne_runtime": 14921.645999999999,
        "bq": 19.68028301834265,
        "bq_baseline_runtime": 13121.645999999999,
        "multi_cloud_plan": "gcp",
        "percent_diff": 20.089978242665943,
        "profiling_cost": 116.05604773660147,
        "profiling_runtime": 26021.381744953156
    },
    "store_returns": {
        "arachne": 20.679596649009433,
        "arachne_runtime": 20925.849000000002,
        "bq": 44.15852810693315,
        "bq_baseline_runtime": 19125.849000000002,
        "multi_cloud_plan": "gcp",
        "percent_diff": 53.169642341945234,
        "profiling_cost": 139.4685644261181,
        "profiling_runtime": 33944.34172012712
    },
    "store_sales": {
        "arachne": 2.8313039221498704,
        "arachne_runtime": 4674.906999999999,
        "bq": 4.368921203902032,
        "bq_baseline_runtime": 2874.9069999999997,
        "multi_cloud_plan": "gcp",
        "percent_diff": 35.1944383977185,
        "profiling_cost": 66.4790899325383,
        "profiling_runtime": 10859.924486095428
    },
    "time_dim": {
        "arachne": 23.342926408959535,
        "arachne_runtime": 23629.506,
        "bq": 48.23144419005976,
        "bq_baseline_runtime": 21829.506,
        "multi_cloud_plan": "gcp",
        "percent_diff": 51.602265283670725,
        "profiling_cost": 153.49002374568096,
        "profiling_runtime": 37617.30912824249
    },
    "warehouse": {
        "arachne": 23.708653666341082,
        "arachne_runtime": 24374.015999999996,
        "bq": 48.59635633896456,
        "bq_baseline_runtime": 22574.015999999996,
        "multi_cloud_plan": "gcp",
        "percent_diff": 51.213104330351854,
        "profiling_cost": 155.41372753690197,
        "profiling_runtime": 38291.60126849747
    },
    "web_page": {
        "arachne": 24.04945367551225,
        "arachne_runtime": 24477.912,
        "bq": 48.96607364165781,
        "bq_baseline_runtime": 22677.912,
        "multi_cloud_plan": "gcp",
        "percent_diff": 50.88547664346071,
        "profiling_cost": 154.91946688898523,
        "profiling_runtime": 38482.537289916996
    },
    "web_returns": {
        "arachne": 21.36650900461521,
        "arachne_runtime": 22459.777000000006,
        "bq": 45.87528124503557,
        "bq_baseline_runtime": 20659.777000000006,
        "multi_cloud_plan": "gcp",
        "percent_diff": 53.42478906998003,
        "profiling_cost": 143.80074982581098,