{
    "call_center": {
        "arachne": 56.33115577697754,
        "arachne_runtime": 29449.216999999997,
        "bq": 56.33115577697754,
        "bq_baseline_runtime": 29449.216999999997,
        "multi_cloud_plan": "gcp",
        "percent_diff": 0.0,
        "profiling_cost": 125.91093116088894,
        "profiling_runtime": 45939.66304227086
    },
    "catalog_page": {
        "arachne": 53.20744228363037,
        "arachne_runtime": 29104.662999999997,
        "bq": 53.20744228363037,
        "bq_baseline_runtime": 29104.662999999997,
        "multi_cloud_plan": "gcp",
        "percent_diff": 0.0,
        "profiling_cost": 122.64182931203273,
        "profiling_runtime": 45475.15293996299
    },
    "catalog_returns": {
        "arachne": 46.60341167449951,
        "arachne_runtime": 20833.994000000006,
        "bq": 46.60341167449951,
        "bq_baseline_runtime": 20833.994000000006,
        "multi_cloud_plan": "gcp",
        "percent_diff": 0.0,
        "profiling_cost": 111.85962548722092,
        "profiling_runtime": 35022.07200460514
    },
    "catalog_sales": {
        "arachne": 24.921154975891113,
        "arachne_runtime": 12311.433,
        "bq": 24.921154975891113,
        "bq_baseline_runtime": 12311.433,
        "multi_cloud_plan": "gcp",
        "percent_diff": 0.0,
        "profiling_cost": 70.16752584451307,
        "profiling_runtime": 21606.498340940376
    },
    "customer": {
        "arachne": 44.565218925476074,
        "arachne_runtime": 23349.04100000001,
        "bq": 44.565218925476074,
        "bq_baseline_runtime": 23349.04100000001,
        "multi_cloud_plan": "gcp",
        "percent_diff": 0.0,
        "profiling_cost": 108.99247682535741,
        "profiling_runtime": 35665.719134694235
    },
    "customer_address": {
        "arachne": 46.06608867645264,
        "arachne_runtime": 23769.81700000001,
        "bq": 46.06608867645264,
        "bq_baseline_runtime": 23769.81700000001,
        "multi_cloud_plan": "gcp",
        "percent_diff": 0.0,
        "profiling_cost": 113.01318766876497,
        "profiling_runtime": 38109.025570908285
    },
    "customer_demographics": {
        "arachne": 49.72068786621094,
        "arachne_runtime": 21214.163,
        "bq": 49.72068786621094,
        "bq_baseline_runtime": 21214.163,
        "multi_cloud_plan": "gcp",
        "percent_diff": 0.0,
        "profiling_cost": 117.26195109280148,
        "profiling_runtime": 36021.499772808806
    },
    "date_dim": {
        "arachne": 6.362671852111816,
        "arachne_runtime": 2806.4669999999996,
        "bq": 6.362671852111816,
        "bq_baseline_runtime": 2806.4669999999996,
        "multi_cloud_plan": "gcp",
        "percent_diff": 0.0,
        "profiling_cost": 63.94324172501109,
        "profiling_runtime": 9383.245532003053
    },
    "household_demographics": {
        "arachne": 50.6755313873291,
        "arachne_runtime": 21505.640000000003,
        "bq": 50.6755313873291,
        "bq_baseline_runtime": 21505.640000000003,
        "multi_cloud_plan": "gcp",
        "percent_diff": 0.0,
        "profiling_cost": 119.18911859444275,
        "profiling_runtime": 37115.19343576986
    },
    "income_band": {
        "arachne": 55.45150852203369,
        "arachne_runtime": 29432.81500000001,
        "bq": 55.45150852203369,
        "bq_baseline_runtime": 29432.81500000001,
        "multi_cloud_plan": "gcp",
        "percent_diff": 0.0,
        "profiling_cost": 124.94516512038624,
        "profiling_runtime": 45852.10797049994
    },
    "inventory": {
        "arachne": 56.102291107177734,
        "arachne_runtime": 23872.070999999993,
        "bq": 56.102291107177734,
        "bq_baseline_runtime": 23872.070999999993,
        "multi_cloud_plan": "gcp",
        "percent_diff": 0.0,
        "profiling_cost": 124.49038227297822,
        "profiling_runtime": 39879.26604892687
    },
    "item": {
        "arachne": 21.087495803833008,
        "arachne_runtime": 11228.741999999998,
        "bq": 21.087495803833008,
        "bq_baseline_runtime": 11228.741999999998,
        "multi_cloud_plan": "gcp",
        "percent_diff": 0.0,
        "profiling_cost": 84.58044185422924,
        "profiling_runtime": 22693.594669565475
    },
    "promotion": {
        "arachne": 51.337952613830566,
        "arachne_runtime": 22579.337,
        "bq": 51.337952613830566,
        "bq_baseline_runtime": 22579.337,
        "multi_cloud_plan": "gcp",
        "percent_diff": 0.0,
        "profiling_cost": 119.9314398787616,
        "profiling_runtime": 38254.908667848635
    },
    "reason": {
        "arachne": 55.20823574066162,
        "arachne_runtime": 29149.64400000001,
        "bq": 55.20823574066162,
        "bq_baseline_runtime": 29149.64400000001,
        "multi_cloud_plan": "gcp",
        "percent_diff": 0.0,
        "profiling_cost": 124.57992073361272,
        "profiling_runtime": 45468.162928412356
    },
    "ship_mode": {
        "arachne": 56.59860706329346,
        "arachne_runtime": 29704.261999999995,
        "bq": 56.59860706329346,
        "bq_baseline_runtime": 29704.261999999995,
        "multi_cloud_plan": "gcp",
        "percent_diff": 0.0,
        "profiling_cost": 126.27007398372713,
        "profiling_runtime": 46270.46367518827
    },
    "store": {
        "arachne": 32.61500644683838,
        "arachne_runtime": 19434.616000000005,
        "bq": 32.61500644683838,
        "bq_baseline_runtime": 19434.616000000005,
        "multi_cloud_plan": "gcp",
        "percent_diff": 0.0,
        "profiling_cost": 98.37154293213175,
        "profiling_runtime": 32766.273416930435
    },
    "store_returns": {
        "arachne": 44.49619102478027,
        "arachne_runtime": 24971.007,
        "bq": 44.49619102478027,
        "bq_baseline_runtime": 24971.007,
        "multi_cloud_plan": "gcp",
        "percent_diff": 0.0,
        "profiling_cost": 108.70919053879449,
        "profiling_runtime": 39062.404095077676
    },
    "store_sales": {
        "arachne": 5.649942398071289,
        "arachne_runtime": 8720.065,
        "bq": 5.649942398071289,
        "bq_baseline_runtime": 8720.065,
        "multi_cloud_plan": "gcp",
        "percent_diff": 0.0,
        "profiling_cost": 40.75945489943838,
        "profiling_runtime": 13770.831041177325
    },
    "time_dim": {
        "arachne": 54.68712329864502,
        "arachne_runtime": 28742.781000000006,
        "bq": 54.68712329864502,
        "bq_baseline_runtime": 28742.781000000006,
        "multi_cloud_plan": "gcp",
        "percent_diff": 0.0,
        "profiling_cost": 124.20158343727053,
        "profiling_runtime": 45179.380580388504
    },
    "warehouse": {
        "arachne": 55.56771469116211,
        "arachne_runtime": 23665.579,
        "bq": 55.56771469116211,
        "bq_baseline_runtime": 23665.579,
        "multi_cloud_plan": "gcp",
        "percent_diff": 0.0,
        "profiling_cost": 124.58728102213564,
        "profiling_runtime": 39693.174187717115
    },
    "web_page": {
        "arachne": 55.532609939575195,
        "arachne_runtime": 29591.186999999998,
        "bq": 55.532609939575195,
        "bq_baseline_runtime": 29591.186999999998,
        "multi_cloud_plan": "gcp",
        "percent_diff": 0.0,
        "profiling_cost": 125.06779502629827,
        "profiling_runtime": 46044.79838279225
    },
    "web_returns": {
        "arachne": 48.61993217468262,
        "arachne_runtime": 27105.240000000005,
        "bq": 48.61993217468262,
        "bq_baseline_runtime": 27105.240000000005,
        "multi_cloud_plan": "gcp",
        "percent_diff": 0.0,
        "profiling_cost": 115.43373211420027,
        "profiling_runtime": 41923.93132459256
    },
    "web_sales": {
        "arachne": 28.90421962738037,
        "arachne_runtime": 19348.599,
        "bq": 28.90421962738037,
        "bq_baseline_runtime": 19348.599,
        "multi_cloud_plan": "gcp",
        "percent_diff": 0.0,
        "profiling_cost": 82.97684925901947,