{
    "call_center": {
        "arachne": 14.14507799615757,
        "arachne_runtime": 12391.856052751747,
        "bq": 93.8852596282959,
        "bq_baseline_runtime": 29449.21700000001,
        "multi_cloud_plan": "aws",
        "percent_diff": 84.9336540665065,
        "profiling_cost": 113.01168445433609,
        "profiling_runtime": 45939.66304227086
    },
    "catalog_page": {
        "arachne": 13.964536912111434,
        "arachne_runtime": 12242.688609301207,
        "bq": 88.67907047271729,
        "bq_baseline_runtime": 29104.662999999986,
        "multi_cloud_plan": "aws",
        "percent_diff": 84.25272520599127,
        "profiling_cost": 107.66030999272934,
        "profiling_runtime": 45475.15293996299
    },
    "catalog_returns": {
        "arachne": 12.39863035398627,
        "arachne_runtime": 10929.880527023051,
        "bq": 77.67235279083252,
        "bq_baseline_runtime": 20833.994000000002,
        "multi_cloud_plan": "aws",
        "percent_diff": 84.03726691867423,
        "profiling_cost": 94.03638946395877,
        "profiling_runtime": 35022.07200460514
    },
    "catalog_sales": {
        "arachne": 8.048927292081142,
        "arachne_runtime": 7137.273044487346,
        "bq": 41.535258293151855,
        "bq_baseline_runtime": 12311.433,
        "multi_cloud_plan": "multi",
        "percent_diff": 80.6214584359327,
        "profiling_cost": 52.20496660110965,
        "profiling_runtime": 21606.49834094038
    },
    "customer": {
        "arachne": 11.08153117406336,
        "arachne_runtime": 9844.562218824733,
        "bq": 74.27536487579346,
        "bq_baseline_runtime": 23349.041000000005,
        "multi_cloud_plan": "aws",
        "percent_diff": 85.08047561584601,
        "profiling_cost": 88.35169164171164,
        "profiling_runtime": 35665.71913469423
    },
    "customer_address": {
        "arachne": 12.532958676950637,
        "arachne_runtime": 11044.705378627736,
        "bq": 76.7768144607544,
        "bq_baseline_runtime": 23769.817000000006,
        "multi_cloud_plan": "aws",
        "percent_diff": 83.67611528952266,
        "profiling_cost": 93.2999535898436,
        "profiling_runtime": 38109.0255709083
    },
    "customer_demographics": {
        "arachne": 12.951194121889438,
        "arachne_runtime": 11405.447698060983,
        "bq": 82.86781311035156,
        "bq_baseline_runtime": 21214.16300000001,
        "multi_cloud_plan": "aws",
        "percent_diff": 84.3712611256642,
        "profiling_cost": 99.9571142946402,
        "profiling_runtime": 36021.49977280882
    },
    "date_dim": {
        "arachne": 3.794580508839549,
        "arachne_runtime": 3375.330237419177,
        "bq": 10.604453086853027,
        "bq_baseline_runtime": 2806.467,
        "multi_cloud_plan": "multi",
        "percent_diff": 64.21710315693775,
        "profiling_cost": 17.731910393057692,
        "profiling_runtime": 9383.245532003053
    },
    "household_demographics": {
        "arachne": 13.529092939504546,
        "arachne_runtime": 11882.931394599007,
        "bq": 84.45921897888184,
        "bq_baseline_runtime": 21505.639999999996,
        "multi_cloud_plan": "aws",
        "percent_diff": 83.9815083503349,
        "profiling_cost": 102.51945869534202,
        "profiling_runtime": 37115.19343576987
    },
    "income_band": {
        "arachne": 14.031876360975481,
        "arachne_runtime": 12298.327768549882,
        "bq": 92.41918087005615,
        "bq_baseline_runtime": 29432.81500000001,
        "multi_cloud_plan": "aws",
        "percent_diff": 84.8171383592929,
        "profiling_cost": 111.45948581809616,
        "profiling_runtime": 45852.107970499965
    },
    "inventory": {
        "arachne": 13.850937062489407,
        "arachne_runtime": 12140.836991332564,
        "bq": 93.50381851196289,
        "bq_baseline_runtime": 23872.071,
        "multi_cloud_plan": "aws",
        "percent_diff": 85.18676853746105,
        "profiling_cost": 112.054843963948,
        "profiling_runtime": 39879.26604892687
    },
    "item": {
        "arachne": 9.395635948689131,
        "arachne_runtime": 8457.427555754077,
        "bq": 35.14582633972168,
        "bq_baseline_runtime": 11228.741999999998,
        "multi_cloud_plan": "aws",
        "percent_diff": 73.26670923064847,
        "profiling_cost": 48.189608475981274,
        "profiling_runtime": 22693.594669565475
    },
    "promotion": {
        "arachne": 13.487289310748341,
        "arachne_runtime": 11848.384502016102,
        "bq": 85.56325435638428,
        "bq_baseline_runtime": 22579.337000000007,
        "multi_cloud_plan": "aws",
        "percent_diff": 84.23705431472759,
        "profiling_cost": 103.70339907587301,
        "profiling_runtime": 38254.90866784862
    },
    "reason": {
        "arachne": 14.115080697799149,
        "arachne_runtime": 12367.072004107387,
        "bq": 92.01372623443604,
        "bq_baseline_runtime": 29149.643999999993,
        "multi_cloud_plan": "aws",
        "percent_diff": 84.65980970943812,
        "profiling_cost": 110.93205968950384,
        "profiling_runtime": 45468.16292841234
    },
    "ship_mode": {
        "arachne": 14.265515395157024,
        "arachne_runtime": 12491.362622892579,
        "bq": 94.33101177215576,
        "bq_baseline_runtime": 29704.262000000002,
        "multi_cloud_plan": "aws",
        "percent_diff": 84.87717334187667,
        "profiling_cost": 113.54912713716013,
        "profiling_runtime": 46270.46367518827
    },
    "store": {
        "arachne": 11.251466062522217,
        "arachne_runtime": 10001.131011604424,
        "bq": 54.358344078063965,
        "bq_baseline_runtime": 19434.616,
        "multi_cloud_plan": "aws",
        "percent_diff": 79.30130828421852,
        "profiling_cost": 69.66154076773806,
        "profiling_runtime": 32766.27341693042
    },
    "store_returns": {
        "arachne": 12.299788425649929,
        "arachne_runtime": 10834.616348537711,
        "bq": 74.16031837463379,
        "bq_baseline_runtime": 24971.006999999998,
        "multi_cloud_plan": "aws",
        "percent_diff": 83.41459597905796,
        "profiling_cost": 90.42198080514437,
        "profiling_runtime": 39062.40409507769
    },
    "store_sales": {
        "arachne": 4.311999038972522,
        "arachne_runtime": 3929.3362100521063,
        "bq": 9.416570663452148,
        "bq_baseline_runtime": 8720.064999999999,
        "multi_cloud_plan": "multi",
        "percent_diff": 54.208392916241046,
        "profiling_cost": 15.03633483671465,
        "profiling_runtime": 13770.831041177322
    },
    "time_dim": {
        "arachne": 14.18601420848831,
        "arachne_runtime": 12425.67607784793,
        "bq": 91.1452054977417,
        "bq_baseline_runtime": 28742.781000000014,
        "multi_cloud_plan": "aws",
        "percent_diff": 84.43580862973667,
        "profiling_cost": 110.20645967984856,
        "profiling_runtime": 45179.380580388526
    },
    "warehouse": {
        "arachne": 13.9764870961271,
        "arachne_runtime": 12252.572872438563,
        "bq": 92.61285781860352,
        "bq_baseline_runtime": 23665.579000000005,
        "multi_cloud_plan": "aws",
        "percent_diff": 84.90869688580153,
        "profiling_cost": 111.17907278670783,
        "profiling_runtime": 39693.17418771712
    },
    "web_page": {
        "arachne": 14.143229151547065,
        "arachne_runtime": 12390.328419182544,
        "bq": 92.55434989929199,
        "bq_baseline_runtime": 29591.18700000002,
        "multi_cloud_plan": "aws",
        "percent_diff": 84.71900114156034,
        "profiling_cost": 111.63619214821209,
        "profiling_runtime": 46044.79838279227
    },
    "web_returns": {
        "arachne": 12.984663564593541,
        "arachne_runtime": 11407.152731648315,
        "bq": 81.0332202911377,
        "bq_baseline_runtime": 27105.240000000005,
        "multi_cloud_plan": "aws",
        "percent_diff": 83.9761229802518,
        "profiling_cost": 98.14793719037321,