{
    "call_center": {
        "arachne": 77.21176619349652,
        "arachne_runtime": 12391.856052751747,
        "bq": 93.8852596282959,
        "bq_baseline_runtime": 29449.217,
        "multi_cloud_plan": "aws",
        "percent_diff": 17.759436892236266,
        "profiling_cost": 176.078372651675,
        "profiling_runtime": 45939.663042270855
    },
    "catalog_page": {
        "arachne": 77.03097129759924,
        "arachne_runtime": 12242.688609301205,
        "bq": 88.67907047271729,
        "bq_baseline_runtime": 29104.663000000004,
        "multi_cloud_plan": "aws",
        "percent_diff": 13.135116451972356,
        "profiling_cost": 170.72674437821715,
        "profiling_runtime": 45475.15293996298
    },
    "catalog_returns": {
        "arachne": 73.20429732330092,
        "arachne_runtime": 11150.92796210095,
        "bq": 77.67235279083252,
        "bq_baseline_runtime": 20833.993999999995,
        "multi_cloud_plan": "multi",
        "percent_diff": 5.752439969938638,
        "profiling_cost": 155.1516108884527,
        "profiling_runtime": 35022.07200460514
    },
    "catalog_sales": {
        "arachne": 40.17500610796015,
        "arachne_runtime": 8165.579752677705,
        "bq": 41.535258293151855,
        "bq_baseline_runtime": 12311.433,
        "multi_cloud_plan": "multi",
        "percent_diff": 3.2749337336274054,
        "profiling_cost": 95.42579480193984,
        "profiling_runtime": 21606.498340940376
    },
    "customer": {
        "arachne": 74.02019501468321,
        "arachne_runtime": 9844.562218824733,
        "bq": 74.27536487579346,
        "bq_baseline_runtime": 23349.041000000005,
        "multi_cloud_plan": "aws",
        "percent_diff": 0.34354575239980706,
        "profiling_cost": 151.29035555916562,
        "profiling_runtime": 35665.71913469423
    },
    "customer_address": {
        "arachne": 75.56290842914545,
        "arachne_runtime": 11044.705378627736,
        "bq": 76.7768144607544,
        "bq_baseline_runtime": 23769.81700000002,
        "multi_cloud_plan": "aws",
        "percent_diff": 1.5810841334520969,
        "profiling_cost": 156.32990341887248,
        "profiling_runtime": 38109.02557090831
    },
    "customer_demographics": {
        "arachne": 76.0161465979327,
        "arachne_runtime": 11405.447698060982,
        "bq": 82.86781311035156,
        "bq_baseline_runtime": 21214.163,
        "multi_cloud_plan": "aws",
        "percent_diff": 8.26818791910773,
        "profiling_cost": 163.02206684751758,
        "profiling_runtime": 36021.49977280882
    },
    "date_dim": {
        "arachne": 10.604453086853027,
        "arachne_runtime": 2806.467,
        "bq": 10.604453086853027,
        "bq_baseline_runtime": 2806.467,
        "multi_cloud_plan": "gcp",
        "percent_diff": 0.0,
        "profiling_cost": 80.79830110142599,
        "profiling_runtime": 9383.245532003053
    },
    "household_demographics": {
        "arachne": 76.59577722598716,
        "arachne_runtime": 11882.931394599005,
        "bq": 84.45921897888184,
        "bq_baseline_runtime": 21505.640000000007,
        "multi_cloud_plan": "aws",
        "percent_diff": 9.310341544670033,
        "profiling_cost": 165.58614305865876,
        "profiling_runtime": 37115.19343576986
    },
    "income_band": {
        "arachne": 77.09856592386613,
        "arachne_runtime": 12298.327768549883,
        "bq": 92.41918087005615,
        "bq_baseline_runtime": 29432.815000000017,
        "multi_cloud_plan": "aws",
        "percent_diff": 16.577310902302,
        "profiling_cost": 174.52617538098673,
        "profiling_runtime": 45852.10797049997
    },
    "inventory": {
        "arachne": 76.14726920475864,
        "arachne_runtime": 12140.836991332566,
        "bq": 93.50381851196289,
        "bq_baseline_runtime": 23872.071,
        "multi_cloud_plan": "aws",
        "percent_diff": 18.562396256558923,
        "profiling_cost": 174.35117610621725,
        "profiling_runtime": 39879.266048926875
    },
    "item": {
        "arachne": 35.14582633972168,
        "arachne_runtime": 11228.742,
        "bq": 35.14582633972168,
        "bq_baseline_runtime": 11228.742,
        "multi_cloud_plan": "gcp",
        "percent_diff": 0.0,
        "profiling_cost": 111.25106336865204,
        "profiling_runtime": 22693.594669565475
    },
    "promotion": {
        "arachne": 76.5539674925512,
        "arachne_runtime": 11848.384502016102,
        "bq": 85.56325435638428,
        "bq_baseline_runtime": 22579.337,
        "multi_cloud_plan": "aws",
        "percent_diff": 10.529387798070418,
        "profiling_cost": 166.77007725767587,
        "profiling_runtime": 38254.90866784862
    },
    "reason": {
        "arachne": 77.18177012015326,
        "arachne_runtime": 12367.072004107387,
        "bq": 92.01372623443604,
        "bq_baseline_runtime": 29149.644000000008,
        "multi_cloud_plan": "aws",
        "percent_diff": 16.1192864600368,
        "profiling_cost": 173.99874911185793,
        "profiling_runtime": 45468.16292841235
    },
    "ship_mode": {
        "arachne": 77.33220483944379,
        "arachne_runtime": 12491.362622892577,
        "bq": 94.33101177215576,
        "bq_baseline_runtime": 29704.262,
        "multi_cloud_plan": "aws",
        "percent_diff": 18.02038016275111,
        "profiling_cost": 176.6158165814468,
        "profiling_runtime": 46270.46367518826
    },
    "store": {
        "arachne": 54.358344078063965,
        "arachne_runtime": 19434.616,
        "bq": 54.358344078063965,
        "bq_baseline_runtime": 19434.616,
        "multi_cloud_plan": "gcp",
        "percent_diff": 0.0,
        "profiling_cost": 132.72821551226207,
        "profiling_runtime": 32766.273416930435
    },
    "store_returns": {
        "arachne": 70.81135608444626,
        "arachne_runtime": 16687.455489284155,
        "bq": 74.16031837463379,
        "bq_baseline_runtime": 24971.007,
        "multi_cloud_plan": "multi",
        "percent_diff": 4.515841306491784,
        "profiling_cost": 150.36115215952384,
        "profiling_runtime": 39062.40409507767
    },
    "store_sales": {
        "arachne": 9.416570663452148,
        "arachne_runtime": 8720.064999999999,
        "bq": 9.416570663452148,
        "bq_baseline_runtime": 8720.064999999999,
        "multi_cloud_plan": "gcp",
        "percent_diff": 0.0,
        "profiling_cost": 51.89852024684541,
        "profiling_runtime": 13770.831041177325
    },
    "time_dim": {
        "arachne": 77.25252165413661,
        "arachne_runtime": 12425.676077847927,
        "bq": 91.1452054977417,
        "bq_baseline_runtime": 28742.781000000003,
        "multi_cloud_plan": "aws",
        "percent_diff": 15.24236383881904,
        "profiling_cost": 173.27296712549682,
        "profiling_runtime": 45179.380580388526
    },
    "warehouse": {
        "arachne": 76.37226255095351,
        "arachne_runtime": 12275.803224479616,
        "bq": 92.61285781860352,
        "bq_baseline_runtime": 23665.579000000012,
        "multi_cloud_plan": "multi",
        "percent_diff": 17.53600488115776,
        "profiling_cost": 174.24576199029434,
        "profiling_runtime": 39693.17418771712
    },
    "web_page": {
        "arachne": 77.20990769880089,
        "arachne_runtime": 12390.328419182544,
        "bq": 92.55434989929199,
        "bq_baseline_runtime": 29591.186999999998,
        "multi_cloud_plan": "aws",
        "percent_diff": 16.578844989119716,
        "profiling_cost": 174.7028706954659,
        "profiling_runtime": 46044.79838279224
    },
    "web_returns": {
        "arachne": 75.10826211070923,
        "arachne_runtime": 11407.152731648315,
        "bq": 81.0332202911377,
        "bq_baseline_runtime": 27105.240000000013,
        "multi_cloud_plan": "aws",
        "percent_diff": 7.311764433328897,
        "profiling_cost": 160.27179099072583,
        "profiling_runtime": 41923.93132459257
    },
    "web_sales": {
        "arachne": 46.81344719377558,