{
    "call_center": {
        "arachne": 75.70825137808035,
        "arachne_runtime": 77745.15296165147,
        "bq": 236.39038562774658,
        "bq_baseline_runtime": 105783.20399999998,
        "multi_cloud_plan": "aws",
        "percent_diff": 67.97321042603603,
        "profiling_cost": 321.4712752203541,
        "profiling_runtime": 213989.02469704306
    },
    "catalog_page": {
        "arachne": 75.36789903868534,
        "arachne_runtime": 76639.15417141575,
        "bq": 221.7094898223877,
        "bq_baseline_runtime": 105810.44800000002,
        "multi_cloud_plan": "aws",
        "percent_diff": 66.00601124513757,
        "profiling_cost": 306.5484071268432,
        "profiling_runtime": 213230.01045422597
    },
    "catalog_returns": {
        "arachne": 71.41724205189483,
        "arachne_runtime": 69561.02042462878,
        "bq": 193.60082626342773,
        "bq_baseline_runtime": 91777.65499999998,
        "multi_cloud_plan": "aws",
        "percent_diff": 63.11108613001517,
        "profiling_cost": 272.791674596638,
        "profiling_runtime": 186619.01741110414
    },
    "catalog_sales": {
        "arachne": 46.830461602250175,
        "arachne_runtime": 42285.63729995204,
        "bq": 104.23612117767334,
        "bq_baseline_runtime": 57335.019000000015,
        "multi_cloud_plan": "multi",
        "percent_diff": 55.07271272841555,
        "profiling_cost": 157.10436741692615,
        "profiling_runtime": 114303.73803942103
    },
    "customer": {
        "arachne": 70.61558393648362,
        "arachne_runtime": 61353.49901735192,
        "bq": 185.87164402008057,
        "bq_baseline_runtime": 77589.223,
        "multi_cloud_plan": "aws",
        "percent_diff": 62.00841483445711,
        "profiling_cost": 263.50399940386166,
        "profiling_runtime": 161747.09570215383
    },
    "customer_address": {
        "arachne": 73.67003447832529,
        "arachne_runtime": 71166.61625690307,
        "bq": 193.4046506881714,
        "bq_baseline_runtime": 80994.65000000002,
        "multi_cloud_plan": "aws",
        "percent_diff": 61.90886092128965,
        "profiling_cost": 275.28799232770604,
        "profiling_runtime": 178854.15962458923
    },
    "customer_demographics": {
        "arachne": 74.14393834068159,
        "arachne_runtime": 72664.0919519818,
        "bq": 207.4698543548584,
        "bq_baseline_runtime": 91655.29499999998,
        "multi_cloud_plan": "aws",
        "percent_diff": 64.26278961286343,
        "profiling_cost": 289.78088165637695,
        "profiling_runtime": 190861.93728993047
    },
    "date_dim": {
        "arachne": 28.19988250732422,
        "arachne_runtime": 12509.483999999999,
        "bq": 28.19988250732422,
        "bq_baseline_runtime": 12509.483999999999,
        "multi_cloud_plan": "gcp",
        "percent_diff": 0.0,
        "profiling_cost": 93.04006936078738,
        "profiling_runtime": 54932.521694803436
    },
    "household_demographics": {
        "arachne": 74.66058760520256,
        "arachne_runtime": 74340.23445773326,
        "bq": 214.5507574081421,
        "bq_baseline_runtime": 93139.92100000005,
        "multi_cloud_plan": "aws",
        "percent_diff": 65.20143368071409,
        "profiling_cost": 297.10863367631896,
        "profiling_runtime": 193145.83249489116
    },
    "income_band": {
        "arachne": 75.30049309556429,
        "arachne_runtime": 76419.91737326808,
        "bq": 232.44556427001953,
        "bq_baseline_runtime": 106110.69599999998,
        "multi_cloud_plan": "aws",
        "percent_diff": 67.60510645490669,
        "profiling_cost": 317.21236389438985,
        "profiling_runtime": 213295.70769838712
    },
    "inventory": {
        "arachne": 75.6839898640613,
        "arachne_runtime": 77727.26639864422,
        "bq": 238.37518692016602,
        "bq_baseline_runtime": 104366.56,
        "multi_cloud_plan": "aws",
        "percent_diff": 68.25005536779777,
        "profiling_cost": 323.1529824086517,
        "profiling_runtime": 211648.48226055223
    },
    "item": {
        "arachne": 67.8030683751834,
        "arachne_runtime": 52114.25888854172,
        "bq": 93.05500507354736,
        "bq_baseline_runtime": 48002.555000000015,
        "multi_cloud_plan": "aws",
        "percent_diff": 27.136570116143382,
        "profiling_cost": 167.14161867021235,
        "profiling_runtime": 120477.78836579094
    },
    "promotion": {
        "arachne": 74.84077065574994,
        "arachne_runtime": 74925.80327126585,
        "bq": 215.28478145599365,
        "bq_baseline_runtime": 97716.66100000001,
        "multi_cloud_plan": "aws",
        "percent_diff": 65.2363858933298,
        "profiling_cost": 299.0782588142185,
        "profiling_runtime": 201738.33410860333
    },
    "reason": {
        "arachne": 75.43051415266167,
        "arachne_runtime": 76842.49231142426,
        "bq": 230.7737159729004,
        "bq_baseline_runtime": 104568.12200000002,
        "multi_cloud_plan": "aws",
        "percent_diff": 67.31407914689929,
        "profiling_cost": 315.3284018487883,
        "profiling_runtime": 211063.75381638718
    },
    "ship_mode": {
        "arachne": 75.7094931132573,
        "arachne_runtime": 77749.18763595601,
        "bq": 237.4097490310669,
        "bq_baseline_runtime": 106991.29199999997,
        "multi_cloud_plan": "aws",
        "percent_diff": 68.11020043521881,
        "profiling_cost": 322.3978220117026,
        "profiling_runtime": 214895.45314770527
    },
    "store": {
        "arachne": 70.00429456249407,
        "arachne_runtime": 59207.21580753816,
        "bq": 136.7197608947754,
        "bq_baseline_runtime": 60536.157000000014,
        "multi_cloud_plan": "aws",
        "percent_diff": 48.797237426145024,
        "profiling_cost": 212.50398737455697,
        "profiling_runtime": 138527.37317976716
    },
    "store_returns": {
        "arachne": 69.25381588094172,
        "arachne_runtime": 65857.47820278132,
        "bq": 185.66169261932373,
        "bq_baseline_runtime": 87304.47600000004,
        "multi_cloud_plan": "aws",
        "percent_diff": 62.69892032981834,
        "profiling_cost": 261.15547978948615,
        "profiling_runtime": 173462.36712341776
    },
    "store_sales": {
        "arachne": 21.083262952217773,
        "arachne_runtime": 13422.139783464349,
        "bq": 21.086888313293457,
        "bq_baseline_runtime": 13401.668,
        "multi_cloud_plan": "multi",
        "percent_diff": 0.017192489578459882,
        "profiling_cost": 59.22883839860886,
        "profiling_runtime": 39931.55599696369
    },
    "time_dim": {
        "arachne": 75.55735409563368,
        "arachne_runtime": 77255.02674069782,
        "bq": 230.68166732788086,
        "bq_baseline_runtime": 102975.36500000005,
        "multi_cloud_plan": "aws",
        "percent_diff": 67.24605168201782,
        "profiling_cost": 314.9228753144707,
        "profiling_runtime": 208452.47776575087
    },
    "warehouse": {
        "arachne": 75.65101500026458,
        "arachne_runtime": 77559.16398926187,
        "bq": 235.83679676055908,
        "bq_baseline_runtime": 103431.73099999999,
        "multi_cloud_plan": "aws",
        "percent_diff": 67.92230218549325,
        "profiling_cost": 320.40260465382363,
        "profiling_runtime": 209963.51018496213
    },
    "web_page": {
        "arachne": 75.64661295757512,
        "arachne_runtime": 77544.82630181467,
        "bq": 231.70127391815186,
        "bq_baseline_runtime": 105966.09,
        "multi_cloud_plan": "aws",
        "percent_diff": 67.35166290699931,
        "profiling_cost": 316.7541865287884,
        "profiling_runtime": 214080.9853600479
    },
    "web_returns": {
        "arachne": 72.80490686927831,
        "arachne_runtime": 71102.62820347786,
        "bq": 201.80835247039795,
        "bq_baseline_runtime": 97414.90900000001,
        "multi_cloud_plan": "aws",
        "percent_diff": 63.923739538997715,
        "profiling_cost": 282.54859912164915,