{
    "call_center": {
        "arachne": 236.39038562774658,
        "arachne_runtime": 105783.20399999997,
        "bq": 236.39038562774658,
        "bq_baseline_runtime": 105783.20399999997,
        "multi_cloud_plan": "gcp",
        "percent_diff": 0.0,
        "profiling_cost": 493.46299668094986,
        "profiling_runtime": 213989.0246970431
    },
    "catalog_page": {
        "arachne": 221.7094898223877,
        "arachne_runtime": 105810.44800000003,
        "bq": 221.7094898223877,
        "bq_baseline_runtime": 105810.44800000003,
        "multi_cloud_plan": "gcp",
        "percent_diff": 0.0,
        "profiling_cost": 478.53996353309714,
        "profiling_runtime": 213230.01045422602
    },
    "catalog_returns": {
        "arachne": 193.60082626342773,
        "arachne_runtime": 91777.655,
        "bq": 193.60082626342773,
        "bq_baseline_runtime": 91777.655,
        "multi_cloud_plan": "gcp",
        "percent_diff": 0.0,
        "profiling_cost": 438.9418324617749,
        "profiling_runtime": 186619.01741110414
    },
    "catalog_sales": {
        "arachne": 104.23612117767334,
        "arachne_runtime": 57335.019000000015,
        "bq": 104.23612117767334,
        "bq_baseline_runtime": 57335.019000000015,
        "multi_cloud_plan": "gcp",
        "percent_diff": 0.0,
        "profiling_cost": 274.82340537697644,
        "profiling_runtime": 114303.73803942106
    },
    "customer": {
        "arachne": 185.87164402008057,
        "arachne_runtime": 77589.22299999997,
        "bq": 185.87164402008057,
        "bq_baseline_runtime": 77589.22299999997,
        "multi_cloud_plan": "gcp",
        "percent_diff": 0.0,
        "profiling_cost": 435.3336199591377,
        "profiling_runtime": 161747.09570215383
    },
    "customer_address": {
        "arachne": 193.4046506881714,
        "arachne_runtime": 80994.65000000002,
        "bq": 193.4046506881714,
        "bq_baseline_runtime": 80994.65000000002,
        "multi_cloud_plan": "gcp",
        "percent_diff": 0.0,
        "profiling_cost": 447.23335273680203,
        "profiling_runtime": 178854.15962458926
    },
    "customer_demographics": {
        "arachne": 207.4698543548584,
        "arachne_runtime": 91655.29499999997,
        "bq": 207.4698543548584,
        "bq_baseline_runtime": 91655.29499999997,
        "multi_cloud_plan": "gcp",
        "percent_diff": 0.0,
        "profiling_cost": 461.7695625012706,
        "profiling_runtime": 190861.93728993044
    },
    "date_dim": {
        "arachne": 28.19988250732422,
        "arachne_runtime": 12509.484,
        "bq": 28.19988250732422,
        "bq_baseline_runtime": 12509.484,
        "multi_cloud_plan": "gcp",
        "percent_diff": 0.0,
        "profiling_cost": 265.0312934462337,
        "profiling_runtime": 54932.52169480344
    },
    "household_demographics": {
        "arachne": 214.5507574081421,
        "arachne_runtime": 93139.921,
        "bq": 214.5507574081421,
        "bq_baseline_runtime": 93139.921,
        "multi_cloud_plan": "gcp",
        "percent_diff": 0.0,
        "profiling_cost": 469.10034778831385,
        "profiling_runtime": 193145.8324948912
    },
    "income_band": {
        "arachne": 232.44556427001953,
        "arachne_runtime": 106110.69599999997,
        "bq": 232.44556427001953,
        "bq_baseline_runtime": 106110.69599999997,
        "multi_cloud_plan": "gcp",
        "percent_diff": 0.0,
        "profiling_cost": 489.2040866353213,
        "profiling_runtime": 213295.70769838712
    },
    "inventory": {
        "arachne": 238.37518692016602,
        "arachne_runtime": 104366.56,
        "bq": 238.37518692016602,
        "bq_baseline_runtime": 104366.56,
        "multi_cloud_plan": "gcp",
        "percent_diff": 0.0,
        "profiling_cost": 495.08295162697857,
        "profiling_runtime": 211648.48226055212
    },
    "item": {
        "arachne": 93.05500507354736,
        "arachne_runtime": 48002.55500000001,
        "bq": 93.05500507354736,
        "bq_baseline_runtime": 48002.55500000001,
        "multi_cloud_plan": "gcp",
        "percent_diff": 0.0,
        "profiling_cost": 339.1319755225125,
        "profiling_runtime": 120477.78836579094
    },
    "promotion": {
        "arachne": 215.28478145599365,
        "arachne_runtime": 97716.66099999998,
        "bq": 215.28478145599365,
        "bq_baseline_runtime": 97716.66099999998,
        "multi_cloud_plan": "gcp",
        "percent_diff": 0.0,
        "profiling_cost": 471.0699752016673,
        "profiling_runtime": 201738.33410860327
    },
    "reason": {
        "arachne": 230.7737159729004,
        "arachne_runtime": 104568.12199999997,
        "bq": 230.7737159729004,
        "bq_baseline_runtime": 104568.12199999997,
        "multi_cloud_plan": "gcp",
        "percent_diff": 0.0,
        "profiling_cost": 487.32012443255906,
        "profiling_runtime": 211063.75381638715
    },
    "ship_mode": {
        "arachne": 237.4097490310669,
        "arachne_runtime": 106991.292,
        "bq": 237.4097490310669,
        "bq_baseline_runtime": 106991.292,
        "multi_cloud_plan": "gcp",
        "percent_diff": 0.0,
        "profiling_cost": 494.3895445111886,
        "profiling_runtime": 214895.45314770524
    },
    "store": {
        "arachne": 136.7197608947754,
        "arachne_runtime": 60536.15700000002,
        "bq": 136.7197608947754,
        "bq_baseline_runtime": 60536.15700000002,
        "multi_cloud_plan": "gcp",
        "percent_diff": 0.0,
        "profiling_cost": 384.49570432359303,
        "profiling_runtime": 138527.37317976716
    },
    "store_returns": {
        "arachne": 185.66169261932373,
        "arachne_runtime": 87304.47600000004,
        "bq": 185.66169261932373,
        "bq_baseline_runtime": 87304.47600000004,
        "multi_cloud_plan": "gcp",
        "percent_diff": 0.0,
        "profiling_cost": 423.9279207836444,
        "profiling_runtime": 173462.36712341776
    },
    "store_sales": {
        "arachne": 21.086888313293457,
        "arachne_runtime": 13401.668,
        "bq": 21.086888313293457,
        "bq_baseline_runtime": 13401.668,
        "multi_cloud_plan": "gcp",
        "percent_diff": 0.0,
        "profiling_cost": 159.0067893343732,
        "profiling_runtime": 39931.555996963696
    },
    "time_dim": {
        "arachne": 230.68166732788086,
        "arachne_runtime": 102975.365,
        "bq": 230.68166732788086,
        "bq_baseline_runtime": 102975.365,
        "multi_cloud_plan": "gcp",
        "percent_diff": 0.0,
        "profiling_cost": 486.9142956035065,
        "profiling_runtime": 208452.4777657509
    },
    "warehouse": {
        "arachne": 235.83679676055908,
        "arachne_runtime": 103431.73099999996,
        "bq": 235.83679676055908,
        "bq_baseline_runtime": 103431.73099999996,
        "multi_cloud_plan": "gcp",
        "percent_diff": 0.0,
        "profiling_cost": 492.39432696588113,
        "profiling_runtime": 209963.51018496213
    },
    "web_page": {
        "arachne": 231.70127391815186,
        "arachne_runtime": 105966.09,
        "bq": 231.70127391815186,
        "bq_baseline_runtime": 105966.09,
        "multi_cloud_plan": "gcp",
        "percent_diff": 0.0,
        "profiling_cost": 488.74590675771003,
        "profiling_runtime": 214080.98536004793
    },
    "web_returns": {
        "arachne": 201.80835247039795,
        "arachne_runtime": 97414.90900000001,
        "bq": 201.80835247039795,
        "bq_baseline_runtime": 97414.90900000001,
        "multi_cloud_plan": "gcp",
        "percent_diff": 0.0,
        "profiling_cost": 451.70878688108587,
        "profiling_runtime": 194315.0294205994
    },
    "web_sales": {
        "arachne": 119.39703941345215,
        "arachne_runtime": 66566.27100000001,
        "bq": 119.39703941345215,
        "bq_baseline_runtime": 66566.27100000001,
        "multi_cloud_plan": "gcp",
        "percent_diff": 0.0,
        "profiling_cost": 329.14476935089505,