{
    "call_center": {
        "arachne": 96.34725795335184,
        "arachne_runtime": 77745.15296165147,
        "bq": 236.39038562774658,
        "bq_baseline_runtime": 105783.204,
        "multi_cloud_plan": "aws",
        "percent_diff": 59.24231110436372,
        "profiling_cost": 342.11028179562567,
        "profiling_runtime": 213989.0246970431
    },
    "catalog_page": {
        "arachne": 96.00688580743581,
        "arachne_runtime": 76639.15417141575,
        "bq": 221.7094898223877,
        "bq_baseline_runtime": 105810.448,
        "multi_cloud_plan": "aws",
        "percent_diff": 56.69698853019449,
        "profiling_cost": 327.18739389559374,
        "profiling_runtime": 213230.0104542259
    },
    "catalog_returns": {
        "arachne": 91.35524101713769,
        "arachne_runtime": 69561.02042462878,
        "bq": 193.60082626342773,
        "bq_baseline_runtime": 91777.655,
        "multi_cloud_plan": "aws",
        "percent_diff": 52.81257689838941,
        "profiling_cost": 292.7296935404545,
        "profiling_runtime": 186619.0174111041
    },
    "catalog_sales": {
        "arachne": 57.81373669664633,
        "arachne_runtime": 42415.91546061095,
        "bq": 104.23612117767334,
        "bq_baseline_runtime": 57335.019000000015,
        "multi_cloud_plan": "multi",
        "percent_diff": 44.53579426837917,
        "profiling_cost": 171.2306519721322,
        "profiling_runtime": 114303.7380394211
    },
    "customer": {
        "arachne": 91.2351383847045,
        "arachne_runtime": 61353.49901735192,
        "bq": 185.87164402008057,
        "bq_baseline_runtime": 77589.223,
        "multi_cloud_plan": "aws",
        "percent_diff": 50.91497744817496,
        "profiling_cost": 284.12355387049456,
        "profiling_runtime": 161747.09570215386
    },
    "customer_address": {
        "arachne": 94.30347770900455,
        "arachne_runtime": 71166.61625690307,
        "bq": 193.4046506881714,
        "bq_baseline_runtime": 80994.65000000002,
        "multi_cloud_plan": "aws",
        "percent_diff": 51.24032572461188,
        "profiling_cost": 295.9214355767976,
        "profiling_runtime": 178854.15962458926
    },
    "customer_demographics": {
        "arachne": 94.78258002365658,
        "arachne_runtime": 72664.0919519818,
        "bq": 207.4698543548584,
        "bq_baseline_runtime": 91655.295,
        "multi_cloud_plan": "aws",
        "percent_diff": 54.31501105623781,
        "profiling_cost": 310.41952335776404,
        "profiling_runtime": 190861.9372899304
    },
    "date_dim": {
        "arachne": 28.19988250732422,
        "arachne_runtime": 12509.484,
        "bq": 28.19988250732422,
        "bq_baseline_runtime": 12509.484,
        "multi_cloud_plan": "gcp",
        "percent_diff": 0.0,
        "profiling_cost": 113.67901625104098,
        "profiling_runtime": 54932.521694803436
    },
    "household_demographics": {
        "arachne": 95.29959328022973,
        "arachne_runtime": 74340.23445773326,
        "bq": 214.5507574081421,
        "bq_baseline_runtime": 93139.921,
        "multi_cloud_plan": "aws",
        "percent_diff": 55.581795920235166,
        "profiling_cost": 317.7476393697584,
        "profiling_runtime": 193145.83249489116
    },
    "income_band": {
        "arachne": 95.93949982447606,
        "arachne_runtime": 76419.91737326808,
        "bq": 232.44556427001953,
        "bq_baseline_runtime": 106110.696,
        "multi_cloud_plan": "aws",
        "percent_diff": 58.72603543725692,
        "profiling_cost": 337.85137062330176,
        "profiling_runtime": 213295.70769838706
    },
    "inventory": {
        "arachne": 96.31558617026052,
        "arachne_runtime": 77727.26639864422,
        "bq": 238.37518692016602,
        "bq_baseline_runtime": 104366.56000000001,
        "multi_cloud_plan": "aws",
        "percent_diff": 59.594961449356944,
        "profiling_cost": 343.78457871485097,
        "profiling_runtime": 211648.4822605522
    },
    "item": {
        "arachne": 88.0683876244301,
        "arachne_runtime": 47952.0436717868,
        "bq": 93.05500507354736,
        "bq_baseline_runtime": 48002.555000000015,
        "multi_cloud_plan": "multi",
        "percent_diff": 5.358784780223284,
        "profiling_cost": 187.78046149248837,
        "profiling_runtime": 120477.78836579093
    },
    "promotion": {
        "arachne": 95.47977662224379,
        "arachne_runtime": 74925.80327126585,
        "bq": 215.28478145599365,
        "bq_baseline_runtime": 97716.661,
        "multi_cloud_plan": "aws",
        "percent_diff": 55.64954662540287,
        "profiling_cost": 319.71726478071247,
        "profiling_runtime": 201738.3341086033
    },
    "reason": {
        "arachne": 96.06952086271416,
        "arachne_runtime": 76842.49231142426,
        "bq": 230.7737159729004,
        "bq_baseline_runtime": 104568.12199999996,
        "multi_cloud_plan": "aws",
        "percent_diff": 58.37068339533279,
        "profiling_cost": 335.9674085588409,
        "profiling_runtime": 211063.7538163872
    },
    "ship_mode": {
        "arachne": 96.34849981319562,
        "arachne_runtime": 77749.18763595601,
        "bq": 237.4097490310669,
        "bq_baseline_runtime": 106991.29200000003,
        "multi_cloud_plan": "aws",
        "percent_diff": 59.416788819153474,
        "profiling_cost": 343.0368287116409,
        "profiling_runtime": 214895.45314770527
    },
    "store": {
        "arachne": 90.64328061780486,
        "arachne_runtime": 59207.21580753816,
        "bq": 136.7197608947754,
        "bq_baseline_runtime": 60536.157,
        "multi_cloud_plan": "aws",
        "percent_diff": 33.701404958155756,
        "profiling_cost": 233.14299340844133,
        "profiling_runtime": 138527.37317976716
    },
    "store_returns": {
        "arachne": 88.72969896761556,
        "arachne_runtime": 69143.00446361038,
        "bq": 185.66169261932373,
        "bq_baseline_runtime": 87304.47600000001,
        "multi_cloud_plan": "multi",
        "percent_diff": 52.20893566367253,
        "profiling_cost": 280.68817270878486,
        "profiling_runtime": 173462.3671234178
    },
    "store_sales": {
        "arachne": 21.086888313293457,
        "arachne_runtime": 13401.667999999996,
        "bq": 21.086888313293457,
        "bq_baseline_runtime": 13401.667999999996,
        "multi_cloud_plan": "gcp",
        "percent_diff": 0.0,
        "profiling_cost": 71.2021925109005,
        "profiling_runtime": 39931.55599696369
    },
    "time_dim": {
        "arachne": 96.19632453031798,
        "arachne_runtime": 77255.02674069782,
        "bq": 230.68166732788086,
        "bq_baseline_runtime": 102975.36499999998,
        "multi_cloud_plan": "aws",
        "percent_diff": 58.2991029826446,
        "profiling_cost": 335.5618457491549,
        "profiling_runtime": 208452.47776575093
    },
    "warehouse": {
        "arachne": 96.29002163032578,
        "arachne_runtime": 77559.16398926187,
        "bq": 235.83679676055908,
        "bq_baseline_runtime": 103431.731,
        "multi_cloud_plan": "aws",
        "percent_diff": 59.17090846171587,
        "profiling_cost": 341.04161133127064,
        "profiling_runtime": 209963.5101849622
    },
    "web_page": {
        "arachne": 96.28561938504569,
        "arachne_runtime": 77544.82630181467,
        "bq": 231.70127391815186,
        "bq_baseline_runtime": 105966.09000000003,
        "multi_cloud_plan": "aws",
        "percent_diff": 58.444069919504,
        "profiling_cost": 337.3931929562591,
        "profiling_runtime": 214080.98536004784
    },
    "web_returns": {
        "arachne": 93.10410942183717,
        "arachne_runtime": 71102.62820347786,
        "bq": 201.80835247039795,
        "bq_baseline_runtime": 97414.909,
        "multi_cloud_plan": "aws",
        "percent_diff": 53.86508621564905,
        "profiling_cost": 302.8478216527817,
        "profiling_runtime": 194315.02942059934
    },