{
    "call_center": {
        "arachne": 41.3099070859612,
        "arachne_runtime": 77745.15296165147,
        "bq": 236.39038562774658,
        "bq_baseline_runtime": 105783.204,
        "multi_cloud_plan": "aws",
        "percent_diff": 82.5247092954899,
        "profiling_cost": 287.07293092823505,
        "profiling_runtime": 213989.02469704297
    },
    "catalog_page": {
        "arachne": 40.96958775743456,
        "arachne_runtime": 76639.15417141575,
        "bq": 221.7094898223877,
        "bq_baseline_runtime": 105810.44800000002,
        "multi_cloud_plan": "aws",
        "percent_diff": 81.52104910337601,
        "profiling_cost": 272.1500958455924,
        "profiling_runtime": 213230.010454226
    },
    "catalog_returns": {
        "arachne": 38.18724377649003,
        "arachne_runtime": 69561.02042462878,
        "bq": 193.60082626342773,
        "bq_baseline_runtime": 91777.65500000003,
        "multi_cloud_plan": "aws",
        "percent_diff": 80.27526818272479,
        "profiling_cost": 239.56164302361097,
        "profiling_runtime": 186619.01741110414
    },
    "catalog_sales": {
        "arachne": 24.455000600462846,
        "arachne_runtime": 42285.63729995204,
        "bq": 104.23612117767334,
        "bq_baseline_runtime": 57335.019,
        "multi_cloud_plan": "multi",
        "percent_diff": 76.53884246251006,
        "profiling_cost": 133.56055982491594,
        "profiling_runtime": 114303.73803942103
    },
    "customer": {
        "arachne": 36.24965985611548,
        "arachne_runtime": 61353.49901735192,
        "bq": 185.87164402008057,
        "bq_baseline_runtime": 77589.223,
        "multi_cloud_plan": "aws",
        "percent_diff": 80.49747714492736,
        "profiling_cost": 229.1380752928068,
        "profiling_runtime": 161747.0957021538
    },
    "customer_address": {
        "arachne": 39.28096242719319,
        "arachne_runtime": 71166.61625690307,
        "bq": 193.4046506881714,
        "bq_baseline_runtime": 80994.65,
        "multi_cloud_plan": "aws",
        "percent_diff": 79.6897529157526,
        "profiling_cost": 240.89892024588727,
        "profiling_runtime": 178854.15962458926
    },
    "customer_demographics": {
        "arachne": 39.74620220238994,
        "arachne_runtime": 72664.0919519818,
        "bq": 207.4698543548584,
        "bq_baseline_runtime": 91655.29500000001,
        "multi_cloud_plan": "aws",
        "percent_diff": 80.84242054057277,
        "profiling_cost": 255.38314548739856,
        "profiling_runtime": 190861.93728993053
    },
    "date_dim": {
        "arachne": 14.802275556879614,
        "arachne_runtime": 20692.503482911066,
        "bq": 28.19988250732422,
        "bq_baseline_runtime": 12509.484000000002,
        "multi_cloud_plan": "multi",
        "percent_diff": 47.50944244879357,
        "profiling_cost": 58.64182454369815,
        "profiling_runtime": 54932.521694803436
    },
    "household_demographics": {
        "arachne": 40.26224481349066,
        "arachne_runtime": 74340.23445773326,
        "bq": 214.5507574081421,
        "bq_baseline_runtime": 93139.921,
        "multi_cloud_plan": "aws",
        "percent_diff": 81.23416328151227,
        "profiling_cost": 262.7102908539202,
        "profiling_runtime": 193145.83249489113
    },
    "income_band": {
        "arachne": 40.90214854737801,
        "arachne_runtime": 76419.91737326808,
        "bq": 232.44556427001953,
        "bq_baseline_runtime": 106110.696,
        "multi_cloud_plan": "aws",
        "percent_diff": 82.40355815098962,
        "profiling_cost": 282.8140193462036,
        "profiling_runtime": 213295.70769838718
    },
    "inventory": {
        "arachne": 41.29799602039598,
        "arachne_runtime": 77727.26639864422,
        "bq": 238.37518692016602,
        "bq_baseline_runtime": 104366.55999999998,
        "multi_cloud_plan": "aws",
        "percent_diff": 82.67521189853244,
        "profiling_cost": 288.7669885649864,
        "profiling_runtime": 211648.48226055218
    },
    "item": {
        "arachne": 33.41734904131493,
        "arachne_runtime": 52114.25888854172,
        "bq": 93.05500507354736,
        "bq_baseline_runtime": 48002.55500000001,
        "multi_cloud_plan": "aws",
        "percent_diff": 64.08860650224774,
        "profiling_cost": 132.7435472997522,
        "profiling_runtime": 120477.78836579091
    },
    "promotion": {
        "arachne": 40.44242737826015,
        "arachne_runtime": 74925.80327126585,
        "bq": 215.28478145599365,
        "bq_baseline_runtime": 97716.66100000002,
        "multi_cloud_plan": "aws",
        "percent_diff": 81.21445133987467,
        "profiling_cost": 264.6799155367288,
        "profiling_runtime": 201738.33410860333
    },
    "reason": {
        "arachne": 41.03216963590753,
        "arachne_runtime": 76842.49231142426,
        "bq": 230.7737159729004,
        "bq_baseline_runtime": 104568.12200000002,
        "multi_cloud_plan": "aws",
        "percent_diff": 82.21973873284342,
        "profiling_cost": 280.93005733203415,
        "profiling_runtime": 211063.75381638718
    },
    "ship_mode": {
        "arachne": 41.311148613360075,
        "arachne_runtime": 77749.18763595601,
        "bq": 237.4097490310669,
        "bq_baseline_runtime": 106991.29199999996,
        "multi_cloud_plan": "aws",
        "percent_diff": 82.5992197953277,
        "profiling_cost": 287.9994775118054,
        "profiling_runtime": 214895.45314770527
    },
    "store": {
        "arachne": 35.605984470309366,
        "arachne_runtime": 59207.21580753816,
        "bq": 136.7197608947754,
        "bq_baseline_runtime": 60536.157,
        "multi_cloud_plan": "aws",
        "percent_diff": 73.95695820612717,
        "profiling_cost": 178.10564398474972,
        "profiling_runtime": 138527.37317976716
    },
    "store_returns": {
        "arachne": 36.69936101041971,
        "arachne_runtime": 65857.47820278132,
        "bq": 185.66169261932373,
        "bq_baseline_runtime": 87304.476,
        "multi_cloud_plan": "aws",
        "percent_diff": 80.23320778095717,
        "profiling_cost": 228.60099159065456,
        "profiling_runtime": 173462.36712341776
    },
    "store_sales": {
        "arachne": 15.675610686929922,
        "arachne_runtime": 20439.73613212555,
        "bq": 21.086888313293457,
        "bq_baseline_runtime": 13401.667999999998,
        "multi_cloud_plan": "multi",
        "percent_diff": 25.661811956163266,
        "profiling_cost": 39.27324821145601,
        "profiling_runtime": 39931.555996963696
    },
    "time_dim": {
        "arachne": 41.15907003782651,
        "arachne_runtime": 77255.02674069782,
        "bq": 230.68166732788086,
        "bq_baseline_runtime": 102975.36499999998,
        "multi_cloud_plan": "aws",
        "percent_diff": 82.15763284763986,
        "profiling_cost": 280.5245912566634,
        "profiling_runtime": 208452.47776575075
    },
    "warehouse": {
        "arachne": 41.25267061682926,
        "arachne_runtime": 77559.16398926187,
        "bq": 235.83679676055908,
        "bq_baseline_runtime": 103431.731,
        "multi_cloud_plan": "aws",
        "percent_diff": 82.50795839178889,
        "profiling_cost": 286.00426019141224,
        "profiling_runtime": 209963.51018496216
    },
    "web_page": {
        "arachne": 41.248268911790795,
        "arachne_runtime": 77544.82630181467,
        "bq": 231.70127391815186,
        "bq_baseline_runtime": 105966.08999999997,
        "multi_cloud_plan": "aws",
        "percent_diff": 82.19765121949149,
        "profiling_cost": 282.35584248300415,
        "profiling_runtime": 214080.98536004795
    },
    "web_returns": {
        "arachne": 38.97290261501357,
        "arachne_runtime": 71102.62820347786,
        "bq": 201.80835247039795,
        "bq_baseline_runtime": 97414.90899999997,
        "multi_cloud_plan": "aws",
        "percent_diff": 80.6881617445788,
        "profiling_cost": 248.71656156976223,