{
    "call_center": {
        "arachne": 23.639038562774658,
        "arachne_runtime": 105783.204,
        "bq": 23.639038562774658,
        "bq_baseline_runtime": 105783.204,
        "multi_cloud_plan": "gcp",
        "percent_diff": 0.0,
        "profiling_cost": 139.67843801828982,
        "profiling_runtime": 213989.02469704312
    },
    "catalog_page": {
        "arachne": 22.17094898223877,
        "arachne_runtime": 105810.44799999999,
        "bq": 22.17094898223877,
        "bq_baseline_runtime": 105810.44799999999,
        "multi_cloud_plan": "gcp",
        "percent_diff": 0.0,
        "profiling_cost": 137.96834643982027,
        "profiling_runtime": 213230.0104542259
    },
    "catalog_returns": {
        "arachne": 19.360082626342773,
        "arachne_runtime": 91777.65500000001,
        "bq": 19.360082626342773,
        "bq_baseline_runtime": 91777.65500000001,
        "multi_cloud_plan": "gcp",
        "percent_diff": 0.0,
        "profiling_cost": 128.45795937527788,
        "profiling_runtime": 186619.01741110414
    },
    "catalog_sales": {
        "arachne": 10.423612117767334,
        "arachne_runtime": 57335.019000000015,
        "bq": 10.423612117767334,
        "bq_baseline_runtime": 57335.019000000015,
        "multi_cloud_plan": "gcp",
        "percent_diff": 0.0,
        "profiling_cost": 84.48128518982914,
        "profiling_runtime": 114303.73803942106
    },
    "customer": {
        "arachne": 18.587164402008057,
        "arachne_runtime": 77589.22300000001,
        "bq": 18.587164402008057,
        "bq_baseline_runtime": 77589.22300000001,
        "multi_cloud_plan": "gcp",
        "percent_diff": 0.0,
        "profiling_cost": 127.14885148573889,
        "profiling_runtime": 161747.0957021539
    },
    "customer_address": {
        "arachne": 19.34046506881714,
        "arachne_runtime": 80994.65000000001,
        "bq": 19.34046506881714,
        "bq_baseline_runtime": 80994.65000000001,
        "multi_cloud_plan": "gcp",
        "percent_diff": 0.0,
        "profiling_cost": 132.17397158198935,
        "profiling_runtime": 178854.15962458926
    },
    "customer_demographics": {
        "arachne": 20.74698543548584,
        "arachne_runtime": 91655.29500000001,
        "bq": 20.74698543548584,
        "bq_baseline_runtime": 91655.29500000001,
        "multi_cloud_plan": "gcp",
        "percent_diff": 0.0,
        "profiling_cost": 134.01597528908547,
        "profiling_runtime": 190861.93728993047
    },
    "date_dim": {
        "arachne": 2.819988250732422,
        "arachne_runtime": 12509.484000000002,
        "bq": 2.819988250732422,
        "bq_baseline_runtime": 12509.484000000002,
        "multi_cloud_plan": "gcp",
        "percent_diff": 0.0,
        "profiling_cost": 98.61859543957597,
        "profiling_runtime": 54932.521694803436
    },
    "household_demographics": {
        "arachne": 21.45507574081421,
        "arachne_runtime": 93139.921,
        "bq": 21.45507574081421,
        "bq_baseline_runtime": 93139.921,
        "multi_cloud_plan": "gcp",
        "percent_diff": 0.0,
        "profiling_cost": 134.97146054915032,
        "profiling_runtime": 193145.83249489116
    },
    "income_band": {
        "arachne": 23.244556427001953,
        "arachne_runtime": 106110.69599999998,
        "bq": 23.244556427001953,
        "bq_baseline_runtime": 106110.69599999998,
        "multi_cloud_plan": "gcp",
        "percent_diff": 0.0,
        "profiling_cost": 138.9698661447403,
        "profiling_runtime": 213295.70769838712
    },
    "inventory": {
        "arachne": 23.8375186920166,
        "arachne_runtime": 104366.56000000001,
        "bq": 23.8375186920166,
        "bq_baseline_runtime": 104366.56000000001,
        "multi_cloud_plan": "gcp",
        "percent_diff": 0.0,
        "profiling_cost": 139.5627086398014,
        "profiling_runtime": 211648.48226055212
    },
    "item": {
        "arachne": 9.305500507354736,
        "arachne_runtime": 48002.554999999986,
        "bq": 9.305500507354736,
        "bq_baseline_runtime": 48002.554999999986,
        "multi_cloud_plan": "gcp",
        "percent_diff": 0.0,
        "profiling_cost": 114.35037833743371,
        "profiling_runtime": 120477.7883657909
    },
    "promotion": {
        "arachne": 21.528478145599365,
        "arachne_runtime": 97716.661,
        "bq": 21.528478145599365,
        "bq_baseline_runtime": 97716.661,
        "multi_cloud_plan": "gcp",
        "percent_diff": 0.0,
        "profiling_cost": 136.2804644535653,
        "profiling_runtime": 201738.33410860327
    },
    "reason": {
        "arachne": 23.07737159729004,
        "arachne_runtime": 104568.12199999997,
        "bq": 23.07737159729004,
        "bq_baseline_runtime": 104568.12199999997,
        "multi_cloud_plan": "gcp",
        "percent_diff": 0.0,
        "profiling_cost": 138.59056753825698,
        "profiling_runtime": 211063.75381638718
    },
    "ship_mode": {
        "arachne": 23.74097490310669,
        "arachne_runtime": 106991.29200000003,
        "bq": 23.74097490310669,
        "bq_baseline_runtime": 106991.29200000003,
        "multi_cloud_plan": "gcp",
        "percent_diff": 0.0,
        "profiling_cost": 139.68755793365014,
        "profiling_runtime": 214895.45314770524
    },
    "store": {
        "arachne": 13.671976089477539,
        "arachne_runtime": 60536.157000000036,
        "bq": 13.671976089477539,
        "bq_baseline_runtime": 60536.157000000036,
        "multi_cloud_plan": "gcp",
        "percent_diff": 0.0,
        "profiling_cost": 120.41471162008555,
        "profiling_runtime": 138527.37317976722
    },
    "store_returns": {
        "arachne": 18.566169261932373,
        "arachne_runtime": 87304.476,
        "bq": 18.566169261932373,
        "bq_baseline_runtime": 87304.476,
        "multi_cloud_plan": "gcp",
        "percent_diff": 0.0,
        "profiling_cost": 123.35899581104326,
        "profiling_runtime": 173462.36712341776
    },
    "store_sales": {
        "arachne": 2.1086888313293457,
        "arachne_runtime": 13401.667999999996,
        "bq": 2.1086888313293457,
        "bq_baseline_runtime": 13401.667999999996,
        "multi_cloud_plan": "gcp",
        "percent_diff": 0.0,
        "profiling_cost": 58.210670085082306,
        "profiling_runtime": 39931.555996963696
    },
    "time_dim": {
        "arachne": 23.068166732788086,
        "arachne_runtime": 102975.365,
        "bq": 23.068166732788086,
        "bq_baseline_runtime": 102975.365,
        "multi_cloud_plan": "gcp",
        "percent_diff": 0.0,
        "profiling_cost": 138.26783037140456,
        "profiling_runtime": 208452.47776575087
    },
    "warehouse": {
        "arachne": 23.583679676055908,
        "arachne_runtime": 103431.73100000001,
        "bq": 23.583679676055908,
        "bq_baseline_runtime": 103431.73100000001,
        "multi_cloud_plan": "gcp",
        "percent_diff": 0.0,
        "profiling_cost": 139.1079975854913,
        "profiling_runtime": 209963.5101849621
    },
    "web_page": {
        "arachne": 23.170127391815186,
        "arachne_runtime": 105966.09,
        "bq": 23.170127391815186,
        "bq_baseline_runtime": 105966.09,
        "multi_cloud_plan": "gcp",
        "percent_diff": 0.0,
        "profiling_cost": 139.18154964365806,
        "profiling_runtime": 214080.98536004795
    },
    "web_returns": {
        "arachne": 20.180835247039795,
        "arachne_runtime": 97414.90899999997,
        "bq": 20.180835247039795,
        "bq_baseline_runtime": 97414.90899999997,
        "multi_cloud_plan": "gcp",
        "percent_diff": 0.0,
        "profiling_cost": 131.36991569498994,
        "profiling_runtime": 194315.0294205993
    },
    "web_sales": {
        "arachne": 11.939703941345215,
        "arachne_runtime": 66566.271,
        "bq": 11.939703941345215,
        "bq_baseline_runtime": 66566.271,
        "multi_cloud_plan": "gcp",
        "percent_diff": 0.0,
        "profiling_cost": 103.070774675938,