{
    "call_center": {
        "arachne": 106.66673978331546,
        "arachne_runtime": 77745.15296165147,
        "bq": 130.01471209526062,
        "bq_baseline_runtime": 105783.20399999998,
        "multi_cloud_plan": "aws",
        "percent_diff": 17.957946401356722,
        "profiling_cost": 246.05411155077573,
        "profiling_runtime": 213989.02469704303
    },
    "catalog_page": {
        "arachne": 106.32635773413892,
        "arachne_runtime": 76639.15417141575,
        "bq": 121.94021940231323,
        "bq_baseline_runtime": 105810.44799999996,
        "multi_cloud_plan": "aws",
        "percent_diff": 12.804521547283777,
        "profiling_cost": 237.73761685989473,
        "profiling_runtime": 213230.010454226
    },
    "catalog_returns": {
        "arachne": 100.48449417964649,
        "arachne_runtime": 73577.70328449659,
        "bq": 106.48045444488525,
        "bq_baseline_runtime": 91777.655,
        "multi_cloud_plan": "multi",
        "percent_diff": 5.631043083444295,
        "profiling_cost": 215.57833119382042,
        "profiling_runtime": 186619.01741110417
    },
    "catalog_sales": {
        "arachne": 54.454124006572414,
        "arachne_runtime": 44192.96277523115,
        "bq": 57.32986664772034,
        "bq_baseline_runtime": 57335.01900000002,
        "multi_cloud_plan": "multi",
        "percent_diff": 5.016133490801123,
        "profiling_cost": 131.3875397197822,
        "profiling_runtime": 114303.73803942105
    },
    "customer": {
        "arachne": 101.54489415114281,
        "arachne_runtime": 61353.49901735192,
        "bq": 102.22940421104431,
        "bq_baseline_runtime": 77589.22300000003,
        "multi_cloud_plan": "aws",
        "percent_diff": 0.6695823625151751,
        "profiling_cost": 210.79109129477524,
        "profiling_runtime": 161747.09570215386
    },
    "customer_address": {
        "arachne": 104.62017786667205,
        "arachne_runtime": 71166.61625690307,
        "bq": 106.37255787849426,
        "bq_baseline_runtime": 80994.64999999997,
        "multi_cloud_plan": "aws",
        "percent_diff": 1.6473985835932377,
        "profiling_cost": 219.20606439166656,
        "profiling_runtime": 178854.15962458926
    },
    "customer_demographics": {
        "arachne": 105.10187940747194,
        "arachne_runtime": 72664.0919519818,
        "bq": 114.10841989517212,
        "bq_baseline_runtime": 91655.295,
        "multi_cloud_plan": "aws",
        "percent_diff": 7.892967491771604,
        "profiling_cost": 227.3774097487719,
        "profiling_runtime": 190861.9372899304
    },
    "date_dim": {
        "arachne": 15.50993537902832,
        "arachne_runtime": 12509.484,
        "bq": 15.50993537902832,
        "bq_baseline_runtime": 12509.484,
        "multi_cloud_plan": "gcp",
        "percent_diff": 0.0,
        "profiling_cost": 111.30854256787185,
        "profiling_runtime": 54932.52169480344
    },
    "household_demographics": {
        "arachne": 105.61907466007118,
        "arachne_runtime": 74340.23445773326,
        "bq": 118.00291657447815,
        "bq_baseline_runtime": 93139.921,
        "multi_cloud_plan": "aws",
        "percent_diff": 10.494521893101554,
        "profiling_cost": 231.51930138281438,
        "profiling_runtime": 193145.83249489122
    },
    "income_band": {
        "arachne": 106.25898173125982,
        "arachne_runtime": 76419.91737326808,
        "bq": 127.84506034851074,
        "bq_baseline_runtime": 106110.69600000001,
        "multi_cloud_plan": "aws",
        "percent_diff": 16.88456210854483,
        "profiling_cost": 243.57037006624913,
        "profiling_runtime": 213295.707698387
    },
    "inventory": {
        "arachne": 106.631362865688,
        "arachne_runtime": 77727.26639864422,
        "bq": 131.1063528060913,
        "bq_baseline_runtime": 104366.55999999998,
        "multi_cloud_plan": "aws",
        "percent_diff": 18.668042712317888,
        "profiling_cost": 246.8315427538761,
        "profiling_runtime": 211648.48226055223
    },
    "item": {
        "arachne": 51.18025279045105,
        "arachne_runtime": 48002.555000000015,
        "bq": 51.18025279045105,
        "bq_baseline_runtime": 48002.555000000015,
        "multi_cloud_plan": "gcp",
        "percent_diff": 0.0,
        "profiling_cost": 156.2251306205301,
        "profiling_runtime": 120477.78836579091
    },
    "promotion": {
        "arachne": 105.79925814781858,
        "arachne_runtime": 74925.80327126585,
        "bq": 118.40662980079651,
        "bq_baseline_runtime": 97716.66100000001,
        "multi_cloud_plan": "aws",
        "percent_diff": 10.647521742818089,
        "profiling_cost": 233.1586161087625,
        "profiling_runtime": 201738.33410860333
    },
    "reason": {
        "arachne": 106.38900276006828,
        "arachne_runtime": 76842.49231142426,
        "bq": 126.92554378509521,
        "bq_baseline_runtime": 104568.12200000003,
        "multi_cloud_plan": "aws",
        "percent_diff": 16.179990577624398,
        "profiling_cost": 242.43873972606215,
        "profiling_runtime": 211063.7538163871
    },
    "ship_mode": {
        "arachne": 106.66798170549266,
        "arachne_runtime": 77749.18763595601,
        "bq": 130.5753619670868,
        "bq_baseline_runtime": 106991.29199999999,
        "multi_cloud_plan": "aws",
        "percent_diff": 18.30925827157216,
        "profiling_cost": 246.52194499763024,
        "profiling_runtime": 214895.45314770535
    },
    "store": {
        "arachne": 75.19586849212646,
        "arachne_runtime": 60536.15699999999,
        "bq": 75.19586849212646,
        "bq_baseline_runtime": 60536.15699999999,
        "multi_cloud_plan": "gcp",
        "percent_diff": 0.0,
        "profiling_cost": 181.9386040227346,
        "profiling_runtime": 138527.37317976714
    },
    "store_returns": {
        "arachne": 96.11797067538929,
        "arachne_runtime": 69104.52428449658,
        "bq": 102.11393094062805,
        "bq_baseline_runtime": 87304.47600000001,
        "multi_cloud_plan": "multi",
        "percent_diff": 5.87183375471559,
        "profiling_cost": 206.90675748973902,
        "profiling_runtime": 173462.36712341776
    },
    "store_sales": {
        "arachne": 11.597788572311401,
        "arachne_runtime": 13401.667999999998,
        "bq": 11.597788572311401,
        "bq_baseline_runtime": 13401.667999999998,
        "multi_cloud_plan": "gcp",
        "percent_diff": 0.0,
        "profiling_cost": 67.69976982606431,
        "profiling_runtime": 39931.55599696368
    },
    "time_dim": {
        "arachne": 106.51578828998802,
        "arachne_runtime": 77255.02674069782,
        "bq": 126.87491703033447,
        "bq_baseline_runtime": 102975.365,
        "multi_cloud_plan": "aws",
        "percent_diff": 16.04661442693105,
        "profiling_cost": 242.07458066895097,
        "profiling_runtime": 208452.47776575075
    },
    "warehouse": {
        "arachne": 106.60950348768425,
        "arachne_runtime": 77559.16398926187,
        "bq": 129.7102382183075,
        "bq_baseline_runtime": 103431.73099999999,
        "multi_cloud_plan": "aws",
        "percent_diff": 17.80949217882384,
        "profiling_cost": 245.2345561277429,
        "profiling_runtime": 209963.5101849621
    },
    "web_page": {
        "arachne": 106.60510114110888,
        "arachne_runtime": 77544.82630181467,
        "bq": 127.43570065498352,
        "bq_baseline_runtime": 105966.08999999998,
        "multi_cloud_plan": "aws",
        "percent_diff": 16.345968521231686,
        "profiling_cost": 243.44712290682642,
        "profiling_runtime": 214080.98536004784
    },
    "web_returns": {
        "arachne": 103.25368924044446,
        "arachne_runtime": 71102.62820347786,
        "bq": 110.99459385871887,
        "bq_baseline_runtime": 97414.90900000001,
        "multi_cloud_plan": "aws",
        "percent_diff": 6.974127612131759,
        "profiling_cost": 222.18367430666905,