{
    "call_center": {
        "arachne": 137.6252711038948,
        "arachne_runtime": 77745.15296165147,
        "bq": 236.39038562774658,
        "bq_baseline_runtime": 105783.20399999998,
        "multi_cloud_plan": "aws",
        "percent_diff": 41.780512461019114,
        "profiling_cost": 383.38829494616857,
        "profiling_runtime": 213989.02469704303
    },
    "catalog_page": {
        "arachne": 137.2848593449368,
        "arachne_runtime": 76639.15417141575,
        "bq": 221.7094898223877,
        "bq_baseline_runtime": 105810.44799999997,
        "multi_cloud_plan": "aws",
        "percent_diff": 38.07894310030833,
        "profiling_cost": 368.4653674330946,
        "profiling_runtime": 213230.01045422597
    },
    "catalog_returns": {
        "arachne": 130.6971261781829,
        "arachne_runtime": 69522.54024551497,
        "bq": 193.60082626342773,
        "bq_baseline_runtime": 91777.65500000003,
        "multi_cloud_plan": "multi",
        "percent_diff": 32.491441952656416,
        "profiling_cost": 332.6057314280872,
        "profiling_runtime": 186619.01741110408
    },
    "catalog_sales": {
        "arachne": 75.75353438602225,
        "arachne_runtime": 44192.96277523115,
        "bq": 104.23612117767334,
        "bq_baseline_runtime": 57335.019,
        "multi_cloud_plan": "multi",
        "percent_diff": 27.32506397000492,
        "profiling_cost": 199.4832210825444,
        "profiling_runtime": 114303.73803942106
    },
    "customer": {
        "arachne": 132.47424728114623,
        "arachne_runtime": 61353.49901735192,
        "bq": 185.87164402008057,
        "bq_baseline_runtime": 77589.223,
        "multi_cloud_plan": "aws",
        "percent_diff": 28.728102675610685,
        "profiling_cost": 325.362662803761,
        "profiling_runtime": 161747.09570215386
    },
    "customer_address": {
        "arachne": 135.57036417036306,
        "arachne_runtime": 71166.61625690307,
        "bq": 193.4046506881714,
        "bq_baseline_runtime": 80994.65,
        "multi_cloud_plan": "aws",
        "percent_diff": 29.903255331256346,
        "profiling_cost": 337.1883220749806,
        "profiling_runtime": 178854.15962458926
    },
    "customer_demographics": {
        "arachne": 136.05986338960653,
        "arachne_runtime": 72664.0919519818,
        "bq": 207.4698543548584,
        "bq_baseline_runtime": 91655.29499999994,
        "multi_cloud_plan": "aws",
        "percent_diff": 34.4194539429866,
        "profiling_cost": 351.69680676053855,
        "profiling_runtime": 190861.9372899305
    },
    "date_dim": {
        "arachne": 28.19988250732422,
        "arachne_runtime": 12509.484,
        "bq": 28.19988250732422,
        "bq_baseline_runtime": 12509.484,
        "multi_cloud_plan": "gcp",
        "percent_diff": 0.0,
        "profiling_cost": 154.95691003154826,
        "profiling_runtime": 54932.521694803436
    },
    "household_demographics": {
        "arachne": 136.57760463028401,
        "arachne_runtime": 74340.23445773326,
        "bq": 214.5507574081421,
        "bq_baseline_runtime": 93139.92099999999,
        "multi_cloud_plan": "aws",
        "percent_diff": 36.34252039927734,
        "profiling_cost": 359.0256507566371,
        "profiling_runtime": 193145.83249489107
    },
    "income_band": {
        "arachne": 137.21751328229965,
        "arachne_runtime": 76419.91737326808,
        "bq": 232.44556427001953,
        "bq_baseline_runtime": 106110.69599999998,
        "multi_cloud_plan": "aws",
        "percent_diff": 40.967893401957355,
        "profiling_cost": 379.1293840811253,
        "profiling_runtime": 213295.7076983871
    },
    "inventory": {
        "arachne": 137.57877878265893,
        "arachne_runtime": 77727.26639864422,
        "bq": 238.37518692016602,
        "bq_baseline_runtime": 104366.56,
        "multi_cloud_plan": "aws",
        "percent_diff": 42.28477361247533,
        "profiling_cost": 385.04777132724934,
        "profiling_runtime": 211648.48226055223
    },
    "item": {
        "arachne": 93.05500507354736,
        "arachne_runtime": 48002.55500000001,
        "bq": 93.05500507354736,
        "bq_baseline_runtime": 48002.55500000001,
        "multi_cloud_plan": "gcp",
        "percent_diff": 0.0,
        "profiling_cost": 229.05814713704052,
        "profiling_runtime": 120477.78836579094
    },
    "promotion": {
        "arachne": 136.75778855523149,
        "arachne_runtime": 74925.80327126585,
        "bq": 215.28478145599365,
        "bq_baseline_runtime": 97716.66099999998,
        "multi_cloud_plan": "aws",
        "percent_diff": 36.47586808954904,
        "profiling_cost": 360.9952767137001,
        "profiling_runtime": 201738.33410860336
    },
    "reason": {
        "arachne": 137.3475342828192,
        "arachne_runtime": 76842.49231142426,
        "bq": 230.7737159729004,
        "bq_baseline_runtime": 104568.12200000005,
        "multi_cloud_plan": "aws",
        "percent_diff": 40.48389189219979,
        "profiling_cost": 377.2454219789457,
        "profiling_runtime": 211063.75381638718
    },
    "ship_mode": {
        "arachne": 137.6265132130723,
        "arachne_runtime": 77749.18763595601,
        "bq": 237.4097490310669,
        "bq_baseline_runtime": 106991.29199999996,
        "multi_cloud_plan": "aws",
        "percent_diff": 42.0299655870228,
        "profiling_cost": 384.3148421115175,
        "profiling_runtime": 214895.45314770527
    },
    "store": {
        "arachne": 131.9212527284265,
        "arachne_runtime": 59207.21580753816,
        "bq": 136.7197608947754,
        "bq_baseline_runtime": 60536.156999999985,
        "multi_cloud_plan": "aws",
        "percent_diff": 3.509740022177183,
        "profiling_cost": 274.4210054762098,
        "profiling_runtime": 138527.37317976716
    },
    "store_returns": {
        "arachne": 125.85977977772339,
        "arachne_runtime": 69104.52428449658,
        "bq": 185.66169261932373,
        "bq_baseline_runtime": 87304.47600000001,
        "multi_cloud_plan": "multi",
        "percent_diff": 32.2101517000692,
        "profiling_cost": 319.75355854738297,
        "profiling_runtime": 173462.36712341773
    },
    "store_sales": {
        "arachne": 21.086888313293457,
        "arachne_runtime": 13401.668000000001,
        "bq": 21.086888313293457,
        "bq_baseline_runtime": 13401.668000000001,
        "multi_cloud_plan": "gcp",
        "percent_diff": 0.0,
        "profiling_cost": 95.14890073548393,
        "profiling_runtime": 39931.55599696369
    },
    "time_dim": {
        "arachne": 137.4742653996866,
        "arachne_runtime": 77255.02674069782,
        "bq": 230.68166732788086,
        "bq_baseline_runtime": 102975.36500000003,
        "multi_cloud_plan": "aws",
        "percent_diff": 40.405205583898145,
        "profiling_cost": 376.8397866185236,
        "profiling_runtime": 208452.47776575078
    },
    "warehouse": {
        "arachne": 137.56803489044813,
        "arachne_runtime": 77559.16398926187,
        "bq": 235.83679676055908,
        "bq_baseline_runtime": 103431.73100000004,
        "multi_cloud_plan": "aws",
        "percent_diff": 41.668121014161116,
        "profiling_cost": 382.3196246861645,
        "profiling_runtime": 209963.51018496207
    },
    "web_page": {
        "arachne": 137.5636322399869,
        "arachne_runtime": 77544.82630181467,
        "bq": 231.70127391815186,
        "bq_baseline_runtime": 105966.09,
        "multi_cloud_plan": "aws",
        "percent_diff": 40.62888394451337,
        "profiling_cost": 378.67120581120037,
        "profiling_runtime": 214080.9853600479
    },
    "web_returns": {
        "arachne": 133.70251452695487,
        "arachne_runtime": 71102.62820347786,
        "bq": 201.80835247039795,
        "bq_baseline_runtime": 97414.90900000001,
        "multi_cloud_plan": "aws",
        "percent_diff": 33.74777956895174,
        "profiling_cost": 343.4462667150465,
        "profiling_runtime": 194315.02942059937
    },