{
    "call_center": {
        "arachne": 236.39038562774658,
        "arachne_runtime": 105783.20399999997,
        "bq": 236.39038562774658,
        "bq_baseline_runtime": 105783.20399999997,
        "multi_cloud_plan": "gcp",
        "percent_diff": 0.0,
        "profiling_cost": 940.6414724784993,
        "profiling_runtime": 213989.02469704303
    },
    "catalog_page": {
        "arachne": 221.7094898223877,
        "arachne_runtime": 105810.44800000003,
        "bq": 221.7094898223877,
        "bq_baseline_runtime": 105810.44800000003,
        "multi_cloud_plan": "gcp",
        "percent_diff": 0.0,
        "profiling_cost": 925.7180101893576,
        "profiling_runtime": 213230.01045422597
    },
    "catalog_returns": {
        "arachne": 193.60082626342773,
        "arachne_runtime": 91777.65500000001,
        "bq": 193.60082626342773,
        "bq_baseline_runtime": 91777.65500000001,
        "multi_cloud_plan": "gcp",
        "percent_diff": 0.0,
        "profiling_cost": 870.9322429111311,
        "profiling_runtime": 186619.0174111042
    },
    "catalog_sales": {
        "arachne": 104.23612117767334,
        "arachne_runtime": 57335.01899999999,
        "bq": 104.23612117767334,
        "bq_baseline_runtime": 57335.01899999999,
        "multi_cloud_plan": "gcp",
        "percent_diff": 0.0,
        "profiling_cost": 580.8929040731084,
        "profiling_runtime": 114303.73803942106
    },
    "customer": {
        "arachne": 185.87164402008057,
        "arachne_runtime": 77589.22299999998,
        "bq": 185.87164402008057,
        "bq_baseline_runtime": 77589.22299999998,
        "multi_cloud_plan": "gcp",
        "percent_diff": 0.0,
        "profiling_cost": 882.0906334028557,
        "profiling_runtime": 161747.09570215383
    },
    "customer_address": {
        "arachne": 193.4046506881714,
        "arachne_runtime": 80994.65000000004,
        "bq": 193.4046506881714,
        "bq_baseline_runtime": 80994.65000000004,
        "multi_cloud_plan": "gcp",
        "percent_diff": 0.0,
        "profiling_cost": 894.2912898004518,
        "profiling_runtime": 178854.15962458923
    },
    "customer_demographics": {
        "arachne": 207.4698543548584,
        "arachne_runtime": 91655.29500000003,
        "bq": 207.4698543548584,
        "bq_baseline_runtime": 91655.29500000003,
        "multi_cloud_plan": "gcp",
        "percent_diff": 0.0,
        "profiling_cost": 908.9401326979946,
        "profiling_runtime": 190861.9372899304
    },
    "date_dim": {
        "arachne": 28.19988250732422,
        "arachne_runtime": 12509.484,
        "bq": 28.19988250732422,
        "bq_baseline_runtime": 12509.484,
        "multi_cloud_plan": "gcp",
        "percent_diff": 0.0,
        "profiling_cost": 712.2084760683948,
        "profiling_runtime": 54932.521694803436
    },
    "household_demographics": {
        "arachne": 214.5507574081421,
        "arachne_runtime": 93139.92100000003,
        "bq": 214.5507574081421,
        "bq_baseline_runtime": 93139.92100000003,
        "multi_cloud_plan": "gcp",
        "percent_diff": 0.0,
        "profiling_cost": 916.2788044795012,
        "profiling_runtime": 193145.83249489113
    },
    "income_band": {
        "arachne": 232.44556427001953,
        "arachne_runtime": 106110.69600000001,
        "bq": 232.44556427001953,
        "bq_baseline_runtime": 106110.69600000001,
        "multi_cloud_plan": "gcp",
        "percent_diff": 0.0,
        "profiling_cost": 936.3825657617434,
        "profiling_runtime": 213295.70769838706
    },
    "inventory": {
        "arachne": 238.37518692016602,
        "arachne_runtime": 104366.55999999998,
        "bq": 238.37518692016602,
        "bq_baseline_runtime": 104366.55999999998,
        "multi_cloud_plan": "gcp",
        "percent_diff": 0.0,
        "profiling_cost": 942.1008715946284,
        "profiling_runtime": 211648.48226055212
    },
    "item": {
        "arachne": 93.05500507354736,
        "arachne_runtime": 48002.555000000015,
        "bq": 93.05500507354736,
        "bq_baseline_runtime": 48002.555000000015,
        "multi_cloud_plan": "gcp",
        "percent_diff": 0.0,
        "profiling_cost": 786.3069033384941,
        "profiling_runtime": 120477.7883657909
    },
    "promotion": {
        "arachne": 215.28478145599365,
        "arachne_runtime": 97716.66100000002,
        "bq": 215.28478145599365,
        "bq_baseline_runtime": 97716.66100000002,
        "multi_cloud_plan": "gcp",
        "percent_diff": 0.0,
        "profiling_cost": 918.2484378090347,
        "profiling_runtime": 201738.3341086034
    },
    "reason": {
        "arachne": 230.7737159729004,
        "arachne_runtime": 104568.12200000005,
        "bq": 230.7737159729004,
        "bq_baseline_runtime": 104568.12200000005,
        "multi_cloud_plan": "gcp",
        "percent_diff": 0.0,
        "profiling_cost": 934.4986031503632,
        "profiling_runtime": 211063.75381638712
    },
    "ship_mode": {
        "arachne": 237.4097490310669,
        "arachne_runtime": 106991.292,
        "bq": 237.4097490310669,
        "bq_baseline_runtime": 106991.292,
        "multi_cloud_plan": "gcp",
        "percent_diff": 0.0,
        "profiling_cost": 941.5680230098525,
        "profiling_runtime": 214895.4531477052
    },
    "store": {
        "arachne": 136.7197608947754,
        "arachne_runtime": 60536.157000000014,
        "bq": 136.7197608947754,
        "bq_baseline_runtime": 60536.157000000014,
        "multi_cloud_plan": "gcp",
        "percent_diff": 0.0,
        "profiling_cost": 831.6741683910878,
        "profiling_runtime": 138527.37317976716
    },
    "store_returns": {
        "arachne": 185.66169261932373,
        "arachne_runtime": 87304.47600000001,
        "bq": 185.66169261932373,
        "bq_baseline_runtime": 87304.47600000001,
        "multi_cloud_plan": "gcp",
        "percent_diff": 0.0,
        "profiling_cost": 847.1362673684565,
        "profiling_runtime": 173462.36712341773
    },
    "store_sales": {
        "arachne": 21.086888313293457,
        "arachne_runtime": 13401.668000000001,
        "bq": 21.086888313293457,
        "bq_baseline_runtime": 13401.668000000001,
        "multi_cloud_plan": "gcp",
        "percent_diff": 0.0,
        "profiling_cost": 418.4294617673597,
        "profiling_runtime": 39931.55599696369
    },
    "time_dim": {
        "arachne": 230.68166732788086,
        "arachne_runtime": 102975.36500000002,
        "bq": 230.68166732788086,
        "bq_baseline_runtime": 102975.36500000002,
        "multi_cloud_plan": "gcp",
        "percent_diff": 0.0,
        "profiling_cost": 934.0919883550001,
        "profiling_runtime": 208452.4777657508
    },
    "warehouse": {
        "arachne": 235.83679676055908,
        "arachne_runtime": 103431.731,
        "bq": 235.83679676055908,
        "bq_baseline_runtime": 103431.731,
        "multi_cloud_plan": "gcp",
        "percent_diff": 0.0,
        "profiling_cost": 939.5728049772308,
        "profiling_runtime": 209963.51018496207
    },
    "web_page": {
        "arachne": 231.70127391815186,
        "arachne_runtime": 105966.09,
        "bq": 231.70127391815186,
        "bq_baseline_runtime": 105966.09,
        "multi_cloud_plan": "gcp",
        "percent_diff": 0.0,
        "profiling_cost": 935.9243793529067,
        "profiling_runtime": 214080.98536004793
    },
    "web_returns": {
        "arachne": 201.80835247039795,
        "arachne_runtime": 97414.90900000003,
        "bq": 201.80835247039795,
        "bq_baseline_runtime": 97414.90900000003,
        "multi_cloud_plan": "gcp",
        "percent_diff": 0.0,
        "profiling_cost": 891.5252750556216,
        "profiling_runtime": 194315.02942059934
    },
    "web_sales": {
        "arachne": 119.39703941345215,
        "arachne_runtime": 66566.27100000001,
        "bq": 119.39703941345215,
        "bq_baseline_runtime": 66566.27100000001,
        "multi_cloud_plan": "gcp",
        "percent_diff": 0.0,