{
    "call_center": {
        "arachne": 236.39038562774658,
        "arachne_runtime": 105783.204,
        "bq": 236.39038562774658,
        "bq_baseline_runtime": 105783.204,
        "multi_cloud_plan": "gcp",
        "percent_diff": 0.0,
        "profiling_cost": 906.2431281863802,
        "profiling_runtime": 213989.02469704306
    },
    "catalog_page": {
        "arachne": 221.7094898223877,
        "arachne_runtime": 105810.448,
        "bq": 221.7094898223877,
        "bq_baseline_runtime": 105810.448,
        "multi_cloud_plan": "gcp",
        "percent_diff": 0.0,
        "profiling_cost": 891.3196989081071,
        "profiling_runtime": 213230.01045422602
    },
    "catalog_returns": {
        "arachne": 193.60082626342773,
        "arachne_runtime": 91777.655,
        "bq": 193.60082626342773,
        "bq_baseline_runtime": 91777.655,
        "multi_cloud_plan": "gcp",
        "percent_diff": 0.0,
        "profiling_cost": 837.7022113381037,
        "profiling_runtime": 186619.01741110414
    },
    "catalog_sales": {
        "arachne": 104.23612117767334,
        "arachne_runtime": 57335.01900000001,
        "bq": 104.23612117767334,
        "bq_baseline_runtime": 57335.01900000001,
        "multi_cloud_plan": "gcp",
        "percent_diff": 0.0,
        "profiling_cost": 557.3490964810983,
        "profiling_runtime": 114303.73803942105
    },
    "customer": {
        "arachne": 185.87164402008057,
        "arachne_runtime": 77589.22300000003,
        "bq": 185.87164402008057,
        "bq_baseline_runtime": 77589.22300000003,
        "multi_cloud_plan": "gcp",
        "percent_diff": 0.0,
        "profiling_cost": 847.7247092918007,
        "profiling_runtime": 161747.09570215383
    },
    "customer_address": {
        "arachne": 193.4046506881714,
        "arachne_runtime": 80994.65000000002,
        "bq": 193.4046506881714,
        "bq_baseline_runtime": 80994.65000000002,
        "multi_cloud_plan": "gcp",
        "percent_diff": 0.0,
        "profiling_cost": 859.9022177186328,
        "profiling_runtime": 178854.15962458917
    },
    "customer_demographics": {
        "arachne": 207.4698543548584,
        "arachne_runtime": 91655.295,
        "bq": 207.4698543548584,
        "bq_baseline_runtime": 91655.295,
        "multi_cloud_plan": "gcp",
        "percent_diff": 0.0,
        "profiling_cost": 874.5423965290157,
        "profiling_runtime": 190861.93728993047
    },
    "date_dim": {
        "arachne": 28.19988250732422,
        "arachne_runtime": 12509.484,
        "bq": 28.19988250732422,
        "bq_baseline_runtime": 12509.484,
        "multi_cloud_plan": "gcp",
        "percent_diff": 0.0,
        "profiling_cost": 677.8102312513056,
        "profiling_runtime": 54932.52169480344
    },
    "household_demographics": {
        "arachne": 214.5507574081421,
        "arachne_runtime": 93139.92099999999,
        "bq": 214.5507574081421,
        "bq_baseline_runtime": 93139.92099999999,
        "multi_cloud_plan": "gcp",
        "percent_diff": 0.0,
        "profiling_cost": 881.8804616571023,
        "profiling_runtime": 193145.8324948912
    },
    "income_band": {
        "arachne": 232.44556427001953,
        "arachne_runtime": 106110.69600000004,
        "bq": 232.44556427001953,
        "bq_baseline_runtime": 106110.69600000004,
        "multi_cloud_plan": "gcp",
        "percent_diff": 0.0,
        "profiling_cost": 901.9842212135572,
        "profiling_runtime": 213295.70769838704
    },
    "inventory": {
        "arachne": 238.37518692016602,
        "arachne_runtime": 104366.56000000003,
        "bq": 238.37518692016602,
        "bq_baseline_runtime": 104366.56000000003,
        "multi_cloud_plan": "gcp",
        "percent_diff": 0.0,
        "profiling_cost": 907.7148777509631,
        "profiling_runtime": 211648.48226055218
    },
    "item": {
        "arachne": 93.05500507354736,
        "arachne_runtime": 48002.55500000002,
        "bq": 93.05500507354736,
        "bq_baseline_runtime": 48002.55500000002,
        "multi_cloud_plan": "gcp",
        "percent_diff": 0.0,
        "profiling_cost": 751.9088319680341,
        "profiling_runtime": 120477.78836579093
    },
    "promotion": {
        "arachne": 215.28478145599365,
        "arachne_runtime": 97716.66100000004,
        "bq": 215.28478145599365,
        "bq_baseline_runtime": 97716.66100000004,
        "multi_cloud_plan": "gcp",
        "percent_diff": 0.0,
        "profiling_cost": 883.8500945315451,
        "profiling_runtime": 201738.33410860327
    },
    "reason": {
        "arachne": 230.7737159729004,
        "arachne_runtime": 104568.12200000002,
        "bq": 230.7737159729004,
        "bq_baseline_runtime": 104568.12200000002,
        "multi_cloud_plan": "gcp",
        "percent_diff": 0.0,
        "profiling_cost": 900.1002586336094,
        "profiling_runtime": 211063.75381638718
    },
    "ship_mode": {
        "arachne": 237.4097490310669,
        "arachne_runtime": 106991.29199999994,
        "bq": 237.4097490310669,
        "bq_baseline_runtime": 106991.29199999994,
        "multi_cloud_plan": "gcp",
        "percent_diff": 0.0,
        "profiling_cost": 907.1696785099556,
        "profiling_runtime": 214895.4531477053
    },
    "store": {
        "arachne": 136.7197608947754,
        "arachne_runtime": 60536.15699999999,
        "bq": 136.7197608947754,
        "bq_baseline_runtime": 60536.15699999999,
        "multi_cloud_plan": "gcp",
        "percent_diff": 0.0,
        "profiling_cost": 797.2758250012805,
        "profiling_runtime": 138527.37317976716
    },
    "store_returns": {
        "arachne": 185.66169261932373,
        "arachne_runtime": 87304.47599999998,
        "bq": 185.66169261932373,
        "bq_baseline_runtime": 87304.47599999998,
        "multi_cloud_plan": "gcp",
        "percent_diff": 0.0,
        "profiling_cost": 814.5817791696248,
        "profiling_runtime": 173462.36712341767
    },
    "store_sales": {
        "arachne": 21.086888313293457,
        "arachne_runtime": 13401.668000000001,
        "bq": 21.086888313293457,
        "bq_baseline_runtime": 13401.668000000001,
        "multi_cloud_plan": "gcp",
        "percent_diff": 0.0,
        "profiling_cost": 398.47387158020695,
        "profiling_runtime": 39931.555996963696
    },
    "time_dim": {
        "arachne": 230.68166732788086,
        "arachne_runtime": 102975.36499999998,
        "bq": 230.68166732788086,
        "bq_baseline_runtime": 102975.36499999998,
        "multi_cloud_plan": "gcp",
        "percent_diff": 0.0,
        "profiling_cost": 899.6937042971931,
        "profiling_runtime": 208452.4777657508
    },
    "warehouse": {
        "arachne": 235.83679676055908,
        "arachne_runtime": 103431.73099999996,
        "bq": 235.83679676055908,
        "bq_baseline_runtime": 103431.73099999996,
        "multi_cloud_plan": "gcp",
        "percent_diff": 0.0,
        "profiling_cost": 905.1744605148194,
        "profiling_runtime": 209963.51018496216
    },
    "web_page": {
        "arachne": 231.70127391815186,
        "arachne_runtime": 105966.09000000003,
        "bq": 231.70127391815186,
        "bq_baseline_runtime": 105966.09000000003,
        "multi_cloud_plan": "gcp",
        "percent_diff": 0.0,
        "profiling_cost": 901.5260353071226,
        "profiling_runtime": 214080.98536004795
    },
    "web_returns": {
        "arachne": 201.80835247039795,
        "arachne_runtime": 97414.90899999997,
        "bq": 201.80835247039795,
        "bq_baseline_runtime": 97414.90899999997,
        "multi_cloud_plan": "gcp",
        "percent_diff": 0.0,
        "profiling_cost": 857.6932375037342,
        "profiling_runtime": 194315.0294205993
    },
    "web_sales": {
        "arachne": 119.39703941345215,
        "arachne_runtime": 66566.271,
        "bq": 119.39703941345215,
        "bq_baseline_runtime": 66566.271,
        "multi_cloud_plan": "gcp",
        "percent_diff": 0.0,
        "profiling_cost": 676.3154792128968,