{
    "call_center": {
        "arachne": 106.66680177214603,
        "arachne_runtime": 77745.15296165147,
        "bq": 437.3222134113312,
        "bq_baseline_runtime": 105783.20399999995,
        "multi_cloud_plan": "aws",
        "percent_diff": 75.60910502576765,
        "profiling_cost": 553.3616128668461,
        "profiling_runtime": 213989.02469704312
    },
    "catalog_page": {
        "arachne": 106.32641972296948,
        "arachne_runtime": 76639.15417141575,
        "bq": 410.16255617141724,
        "bq_baseline_runtime": 105810.448,
        "multi_cloud_plan": "aws",
        "percent_diff": 74.07700480622785,
        "profiling_cost": 525.9599536289988,
        "profiling_runtime": 213230.01045422594
    },
    "catalog_returns": {
        "arachne": 101.32428103091759,
        "arachne_runtime": 69561.02042462878,
        "bq": 358.1615285873413,
        "bq_baseline_runtime": 91777.65500000001,
        "multi_cloud_plan": "aws",
        "percent_diff": 71.70989262008116,
        "profiling_cost": 467.25940533627625,
        "profiling_runtime": 186619.01741110414
    },
    "catalog_sales": {
        "arachne": 67.19769774523758,
        "arachne_runtime": 42285.63729995204,
        "bq": 192.83682417869568,
        "bq_baseline_runtime": 57335.01899999999,
        "multi_cloud_plan": "multi",
        "percent_diff": 65.15307798111857,
        "profiling_cost": 266.8944972507573,
        "profiling_runtime": 114303.73803942106
    },
    "customer": {
        "arachne": 101.54495613997338,
        "arachne_runtime": 61353.49901735192,
        "bq": 343.86254143714905,
        "bq_baseline_runtime": 77589.22300000003,
        "multi_cloud_plan": "aws",
        "percent_diff": 70.46931726975161,
        "profiling_cost": 452.4242285208797,
        "profiling_runtime": 161747.09570215386
    },
    "customer_address": {
        "arachne": 104.62023985550263,
        "arachne_runtime": 71166.61625690307,
        "bq": 357.79860377311707,
        "bq_baseline_runtime": 80994.65,
        "multi_cloud_plan": "aws",
        "percent_diff": 70.76002009168175,
        "profiling_cost": 470.632110286289,
        "profiling_runtime": 178854.1596245893
    },
    "customer_demographics": {
        "arachne": 105.10194139630251,
        "arachne_runtime": 72664.0919519818,
        "bq": 383.81923055648804,
        "bq_baseline_runtime": 91655.29499999998,
        "multi_cloud_plan": "aws",
        "percent_diff": 72.61681202270185,
        "profiling_cost": 497.08822041008716,
        "profiling_runtime": 190861.93728993044
    },
    "date_dim": {
        "arachne": 46.095001518828354,
        "arachne_runtime": 20692.50348291107,
        "bq": 52.169782638549805,
        "bq_baseline_runtime": 12509.484,
        "multi_cloud_plan": "multi",
        "percent_diff": 11.644252309444383,
        "profiling_cost": 147.96838982739345,
        "profiling_runtime": 54932.521694803436
    },
    "household_demographics": {
        "arachne": 105.61913664890174,
        "arachne_runtime": 74340.23445773326,
        "bq": 396.91890120506287,
        "bq_baseline_runtime": 93139.921,
        "multi_cloud_plan": "aws",
        "percent_diff": 73.39024764801134,
        "profiling_cost": 510.4352860133986,
        "profiling_runtime": 193145.83249489113
    },
    "income_band": {
        "arachne": 106.25904372009039,
        "arachne_runtime": 76419.91737326808,
        "bq": 430.02429389953613,
        "bq_baseline_runtime": 106110.69599999997,
        "multi_cloud_plan": "aws",
        "percent_diff": 75.28999053599631,
        "profiling_cost": 545.7496036172744,
        "profiling_runtime": 213295.70769838715
    },
    "inventory": {
        "arachne": 106.63142485451857,
        "arachne_runtime": 77727.26639864422,
        "bq": 440.99409580230713,
        "bq_baseline_runtime": 104366.56000000003,
        "multi_cloud_plan": "aws",
        "percent_diff": 75.82021485786052,
        "profiling_cost": 556.7192857500919,
        "profiling_runtime": 211648.48226055218
    },
    "item": {
        "arachne": 98.75021577566501,
        "arachne_runtime": 52114.25888854172,
        "bq": 172.15175938606262,
        "bq_baseline_runtime": 48002.55500000001,
        "multi_cloud_plan": "aws",
        "percent_diff": 42.63769587494566,
        "profiling_cost": 277.19663721614137,
        "profiling_runtime": 120477.78836579091
    },
    "promotion": {
        "arachne": 105.79932013664914,
        "arachne_runtime": 74925.80327126585,
        "bq": 398.27684569358826,
        "bq_baseline_runtime": 97716.661,
        "multi_cloud_plan": "aws",
        "percent_diff": 73.4357341430676,
        "profiling_cost": 513.028832001554,
        "profiling_runtime": 201738.33410860333
    },
    "reason": {
        "arachne": 106.38906474889885,
        "arachne_runtime": 76842.49231142426,
        "bq": 426.9313745498657,
        "bq_baseline_runtime": 104568.12200000005,
        "multi_cloud_plan": "aws",
        "percent_diff": 75.08052321966969,
        "profiling_cost": 542.4445704908328,
        "profiling_runtime": 211063.7538163872
    },
    "ship_mode": {
        "arachne": 106.66804369432323,
        "arachne_runtime": 77749.18763595601,
        "bq": 439.20803570747375,
        "bq_baseline_runtime": 106991.29200000002,
        "multi_cloud_plan": "aws",
        "percent_diff": 75.71354915615262,
        "profiling_cost": 555.1546187380171,
        "profiling_runtime": 214895.4531477053
    },
    "store": {
        "arachne": 100.96281417661874,
        "arachne_runtime": 59207.21580753816,
        "bq": 252.93155765533447,
        "bq_baseline_runtime": 60536.157000000014,
        "multi_cloud_plan": "aws",
        "percent_diff": 60.08295085336918,
        "profiling_cost": 359.67429318594236,
        "profiling_runtime": 138527.37317976716
    },
    "store_returns": {
        "arachne": 98.55286579556999,
        "arachne_runtime": 65857.47820278132,
        "bq": 343.4741313457489,
        "bq_baseline_runtime": 87304.47599999998,
        "multi_cloud_plan": "aws",
        "percent_diff": 71.30704853683307,
        "profiling_cost": 448.2669578948596,
        "profiling_runtime": 173462.3671234178
    },
    "store_sales": {
        "arachne": 38.9817469007484,
        "arachne_runtime": 13422.139783464349,
        "bq": 39.010743379592896,
        "bq_baseline_runtime": 13401.667999999998,
        "multi_cloud_plan": "multi",
        "percent_diff": 0.07432947012146947,
        "profiling_cost": 95.1127246333458,
        "profiling_runtime": 39931.55599696368
    },
    "time_dim": {
        "arachne": 106.51585027881859,
        "arachne_runtime": 77255.02674069782,
        "bq": 426.7610845565796,
        "bq_baseline_runtime": 102975.36499999999,
        "multi_cloud_plan": "aws",
        "percent_diff": 75.0408708447509,
        "profiling_cost": 541.9607481951963,
        "profiling_runtime": 208452.47776575087
    },
    "warehouse": {
        "arachne": 106.60956547651482,
        "arachne_runtime": 77559.16398926187,
        "bq": 436.2980740070343,
        "bq_baseline_runtime": 103431.731,
        "multi_cloud_plan": "aws",
        "percent_diff": 75.56496995336359,
        "profiling_cost": 551.82239191647,
        "profiling_runtime": 209963.51018496216
    },
    "web_page": {
        "arachne": 106.60516312993944,
        "arachne_runtime": 77544.82630181467,
        "bq": 428.64735674858093,
        "bq_baseline_runtime": 105966.08999999995,
        "multi_cloud_plan": "aws",
        "percent_diff": 75.12986807184076,
        "profiling_cost": 544.6587790004237,
        "profiling_runtime": 214080.98536004798
    },
    "web_returns": {
        "arachne": 103.25375122927503,
        "arachne_runtime": 71102.62820347786,
        "bq": 373.3454520702362,
        "bq_baseline_runtime": 97414.909,
        "multi_cloud_plan": "aws",
        "percent_diff": 72.34364295675141,
        "profiling_cost": 484.534532518186,