{
    "call_center": {
        "arachne": 106.66680415633182,
        "arachne_runtime": 77745.15296165147,
        "bq": 449.1417326927185,
        "bq_baseline_runtime": 105783.20400000003,
        "multi_cloud_plan": "aws",
        "percent_diff": 76.2509701521528,
        "profiling_cost": 565.1811321482336,
        "profiling_runtime": 213989.0246970431
    },
    "catalog_page": {
        "arachne": 106.32642210715528,
        "arachne_runtime": 76639.15417141575,
        "bq": 421.2480306625366,
        "bq_baseline_runtime": 105810.44799999999,
        "multi_cloud_plan": "aws",
        "percent_diff": 74.759188324293,
        "profiling_cost": 537.0454281201181,
        "profiling_runtime": 213230.01045422602
    },
    "catalog_returns": {
        "arachne": 101.32428341510337,
        "arachne_runtime": 69561.02042462878,
        "bq": 367.8415699005127,
        "bq_baseline_runtime": 91777.65499999998,
        "multi_cloud_plan": "aws",
        "percent_diff": 72.45436848192341,
        "profiling_cost": 476.93944664944746,
        "profiling_runtime": 186619.01741110408
    },
    "catalog_sales": {
        "arachne": 67.21118723002456,
        "arachne_runtime": 42285.63729995204,
        "bq": 198.04863023757935,
        "bq_baseline_runtime": 57335.019,
        "multi_cloud_plan": "multi",
        "percent_diff": 66.06329104654854,
        "profiling_cost": 272.106303309641,
        "profiling_runtime": 114303.73803942106
    },
    "customer": {
        "arachne": 101.54495852415917,
        "arachne_runtime": 61353.49901735192,
        "bq": 353.1561236381531,
        "bq_baseline_runtime": 77589.22300000001,
        "multi_cloud_plan": "aws",
        "percent_diff": 71.24643982438683,
        "profiling_cost": 461.71781072188384,
        "profiling_runtime": 161747.09570215386
    },
    "customer_address": {
        "arachne": 104.62024223968841,
        "arachne_runtime": 71166.61625690307,
        "bq": 367.46883630752563,
        "bq_baseline_runtime": 80994.65000000001,
        "multi_cloud_plan": "aws",
        "percent_diff": 71.52949259835076,
        "profiling_cost": 480.3023428206974,
        "profiling_runtime": 178854.15962458923
    },
    "customer_demographics": {
        "arachne": 105.1019437804883,
        "arachne_runtime": 72664.0919519818,
        "bq": 394.19272327423096,
        "bq_baseline_runtime": 91655.295,
        "multi_cloud_plan": "aws",
        "percent_diff": 73.3374216278033,
        "profiling_cost": 507.4617131278302,
        "profiling_runtime": 190861.93728993047
    },
    "date_dim": {
        "arachne": 46.110716402632676,
        "arachne_runtime": 20692.50348291107,
        "bq": 53.579776763916016,
        "bq_baseline_runtime": 12509.484,
        "multi_cloud_plan": "multi",
        "percent_diff": 13.940073685251846,
        "profiling_cost": 149.3783839527597,
        "profiling_runtime": 54932.52169480344
    },
    "household_demographics": {
        "arachne": 105.61913903308754,
        "arachne_runtime": 74340.23445773326,
        "bq": 407.64643907546997,
        "bq_baseline_runtime": 93139.921,
        "multi_cloud_plan": "aws",
        "percent_diff": 74.09050370398705,
        "profiling_cost": 521.1628238838063,
        "profiling_runtime": 193145.83249489113
    },
    "income_band": {
        "arachne": 106.25904610427618,
        "arachne_runtime": 76419.91737326808,
        "bq": 441.6465721130371,
        "bq_baseline_runtime": 106110.69599999998,
        "multi_cloud_plan": "aws",
        "percent_diff": 75.94025340310357,
        "profiling_cost": 557.3718818307755,
        "profiling_runtime": 213295.70769838706
    },
    "inventory": {
        "arachne": 106.63142723870436,
        "arachne_runtime": 77727.26639864422,
        "bq": 452.91285514831543,
        "bq_baseline_runtime": 104366.55999999998,
        "multi_cloud_plan": "aws",
        "percent_diff": 76.4565244667684,
        "profiling_cost": 568.6380450961001,
        "profiling_runtime": 211648.48226055215
    },
    "item": {
        "arachne": 98.75021577566501,
        "arachne_runtime": 52114.25888854172,
        "bq": 176.80450963974,
        "bq_baseline_runtime": 48002.55500000001,
        "multi_cloud_plan": "aws",
        "percent_diff": 44.147230194026044,
        "profiling_cost": 281.84938746981874,
        "profiling_runtime": 120477.78836579093
    },
    "promotion": {
        "arachne": 105.79932252083493,
        "arachne_runtime": 74925.80327126585,
        "bq": 409.04108476638794,
        "bq_baseline_runtime": 97716.66100000001,
        "multi_cloud_plan": "aws",
        "percent_diff": 74.13479318800967,
        "profiling_cost": 523.7930710743539,
        "profiling_runtime": 201738.33410860333
    },
    "reason": {
        "arachne": 106.38906713308464,
        "arachne_runtime": 76842.49231142426,
        "bq": 438.47006034851074,
        "bq_baseline_runtime": 104568.12200000002,
        "multi_cloud_plan": "aws",
        "percent_diff": 75.73629838066412,
        "profiling_cost": 553.9832562894777,
        "profiling_runtime": 211063.75381638718
    },
    "ship_mode": {
        "arachne": 106.66804607850902,
        "arachne_runtime": 77749.18763595601,
        "bq": 451.0785231590271,
        "bq_baseline_runtime": 106991.29199999997,
        "multi_cloud_plan": "aws",
        "percent_diff": 76.35266575507002,
        "profiling_cost": 567.0251061895706,
        "profiling_runtime": 214895.4531477053
    },
    "store": {
        "arachne": 100.96281656080453,
        "arachne_runtime": 59207.21580753816,
        "bq": 259.76754570007324,
        "bq_baseline_runtime": 60536.15700000001,
        "multi_cloud_plan": "aws",
        "percent_diff": 61.13339859730751,
        "profiling_cost": 366.510281230681,
        "profiling_runtime": 138527.37317976716
    },
    "store_returns": {
        "arachne": 98.55286817975578,
        "arachne_runtime": 65857.47820278132,
        "bq": 352.7572159767151,
        "bq_baseline_runtime": 87304.47600000004,
        "multi_cloud_plan": "aws",
        "percent_diff": 72.06212553104481,
        "profiling_cost": 457.55004252582575,
        "profiling_runtime": 173462.3671234178
    },
    "store_sales": {
        "arachne": 40.03392528362193,
        "arachne_runtime": 13422.13978346435,
        "bq": 40.06508779525757,
        "bq_baseline_runtime": 13401.668,
        "multi_cloud_plan": "multi",
        "percent_diff": 0.0777797163327918,
        "profiling_cost": 96.16706904901048,
        "profiling_runtime": 39931.55599696369
    },
    "time_dim": {
        "arachne": 106.51585266300438,
        "arachne_runtime": 77255.02674069782,
        "bq": 438.29516792297363,
        "bq_baseline_runtime": 102975.365,
        "multi_cloud_plan": "aws",
        "percent_diff": 75.69768948907884,
        "profiling_cost": 553.4948315615901,
        "profiling_runtime": 208452.47776575093
    },
    "warehouse": {
        "arachne": 106.60956786070061,
        "arachne_runtime": 77559.16398926187,
        "bq": 448.08991384506226,
        "bq_baseline_runtime": 103431.731,
        "multi_cloud_plan": "aws",
        "percent_diff": 76.20799652777647,
        "profiling_cost": 563.6142317544977,
        "profiling_runtime": 209963.51018496216
    },
    "web_page": {
        "arachne": 106.60516551412523,
        "arachne_runtime": 77544.82630181467,
        "bq": 440.2324204444885,
        "bq_baseline_runtime": 105966.08999999995,
        "multi_cloud_plan": "aws",
        "percent_diff": 75.78434468627063,
        "profiling_cost": 556.2438426963311,
        "profiling_runtime": 214080.98536004793
    },
    "web_returns": {
        "arachne": 103.25375361346082,
        "arachne_runtime": 71102.62820347786,
        "bq": 383.4358696937561,
        "bq_baseline_runtime": 97414.90900000001,
        "multi_cloud_plan": "aws",
        "percent_diff": 73.0714412045154,
        "profiling_cost": 494.62495014170594,