{
    "call_center": {
        "arachne": 151.38460882074244,
        "arachne_runtime": 77745.15296165147,
        "bq": 236.39038562774658,
        "bq_baseline_runtime": 105783.20399999998,
        "multi_cloud_plan": "aws",
        "percent_diff": 35.959912913237574,
        "profiling_cost": 397.1476326630162,
        "profiling_runtime": 213989.02469704312
    },
    "catalog_page": {
        "arachne": 151.04418385743708,
        "arachne_runtime": 76639.15417141575,
        "bq": 221.7094898223877,
        "bq_baseline_runtime": 105810.44799999997,
        "multi_cloud_plan": "aws",
        "percent_diff": 31.872927957012966,
        "profiling_cost": 382.2246919455948,
        "profiling_runtime": 213230.010454226
    },
    "catalog_returns": {
        "arachne": 143.7626026775504,
        "arachne_runtime": 69522.54024551496,
        "bq": 193.60082626342773,
        "bq_baseline_runtime": 91777.65499999998,
        "multi_cloud_plan": "multi",
        "percent_diff": 25.742774216295818,
        "profiling_cost": 345.8977440572983,
        "profiling_runtime": 186619.0174111041
    },
    "catalog_sales": {
        "arachne": 81.55267215340795,
        "arachne_runtime": 44192.96277523115,
        "bq": 104.23612117767334,
        "bq_baseline_runtime": 57335.01899999999,
        "multi_cloud_plan": "multi",
        "percent_diff": 21.761601226124696,
        "profiling_cost": 208.90074411934847,
        "profiling_runtime": 114303.73803942105
    },
    "customer": {
        "arachne": 146.22061691329347,
        "arachne_runtime": 61353.49901735192,
        "bq": 185.87164402008057,
        "bq_baseline_runtime": 77589.22299999998,
        "multi_cloud_plan": "aws",
        "percent_diff": 21.332477751422594,
        "profiling_cost": 339.109032448183,
        "profiling_runtime": 161747.09570215383
    },
    "customer_address": {
        "arachne": 149.32599299081588,
        "arachne_runtime": 71166.61625690307,
        "bq": 193.4046506881714,
        "bq_baseline_runtime": 80994.65,
        "multi_cloud_plan": "aws",
        "percent_diff": 22.79089853347118,
        "profiling_cost": 350.9439509077083,
        "profiling_runtime": 178854.1596245893
    },
    "customer_demographics": {
        "arachne": 149.8189578449232,
        "arachne_runtime": 72664.0919519818,
        "bq": 207.4698543548584,
        "bq_baseline_runtime": 91655.29500000003,
        "multi_cloud_plan": "aws",
        "percent_diff": 27.787601571902854,
        "profiling_cost": 365.45590122813013,
        "profiling_runtime": 190861.93728993053
    },
    "date_dim": {
        "arachne": 28.19988250732422,
        "arachne_runtime": 12509.484,
        "bq": 28.19988250732422,
        "bq_baseline_runtime": 12509.484,
        "multi_cloud_plan": "gcp",
        "percent_diff": 0.0,
        "profiling_cost": 168.71620795838393,
        "profiling_runtime": 54932.52169480344
    },
    "household_demographics": {
        "arachne": 150.33694174696876,
        "arachne_runtime": 74340.23445773326,
        "bq": 214.5507574081421,
        "bq_baseline_runtime": 93139.92100000003,
        "multi_cloud_plan": "aws",
        "percent_diff": 29.929428558958072,
        "profiling_cost": 372.7849878855967,
        "profiling_runtime": 193145.83249489113
    },
    "income_band": {
        "arachne": 150.97685110157417,
        "arachne_runtime": 76419.91737326808,
        "bq": 232.44556427001953,
        "bq_baseline_runtime": 106110.696,
        "multi_cloud_plan": "aws",
        "percent_diff": 35.048512723524176,
        "profiling_cost": 392.88872190039973,
        "profiling_runtime": 213295.707698387
    },
    "inventory": {
        "arachne": 151.33317632012506,
        "arachne_runtime": 77727.26639864422,
        "bq": 238.37518692016602,
        "bq_baseline_runtime": 104366.55999999998,
        "multi_cloud_plan": "aws",
        "percent_diff": 36.51471100018145,
        "profiling_cost": 398.80216886471544,
        "profiling_runtime": 211648.48226055218
    },
    "item": {
        "arachne": 93.05500507354736,
        "arachne_runtime": 48002.55500000001,
        "bq": 93.05500507354736,
        "bq_baseline_runtime": 48002.55500000001,
        "multi_cloud_plan": "gcp",
        "percent_diff": 0.0,
        "profiling_cost": 242.81737568522456,
        "profiling_runtime": 120477.78836579096
    },
    "promotion": {
        "arachne": 150.5171258662274,
        "arachne_runtime": 74925.80327126585,
        "bq": 215.28478145599365,
        "bq_baseline_runtime": 97716.66100000001,
        "multi_cloud_plan": "aws",
        "percent_diff": 30.084641910931087,
        "profiling_cost": 374.754614024696,
        "profiling_runtime": 201738.3341086033
    },
    "reason": {
        "arachne": 151.10687208952083,
        "arachne_runtime": 76842.49231142426,
        "bq": 230.7737159729004,
        "bq_baseline_runtime": 104568.122,
        "multi_cloud_plan": "aws",
        "percent_diff": 34.52162805782214,
        "profiling_cost": 391.0047597856475,
        "profiling_runtime": 211063.75381638715
    },
    "ship_mode": {
        "arachne": 151.38585101303116,
        "arachne_runtime": 77749.18763595601,
        "bq": 237.4097490310669,
        "bq_baseline_runtime": 106991.29200000002,
        "multi_cloud_plan": "aws",
        "percent_diff": 36.23435784297925,
        "profiling_cost": 398.07417991147645,
        "profiling_runtime": 214895.4531477053
    },
    "store": {
        "arachne": 136.7197608947754,
        "arachne_runtime": 60536.15700000001,
        "bq": 136.7197608947754,
        "bq_baseline_runtime": 60536.15700000001,
        "multi_cloud_plan": "gcp",
        "percent_diff": 0.0,
        "profiling_cost": 288.1803428321327,
        "profiling_runtime": 138527.37317976716
    },
    "store_returns": {
        "arachne": 138.18771371279942,
        "arachne_runtime": 69104.52428449658,
        "bq": 185.66169261932373,
        "bq_baseline_runtime": 87304.47600000004,
        "multi_cloud_plan": "multi",
        "percent_diff": 25.570153022284366,
        "profiling_cost": 332.7753538269156,
        "profiling_runtime": 173462.3671234178
    },
    "store_sales": {
        "arachne": 21.086888313293457,
        "arachne_runtime": 13401.667999999996,
        "bq": 21.086888313293457,
        "bq_baseline_runtime": 13401.667999999996,
        "multi_cloud_plan": "gcp",
        "percent_diff": 0.0,
        "profiling_cost": 103.13113681034505,
        "profiling_runtime": 39931.55599696369
    },
    "time_dim": {
        "arachne": 151.23357902280947,
        "arachne_runtime": 77255.02674069782,
        "bq": 230.68166732788086,
        "bq_baseline_runtime": 102975.36499999999,
        "multi_cloud_plan": "aws",
        "percent_diff": 34.44057311764933,
        "profiling_cost": 390.5991002416464,
        "profiling_runtime": 208452.47776575084
    },
    "warehouse": {
        "arachne": 151.3273726438223,
        "arachne_runtime": 77559.16398926187,
        "bq": 235.83679676055908,
        "bq_baseline_runtime": 103431.73099999999,
        "multi_cloud_plan": "aws",
        "percent_diff": 35.83385853164284,
        "profiling_cost": 396.07896247112893,
        "profiling_runtime": 209963.51018496213
    },
    "web_page": {
        "arachne": 151.32296985830064,
        "arachne_runtime": 77544.82630181467,
        "bq": 231.70127391815186,
        "bq_baseline_runtime": 105966.09,
        "multi_cloud_plan": "aws",
        "percent_diff": 34.69048861951649,
        "profiling_cost": 392.43054342951405,
        "profiling_runtime": 214080.98536004795
    },
    "web_returns": {
        "arachne": 147.23531622866076,
        "arachne_runtime": 71102.62820347786,
        "bq": 201.80835247039795,
        "bq_baseline_runtime": 97414.909,
        "multi_cloud_plan": "aws",
        "percent_diff": 27.04201068671931,
        "profiling_cost": 356.9790817358013,
        "profiling_runtime": 194315.02942059943
    },