{
    "call_center": {
        "arachne": 82.7366349697113,
        "arachne_runtime": 105783.204,
        "bq": 82.7366349697113,
        "bq_baseline_runtime": 105783.204,
        "multi_cloud_plan": "gcp",
        "percent_diff": 0.0,
        "profiling_cost": 198.77603442522647,
        "profiling_runtime": 213989.0246970431
    },
    "catalog_page": {
        "arachne": 77.5983214378357,
        "arachne_runtime": 105810.448,
        "bq": 77.5983214378357,
        "bq_baseline_runtime": 105810.448,
        "multi_cloud_plan": "gcp",
        "percent_diff": 0.0,
        "profiling_cost": 193.3957188954172,
        "profiling_runtime": 213230.0104542259
    },
    "catalog_returns": {
        "arachne": 67.7602891921997,
        "arachne_runtime": 91777.65499999994,
        "bq": 67.7602891921997,
        "bq_baseline_runtime": 91777.65499999994,
        "multi_cloud_plan": "gcp",
        "percent_diff": 0.0,
        "profiling_cost": 176.85816594113493,
        "profiling_runtime": 186619.01741110405
    },
    "catalog_sales": {
        "arachne": 36.48264241218567,
        "arachne_runtime": 57335.01900000003,
        "bq": 36.48264241218567,
        "bq_baseline_runtime": 57335.01900000003,
        "multi_cloud_plan": "gcp",
        "percent_diff": 0.0,
        "profiling_cost": 110.54031548424747,
        "profiling_runtime": 114303.73803942103
    },
    "customer": {
        "arachne": 65.0550754070282,
        "arachne_runtime": 77589.22299999997,
        "bq": 65.0550754070282,
        "bq_baseline_runtime": 77589.22299999997,
        "multi_cloud_plan": "gcp",
        "percent_diff": 0.0,
        "profiling_cost": 173.61676249075913,
        "profiling_runtime": 161747.09570215386
    },
    "customer_address": {
        "arachne": 67.69162774085999,
        "arachne_runtime": 80994.65000000001,
        "bq": 67.69162774085999,
        "bq_baseline_runtime": 80994.65000000001,
        "multi_cloud_plan": "gcp",
        "percent_diff": 0.0,
        "profiling_cost": 180.52513425403228,
        "profiling_runtime": 178854.15962458923
    },
    "customer_demographics": {
        "arachne": 72.61444902420044,
        "arachne_runtime": 91655.29499999998,
        "bq": 72.61444902420044,
        "bq_baseline_runtime": 91655.29499999998,
        "multi_cloud_plan": "gcp",
        "percent_diff": 0.0,
        "profiling_cost": 185.8834388778002,
        "profiling_runtime": 190861.93728993047
    },
    "date_dim": {
        "arachne": 9.869958877563477,
        "arachne_runtime": 12509.484000000002,
        "bq": 9.869958877563477,
        "bq_baseline_runtime": 12509.484000000002,
        "multi_cloud_plan": "gcp",
        "percent_diff": 0.0,
        "profiling_cost": 105.66856606640701,
        "profiling_runtime": 54932.52169480344
    },
    "household_demographics": {
        "arachne": 75.09276509284973,
        "arachne_runtime": 93139.92100000002,
        "bq": 75.09276509284973,
        "bq_baseline_runtime": 93139.92100000002,
        "multi_cloud_plan": "gcp",
        "percent_diff": 0.0,
        "profiling_cost": 188.6091499011859,
        "profiling_runtime": 193145.8324948912
    },
    "income_band": {
        "arachne": 81.35594749450684,
        "arachne_runtime": 106110.696,
        "bq": 81.35594749450684,
        "bq_baseline_runtime": 106110.696,
        "multi_cloud_plan": "gcp",
        "percent_diff": 0.0,
        "profiling_cost": 197.0812572122451,
        "profiling_runtime": 213295.70769838712
    },
    "inventory": {
        "arachne": 83.4313154220581,
        "arachne_runtime": 104366.56000000003,
        "bq": 83.4313154220581,
        "bq_baseline_runtime": 104366.56000000003,
        "multi_cloud_plan": "gcp",
        "percent_diff": 0.0,
        "profiling_cost": 199.1565053698429,
        "profiling_runtime": 211648.4822605522
    },
    "item": {
        "arachne": 32.56925177574158,
        "arachne_runtime": 48002.55500000001,
        "bq": 32.56925177574158,
        "bq_baseline_runtime": 48002.55500000001,
        "multi_cloud_plan": "gcp",
        "percent_diff": 0.0,
        "profiling_cost": 137.61412960582058,
        "profiling_runtime": 120477.78836579091
    },
    "promotion": {
        "arachne": 75.34967350959778,
        "arachne_runtime": 97716.66100000002,
        "bq": 75.34967350959778,
        "bq_baseline_runtime": 97716.66100000002,
        "multi_cloud_plan": "gcp",
        "percent_diff": 0.0,
        "profiling_cost": 190.1016598175637,
        "profiling_runtime": 201738.3341086033
    },
    "reason": {
        "arachne": 80.77080059051514,
        "arachne_runtime": 104568.12199999999,
        "bq": 80.77080059051514,
        "bq_baseline_runtime": 104568.12199999999,
        "multi_cloud_plan": "gcp",
        "percent_diff": 0.0,
        "profiling_cost": 196.28399653148205,
        "profiling_runtime": 211063.7538163872
    },
    "ship_mode": {
        "arachne": 83.09341216087341,
        "arachne_runtime": 106991.29199999997,
        "bq": 83.09341216087341,
        "bq_baseline_runtime": 106991.29199999997,
        "multi_cloud_plan": "gcp",
        "percent_diff": 0.0,
        "profiling_cost": 199.03999519141686,
        "profiling_runtime": 214895.45314770527
    },
    "store": {
        "arachne": 47.85191631317139,
        "arachne_runtime": 60536.15700000001,
        "bq": 47.85191631317139,
        "bq_baseline_runtime": 60536.15700000001,
        "multi_cloud_plan": "gcp",
        "percent_diff": 0.0,
        "profiling_cost": 154.59465184377956,
        "profiling_runtime": 138527.37317976716
    },
    "store_returns": {
        "arachne": 64.9815924167633,
        "arachne_runtime": 87304.47599999998,
        "bq": 64.9815924167633,
        "bq_baseline_runtime": 87304.47599999998,
        "multi_cloud_plan": "gcp",
        "percent_diff": 0.0,
        "profiling_cost": 169.77441896587425,
        "profiling_runtime": 173462.36712341776
    },
    "store_sales": {
        "arachne": 7.38041090965271,
        "arachne_runtime": 13401.667999999998,
        "bq": 7.38041090965271,
        "bq_baseline_runtime": 13401.667999999998,
        "multi_cloud_plan": "gcp",
        "percent_diff": 0.0,
        "profiling_cost": 63.48239216340567,
        "profiling_runtime": 39931.55599696369
    },
    "time_dim": {
        "arachne": 80.7385835647583,
        "arachne_runtime": 102975.36499999999,
        "bq": 80.7385835647583,
        "bq_baseline_runtime": 102975.36499999999,
        "multi_cloud_plan": "gcp",
        "percent_diff": 0.0,
        "profiling_cost": 195.9382472033748,
        "profiling_runtime": 208452.47776575084
    },
    "warehouse": {
        "arachne": 82.54287886619568,
        "arachne_runtime": 103431.73100000001,
        "bq": 82.54287886619568,
        "bq_baseline_runtime": 103431.73100000001,
        "multi_cloud_plan": "gcp",
        "percent_diff": 0.0,
        "profiling_cost": 198.06719677563103,
        "profiling_runtime": 209963.5101849622
    },
    "web_page": {
        "arachne": 81.09544587135315,
        "arachne_runtime": 105966.09,
        "bq": 81.09544587135315,
        "bq_baseline_runtime": 105966.09,
        "multi_cloud_plan": "gcp",
        "percent_diff": 0.0,
        "profiling_cost": 197.10686812319594,
        "profiling_runtime": 214080.98536004793
    },
    "web_returns": {
        "arachne": 70.63292336463928,
        "arachne_runtime": 97414.90900000003,
        "bq": 70.63292336463928,
        "bq_baseline_runtime": 97414.90900000003,
        "multi_cloud_plan": "gcp",
        "percent_diff": 0.0,
        "profiling_cost": 181.82200381258951,
        "profiling_runtime": 194315.02942059934
    },
    "web_sales": {
        "arachne": 41.78896379470825,
        "arachne_runtime": 66566.27100000002,
        "bq": 41.78896379470825,
        "bq_baseline_runtime": 66566.27100000002,
        "multi_cloud_plan": "gcp",
        "percent_diff": 0.0,
        "profiling_cost": 132.920034529301,