{
    "call_center": {
        "arachne": 236.39038562774658,
        "arachne_runtime": 105783.204,
        "bq": 236.39038562774658,
        "bq_baseline_runtime": 105783.204,
        "multi_cloud_plan": "gcp",
        "percent_diff": 0.0,
        "profiling_cost": 596.6580295573078,
        "profiling_runtime": 213989.02469704312
    },
    "catalog_page": {
        "arachne": 221.7094898223877,
        "arachne_runtime": 105810.448,
        "bq": 221.7094898223877,
        "bq_baseline_runtime": 105810.448,
        "multi_cloud_plan": "gcp",
        "percent_diff": 0.0,
        "profiling_cost": 581.7348973768499,
        "profiling_runtime": 213230.0104542259
    },
    "catalog_returns": {
        "arachne": 193.60082626342773,
        "arachne_runtime": 91777.65499999998,
        "bq": 193.60082626342773,
        "bq_baseline_runtime": 91777.65499999998,
        "multi_cloud_plan": "gcp",
        "percent_diff": 0.0,
        "profiling_cost": 538.6319271808575,
        "profiling_runtime": 186619.0174111041
    },
    "catalog_sales": {
        "arachne": 104.23612117767334,
        "arachne_runtime": 57335.019,
        "bq": 104.23612117767334,
        "bq_baseline_runtime": 57335.019,
        "multi_cloud_plan": "gcp",
        "percent_diff": 0.0,
        "profiling_cost": 345.4548281530068,
        "profiling_runtime": 114303.73803942102
    },
    "customer": {
        "arachne": 185.87164402008057,
        "arachne_runtime": 77589.22300000001,
        "bq": 185.87164402008057,
        "bq_baseline_runtime": 77589.22300000001,
        "multi_cloud_plan": "gcp",
        "percent_diff": 0.0,
        "profiling_cost": 538.4313922923036,
        "profiling_runtime": 161747.09570215386
    },
    "customer_address": {
        "arachne": 193.4046506881714,
        "arachne_runtime": 80994.65000000001,
        "bq": 193.4046506881714,
        "bq_baseline_runtime": 80994.65000000001,
        "multi_cloud_plan": "gcp",
        "percent_diff": 0.0,
        "profiling_cost": 550.40056898226,
        "profiling_runtime": 178854.1596245893
    },
    "customer_demographics": {
        "arachne": 207.4698543548584,
        "arachne_runtime": 91655.29499999995,
        "bq": 207.4698543548584,
        "bq_baseline_runtime": 91655.29499999995,
        "multi_cloud_plan": "gcp",
        "percent_diff": 0.0,
        "profiling_cost": 564.9627710082071,
        "profiling_runtime": 190861.93728993047
    },
    "date_dim": {
        "arachne": 28.19988250732422,
        "arachne_runtime": 12509.484,
        "bq": 28.19988250732422,
        "bq_baseline_runtime": 12509.484,
        "multi_cloud_plan": "gcp",
        "percent_diff": 0.0,
        "profiling_cost": 368.2260278975014,
        "profiling_runtime": 54932.521694803436
    },
    "household_demographics": {
        "arachne": 214.5507574081421,
        "arachne_runtime": 93139.92099999997,
        "bq": 214.5507574081421,
        "bq_baseline_runtime": 93139.92099999997,
        "multi_cloud_plan": "gcp",
        "percent_diff": 0.0,
        "profiling_cost": 572.2953762555111,
        "profiling_runtime": 193145.83249489113
    },
    "income_band": {
        "arachne": 232.44556427001953,
        "arachne_runtime": 106110.69599999998,
        "bq": 232.44556427001953,
        "bq_baseline_runtime": 106110.69599999998,
        "multi_cloud_plan": "gcp",
        "percent_diff": 0.0,
        "profiling_cost": 592.3991202798805,
        "profiling_runtime": 213295.7076983871
    },
    "inventory": {
        "arachne": 238.37518692016602,
        "arachne_runtime": 104366.56000000001,
        "bq": 238.37518692016602,
        "bq_baseline_runtime": 104366.56000000001,
        "multi_cloud_plan": "gcp",
        "percent_diff": 0.0,
        "profiling_cost": 598.2409331579747,
        "profiling_runtime": 211648.48226055218
    },
    "item": {
        "arachne": 93.05500507354736,
        "arachne_runtime": 48002.555,
        "bq": 93.05500507354736,
        "bq_baseline_runtime": 48002.555,
        "multi_cloud_plan": "gcp",
        "percent_diff": 0.0,
        "profiling_cost": 442.32618963389274,
        "profiling_runtime": 120477.78836579093
    },
    "promotion": {
        "arachne": 215.28478145599365,
        "arachne_runtime": 97716.661,
        "bq": 215.28478145599365,
        "bq_baseline_runtime": 97716.661,
        "multi_cloud_plan": "gcp",
        "percent_diff": 0.0,
        "profiling_cost": 574.2650050341372,
        "profiling_runtime": 201738.33410860333
    },
    "reason": {
        "arachne": 230.7737159729004,
        "arachne_runtime": 104568.122,
        "bq": 230.7737159729004,
        "bq_baseline_runtime": 104568.122,
        "multi_cloud_plan": "gcp",
        "percent_diff": 0.0,
        "profiling_cost": 590.515157982822,
        "profiling_runtime": 211063.75381638718
    },
    "ship_mode": {
        "arachne": 237.4097490310669,
        "arachne_runtime": 106991.29200000004,
        "bq": 237.4097490310669,
        "bq_baseline_runtime": 106991.29200000004,
        "multi_cloud_plan": "gcp",
        "percent_diff": 0.0,
        "profiling_cost": 597.5845780108806,
        "profiling_runtime": 214895.45314770532
    },
    "store": {
        "arachne": 136.7197608947754,
        "arachne_runtime": 60536.157,
        "bq": 136.7197608947754,
        "bq_baseline_runtime": 60536.157,
        "multi_cloud_plan": "gcp",
        "percent_diff": 0.0,
        "profiling_cost": 487.69073449301476,
        "profiling_runtime": 138527.37317976714
    },
    "store_returns": {
        "arachne": 185.66169261932373,
        "arachne_runtime": 87304.47600000004,
        "bq": 185.66169261932373,
        "bq_baseline_runtime": 87304.47600000004,
        "multi_cloud_plan": "gcp",
        "percent_diff": 0.0,
        "profiling_cost": 521.5913853801399,
        "profiling_runtime": 173462.3671234178
    },
    "store_sales": {
        "arachne": 21.086888313293457,
        "arachne_runtime": 13401.667999999996,
        "bq": 21.086888313293457,
        "bq_baseline_runtime": 13401.667999999996,
        "multi_cloud_plan": "gcp",
        "percent_diff": 0.0,
        "profiling_cost": 218.8735598958317,
        "profiling_runtime": 39931.55599696369
    },
    "time_dim": {
        "arachne": 230.68166732788086,
        "arachne_runtime": 102975.36500000005,
        "bq": 230.68166732788086,
        "bq_baseline_runtime": 102975.36500000005,
        "multi_cloud_plan": "gcp",
        "percent_diff": 0.0,
        "profiling_cost": 590.1091477769285,
        "profiling_runtime": 208452.47776575087
    },
    "warehouse": {
        "arachne": 235.83679676055908,
        "arachne_runtime": 103431.73099999994,
        "bq": 235.83679676055908,
        "bq_baseline_runtime": 103431.73099999994,
        "multi_cloud_plan": "gcp",
        "percent_diff": 0.0,
        "profiling_cost": 595.5893603531161,
        "profiling_runtime": 209963.51018496213
    },
    "web_page": {
        "arachne": 231.70127391815186,
        "arachne_runtime": 105966.08999999998,
        "bq": 231.70127391815186,
        "bq_baseline_runtime": 105966.08999999998,
        "multi_cloud_plan": "gcp",
        "percent_diff": 0.0,
        "profiling_cost": 591.9409388950635,
        "profiling_runtime": 214080.98536004795
    },
    "web_returns": {
        "arachne": 201.80835247039795,
        "arachne_runtime": 97414.909,
        "bq": 201.80835247039795,
        "bq_baseline_runtime": 97414.909,
        "multi_cloud_plan": "gcp",
        "percent_diff": 0.0,
        "profiling_cost": 553.2048995367483,
        "profiling_runtime": 194315.02942059937
    },
    "web_sales": {
        "arachne": 119.39703941345215,
        "arachne_runtime": 66566.271,
        "bq": 119.39703941345215,
        "bq_baseline_runtime": 66566.271,
        "multi_cloud_plan": "gcp",
        "percent_diff": 0.0,
        "profiling_cost": 415.9374468163954,
        "profiling_runtime": 136777.36776799874
    },