{
    "call_center": {
        "arachne": 236.39038562774658,
        "arachne_runtime": 105783.20400000003,
        "bq": 236.39038562774658,
        "bq_baseline_runtime": 105783.20400000003,
        "multi_cloud_plan": "gcp",
        "percent_diff": 0.0,
        "profiling_cost": 562.2596852651886,
        "profiling_runtime": 213989.02469704303
    },
    "catalog_page": {
        "arachne": 221.7094898223877,
        "arachne_runtime": 105810.44800000002,
        "bq": 221.7094898223877,
        "bq_baseline_runtime": 105810.44800000002,
        "multi_cloud_plan": "gcp",
        "percent_diff": 0.0,
        "profiling_cost": 547.336586095599,
        "profiling_runtime": 213230.01045422594
    },
    "catalog_returns": {
        "arachne": 193.60082626342773,
        "arachne_runtime": 91777.65499999998,
        "bq": 193.60082626342773,
        "bq_baseline_runtime": 91777.65499999998,
        "multi_cloud_plan": "gcp",
        "percent_diff": 0.0,
        "profiling_cost": 505.4018956078296,
        "profiling_runtime": 186619.0174111041
    },
    "catalog_sales": {
        "arachne": 104.23612117767334,
        "arachne_runtime": 57335.01900000001,
        "bq": 104.23612117767334,
        "bq_baseline_runtime": 57335.01900000001,
        "multi_cloud_plan": "gcp",
        "percent_diff": 0.0,
        "profiling_cost": 321.9110205609967,
        "profiling_runtime": 114303.73803942108
    },
    "customer": {
        "arachne": 185.87164402008057,
        "arachne_runtime": 77589.22300000001,
        "bq": 185.87164402008057,
        "bq_baseline_runtime": 77589.22300000001,
        "multi_cloud_plan": "gcp",
        "percent_diff": 0.0,
        "profiling_cost": 504.0654681812481,
        "profiling_runtime": 161747.09570215386
    },
    "customer_address": {
        "arachne": 193.4046506881714,
        "arachne_runtime": 80994.64999999998,
        "bq": 193.4046506881714,
        "bq_baseline_runtime": 80994.64999999998,
        "multi_cloud_plan": "gcp",
        "percent_diff": 0.0,
        "profiling_cost": 516.0114969004403,
        "profiling_runtime": 178854.15962458926
    },
    "customer_demographics": {
        "arachne": 207.4698543548584,
        "arachne_runtime": 91655.29499999998,
        "bq": 207.4698543548584,
        "bq_baseline_runtime": 91655.29499999998,
        "multi_cloud_plan": "gcp",
        "percent_diff": 0.0,
        "profiling_cost": 530.5650348392286,
        "profiling_runtime": 190861.9372899304
    },
    "date_dim": {
        "arachne": 28.19988250732422,
        "arachne_runtime": 12509.484,
        "bq": 28.19988250732422,
        "bq_baseline_runtime": 12509.484,
        "multi_cloud_plan": "gcp",
        "percent_diff": 0.0,
        "profiling_cost": 333.8277830804121,
        "profiling_runtime": 54932.521694803436
    },
    "household_demographics": {
        "arachne": 214.5507574081421,
        "arachne_runtime": 93139.921,
        "bq": 214.5507574081421,
        "bq_baseline_runtime": 93139.921,
        "multi_cloud_plan": "gcp",
        "percent_diff": 0.0,
        "profiling_cost": 537.8970334331121,
        "profiling_runtime": 193145.83249489116
    },
    "income_band": {
        "arachne": 232.44556427001953,
        "arachne_runtime": 106110.69599999995,
        "bq": 232.44556427001953,
        "bq_baseline_runtime": 106110.69599999995,
        "multi_cloud_plan": "gcp",
        "percent_diff": 0.0,
        "profiling_cost": 558.0007757316944,
        "profiling_runtime": 213295.7076983872
    },
    "inventory": {
        "arachne": 238.37518692016602,
        "arachne_runtime": 104366.56000000001,
        "bq": 238.37518692016602,
        "bq_baseline_runtime": 104366.56000000001,
        "multi_cloud_plan": "gcp",
        "percent_diff": 0.0,
        "profiling_cost": 563.8549393143096,
        "profiling_runtime": 211648.48226055215
    },
    "item": {
        "arachne": 93.05500507354736,
        "arachne_runtime": 48002.55500000001,
        "bq": 93.05500507354736,
        "bq_baseline_runtime": 48002.55500000001,
        "multi_cloud_plan": "gcp",
        "percent_diff": 0.0,
        "profiling_cost": 407.9281182634326,
        "profiling_runtime": 120477.78836579093
    },
    "promotion": {
        "arachne": 215.28478145599365,
        "arachne_runtime": 97716.66100000001,
        "bq": 215.28478145599365,
        "bq_baseline_runtime": 97716.66100000001,
        "multi_cloud_plan": "gcp",
        "percent_diff": 0.0,
        "profiling_cost": 539.8666617566473,
        "profiling_runtime": 201738.3341086033
    },
    "reason": {
        "arachne": 230.7737159729004,
        "arachne_runtime": 104568.12199999997,
        "bq": 230.7737159729004,
        "bq_baseline_runtime": 104568.12199999997,
        "multi_cloud_plan": "gcp",
        "percent_diff": 0.0,
        "profiling_cost": 556.1168134660678,
        "profiling_runtime": 211063.75381638724
    },
    "ship_mode": {
        "arachne": 237.4097490310669,
        "arachne_runtime": 106991.29200000003,
        "bq": 237.4097490310669,
        "bq_baseline_runtime": 106991.29200000003,
        "multi_cloud_plan": "gcp",
        "percent_diff": 0.0,
        "profiling_cost": 563.1862335109835,
        "profiling_runtime": 214895.4531477052
    },
    "store": {
        "arachne": 136.7197608947754,
        "arachne_runtime": 60536.157000000014,
        "bq": 136.7197608947754,
        "bq_baseline_runtime": 60536.157000000014,
        "multi_cloud_plan": "gcp",
        "percent_diff": 0.0,
        "profiling_cost": 453.29239110320754,
        "profiling_runtime": 138527.37317976714
    },
    "store_returns": {
        "arachne": 185.66169261932373,
        "arachne_runtime": 87304.47600000001,
        "bq": 185.66169261932373,
        "bq_baseline_runtime": 87304.47600000001,
        "multi_cloud_plan": "gcp",
        "percent_diff": 0.0,
        "profiling_cost": 489.0368971813078,
        "profiling_runtime": 173462.36712341773
    },
    "store_sales": {
        "arachne": 21.086888313293457,
        "arachne_runtime": 13401.667999999998,
        "bq": 21.086888313293457,
        "bq_baseline_runtime": 13401.667999999998,
        "multi_cloud_plan": "gcp",
        "percent_diff": 0.0,
        "profiling_cost": 198.91796970867887,
        "profiling_runtime": 39931.555996963696
    },
    "time_dim": {
        "arachne": 230.68166732788086,
        "arachne_runtime": 102975.365,
        "bq": 230.68166732788086,
        "bq_baseline_runtime": 102975.365,
        "multi_cloud_plan": "gcp",
        "percent_diff": 0.0,
        "profiling_cost": 555.7108637191212,
        "profiling_runtime": 208452.47776575084
    },
    "warehouse": {
        "arachne": 235.83679676055908,
        "arachne_runtime": 103431.73100000003,
        "bq": 235.83679676055908,
        "bq_baseline_runtime": 103431.73100000003,
        "multi_cloud_plan": "gcp",
        "percent_diff": 0.0,
        "profiling_cost": 561.1910158907046,
        "profiling_runtime": 209963.51018496216
    },
    "web_page": {
        "arachne": 231.70127391815186,
        "arachne_runtime": 105966.09000000003,
        "bq": 231.70127391815186,
        "bq_baseline_runtime": 105966.09000000003,
        "multi_cloud_plan": "gcp",
        "percent_diff": 0.0,
        "profiling_cost": 557.5425948492792,
        "profiling_runtime": 214080.9853600479
    },
    "web_returns": {
        "arachne": 201.80835247039795,
        "arachne_runtime": 97414.90899999999,
        "bq": 201.80835247039795,
        "bq_baseline_runtime": 97414.90899999999,
        "multi_cloud_plan": "gcp",
        "percent_diff": 0.0,
        "profiling_cost": 519.3728619848611,
        "profiling_runtime": 194315.02942059937
    },
    "web_sales": {
        "arachne": 119.39703941345215,
        "arachne_runtime": 66566.27100000001,
        "bq": 119.39703941345215,
        "bq_baseline_runtime": 66566.27100000001,
        "multi_cloud_plan": "gcp",
        "percent_diff": 0.0,