{
    "call_center": {
        "arachne": 82.58792023650417,
        "arachne_runtime": 77745.15296165147,
        "bq": 236.39038562774658,
        "bq_baseline_runtime": 105783.20399999998,
        "multi_cloud_plan": "aws",
        "percent_diff": 65.06291065214526,
        "profiling_cost": 328.350944078778,
        "profiling_runtime": 213989.02469704306
    },
    "catalog_page": {
        "arachne": 82.2475612949355,
        "arachne_runtime": 76639.15417141575,
        "bq": 221.7094898223877,
        "bq_baseline_runtime": 105810.44800000003,
        "multi_cloud_plan": "aws",
        "percent_diff": 62.90300367348988,
        "profiling_cost": 313.4280693830933,
        "profiling_runtime": 213230.010454226
    },
    "catalog_returns": {
        "arachne": 78.06324170697579,
        "arachne_runtime": 69561.02042462878,
        "bq": 193.60082626342773,
        "bq_baseline_runtime": 91777.65500000001,
        "multi_cloud_plan": "aws",
        "percent_diff": 59.67824971947324,
        "profiling_cost": 279.4376809112436,
        "profiling_runtime": 186619.01741110408
    },
    "catalog_sales": {
        "arachne": 51.277056364969134,
        "arachne_runtime": 42415.91546061096,
        "bq": 104.23612117767334,
        "bq_baseline_runtime": 57335.01900000001,
        "multi_cloud_plan": "multi",
        "percent_diff": 50.80682609288005,
        "profiling_cost": 161.81312893532822,
        "profiling_runtime": 114303.73803942106
    },
    "customer": {
        "arachne": 77.48876875255725,
        "arachne_runtime": 61353.49901735192,
        "bq": 185.87164402008057,
        "bq_baseline_runtime": 77589.22299999998,
        "multi_cloud_plan": "aws",
        "percent_diff": 58.310602372363064,
        "profiling_cost": 270.37718422607264,
        "profiling_runtime": 161747.09570215386
    },
    "customer_address": {
        "arachne": 80.54784888855171,
        "arachne_runtime": 71166.61625690307,
        "bq": 193.4046506881714,
        "bq_baseline_runtime": 80994.65000000001,
        "multi_cloud_plan": "aws",
        "percent_diff": 58.35268252239706,
        "profiling_cost": 282.16580674406987,
        "profiling_runtime": 178854.15962458917
    },
    "customer_demographics": {
        "arachne": 81.02348556833992,
        "arachne_runtime": 72664.0919519818,
        "bq": 207.4698543548584,
        "bq_baseline_runtime": 91655.29499999997,
        "multi_cloud_plan": "aws",
        "percent_diff": 60.94686342732155,
        "profiling_cost": 296.6604288901727,
        "profiling_runtime": 190861.93728993044
    },
    "date_dim": {
        "arachne": 28.19988250732422,
        "arachne_runtime": 12509.484000000002,
        "bq": 28.19988250732422,
        "bq_baseline_runtime": 12509.484000000002,
        "multi_cloud_plan": "gcp",
        "percent_diff": 0.0,
        "profiling_cost": 99.91971832420525,
        "profiling_runtime": 54932.521694803436
    },
    "household_demographics": {
        "arachne": 81.54025616354495,
        "arachne_runtime": 74340.23445773326,
        "bq": 214.5507574081421,
        "bq_baseline_runtime": 93139.92100000005,
        "multi_cloud_plan": "aws",
        "percent_diff": 61.99488776055445,
        "profiling_cost": 303.98830224079865,
        "profiling_runtime": 193145.83249489116
    },
    "income_band": {
        "arachne": 82.18016200520155,
        "arachne_runtime": 76419.91737326808,
        "bq": 232.44556427001953,
        "bq_baseline_runtime": 106110.696,
        "multi_cloud_plan": "aws",
        "percent_diff": 64.6454161156901,
        "profiling_cost": 324.0920328040272,
        "profiling_runtime": 213295.70769838706
    },
    "inventory": {
        "arachne": 82.56118863279438,
        "arachne_runtime": 77727.26639864422,
        "bq": 238.37518692016602,
        "bq_baseline_runtime": 104366.55999999998,
        "multi_cloud_plan": "aws",
        "percent_diff": 65.36502406165083,
        "profiling_cost": 330.0301811773848,
        "profiling_runtime": 211648.4822605522
    },
    "item": {
        "arachne": 74.68021224195708,
        "arachne_runtime": 52114.25888854172,
        "bq": 93.05500507354736,
        "bq_baseline_runtime": 48002.55500000001,
        "multi_cloud_plan": "aws",
        "percent_diff": 19.74616283892253,
        "profiling_cost": 174.02123294430436,
        "profiling_runtime": 120477.78836579091
    },
    "promotion": {
        "arachne": 81.72043931124789,
        "arachne_runtime": 74925.80327126585,
        "bq": 215.28478145599365,
        "bq_baseline_runtime": 97716.66100000004,
        "multi_cloud_plan": "aws",
        "percent_diff": 62.04077280402082,
        "profiling_cost": 305.95792746971637,
        "profiling_runtime": 201738.3341086033
    },
    "reason": {
        "arachne": 82.3101830560125,
        "arachne_runtime": 76842.49231142426,
        "bq": 230.7737159729004,
        "bq_baseline_runtime": 104568.12199999999,
        "multi_cloud_plan": "aws",
        "percent_diff": 64.33294722971044,
        "profiling_cost": 322.20807075213907,
        "profiling_runtime": 211063.75381638715
    },
    "ship_mode": {
        "arachne": 82.58916201323673,
        "arachne_runtime": 77749.18763595601,
        "bq": 237.4097490310669,
        "bq_baseline_runtime": 106991.29199999996,
        "multi_cloud_plan": "aws",
        "percent_diff": 65.21239656319705,
        "profiling_cost": 329.277490911682,
        "profiling_runtime": 214895.45314770532
    },
    "store": {
        "arachne": 76.883956580931,
        "arachne_runtime": 59207.21580753816,
        "bq": 136.7197608947754,
        "bq_baseline_runtime": 60536.15700000001,
        "multi_cloud_plan": "aws",
        "percent_diff": 43.765293270148604,
        "profiling_cost": 219.38365605251843,
        "profiling_runtime": 138527.37317976716
    },
    "store_returns": {
        "arachne": 75.76470685504613,
        "arachne_runtime": 65857.47820278132,
        "bq": 185.66169261932373,
        "bq_baseline_runtime": 87304.47599999998,
        "multi_cloud_plan": "aws",
        "percent_diff": 59.19206283959058,
        "profiling_cost": 267.66637742925246,
        "profiling_runtime": 173462.36712341776
    },
    "store_sales": {
        "arachne": 21.085807716591223,
        "arachne_runtime": 13422.139783464347,
        "bq": 21.086888313293457,
        "bq_baseline_runtime": 13401.667999999996,
        "multi_cloud_plan": "multi",
        "percent_diff": 0.005124495782305809,
        "profiling_cost": 63.21995643603942,
        "profiling_runtime": 39931.555996963696
    },
    "time_dim": {
        "arachne": 82.43701090719513,
        "arachne_runtime": 77255.02674069782,
        "bq": 230.68166732788086,
        "bq_baseline_runtime": 102975.36499999998,
        "multi_cloud_plan": "aws",
        "percent_diff": 64.2637354488934,
        "profiling_cost": 321.80253212603196,
        "profiling_runtime": 208452.47776575087
    },
    "warehouse": {
        "arachne": 82.53068387695166,
        "arachne_runtime": 77559.16398926187,
        "bq": 235.83679676055908,
        "bq_baseline_runtime": 103431.73100000001,
        "multi_cloud_plan": "aws",
        "percent_diff": 65.00517094423412,
        "profiling_cost": 327.2822735463061,
        "profiling_runtime": 209963.51018496216
    },
    "web_page": {
        "arachne": 82.52628176673198,
        "arachne_runtime": 77544.82630181467,
        "bq": 231.70127391815186,
        "bq_baseline_runtime": 105966.09,
        "multi_cloud_plan": "aws",
        "percent_diff": 64.38246524450086,
        "profiling_cost": 323.6338553379454,
        "profiling_runtime": 214080.98536004798
    },
    "web_returns": {
        "arachne": 79.57130772013127,
        "arachne_runtime": 71102.62820347786,
        "bq": 201.80835247039795,
        "bq_baseline_runtime": 97414.90900000001,
        "multi_cloud_plan": "aws",
        "percent_diff": 60.570855097881484,
        "profiling_cost": 289.3150066320268,