{
    "call_center": {
        "arachne": 39.923893984082,
        "arachne_runtime": 94230.931,
        "bq": 44.941158737484606,
        "bq_baseline_runtime": 92430.931,
        "multi_cloud_plan": "gcp",
        "percent_diff": 11.16407519154106,
        "profiling_cost": 308.5791751611205,
        "profiling_runtime": 183658.31612182234
    },
    "catalog_page": {
        "arachne": 39.35002892682024,
        "arachne_runtime": 94444.91200000003,
        "bq": 44.36729368022282,
        "bq_baseline_runtime": 92644.91200000003,
        "multi_cloud_plan": "gcp",
        "percent_diff": 11.308475990364684,
        "profiling_cost": 301.35297364214676,
        "profiling_runtime": 183549.81878858752
    },
    "catalog_returns": {
        "arachne": 37.26603240826661,
        "arachne_runtime": 89184.75100000002,
        "bq": 42.28329716166922,
        "bq_baseline_runtime": 87384.75100000002,
        "multi_cloud_plan": "gcp",
        "percent_diff": 11.865831404346757,
        "profiling_cost": 288.856832287347,
        "profiling_runtime": 177071.6083527336
    },
    "catalog_sales": {
        "arachne": 20.54709436447355,
        "arachne_runtime": 56336.65099999998,
        "bq": 24.016277366065978,
        "bq_baseline_runtime": 54536.65099999998,
        "multi_cloud_plan": "gcp",
        "percent_diff": 14.445132143977654,
        "profiling_cost": 193.5950580060651,
        "profiling_runtime": 117689.93820927241
    },
    "customer": {
        "arachne": 25.239344240315752,
        "arachne_runtime": 70162.47700000001,
        "bq": 29.99947082225482,
        "bq_baseline_runtime": 68362.47700000001,
        "multi_cloud_plan": "gcp",
        "percent_diff": 15.867368495072967,
        "profiling_cost": 260.5649680499715,
        "profiling_runtime": 137328.305035593
    },
    "customer_address": {
        "arachne": 33.83554712076717,
        "arachne_runtime": 73519.66799999999,
        "bq": 38.231958979898025,
        "bq_baseline_runtime": 71719.66799999999,
        "multi_cloud_plan": "gcp",
        "percent_diff": 11.499310985980202,
        "profiling_cost": 272.00723906239466,
        "profiling_runtime": 154318.30443360138
    },
    "customer_demographics": {
        "arachne": 36.9287273199982,
        "arachne_runtime": 85285.43300000002,
        "bq": 41.898635009368256,
        "bq_baseline_runtime": 83485.43300000002,
        "multi_cloud_plan": "gcp",
        "percent_diff": 11.861741291234942,
        "profiling_cost": 285.8092244724334,
        "profiling_runtime": 168597.02966728972
    },
    "date_dim": {
        "arachne": 7.001598956780963,
        "arachne_runtime": 14309.484000000002,
        "bq": 7.829414105341169,
        "bq_baseline_runtime": 12509.484000000002,
        "multi_cloud_plan": "gcp",
        "percent_diff": 10.573142989019786,
        "profiling_cost": 123.04000292487484,
        "profiling_runtime": 55030.23569587136
    },
    "household_demographics": {
        "arachne": 36.96962470852268,
        "arachne_runtime": 86770.05899999998,
        "bq": 41.77086285744772,
        "bq_baseline_runtime": 84970.05899999998,
        "multi_cloud_plan": "gcp",
        "percent_diff": 11.494227843246431,
        "profiling_cost": 293.1299892093642,
        "profiling_runtime": 170876.7772705402
    },
    "income_band": {
        "arachne": 40.7016827687502,
        "arachne_runtime": 96864.76799999997,
        "bq": 45.67159045812024,
        "bq_baseline_runtime": 95064.76799999997,
        "multi_cloud_plan": "gcp",
        "percent_diff": 10.881836256452084,
        "profiling_cost": 311.92136392859146,
        "profiling_runtime": 186799.5466238193
    },
    "inventory": {
        "arachne": 40.49348824415737,
        "arachne_runtime": 95690.35300000002,
        "bq": 42.86619172996945,
        "bq_baseline_runtime": 93890.35300000002,
        "multi_cloud_plan": "gcp",
        "percent_diff": 5.535139442194093,
        "profiling_cost": 311.55609530389313,
        "profiling_runtime": 185550.51768358034
    },
    "item": {
        "arachne": 22.747695166246096,
        "arachne_runtime": 47759.241000000016,
        "bq": 24.249357111440766,
        "bq_baseline_runtime": 45959.241000000016,
        "multi_cloud_plan": "gcp",
        "percent_diff": 6.1925845633498895,
        "profiling_cost": 183.5914455283533,
        "profiling_runtime": 110874.10285193061
    },
    "promotion": {
        "arachne": 38.452393794009446,
        "arachne_runtime": 91346.799,
        "bq": 43.468988645519175,
        "bq_baseline_runtime": 89546.799,
        "multi_cloud_plan": "gcp",
        "percent_diff": 11.540629326389551,
        "profiling_cost": 295.0758537235888,
        "profiling_runtime": 179470.66798779863
    },
    "reason": {
        "arachne": 37.56984103054205,
        "arachne_runtime": 93015.84899999999,
        "bq": 42.58710578394465,
        "bq_baseline_runtime": 91215.84899999999,
        "multi_cloud_plan": "gcp",
        "percent_diff": 11.7811827337046,
        "profiling_cost": 302.4459571938825,
        "profiling_runtime": 180730.9192741146
    },
    "ship_mode": {
        "arachne": 39.80972482345899,
        "arachne_runtime": 95439.019,
        "bq": 44.82698957686161,
        "bq_baseline_runtime": 93639.019,
        "multi_cloud_plan": "gcp",
        "percent_diff": 11.192508800529358,
        "profiling_cost": 309.50687090726547,
        "profiling_runtime": 184562.53343505287
    },
    "store": {
        "arachne": 28.54845932011871,
        "arachne_runtime": 55616.57200000001,
        "bq": 33.281146832436995,
        "bq_baseline_runtime": 53816.57200000001,
        "multi_cloud_plan": "gcp",
        "percent_diff": 14.220325808321121,
        "profiling_cost": 228.88295846401795,
        "profiling_runtime": 121580.05946085167
    },
    "store_returns": {
        "arachne": 34.17694066807694,
        "arachne_runtime": 81883.74200000003,
        "bq": 39.14684835744699,
        "bq_baseline_runtime": 80083.74200000003,
        "multi_cloud_plan": "gcp",
        "percent_diff": 12.695549955874332,
        "profiling_cost": 277.3941025170745,
        "profiling_runtime": 160272.261343853
    },
    "store_sales": {
        "arachne": 4.454390396128761,
        "arachne_runtime": 12238.921999999999,
        "bq": 6.669190018100208,
        "bq_baseline_runtime": 10438.921999999999,
        "multi_cloud_plan": "gcp",
        "percent_diff": 33.209424472244336,
        "profiling_cost": 113.12245386912208,
        "profiling_runtime": 49960.96150810432
    },
    "time_dim": {
        "arachne": 38.4487534655889,
        "arachne_runtime": 91423.09199999995,
        "bq": 43.37036677809028,
        "bq_baseline_runtime": 89623.09199999995,
        "multi_cloud_plan": "gcp",
        "percent_diff": 11.347871088301853,
        "profiling_cost": 302.04371820562613,
        "profiling_runtime": 178109.90699266625
    },
    "warehouse": {
        "arachne": 39.73006231440438,
        "arachne_runtime": 94755.524,
        "bq": 44.74572399917707,
        "bq_baseline_runtime": 92955.524,
        "multi_cloud_plan": "gcp",
        "percent_diff": 11.209253614635756,
        "profiling_cost": 308.7838094583512,
        "profiling_runtime": 183840.34386832613
    },
    "web_page": {
        "arachne": 40.05585175035793,
        "arachne_runtime": 94413.817,
        "bq": 45.062757031265875,
        "bq_baseline_runtime": 92613.817,
        "multi_cloud_plan": "gcp",
        "percent_diff": 11.110960826107476,
        "profiling_cost": 303.85881140313757,
        "profiling_runtime": 183737.60417136375
    },
    "web_returns": {
        "arachne": 36.56810720067821,
        "arachne_runtime": 89639.59400000003,
        "bq": 41.14075748165183,
        "bq_baseline_runtime": 87839.59400000003,
        "multi_cloud_plan": "gcp",
        "percent_diff": 11.114647762654718,
        "profiling_cost": 288.69635381805534,
        "profiling_runtime": 176291.66270651243
    },