{
    "call_center": {
        "arachne": 47.278077125549316,
        "arachne_runtime": 105783.20400000001,
        "bq": 47.278077125549316,
        "bq_baseline_runtime": 105783.20400000001,
        "multi_cloud_plan": "gcp",
        "percent_diff": 0.0,
        "profiling_cost": 163.31747658106445,
        "profiling_runtime": 213989.02469704315
    },
    "catalog_page": {
        "arachne": 44.34189796447754,
        "arachne_runtime": 105810.44799999996,
        "bq": 44.34189796447754,
        "bq_baseline_runtime": 105810.44799999996,
        "multi_cloud_plan": "gcp",
        "percent_diff": 0.0,
        "profiling_cost": 160.13929542205906,
        "profiling_runtime": 213230.01045422602
    },
    "catalog_returns": {
        "arachne": 38.72016525268555,
        "arachne_runtime": 91777.65500000001,
        "bq": 38.72016525268555,
        "bq_baseline_runtime": 91777.65500000001,
        "multi_cloud_plan": "gcp",
        "percent_diff": 0.0,
        "profiling_cost": 147.81804200162077,
        "profiling_runtime": 186619.01741110408
    },
    "catalog_sales": {
        "arachne": 20.847224235534668,
        "arachne_runtime": 57335.01900000001,
        "bq": 20.847224235534668,
        "bq_baseline_runtime": 57335.01900000001,
        "multi_cloud_plan": "gcp",
        "percent_diff": 0.0,
        "profiling_cost": 94.90489730759647,
        "profiling_runtime": 114303.73803942106
    },
    "customer": {
        "arachne": 37.17432880401611,
        "arachne_runtime": 77589.22299999998,
        "bq": 37.17432880401611,
        "bq_baseline_runtime": 77589.22299999998,
        "multi_cloud_plan": "gcp",
        "percent_diff": 0.0,
        "profiling_cost": 145.73601588774707,
        "profiling_runtime": 161747.0957021538
    },
    "customer_address": {
        "arachne": 38.68093013763428,
        "arachne_runtime": 80994.65,
        "bq": 38.68093013763428,
        "bq_baseline_runtime": 80994.65,
        "multi_cloud_plan": "gcp",
        "percent_diff": 0.0,
        "profiling_cost": 151.51443665080654,
        "profiling_runtime": 178854.15962458926
    },
    "customer_demographics": {
        "arachne": 41.49397087097168,
        "arachne_runtime": 91655.29500000003,
        "bq": 41.49397087097168,
        "bq_baseline_runtime": 91655.29500000003,
        "multi_cloud_plan": "gcp",
        "percent_diff": 0.0,
        "profiling_cost": 154.76296072457137,
        "profiling_runtime": 190861.9372899305
    },
    "date_dim": {
        "arachne": 5.639976501464844,
        "arachne_runtime": 12509.484,
        "bq": 5.639976501464844,
        "bq_baseline_runtime": 12509.484,
        "multi_cloud_plan": "gcp",
        "percent_diff": 0.0,
        "profiling_cost": 101.43858369030839,
        "profiling_runtime": 54932.521694803436
    },
    "household_demographics": {
        "arachne": 42.91015148162842,
        "arachne_runtime": 93139.92100000002,
        "bq": 42.91015148162842,
        "bq_baseline_runtime": 93139.92100000002,
        "multi_cloud_plan": "gcp",
        "percent_diff": 0.0,
        "profiling_cost": 156.42653628996464,
        "profiling_runtime": 193145.83249489113
    },
    "income_band": {
        "arachne": 46.489112854003906,
        "arachne_runtime": 106110.69600000001,
        "bq": 46.489112854003906,
        "bq_baseline_runtime": 106110.69600000001,
        "multi_cloud_plan": "gcp",
        "percent_diff": 0.0,
        "profiling_cost": 162.21442257174226,
        "profiling_runtime": 213295.70769838706
    },
    "inventory": {
        "arachne": 47.6750373840332,
        "arachne_runtime": 104366.56000000003,
        "bq": 47.6750373840332,
        "bq_baseline_runtime": 104366.56000000003,
        "multi_cloud_plan": "gcp",
        "percent_diff": 0.0,
        "profiling_cost": 163.400227331818,
        "profiling_runtime": 211648.48226055218
    },
    "item": {
        "arachne": 18.611001014709473,
        "arachne_runtime": 48002.55500000001,
        "bq": 18.611001014709473,
        "bq_baseline_runtime": 48002.55500000001,
        "multi_cloud_plan": "gcp",
        "percent_diff": 0.0,
        "profiling_cost": 123.65587884478845,
        "profiling_runtime": 120477.78836579091
    },
    "promotion": {
        "arachne": 43.05695629119873,
        "arachne_runtime": 97716.66100000001,
        "bq": 43.05695629119873,
        "bq_baseline_runtime": 97716.66100000001,
        "multi_cloud_plan": "gcp",
        "percent_diff": 0.0,
        "profiling_cost": 157.80894259916468,
        "profiling_runtime": 201738.3341086033
    },
    "reason": {
        "arachne": 46.15474319458008,
        "arachne_runtime": 104568.12199999997,
        "bq": 46.15474319458008,
        "bq_baseline_runtime": 104568.12199999997,
        "multi_cloud_plan": "gcp",
        "percent_diff": 0.0,
        "profiling_cost": 161.66793913554702,
        "profiling_runtime": 211063.75381638712
    },
    "ship_mode": {
        "arachne": 47.48194980621338,
        "arachne_runtime": 106991.29199999999,
        "bq": 47.48194980621338,
        "bq_baseline_runtime": 106991.29199999999,
        "multi_cloud_plan": "gcp",
        "percent_diff": 0.0,
        "profiling_cost": 163.42853283675683,
        "profiling_runtime": 214895.45314770527
    },
    "store": {
        "arachne": 27.343952178955078,
        "arachne_runtime": 60536.157,
        "bq": 27.343952178955078,
        "bq_baseline_runtime": 60536.157,
        "multi_cloud_plan": "gcp",
        "percent_diff": 0.0,
        "profiling_cost": 134.08668770956314,
        "profiling_runtime": 138527.37317976714
    },
    "store_returns": {
        "arachne": 37.132338523864746,
        "arachne_runtime": 87304.47600000002,
        "bq": 37.132338523864746,
        "bq_baseline_runtime": 87304.47600000002,
        "multi_cloud_plan": "gcp",
        "percent_diff": 0.0,
        "profiling_cost": 141.92516507297574,
        "profiling_runtime": 173462.36712341773
    },
    "store_sales": {
        "arachne": 4.217377662658691,
        "arachne_runtime": 13401.667999999994,
        "bq": 4.217377662658691,
        "bq_baseline_runtime": 13401.667999999994,
        "multi_cloud_plan": "gcp",
        "percent_diff": 0.0,
        "profiling_cost": 60.31935891641165,
        "profiling_runtime": 39931.55599696368
    },
    "time_dim": {
        "arachne": 46.13633346557617,
        "arachne_runtime": 102975.36500000002,
        "bq": 46.13633346557617,
        "bq_baseline_runtime": 102975.36500000002,
        "multi_cloud_plan": "gcp",
        "percent_diff": 0.0,
        "profiling_cost": 161.33599710419273,
        "profiling_runtime": 208452.4777657508
    },
    "warehouse": {
        "arachne": 47.167359352111816,
        "arachne_runtime": 103431.73100000001,
        "bq": 47.167359352111816,
        "bq_baseline_runtime": 103431.73100000001,
        "multi_cloud_plan": "gcp",
        "percent_diff": 0.0,
        "profiling_cost": 162.6916772615472,
        "profiling_runtime": 209963.51018496216
    },
    "web_page": {
        "arachne": 46.34025478363037,
        "arachne_runtime": 105966.08999999998,
        "bq": 46.34025478363037,
        "bq_baseline_runtime": 105966.08999999998,
        "multi_cloud_plan": "gcp",
        "percent_diff": 0.0,
        "profiling_cost": 162.35167703547322,
        "profiling_runtime": 214080.98536004795
    },
    "web_returns": {
        "arachne": 40.36167049407959,
        "arachne_runtime": 97414.90900000001,
        "bq": 40.36167049407959,
        "bq_baseline_runtime": 97414.90900000001,
        "multi_cloud_plan": "gcp",
        "percent_diff": 0.0,
        "profiling_cost": 151.5507509420298,
        "profiling_runtime": 194315.02942059934
    },
    "web_sales": {
        "arachne": 23.87940788269043,
        "arachne_runtime": 66566.271,
        "bq": 23.87940788269043,
        "bq_baseline_runtime": 66566.271,
        "multi_cloud_plan": "gcp",
        "percent_diff": 0.0,