{
    "call_center": {
        "arachne": 236.39038562774658,
        "arachne_runtime": 105783.20400000004,
        "bq": 236.39038562774658,
        "bq_baseline_runtime": 105783.20400000004,
        "multi_cloud_plan": "gcp",
        "percent_diff": 0.0,
        "profiling_cost": 803.0480953100226,
        "profiling_runtime": 213989.0246970431
    },
    "catalog_page": {
        "arachne": 221.7094898223877,
        "arachne_runtime": 105810.448,
        "bq": 221.7094898223877,
        "bq_baseline_runtime": 105810.448,
        "multi_cloud_plan": "gcp",
        "percent_diff": 0.0,
        "profiling_cost": 788.1247650643547,
        "profiling_runtime": 213230.01045422588
    },
    "catalog_returns": {
        "arachne": 193.60082626342773,
        "arachne_runtime": 91777.65500000004,
        "bq": 193.60082626342773,
        "bq_baseline_runtime": 91777.65500000004,
        "multi_cloud_plan": "gcp",
        "percent_diff": 0.0,
        "profiling_cost": 738.0121166190215,
        "profiling_runtime": 186619.0174111042
    },
    "catalog_sales": {
        "arachne": 104.23612117767334,
        "arachne_runtime": 57335.01899999999,
        "bq": 104.23612117767334,
        "bq_baseline_runtime": 57335.01899999999,
        "multi_cloud_plan": "gcp",
        "percent_diff": 0.0,
        "profiling_cost": 486.71767370506757,
        "profiling_runtime": 114303.73803942108
    },
    "customer": {
        "arachne": 185.87164402008057,
        "arachne_runtime": 77589.223,
        "bq": 185.87164402008057,
        "bq_baseline_runtime": 77589.223,
        "multi_cloud_plan": "gcp",
        "percent_diff": 0.0,
        "profiling_cost": 744.6269369586348,
        "profiling_runtime": 161747.09570215386
    },
    "customer_address": {
        "arachne": 193.4046506881714,
        "arachne_runtime": 80994.65000000002,
        "bq": 193.4046506881714,
        "bq_baseline_runtime": 80994.65000000002,
        "multi_cloud_plan": "gcp",
        "percent_diff": 0.0,
        "profiling_cost": 756.7350014731751,
        "profiling_runtime": 178854.1596245893
    },
    "customer_demographics": {
        "arachne": 207.4698543548584,
        "arachne_runtime": 91655.29500000003,
        "bq": 207.4698543548584,
        "bq_baseline_runtime": 91655.29500000003,
        "multi_cloud_plan": "gcp",
        "percent_diff": 0.0,
        "profiling_cost": 771.3491880220797,
        "profiling_runtime": 190861.93728993044
    },
    "date_dim": {
        "arachne": 28.19988250732422,
        "arachne_runtime": 12509.484,
        "bq": 28.19988250732422,
        "bq_baseline_runtime": 12509.484,
        "multi_cloud_plan": "gcp",
        "percent_diff": 0.0,
        "profiling_cost": 574.6154968000377,
        "profiling_runtime": 54932.521694803436
    },
    "household_demographics": {
        "arachne": 214.5507574081421,
        "arachne_runtime": 93139.92099999999,
        "bq": 214.5507574081421,
        "bq_baseline_runtime": 93139.92099999999,
        "multi_cloud_plan": "gcp",
        "percent_diff": 0.0,
        "profiling_cost": 778.6854331899051,
        "profiling_runtime": 193145.83249489116
    },
    "income_band": {
        "arachne": 232.44556427001953,
        "arachne_runtime": 106110.696,
        "bq": 232.44556427001953,
        "bq_baseline_runtime": 106110.696,
        "multi_cloud_plan": "gcp",
        "percent_diff": 0.0,
        "profiling_cost": 798.7891875689984,
        "profiling_runtime": 213295.70769838704
    },
    "inventory": {
        "arachne": 238.37518692016602,
        "arachne_runtime": 104366.56000000003,
        "bq": 238.37518692016602,
        "bq_baseline_runtime": 104366.56000000003,
        "multi_cloud_plan": "gcp",
        "percent_diff": 0.0,
        "profiling_cost": 804.556896219967,
        "profiling_runtime": 211648.48226055215
    },
    "item": {
        "arachne": 93.05500507354736,
        "arachne_runtime": 48002.555,
        "bq": 93.05500507354736,
        "bq_baseline_runtime": 48002.555,
        "multi_cloud_plan": "gcp",
        "percent_diff": 0.0,
        "profiling_cost": 648.7146178566538,
        "profiling_runtime": 120477.78836579091
    },
    "promotion": {
        "arachne": 215.28478145599365,
        "arachne_runtime": 97716.66099999998,
        "bq": 215.28478145599365,
        "bq_baseline_runtime": 97716.66099999998,
        "multi_cloud_plan": "gcp",
        "percent_diff": 0.0,
        "profiling_cost": 780.6550646990759,
        "profiling_runtime": 201738.33410860333
    },
    "reason": {
        "arachne": 230.7737159729004,
        "arachne_runtime": 104568.122,
        "bq": 230.7737159729004,
        "bq_baseline_runtime": 104568.122,
        "multi_cloud_plan": "gcp",
        "percent_diff": 0.0,
        "profiling_cost": 796.9052250833467,
        "profiling_runtime": 211063.75381638718
    },
    "ship_mode": {
        "arachne": 237.4097490310669,
        "arachne_runtime": 106991.29199999999,
        "bq": 237.4097490310669,
        "bq_baseline_runtime": 106991.29199999999,
        "multi_cloud_plan": "gcp",
        "percent_diff": 0.0,
        "profiling_cost": 803.974645010264,
        "profiling_runtime": 214895.4531477052
    },
    "store": {
        "arachne": 136.7197608947754,
        "arachne_runtime": 60536.15700000001,
        "bq": 136.7197608947754,
        "bq_baseline_runtime": 60536.15700000001,
        "multi_cloud_plan": "gcp",
        "percent_diff": 0.0,
        "profiling_cost": 694.0807948318587,
        "profiling_runtime": 138527.3731797672
    },
    "store_returns": {
        "arachne": 185.66169261932373,
        "arachne_runtime": 87304.47600000002,
        "bq": 185.66169261932373,
        "bq_baseline_runtime": 87304.47600000002,
        "multi_cloud_plan": "gcp",
        "percent_diff": 0.0,
        "profiling_cost": 716.9183145731298,
        "profiling_runtime": 173462.36712341776
    },
    "store_sales": {
        "arachne": 21.086888313293457,
        "arachne_runtime": 13401.667999999998,
        "bq": 21.086888313293457,
        "bq_baseline_runtime": 13401.667999999998,
        "multi_cloud_plan": "gcp",
        "percent_diff": 0.0,
        "profiling_cost": 338.6071010187484,
        "profiling_runtime": 39931.55599696369
    },
    "time_dim": {
        "arachne": 230.68166732788086,
        "arachne_runtime": 102975.36499999998,
        "bq": 230.68166732788086,
        "bq_baseline_runtime": 102975.36499999998,
        "multi_cloud_plan": "gcp",
        "percent_diff": 0.0,
        "profiling_cost": 796.4988521237715,
        "profiling_runtime": 208452.47776575075
    },
    "warehouse": {
        "arachne": 235.83679676055908,
        "arachne_runtime": 103431.73099999999,
        "bq": 235.83679676055908,
        "bq_baseline_runtime": 103431.73099999999,
        "multi_cloud_plan": "gcp",
        "percent_diff": 0.0,
        "profiling_cost": 801.9794271275852,
        "profiling_runtime": 209963.51018496207
    },
    "web_page": {
        "arachne": 231.70127391815186,
        "arachne_runtime": 105966.09000000001,
        "bq": 231.70127391815186,
        "bq_baseline_runtime": 105966.09000000001,
        "multi_cloud_plan": "gcp",
        "percent_diff": 0.0,
        "profiling_cost": 798.3310031697695,
        "profiling_runtime": 214080.98536004793
    },
    "web_returns": {
        "arachne": 201.80835247039795,
        "arachne_runtime": 97414.90900000001,
        "bq": 201.80835247039795,
        "bq_baseline_runtime": 97414.90900000001,
        "multi_cloud_plan": "gcp",
        "percent_diff": 0.0,
        "profiling_cost": 756.1971248480722,
        "profiling_runtime": 194315.0294205994
    },
    "web_sales": {
        "arachne": 119.39703941345215,
        "arachne_runtime": 66566.27100000001,
        "bq": 119.39703941345215,
        "bq_baseline_runtime": 66566.27100000001,
        "multi_cloud_plan": "gcp",
        "percent_diff": 0.0,
        "profiling_cost": 589.5228017473964,