{
    "call_center": {
        "arachne": 106.66677077773075,
        "arachne_runtime": 77745.15296165147,
        "bq": 283.6684627532959,
        "bq_baseline_runtime": 105783.204,
        "multi_cloud_plan": "aws",
        "percent_diff": 62.39738117434015,
        "profiling_cost": 399.70786220881047,
        "profiling_runtime": 213989.02469704306
    },
    "catalog_page": {
        "arachne": 106.32638872855419,
        "arachne_runtime": 76639.15417141575,
        "bq": 266.05138778686523,
        "bq_baseline_runtime": 105810.44800000002,
        "multi_cloud_plan": "aws",
        "percent_diff": 60.03539405938649,
        "profiling_cost": 381.84878524444633,
        "profiling_runtime": 213230.01045422588
    },
    "catalog_returns": {
        "arachne": 101.32425003650229,
        "arachne_runtime": 69561.02042462878,
        "bq": 232.32099151611328,
        "bq_baseline_runtime": 91777.65500000001,
        "multi_cloud_plan": "aws",
        "percent_diff": 56.38609779716154,
        "profiling_cost": 341.41886826504816,
        "profiling_runtime": 186619.01741110414
    },
    "catalog_sales": {
        "arachne": 65.3519652910463,
        "arachne_runtime": 42415.91546061096,
        "bq": 125.08334541320801,
        "bq_baseline_runtime": 57335.019,
        "multi_cloud_plan": "multi",
        "percent_diff": 47.753263973586094,
        "profiling_cost": 199.14101848527002,
        "profiling_runtime": 114303.73803942108
    },
    "customer": {
        "arachne": 101.5449251455581,
        "arachne_runtime": 61353.49901735192,
        "bq": 223.04597282409668,
        "bq_baseline_runtime": 77589.223,
        "multi_cloud_plan": "aws",
        "percent_diff": 54.47354468684327,
        "profiling_cost": 331.6076599078273,
        "profiling_runtime": 161747.09570215386
    },
    "customer_address": {
        "arachne": 104.62020886108735,
        "arachne_runtime": 71166.61625690307,
        "bq": 232.08558082580566,
        "bq_baseline_runtime": 80994.65000000001,
        "multi_cloud_plan": "aws",
        "percent_diff": 54.92171099607813,
        "profiling_cost": 344.91908733897765,
        "profiling_runtime": 178854.15962458926
    },
    "customer_demographics": {
        "arachne": 105.10191040188722,
        "arachne_runtime": 72664.0919519818,
        "bq": 248.96382522583008,
        "bq_baseline_runtime": 91655.29499999997,
        "multi_cloud_plan": "aws",
        "percent_diff": 57.78426431769701,
        "profiling_cost": 362.23281507942943,
        "profiling_runtime": 190861.93728993044
    },
    "date_dim": {
        "arachne": 33.83985900878906,
        "arachne_runtime": 12509.484,
        "bq": 33.83985900878906,
        "bq_baseline_runtime": 12509.484,
        "multi_cloud_plan": "gcp",
        "percent_diff": 0.0,
        "profiling_cost": 129.63846619763262,
        "profiling_runtime": 54932.521694803436
    },
    "household_demographics": {
        "arachne": 105.61910565448646,
        "arachne_runtime": 74340.23445773326,
        "bq": 257.4609088897705,
        "bq_baseline_runtime": 93139.92099999999,
        "multi_cloud_plan": "aws",
        "percent_diff": 58.976643829177846,
        "profiling_cost": 370.97729369810645,
        "profiling_runtime": 193145.8324948911
    },
    "income_band": {
        "arachne": 106.2590127256751,
        "arachne_runtime": 76419.91737326808,
        "bq": 278.93467712402344,
        "bq_baseline_runtime": 106110.69600000004,
        "multi_cloud_plan": "aws",
        "percent_diff": 61.90541318803868,
        "profiling_cost": 394.6599868417614,
        "profiling_runtime": 213295.70769838712
    },
    "inventory": {
        "arachne": 106.63139386010329,
        "arachne_runtime": 77727.26639864422,
        "bq": 286.0502243041992,
        "bq_baseline_runtime": 104366.56,
        "multi_cloud_plan": "aws",
        "percent_diff": 62.722842074507,
        "profiling_cost": 401.7754142519836,
        "profiling_runtime": 211648.48226055215
    },
    "item": {
        "arachne": 98.75021577566501,
        "arachne_runtime": 52114.25888854172,
        "bq": 111.66600608825684,
        "bq_baseline_runtime": 48002.555,
        "multi_cloud_plan": "aws",
        "percent_diff": 11.5664478072079,
        "profiling_cost": 216.71088391833592,
        "profiling_runtime": 120477.78836579094
    },
    "promotion": {
        "arachne": 105.79928914223387,
        "arachne_runtime": 74925.80327126585,
        "bq": 258.3417377471924,
        "bq_baseline_runtime": 97716.66100000002,
        "multi_cloud_plan": "aws",
        "percent_diff": 59.04676880134376,
        "profiling_cost": 373.0937240551579,
        "profiling_runtime": 201738.33410860336
    },
    "reason": {
        "arachne": 106.38903375448358,
        "arachne_runtime": 76842.49231142426,
        "bq": 276.92845916748047,
        "bq_baseline_runtime": 104568.12199999999,
        "multi_cloud_plan": "aws",
        "percent_diff": 61.582484489200965,
        "profiling_cost": 392.44165510844715,
        "profiling_runtime": 211063.75381638718
    },
    "ship_mode": {
        "arachne": 106.66801269990795,
        "arachne_runtime": 77749.18763595601,
        "bq": 284.8916988372803,
        "bq_baseline_runtime": 106991.29200000003,
        "multi_cloud_plan": "aws",
        "percent_diff": 62.55839916176961,
        "profiling_cost": 400.8382818678236,
        "profiling_runtime": 214895.45314770524
    },
    "store": {
        "arachne": 100.96278318220345,
        "arachne_runtime": 59207.21580753816,
        "bq": 164.06371307373047,
        "bq_baseline_runtime": 60536.15700000001,
        "multi_cloud_plan": "aws",
        "percent_diff": 38.46123479063854,
        "profiling_cost": 270.80644860433824,
        "profiling_runtime": 138527.37317976716
    },
    "store_returns": {
        "arachne": 98.5528348011547,
        "arachne_runtime": 65857.47820278132,
        "bq": 222.79403114318848,
        "bq_baseline_runtime": 87304.47600000004,
        "multi_cloud_plan": "aws",
        "percent_diff": 55.76504707264112,
        "profiling_cost": 327.58685769229925,
        "profiling_runtime": 173462.3671234178
    },
    "store_sales": {
        "arachne": 25.303427923392444,
        "arachne_runtime": 13422.139783464345,
        "bq": 25.30426597595215,
        "bq_baseline_runtime": 13401.667999999998,
        "multi_cloud_plan": "multi",
        "percent_diff": 0.0033119022717374227,
        "profiling_cost": 81.40624722970504,
        "profiling_runtime": 39931.555996963696
    },
    "time_dim": {
        "arachne": 106.5158192844033,
        "arachne_runtime": 77255.02674069782,
        "bq": 276.81800079345703,
        "bq_baseline_runtime": 102975.36500000002,
        "multi_cloud_plan": "aws",
        "percent_diff": 61.521353749000504,
        "profiling_cost": 392.01766443207316,
        "profiling_runtime": 208452.4777657508
    },
    "warehouse": {
        "arachne": 106.60953448209953,
        "arachne_runtime": 77559.16398926187,
        "bq": 283.0041561126709,
        "bq_baseline_runtime": 103431.73100000003,
        "multi_cloud_plan": "aws",
        "percent_diff": 62.329339630031555,
        "profiling_cost": 398.52847402210597,
        "profiling_runtime": 209963.51018496207
    },
    "web_page": {
        "arachne": 106.60513213552416,
        "arachne_runtime": 77544.82630181467,
        "bq": 278.0415287017822,
        "bq_baseline_runtime": 105966.09000000001,
        "multi_cloud_plan": "aws",
        "percent_diff": 61.65855775815952,
        "profiling_cost": 394.0529509536247,
        "profiling_runtime": 214080.98536004793
    },
    "web_returns": {
        "arachne": 103.25372023485974,
        "arachne_runtime": 71102.62820347786,
        "bq": 242.17002296447754,
        "bq_baseline_runtime": 97414.90900000003,
        "multi_cloud_plan": "aws",
        "percent_diff": 57.36312902360942,
        "profiling_cost": 353.35910341242743,