{
    "call_center": {
        "arachne": 92.90742352413994,
        "arachne_runtime": 77745.15296165147,
        "bq": 236.39038562774658,
        "bq_baseline_runtime": 105783.204,
        "multi_cloud_plan": "aws",
        "percent_diff": 60.69746099130911,
        "profiling_cost": 338.6704473664137,
        "profiling_runtime": 213989.02469704303
    },
    "catalog_page": {
        "arachne": 92.56705467931073,
        "arachne_runtime": 76639.15417141575,
        "bq": 221.7094898223877,
        "bq_baseline_runtime": 105810.44799999999,
        "multi_cloud_plan": "aws",
        "percent_diff": 58.24849231601834,
        "profiling_cost": 323.7475627674686,
        "profiling_runtime": 213230.01045422597
    },
    "catalog_returns": {
        "arachne": 88.03224118959722,
        "arachne_runtime": 69561.02042462878,
        "bq": 193.60082626342773,
        "bq_baseline_runtime": 91777.65499999997,
        "multi_cloud_plan": "aws",
        "percent_diff": 54.528995103660364,
        "profiling_cost": 289.40669038315167,
        "profiling_runtime": 186619.01741110414
    },
    "catalog_sales": {
        "arachne": 56.17956661372703,
        "arachne_runtime": 42415.91546061095,
        "bq": 104.23612117767334,
        "bq_baseline_runtime": 57335.018999999986,
        "multi_cloud_plan": "multi",
        "percent_diff": 46.10355222450439,
        "profiling_cost": 168.87627121293121,
        "profiling_runtime": 114303.73803942106
    },
    "customer": {
        "arachne": 87.79854597666768,
        "arachne_runtime": 61353.49901735192,
        "bq": 185.87164402008057,
        "bq_baseline_runtime": 77589.223,
        "multi_cloud_plan": "aws",
        "percent_diff": 52.76388367922199,
        "profiling_cost": 280.6869614593891,
        "profiling_runtime": 161747.09570215386
    },
    "customer_address": {
        "arachne": 90.86457050389133,
        "arachne_runtime": 71166.61625690307,
        "bq": 193.4046506881714,
        "bq_baseline_runtime": 80994.65000000004,
        "multi_cloud_plan": "aws",
        "percent_diff": 53.01841492405819,
        "profiling_cost": 292.4825283686156,
        "profiling_runtime": 178854.15962458923
    },
    "customer_demographics": {
        "arachne": 91.34280640982742,
        "arachne_runtime": 72664.0919519818,
        "bq": 207.4698543548584,
        "bq_baseline_runtime": 91655.29499999998,
        "multi_cloud_plan": "aws",
        "percent_diff": 55.97297414900875,
        "profiling_cost": 306.97974974086617,
        "profiling_runtime": 190861.9372899305
    },
    "date_dim": {
        "arachne": 28.19988250732422,
        "arachne_runtime": 12509.484,
        "bq": 28.19988250732422,
        "bq_baseline_runtime": 12509.484,
        "multi_cloud_plan": "gcp",
        "percent_diff": 0.0,
        "profiling_cost": 110.23919176933205,
        "profiling_runtime": 54932.52169480344
    },
    "household_demographics": {
        "arachne": 91.85975900105852,
        "arachne_runtime": 74340.23445773326,
        "bq": 214.5507574081421,
        "bq_baseline_runtime": 93139.92099999997,
        "multi_cloud_plan": "aws",
        "percent_diff": 57.185068880314994,
        "profiling_cost": 314.3078050875183,
        "profiling_runtime": 193145.83249489116
    },
    "income_band": {
        "arachne": 92.49966536965744,
        "arachne_runtime": 76419.91737326808,
        "bq": 232.44556427001953,
        "bq_baseline_runtime": 106110.69600000003,
        "multi_cloud_plan": "aws",
        "percent_diff": 60.205880606865215,
        "profiling_cost": 334.4115361684832,
        "profiling_runtime": 213295.70769838712
    },
    "inventory": {
        "arachne": 92.87698678589399,
        "arachne_runtime": 77727.26639864422,
        "bq": 238.37518692016602,
        "bq_baseline_runtime": 104366.56000000001,
        "multi_cloud_plan": "aws",
        "percent_diff": 61.037477102430415,
        "profiling_cost": 340.3459793304844,
        "profiling_runtime": 211648.48226055223
    },
    "item": {
        "arachne": 84.99592804211763,
        "arachne_runtime": 52114.25888854172,
        "bq": 93.05500507354736,
        "bq_baseline_runtime": 48002.555000000015,
        "multi_cloud_plan": "aws",
        "percent_diff": 8.660551923091218,
        "profiling_cost": 184.34065435544244,
        "profiling_runtime": 120477.78836579094
    },
    "promotion": {
        "arachne": 92.03994229449481,
        "arachne_runtime": 74925.80327126585,
        "bq": 215.28478145599365,
        "bq_baseline_runtime": 97716.661,
        "multi_cloud_plan": "aws",
        "percent_diff": 57.24735317005736,
        "profiling_cost": 316.2774304529633,
        "profiling_runtime": 201738.33410860336
    },
    "reason": {
        "arachne": 92.62968641103876,
        "arachne_runtime": 76842.49231142426,
        "bq": 230.7737159729004,
        "bq_baseline_runtime": 104568.122,
        "multi_cloud_plan": "aws",
        "percent_diff": 59.86124935392721,
        "profiling_cost": 332.5275741071655,
        "profiling_runtime": 211063.75381638724
    },
    "ship_mode": {
        "arachne": 92.9086653632059,
        "arachne_runtime": 77749.18763595601,
        "bq": 237.4097490310669,
        "bq_baseline_runtime": 106991.29199999997,
        "multi_cloud_plan": "aws",
        "percent_diff": 60.86569075516436,
        "profiling_cost": 339.5969942616511,
        "profiling_runtime": 214895.45314770515
    },
    "store": {
        "arachne": 87.2034496085864,
        "arachne_runtime": 59207.21580753816,
        "bq": 136.7197608947754,
        "bq_baseline_runtime": 60536.157,
        "multi_cloud_plan": "aws",
        "percent_diff": 36.21737703615397,
        "profiling_cost": 229.7031590694607,
        "profiling_runtime": 138527.37317976716
    },
    "store_returns": {
        "arachne": 85.59108478114797,
        "arachne_runtime": 69143.00446361038,
        "bq": 185.66169261932373,
        "bq_baseline_runtime": 87304.476,
        "multi_cloud_plan": "multi",
        "percent_diff": 53.89943742641522,
        "profiling_cost": 277.43272388890176,
        "profiling_runtime": 173462.36712341773
    },
    "store_sales": {
        "arachne": 21.086888313293457,
        "arachne_runtime": 13401.667999999998,
        "bq": 21.086888313293457,
        "bq_baseline_runtime": 13401.667999999998,
        "multi_cloud_plan": "gcp",
        "percent_diff": 0.0,
        "profiling_cost": 69.20663349218523,
        "profiling_runtime": 39931.55599696369
    },
    "time_dim": {
        "arachne": 92.75649612453728,
        "arachne_runtime": 77255.02674069782,
        "bq": 230.68166732788086,
        "bq_baseline_runtime": 102975.36499999998,
        "multi_cloud_plan": "aws",
        "percent_diff": 59.7902610992068,
        "profiling_cost": 332.1220173433741,
        "profiling_runtime": 208452.47776575093
    },
    "warehouse": {
        "arachne": 92.85018719198224,
        "arachne_runtime": 77559.16398926187,
        "bq": 235.83679676055908,
        "bq_baseline_runtime": 103431.73099999999,
        "multi_cloud_plan": "aws",
        "percent_diff": 60.62947408234544,
        "profiling_cost": 337.60177688502966,
        "profiling_runtime": 209963.51018496213
    },
    "web_page": {
        "arachne": 92.84578498046727,
        "arachne_runtime": 77544.82630181467,
        "bq": 231.70127391815186,
        "bq_baseline_runtime": 105966.09000000001,
        "multi_cloud_plan": "aws",
        "percent_diff": 59.92866875075321,
        "profiling_cost": 333.95335855168065,
        "profiling_runtime": 214080.98536004793
    },
    "web_returns": {
        "arachne": 89.72090899641069,
        "arachne_runtime": 71102.62820347786,
        "bq": 201.80835247039795,
        "bq_baseline_runtime": 97414.90899999999,
        "multi_cloud_plan": "aws",
        "percent_diff": 55.541528436207166,
        "profiling_cost": 299.4646178975929,
        "profiling_runtime": 194315.02942059937
    },