{
    "call_center": {
        "arachne": 172.02361539601392,
        "arachne_runtime": 77745.15296165147,
        "bq": 236.39038562774658,
        "bq_baseline_runtime": 105783.20399999998,
        "multi_cloud_plan": "aws",
        "percent_diff": 27.229013591565266,
        "profiling_cost": 417.7866392382877,
        "profiling_runtime": 213989.02469704306
    },
    "catalog_page": {
        "arachne": 171.68317062618755,
        "arachne_runtime": 76639.15417141575,
        "bq": 221.7094898223877,
        "bq_baseline_runtime": 105810.448,
        "multi_cloud_plan": "aws",
        "percent_diff": 22.56390524206989,
        "profiling_cost": 402.8636787143453,
        "profiling_runtime": 213230.01045422597
    },
    "catalog_returns": {
        "arachne": 163.36081742660167,
        "arachne_runtime": 69522.54024551496,
        "bq": 193.60082626342773,
        "bq_baseline_runtime": 91777.655,
        "multi_cloud_plan": "multi",
        "percent_diff": 15.619772611754895,
        "profiling_cost": 365.83576300111463,
        "profiling_runtime": 186619.01741110417
    },
    "catalog_sales": {
        "arachne": 90.25137880448649,
        "arachne_runtime": 44192.96277523115,
        "bq": 104.23612117767334,
        "bq_baseline_runtime": 57335.019,
        "multi_cloud_plan": "multi",
        "percent_diff": 13.416407110304371,
        "profiling_cost": 223.0270286745545,
        "profiling_runtime": 114303.73803942105
    },
    "customer": {
        "arachne": 166.84017136151436,
        "arachne_runtime": 61353.49901735192,
        "bq": 185.87164402008057,
        "bq_baseline_runtime": 77589.223,
        "multi_cloud_plan": "aws",
        "percent_diff": 10.239040365140443,
        "profiling_cost": 359.72858691481605,
        "profiling_runtime": 161747.09570215386
    },
    "customer_address": {
        "arachne": 169.95943622149514,
        "arachne_runtime": 71166.61625690307,
        "bq": 193.4046506881714,
        "bq_baseline_runtime": 80994.64999999998,
        "multi_cloud_plan": "aws",
        "percent_diff": 12.12236333679341,
        "profiling_cost": 371.57739415679976,
        "profiling_runtime": 178854.15962458923
    },
    "customer_demographics": {
        "arachne": 170.4575995278982,
        "arachne_runtime": 72664.0919519818,
        "bq": 207.4698543548584,
        "bq_baseline_runtime": 91655.29500000001,
        "multi_cloud_plan": "aws",
        "percent_diff": 17.839823015277243,
        "profiling_cost": 386.0945429295174,
        "profiling_runtime": 190861.93728993047
    },
    "date_dim": {
        "arachne": 28.19988250732422,
        "arachne_runtime": 12509.484,
        "bq": 28.19988250732422,
        "bq_baseline_runtime": 12509.484,
        "multi_cloud_plan": "gcp",
        "percent_diff": 0.0,
        "profiling_cost": 189.3551548486375,
        "profiling_runtime": 54932.52169480344
    },
    "household_demographics": {
        "arachne": 170.97594742199593,
        "arachne_runtime": 74340.23445773326,
        "bq": 214.5507574081421,
        "bq_baseline_runtime": 93139.921,
        "multi_cloud_plan": "aws",
        "percent_diff": 20.30979079847915,
        "profiling_cost": 393.42399357903605,
        "profiling_runtime": 193145.83249489122
    },
    "income_band": {
        "arachne": 171.61585783048596,
        "arachne_runtime": 76419.91737326808,
        "bq": 232.44556427001953,
        "bq_baseline_runtime": 106110.69600000001,
        "multi_cloud_plan": "aws",
        "percent_diff": 26.169441705874398,
        "profiling_cost": 413.52772862931164,
        "profiling_runtime": 213295.70769838704
    },
    "inventory": {
        "arachne": 171.96477262632425,
        "arachne_runtime": 77727.26639864422,
        "bq": 238.37518692016602,
        "bq_baseline_runtime": 104366.56,
        "multi_cloud_plan": "aws",
        "percent_diff": 27.859617081740645,
        "profiling_cost": 419.4337651709146,
        "profiling_runtime": 211648.48226055212
    },
    "item": {
        "arachne": 93.05500507354736,
        "arachne_runtime": 48002.555,
        "bq": 93.05500507354736,
        "bq_baseline_runtime": 48002.555,
        "multi_cloud_plan": "gcp",
        "percent_diff": 0.0,
        "profiling_cost": 263.45621850750035,
        "profiling_runtime": 120477.78836579091
    },
    "promotion": {
        "arachne": 171.15613183272126,
        "arachne_runtime": 74925.80327126585,
        "bq": 215.28478145599365,
        "bq_baseline_runtime": 97716.66099999998,
        "multi_cloud_plan": "aws",
        "percent_diff": 20.49780264300416,
        "profiling_cost": 395.3936199911899,
        "profiling_runtime": 201738.33410860333
    },
    "reason": {
        "arachne": 171.7458787995733,
        "arachne_runtime": 76842.49231142426,
        "bq": 230.7737159729004,
        "bq_baseline_runtime": 104568.12200000003,
        "multi_cloud_plan": "aws",
        "percent_diff": 25.578232306255664,
        "profiling_cost": 411.6437664956999,
        "profiling_runtime": 211063.7538163871
    },
    "ship_mode": {
        "arachne": 172.0248577129695,
        "arachne_runtime": 77749.18763595601,
        "bq": 237.4097490310669,
        "bq_baseline_runtime": 106991.29199999999,
        "multi_cloud_plan": "aws",
        "percent_diff": 27.54094622691391,
        "profiling_cost": 418.7131866114148,
        "profiling_runtime": 214895.4531477053
    },
    "store": {
        "arachne": 136.7197608947754,
        "arachne_runtime": 60536.157,
        "bq": 136.7197608947754,
        "bq_baseline_runtime": 60536.157,
        "multi_cloud_plan": "gcp",
        "percent_diff": 0.0,
        "profiling_cost": 308.819348866017,
        "profiling_runtime": 138527.3731797671
    },
    "store_returns": {
        "arachne": 156.6796146154134,
        "arachne_runtime": 69104.52428449658,
        "bq": 185.66169261932373,
        "bq_baseline_runtime": 87304.47600000001,
        "multi_cloud_plan": "multi",
        "percent_diff": 15.610155005607146,
        "profiling_cost": 352.30804674621464,
        "profiling_runtime": 173462.3671234178
    },
    "store_sales": {
        "arachne": 21.086888313293457,
        "arachne_runtime": 13401.668,
        "bq": 21.086888313293457,
        "bq_baseline_runtime": 13401.668,
        "multi_cloud_plan": "gcp",
        "percent_diff": 0.0,
        "profiling_cost": 115.10449092263676,
        "profiling_runtime": 39931.555996963696
    },
    "time_dim": {
        "arachne": 171.8725494574938,
        "arachne_runtime": 77255.02674069782,
        "bq": 230.68166732788086,
        "bq_baseline_runtime": 102975.36499999998,
        "multi_cloud_plan": "aws",
        "percent_diff": 25.493624418276095,
        "profiling_cost": 411.23807067633066,
        "profiling_runtime": 208452.4777657509
    },
    "warehouse": {
        "arachne": 171.96637927388343,
        "arachne_runtime": 77559.16398926187,
        "bq": 235.83679676055908,
        "bq_baseline_runtime": 103431.73100000001,
        "multi_cloud_plan": "aws",
        "percent_diff": 27.08246480786548,
        "profiling_cost": 416.71796914857595,
        "profiling_runtime": 209963.51018496216
    },
    "web_page": {
        "arachne": 171.96197628577124,
        "arachne_runtime": 77544.82630181467,
        "bq": 231.70127391815186,
        "bq_baseline_runtime": 105966.09000000004,
        "multi_cloud_plan": "aws",
        "percent_diff": 25.782895632021187,
        "profiling_cost": 413.0695498569846,
        "profiling_runtime": 214080.9853600479
    },
    "web_returns": {
        "arachne": 167.53451878121962,
        "arachne_runtime": 71102.62820347786,
        "bq": 201.80835247039795,
        "bq_baseline_runtime": 97414.90900000004,
        "multi_cloud_plan": "aws",
        "percent_diff": 16.983357363370654,
        "profiling_cost": 377.2783042669337,
        "profiling_runtime": 194315.0294205993
    },
    "web_sales": {
        "arachne": 105.4122970402653,