{
    "call_center": {
        "arachne": 106.66679938796025,
        "arachne_runtime": 77745.15296165147,
        "bq": 425.50269412994385,
        "bq_baseline_runtime": 105783.204,
        "multi_cloud_plan": "aws",
        "percent_diff": 74.93158072569443,
        "profiling_cost": 541.5420935854588,
        "profiling_runtime": 213989.0246970431
    },
    "catalog_page": {
        "arachne": 106.3264173387837,
        "arachne_runtime": 76639.15417141575,
        "bq": 399.07708168029785,
        "bq_baseline_runtime": 105810.44799999999,
        "multi_cloud_plan": "aws",
        "percent_diff": 73.35692220382572,
        "profiling_cost": 514.874479137879,
        "profiling_runtime": 213230.01045422594
    },
    "catalog_returns": {
        "arachne": 101.3242786467318,
        "arachne_runtime": 69561.02042462878,
        "bq": 348.4814872741699,
        "bq_baseline_runtime": 91777.655,
        "multi_cloud_plan": "aws",
        "percent_diff": 70.92405698813657,
        "profiling_cost": 457.57936402310474,
        "profiling_runtime": 186619.0174111041
    },
    "catalog_sales": {
        "arachne": 67.18420826045059,
        "arachne_runtime": 42285.63729995204,
        "bq": 187.625018119812,
        "bq_baseline_runtime": 57335.019,
        "multi_cloud_plan": "multi",
        "percent_diff": 64.19229752316471,
        "profiling_cost": 261.682691191874,
        "profiling_runtime": 114303.73803942106
    },
    "customer": {
        "arachne": 101.54495375578759,
        "arachne_runtime": 61353.49901735192,
        "bq": 334.568959236145,
        "bq_baseline_runtime": 77589.22299999998,
        "multi_cloud_plan": "aws",
        "percent_diff": 69.64902123985888,
        "profiling_cost": 443.1306463198758,
        "profiling_runtime": 161747.0957021538
    },
    "customer_address": {
        "arachne": 104.62023747131684,
        "arachne_runtime": 71166.61625690307,
        "bq": 348.1283712387085,
        "bq_baseline_runtime": 80994.64999999997,
        "multi_cloud_plan": "aws",
        "percent_diff": 69.94779911242003,
        "profiling_cost": 460.9618777518804,
        "profiling_runtime": 178854.1596245892
    },
    "customer_demographics": {
        "arachne": 105.10193901211672,
        "arachne_runtime": 72664.0919519818,
        "bq": 373.4457378387451,
        "bq_baseline_runtime": 91655.295,
        "multi_cloud_plan": "aws",
        "percent_diff": 71.85616855065032,
        "profiling_cost": 486.71472769234435,
        "profiling_runtime": 190861.93728993047
    },
    "date_dim": {
        "arachne": 46.07928663502403,
        "arachne_runtime": 20692.50348291107,
        "bq": 50.759788513183594,
        "bq_baseline_runtime": 12509.484,
        "multi_cloud_plan": "multi",
        "percent_diff": 9.220885301647614,
        "profiling_cost": 146.55839570202727,
        "profiling_runtime": 54932.521694803436
    },
    "household_demographics": {
        "arachne": 105.61913426471595,
        "arachne_runtime": 74340.23445773326,
        "bq": 386.19136333465576,
        "bq_baseline_runtime": 93139.92099999997,
        "multi_cloud_plan": "aws",
        "percent_diff": 72.65108847781475,
        "profiling_cost": 499.7077481429918,
        "profiling_runtime": 193145.83249489116
    },
    "income_band": {
        "arachne": 106.2590413359046,
        "arachne_runtime": 76419.91737326808,
        "bq": 418.40201568603516,
        "bq_baseline_runtime": 106110.69599999998,
        "multi_cloud_plan": "aws",
        "percent_diff": 74.60360195404976,
        "profiling_cost": 534.1273254037735,
        "profiling_runtime": 213295.70769838704
    },
    "inventory": {
        "arachne": 106.63142247033278,
        "arachne_runtime": 77727.26639864422,
        "bq": 429.0753364562988,
        "bq_baseline_runtime": 104366.55999999997,
        "multi_cloud_plan": "aws",
        "percent_diff": 75.14855471512445,
        "profiling_cost": 544.8005264040836,
        "profiling_runtime": 211648.48226055223
    },
    "item": {
        "arachne": 98.75021577566501,
        "arachne_runtime": 52114.25888854172,
        "bq": 167.49900913238525,
        "bq_baseline_runtime": 48002.555000000015,
        "multi_cloud_plan": "aws",
        "percent_diff": 41.044298538138605,
        "profiling_cost": 272.543886962464,
        "profiling_runtime": 120477.78836579094
    },
    "promotion": {
        "arachne": 105.79931775246337,
        "arachne_runtime": 74925.80327126585,
        "bq": 387.5126066207886,
        "bq_baseline_runtime": 97716.66100000004,
        "multi_cloud_plan": "aws",
        "percent_diff": 72.69783848451767,
        "profiling_cost": 502.2645929287542,
        "profiling_runtime": 201738.33410860325
    },
    "reason": {
        "arachne": 106.38906236471306,
        "arachne_runtime": 76842.49231142426,
        "bq": 415.3926887512207,
        "bq_baseline_runtime": 104568.12199999999,
        "multi_cloud_plan": "aws",
        "percent_diff": 74.38831610528668,
        "profiling_cost": 530.9058846921877,
        "profiling_runtime": 211063.75381638718
    },
    "ship_mode": {
        "arachne": 106.66804131013744,
        "arachne_runtime": 77749.18763595601,
        "bq": 427.3375482559204,
        "bq_baseline_runtime": 106991.292,
        "multi_cloud_plan": "aws",
        "percent_diff": 75.0389260795176,
        "profiling_cost": 543.2841312864638,
        "profiling_runtime": 214895.4531477052
    },
    "store": {
        "arachne": 100.96281179243294,
        "arachne_runtime": 59207.21580753816,
        "bq": 246.0955696105957,
        "bq_baseline_runtime": 60536.15700000001,
        "multi_cloud_plan": "aws",
        "percent_diff": 58.97414490143428,
        "profiling_cost": 352.8383051412035,
        "profiling_runtime": 138527.3731797672
    },
    "store_returns": {
        "arachne": 98.5528634113842,
        "arachne_runtime": 65857.47820278132,
        "bq": 334.1910467147827,
        "bq_baseline_runtime": 87304.476,
        "multi_cloud_plan": "aws",
        "percent_diff": 70.51002282072066,
        "profiling_cost": 438.9838732638935,
        "profiling_runtime": 173462.36712341782
    },
    "store_sales": {
        "arachne": 37.92956851787486,
        "arachne_runtime": 13422.13978346435,
        "bq": 37.95639896392822,
        "bq_baseline_runtime": 13401.668000000001,
        "multi_cloud_plan": "multi",
        "percent_diff": 0.07068754356507367,
        "profiling_cost": 94.05838021768113,
        "profiling_runtime": 39931.55599696369
    },
    "time_dim": {
        "arachne": 106.5158478946328,
        "arachne_runtime": 77255.02674069782,
        "bq": 415.22700119018555,
        "bq_baseline_runtime": 102975.36499999996,
        "multi_cloud_plan": "aws",
        "percent_diff": 74.34756227573806,
        "profiling_cost": 530.4266648288021,
        "profiling_runtime": 208452.47776575084
    },
    "warehouse": {
        "arachne": 106.60956309232903,
        "arachne_runtime": 77559.16398926187,
        "bq": 424.50623416900635,
        "bq_baseline_runtime": 103431.73099999999,
        "multi_cloud_plan": "aws",
        "percent_diff": 74.8862196803722,
        "profiling_cost": 540.0305520784418,
        "profiling_runtime": 209963.51018496216
    },
    "web_page": {
        "arachne": 106.60516074575365,
        "arachne_runtime": 77544.82630181467,
        "bq": 417.06229305267334,
        "bq_baseline_runtime": 105966.09,
        "multi_cloud_plan": "aws",
        "percent_diff": 74.43903164549813,
        "profiling_cost": 533.0737153045162,
        "profiling_runtime": 214080.98536004793
    },
    "web_returns": {
        "arachne": 103.25374884508923,
        "arachne_runtime": 71102.62820347786,
        "bq": 363.2550344467163,
        "bq_baseline_runtime": 97414.909,
        "multi_cloud_plan": "aws",
        "percent_diff": 71.57541147300054,
        "profiling_cost": 474.4441148946661,