{
    "call_center": {
        "arachne": 106.66679223540287,
        "arachne_runtime": 77745.15296165147,
        "bq": 390.04413628578186,
        "bq_baseline_runtime": 105783.20400000003,
        "multi_cloud_plan": "aws",
        "percent_diff": 72.65263535272094,
        "profiling_cost": 506.0835357412965,
        "profiling_runtime": 213989.0246970431
    },
    "catalog_page": {
        "arachne": 106.32641018622633,
        "arachne_runtime": 76639.15417141575,
        "bq": 365.8206582069397,
        "bq_baseline_runtime": 105810.44800000002,
        "multi_cloud_plan": "aws",
        "percent_diff": 70.93482617756405,
        "profiling_cost": 481.6180556645207,
        "profiling_runtime": 213230.01045422594
    },
    "catalog_returns": {
        "arachne": 101.32427149417441,
        "arachne_runtime": 69561.02042462878,
        "bq": 319.44136333465576,
        "bq_baseline_runtime": 91777.65499999998,
        "multi_cloud_plan": "aws",
        "percent_diff": 68.28079168068656,
        "profiling_cost": 428.5392400835905,
        "profiling_runtime": 186619.01741110417
    },
    "catalog_sales": {
        "arachne": 67.14373980608963,
        "arachne_runtime": 42285.63729995204,
        "bq": 171.989599943161,
        "bq_baseline_runtime": 57335.01899999999,
        "multi_cloud_plan": "multi",
        "percent_diff": 60.9605814373199,
        "profiling_cost": 246.04727301522294,
        "profiling_runtime": 114303.73803942108
    },
    "customer": {
        "arachne": 101.54494660323022,
        "arachne_runtime": 61353.49901735192,
        "bq": 306.68821263313293,
        "bq_baseline_runtime": 77589.22300000001,
        "multi_cloud_plan": "aws",
        "percent_diff": 66.88984368476513,
        "profiling_cost": 415.2498997168637,
        "profiling_runtime": 161747.09570215383
    },
    "customer_address": {
        "arachne": 104.62023031875947,
        "arachne_runtime": 71166.61625690307,
        "bq": 319.1176736354828,
        "bq_baseline_runtime": 80994.65000000001,
        "multi_cloud_plan": "aws",
        "percent_diff": 67.21578309126696,
        "profiling_cost": 431.9511801486546,
        "profiling_runtime": 178854.15962458923
    },
    "customer_demographics": {
        "arachne": 105.10193185955936,
        "arachne_runtime": 72664.0919519818,
        "bq": 342.32525968551636,
        "bq_baseline_runtime": 91655.29500000003,
        "multi_cloud_plan": "aws",
        "percent_diff": 69.29764050829516,
        "profiling_cost": 455.5942495391156,
        "profiling_runtime": 190861.9372899306
    },
    "date_dim": {
        "arachne": 46.03214198361107,
        "arachne_runtime": 20692.503482911066,
        "bq": 46.52980613708496,
        "bq_baseline_runtime": 12509.484,
        "multi_cloud_plan": "multi",
        "percent_diff": 1.0695599117857615,
        "profiling_cost": 142.32841332592864,
        "profiling_runtime": 54932.52169480344
    },
    "household_demographics": {
        "arachne": 105.61912711215858,
        "arachne_runtime": 74340.23445773326,
        "bq": 354.00874972343445,
        "bq_baseline_runtime": 93139.92100000003,
        "multi_cloud_plan": "aws",
        "percent_diff": 70.16482581442622,
        "profiling_cost": 467.52513453177016,
        "profiling_runtime": 193145.83249489116
    },
    "income_band": {
        "arachne": 106.25903418334723,
        "arachne_runtime": 76419.91737326808,
        "bq": 383.5351810455322,
        "bq_baseline_runtime": 106110.696,
        "multi_cloud_plan": "aws",
        "percent_diff": 72.29484036022957,
        "profiling_cost": 499.26049076327007,
        "profiling_runtime": 213295.70769838715
    },
    "inventory": {
        "arachne": 106.6314153177754,
        "arachne_runtime": 77727.26639864422,
        "bq": 393.3190584182739,
        "bq_baseline_runtime": 104366.56000000001,
        "multi_cloud_plan": "aws",
        "percent_diff": 72.88933423501219,
        "profiling_cost": 509.0442483660582,
        "profiling_runtime": 211648.48226055215
    },
    "item": {
        "arachne": 98.75021577566501,
        "arachne_runtime": 52114.25888854172,
        "bq": 153.54075837135315,
        "bq_baseline_runtime": 48002.55500000001,
        "multi_cloud_plan": "aws",
        "percent_diff": 35.68468931433302,
        "profiling_cost": 258.5856362014322,
        "profiling_runtime": 120477.78836579093
    },
    "promotion": {
        "arachne": 105.79931059990598,
        "arachne_runtime": 74925.80327126585,
        "bq": 355.2198894023895,
        "bq_baseline_runtime": 97716.66100000002,
        "multi_cloud_plan": "aws",
        "percent_diff": 70.21582581484968,
        "profiling_cost": 469.97187571035494,
        "profiling_runtime": 201738.33410860327
    },
    "reason": {
        "arachne": 106.38905521215568,
        "arachne_runtime": 76842.49231142426,
        "bq": 380.77663135528564,
        "bq_baseline_runtime": 104568.12199999999,
        "multi_cloud_plan": "aws",
        "percent_diff": 72.05998308418019,
        "profiling_cost": 496.2898272962523,
        "profiling_runtime": 211063.75381638724
    },
    "ship_mode": {
        "arachne": 106.66803415758007,
        "arachne_runtime": 77749.18763595601,
        "bq": 391.7260859012604,
        "bq_baseline_runtime": 106991.29199999999,
        "multi_cloud_plan": "aws",
        "percent_diff": 72.76973936719978,
        "profiling_cost": 507.67266893180334,
        "profiling_runtime": 214895.45314770524
    },
    "store": {
        "arachne": 100.96280463987557,
        "arachne_runtime": 59207.21580753816,
        "bq": 225.5876054763794,
        "bq_baseline_runtime": 60536.15700000001,
        "multi_cloud_plan": "aws",
        "percent_diff": 55.24452488128959,
        "profiling_cost": 332.3303410069873,
        "profiling_runtime": 138527.37317976716
    },
    "store_returns": {
        "arachne": 98.55285625882682,
        "arachne_runtime": 65857.47820278132,
        "bq": 306.34179282188416,
        "bq_baseline_runtime": 87304.47600000001,
        "multi_cloud_plan": "aws",
        "percent_diff": 67.82911813925165,
        "profiling_cost": 411.1346193709948,
        "profiling_runtime": 173462.3671234178
    },
    "store_sales": {
        "arachne": 34.77303336925426,
        "arachne_runtime": 13422.13978346435,
        "bq": 34.793365716934204,
        "bq_baseline_runtime": 13401.668,
        "multi_cloud_plan": "multi",
        "percent_diff": 0.05843742696628782,
        "profiling_cost": 90.89534697068709,
        "profiling_runtime": 39931.55599696368
    },
    "time_dim": {
        "arachne": 106.51584074207543,
        "arachne_runtime": 77255.02674069782,
        "bq": 380.6247510910034,
        "bq_baseline_runtime": 102975.36500000002,
        "multi_cloud_plan": "aws",
        "percent_diff": 72.01552436178578,
        "profiling_cost": 495.82441472961943,
        "profiling_runtime": 208452.47776575093
    },
    "warehouse": {
        "arachne": 106.60955593977165,
        "arachne_runtime": 77559.16398926187,
        "bq": 389.1307146549225,
        "bq_baseline_runtime": 103431.73099999999,
        "multi_cloud_plan": "aws",
        "percent_diff": 72.60315058031026,
        "profiling_cost": 504.65503256435755,
        "profiling_runtime": 209963.5101849621
    },
    "web_page": {
        "arachne": 106.60515359319628,
        "arachne_runtime": 77544.82630181467,
        "bq": 382.30710196495056,
        "bq_baseline_runtime": 105966.09,
        "multi_cloud_plan": "aws",
        "percent_diff": 72.11530912052747,
        "profiling_cost": 498.3185242167929,
        "profiling_runtime": 214080.98536004795
    },
    "web_returns": {
        "arachne": 103.25374169253186,
        "arachne_runtime": 71102.62820347786,
        "bq": 332.9837815761566,
        "bq_baseline_runtime": 97414.90899999997,
        "multi_cloud_plan": "aws",
        "percent_diff": 68.9913601185658,