{
    "call_center": {
        "arachne": 27.550569369113536,
        "arachne_runtime": 77745.15296165147,
        "bq": 236.39038562774658,
        "bq_baseline_runtime": 105783.20399999998,
        "multi_cloud_plan": "aws",
        "percent_diff": 88.34530884327143,
        "profiling_cost": 273.31359321138723,
        "profiling_runtime": 213989.02469704312
    },
    "catalog_page": {
        "arachne": 27.210263244934236,
        "arachne_runtime": 76639.15417141575,
        "bq": 221.7094898223877,
        "bq_baseline_runtime": 105810.44800000002,
        "multi_cloud_plan": "aws",
        "percent_diff": 87.72706424667142,
        "profiling_cost": 258.39077133309223,
        "profiling_runtime": 213230.01045422588
    },
    "catalog_returns": {
        "arachne": 24.895244466328112,
        "arachne_runtime": 69561.02042462878,
        "bq": 193.60082626342773,
        "bq_baseline_runtime": 91777.65500000003,
        "multi_cloud_plan": "aws",
        "percent_diff": 87.14094100380863,
        "profiling_cost": 226.26963039439997,
        "profiling_runtime": 186619.01741110408
    },
    "catalog_sales": {
        "arachne": 15.504816199747909,
        "arachne_runtime": 42285.63729995204,
        "bq": 104.23612117767334,
        "bq_baseline_runtime": 57335.01899999999,
        "multi_cloud_plan": "multi",
        "percent_diff": 85.12529435614789,
        "profiling_cost": 124.14303678811184,
        "profiling_runtime": 114303.73803942103
    },
    "customer": {
        "arachne": 22.50329022396823,
        "arachne_runtime": 61353.49901735192,
        "bq": 185.87164402008057,
        "bq_baseline_runtime": 77589.22300000001,
        "multi_cloud_plan": "aws",
        "percent_diff": 87.89310206911544,
        "profiling_cost": 215.3917056483846,
        "profiling_runtime": 161747.09570215386
    },
    "customer_address": {
        "arachne": 25.525333606740347,
        "arachne_runtime": 71166.61625690307,
        "bq": 193.4046506881714,
        "bq_baseline_runtime": 80994.65000000001,
        "multi_cloud_plan": "aws",
        "percent_diff": 86.80210971353779,
        "profiling_cost": 227.14329141315963,
        "profiling_runtime": 178854.15962458923
    },
    "customer_demographics": {
        "arachne": 25.987107747073267,
        "arachne_runtime": 72664.0919519818,
        "bq": 207.4698543548584,
        "bq_baseline_runtime": 91655.29499999998,
        "multi_cloud_plan": "aws",
        "percent_diff": 87.47427291165653,
        "profiling_cost": 241.62405101980707,
        "profiling_runtime": 190861.93728993047
    },
    "date_dim": {
        "arachne": 8.270575991137449,
        "arachne_runtime": 20692.503482911066,
        "bq": 28.19988250732422,
        "bq_baseline_runtime": 12509.484,
        "multi_cloud_plan": "multi",
        "percent_diff": 70.67159414941048,
        "profiling_cost": 44.882526616862435,
        "profiling_runtime": 54932.521694803436
    },
    "household_demographics": {
        "arachne": 26.502907696805895,
        "arachne_runtime": 74340.23445773326,
        "bq": 214.5507574081421,
        "bq_baseline_runtime": 93139.92099999999,
        "multi_cloud_plan": "aws",
        "percent_diff": 87.64725512183155,
        "profiling_cost": 248.9509537249607,
        "profiling_runtime": 193145.83249489122
    },
    "income_band": {
        "arachne": 27.1428107281035,
        "arachne_runtime": 76419.91737326808,
        "bq": 232.44556427001953,
        "bq_baseline_runtime": 106110.696,
        "multi_cloud_plan": "aws",
        "percent_diff": 88.32293882942281,
        "profiling_cost": 269.05468152692913,
        "profiling_runtime": 213295.70769838706
    },
    "inventory": {
        "arachne": 27.54359848292983,
        "arachne_runtime": 77727.26639864422,
        "bq": 238.37518692016602,
        "bq_baseline_runtime": 104366.56,
        "multi_cloud_plan": "aws",
        "percent_diff": 88.44527451082631,
        "profiling_cost": 275.0125910275202,
        "profiling_runtime": 211648.48226055226
    },
    "item": {
        "arachne": 19.66306130776753,
        "arachne_runtime": 52114.25888854172,
        "bq": 93.05500507354736,
        "bq_baseline_runtime": 48002.555000000015,
        "multi_cloud_plan": "aws",
        "percent_diff": 78.86942105668948,
        "profiling_cost": 118.98431875156815,
        "profiling_runtime": 120477.78836579093
    },
    "promotion": {
        "arachne": 26.683090067264246,
        "arachne_runtime": 74925.80327126585,
        "bq": 215.28478145599365,
        "bq_baseline_runtime": 97716.66099999998,
        "multi_cloud_plan": "aws",
        "percent_diff": 87.60567751849263,
        "profiling_cost": 250.92057822573324,
        "profiling_runtime": 201738.33410860336
    },
    "reason": {
        "arachne": 27.272831829205867,
        "arachne_runtime": 76842.49231142426,
        "bq": 230.7737159729004,
        "bq_baseline_runtime": 104568.12200000002,
        "multi_cloud_plan": "aws",
        "percent_diff": 88.18200256722109,
        "profiling_cost": 267.1707195253325,
        "profiling_runtime": 211063.7538163872
    },
    "ship_mode": {
        "arachne": 27.551810813401197,
        "arachne_runtime": 77749.18763595601,
        "bq": 237.4097490310669,
        "bq_baseline_runtime": 106991.29199999999,
        "multi_cloud_plan": "aws",
        "percent_diff": 88.39482753937125,
        "profiling_cost": 274.2401397118464,
        "profiling_runtime": 214895.4531477052
    },
    "store": {
        "arachne": 21.846660433435495,
        "arachne_runtime": 59207.21580753816,
        "bq": 136.7197608947754,
        "bq_baseline_runtime": 60536.15700000001,
        "multi_cloud_plan": "aws",
        "percent_diff": 84.02084651812002,
        "profiling_cost": 164.34630662882685,
        "profiling_runtime": 138527.37317976716
    },
    "store_returns": {
        "arachne": 23.677579062210903,
        "arachne_runtime": 65857.47820278132,
        "bq": 185.66169261932373,
        "bq_baseline_runtime": 87304.47600000001,
        "multi_cloud_plan": "aws",
        "percent_diff": 87.24692276141269,
        "profiling_cost": 215.57919631112193,
        "profiling_runtime": 173462.36712341782
    },
    "store_sales": {
        "arachne": 8.430930971035759,
        "arachne_runtime": 20439.73613212555,
        "bq": 21.086888313293457,
        "bq_baseline_runtime": 13401.667999999998,
        "multi_cloud_plan": "multi",
        "percent_diff": 60.01813617175187,
        "profiling_cost": 31.291012136594826,
        "profiling_runtime": 39931.55599696369
    },
    "time_dim": {
        "arachne": 27.399756414703635,
        "arachne_runtime": 77255.02674069782,
        "bq": 230.68166732788086,
        "bq_baseline_runtime": 102975.36499999998,
        "multi_cloud_plan": "aws",
        "percent_diff": 88.12226531388868,
        "profiling_cost": 266.76527763354056,
        "profiling_runtime": 208452.47776575084
    },
    "warehouse": {
        "arachne": 27.49333286345513,
        "arachne_runtime": 77559.16398926187,
        "bq": 235.83679676055908,
        "bq_baseline_runtime": 103431.73099999999,
        "multi_cloud_plan": "aws",
        "percent_diff": 88.34222087430716,
        "profiling_cost": 272.2449224064477,
        "profiling_runtime": 209963.51018496222
    },
    "web_page": {
        "arachne": 27.48893129347707,
        "arachne_runtime": 77544.82630181467,
        "bq": 231.70127391815186,
        "bq_baseline_runtime": 105966.09000000004,
        "multi_cloud_plan": "aws",
        "percent_diff": 88.13604654448835,
        "profiling_cost": 268.59650486469036,
        "profiling_runtime": 214080.98536004787
    },
    "web_returns": {
        "arachne": 25.440100913307656,
        "arachne_runtime": 71102.62820347786,
        "bq": 201.80835247039795,
        "bq_baseline_runtime": 97414.909,
        "multi_cloud_plan": "aws",
        "percent_diff": 87.39393062681124,