{
    "call_center": {
        "arachne": 103.22692681177567,
        "arachne_runtime": 77745.15296165147,
        "bq": 236.39038562774658,
        "bq_baseline_runtime": 105783.20399999998,
        "multi_cloud_plan": "aws",
        "percent_diff": 56.332011330472945,
        "profiling_cost": 348.98995065404944,
        "profiling_runtime": 213989.02469704306
    },
    "catalog_page": {
        "arachne": 102.88654806368596,
        "arachne_runtime": 76639.15417141575,
        "bq": 221.7094898223877,
        "bq_baseline_runtime": 105810.44799999999,
        "multi_cloud_plan": "aws",
        "percent_diff": 53.59398095854681,
        "profiling_cost": 334.0670561518439,
        "profiling_runtime": 213230.01045422602
    },
    "catalog_returns": {
        "arachne": 98.03343492976413,
        "arachne_runtime": 69522.54024551497,
        "bq": 193.60082626342773,
        "bq_baseline_runtime": 91777.65499999996,
        "multi_cloud_plan": "multi",
        "percent_diff": 49.36311129355796,
        "profiling_cost": 299.37569985505985,
        "profiling_runtime": 186619.01741110417
    },
    "catalog_sales": {
        "arachne": 61.08207686248493,
        "arachne_runtime": 42415.91546061095,
        "bq": 104.23612117767334,
        "bq_baseline_runtime": 57335.01900000001,
        "multi_cloud_plan": "multi",
        "percent_diff": 41.40027835612873,
        "profiling_cost": 175.9394134905343,
        "profiling_runtime": 114303.73803942105
    },
    "customer": {
        "arachne": 98.10832320077813,
        "arachne_runtime": 61353.49901735192,
        "bq": 185.87164402008057,
        "bq_baseline_runtime": 77589.223,
        "multi_cloud_plan": "aws",
        "percent_diff": 47.21716498608091,
        "profiling_cost": 290.9967386927056,
        "profiling_runtime": 161747.0957021539
    },
    "customer_address": {
        "arachne": 101.18129211923097,
        "arachne_runtime": 71166.61625690307,
        "bq": 193.4046506881714,
        "bq_baseline_runtime": 80994.64999999997,
        "multi_cloud_plan": "aws",
        "percent_diff": 47.68414732571929,
        "profiling_cost": 302.7992499931614,
        "profiling_runtime": 178854.15962458932
    },
    "customer_demographics": {
        "arachne": 101.66212725131493,
        "arachne_runtime": 72664.0919519818,
        "bq": 207.4698543548584,
        "bq_baseline_runtime": 91655.29499999998,
        "multi_cloud_plan": "aws",
        "percent_diff": 50.99908487069593,
        "profiling_cost": 317.2990705915599,
        "profiling_runtime": 190861.93728993044
    },
    "date_dim": {
        "arachne": 28.19988250732422,
        "arachne_runtime": 12509.484000000002,
        "bq": 28.19988250732422,
        "bq_baseline_runtime": 12509.484000000002,
        "multi_cloud_plan": "gcp",
        "percent_diff": 0.0,
        "profiling_cost": 120.55866521445884,
        "profiling_runtime": 54932.52169480344
    },
    "household_demographics": {
        "arachne": 102.17926183857212,
        "arachne_runtime": 74340.23445773326,
        "bq": 214.5507574081421,
        "bq_baseline_runtime": 93139.92100000003,
        "multi_cloud_plan": "aws",
        "percent_diff": 52.375250000075525,
        "profiling_cost": 324.62730793423816,
        "profiling_runtime": 193145.83249489104
    },
    "income_band": {
        "arachne": 102.81916873411332,
        "arachne_runtime": 76419.91737326808,
        "bq": 232.44556427001953,
        "bq_baseline_runtime": 106110.69600000001,
        "multi_cloud_plan": "aws",
        "percent_diff": 55.76634509804034,
        "profiling_cost": 344.73103953293895,
        "profiling_runtime": 213295.7076983871
    },
    "inventory": {
        "arachne": 103.1927849389936,
        "arachne_runtime": 77727.26639864422,
        "bq": 238.37518692016602,
        "bq_baseline_runtime": 104366.56000000003,
        "multi_cloud_plan": "aws",
        "percent_diff": 56.709930143209995,
        "profiling_cost": 350.661777483584,
        "profiling_runtime": 211648.48226055215
    },
    "item": {
        "arachne": 90.9654314358296,
        "arachne_runtime": 47952.0436717868,
        "bq": 93.05500507354736,
        "bq_baseline_runtime": 48002.555000000015,
        "multi_cloud_plan": "multi",
        "percent_diff": 2.24552525258178,
        "profiling_cost": 194.6600757665804,
        "profiling_runtime": 120477.78836579093
    },
    "promotion": {
        "arachne": 102.35944527774173,
        "arachne_runtime": 74925.80327126585,
        "bq": 215.28478145599365,
        "bq_baseline_runtime": 97716.66100000001,
        "multi_cloud_plan": "aws",
        "percent_diff": 52.4539335360939,
        "profiling_cost": 326.5969334362101,
        "profiling_runtime": 201738.33410860327
    },
    "reason": {
        "arachne": 102.949189766065,
        "arachne_runtime": 76842.49231142426,
        "bq": 230.7737159729004,
        "bq_baseline_runtime": 104568.122,
        "multi_cloud_plan": "aws",
        "percent_diff": 55.389551478143964,
        "profiling_cost": 342.8470774621917,
        "profiling_runtime": 211063.75381638718
    },
    "ship_mode": {
        "arachne": 103.22816871317507,
        "arachne_runtime": 77749.18763595601,
        "bq": 237.4097490310669,
        "bq_baseline_runtime": 106991.292,
        "multi_cloud_plan": "aws",
        "percent_diff": 56.51898494713169,
        "profiling_cost": 349.91649761162034,
        "profiling_runtime": 214895.45314770532
    },
    "store": {
        "arachne": 97.52294263624182,
        "arachne_runtime": 59207.21580753816,
        "bq": 136.7197608947754,
        "bq_baseline_runtime": 60536.15700000001,
        "multi_cloud_plan": "aws",
        "percent_diff": 28.669460802159314,
        "profiling_cost": 240.02266208640287,
        "profiling_runtime": 138527.37317976716
    },
    "store_returns": {
        "arachne": 95.03994494003338,
        "arachne_runtime": 69104.52428449658,
        "bq": 185.66169261932373,
        "bq_baseline_runtime": 87304.47600000001,
        "multi_cloud_plan": "multi",
        "percent_diff": 48.81014839453123,
        "profiling_cost": 287.1990703485515,
        "profiling_runtime": 173462.3671234178
    },
    "store_sales": {
        "arachne": 21.086888313293457,
        "arachne_runtime": 13401.667999999996,
        "bq": 21.086888313293457,
        "bq_baseline_runtime": 13401.667999999996,
        "multi_cloud_plan": "gcp",
        "percent_diff": 0.0,
        "profiling_cost": 75.19331054833107,
        "profiling_runtime": 39931.555996963696
    },
    "time_dim": {
        "arachne": 103.07598134187943,
        "arachne_runtime": 77255.02674069782,
        "bq": 230.68166732788086,
        "bq_baseline_runtime": 102975.36500000002,
        "multi_cloud_plan": "aws",
        "percent_diff": 55.31678674952018,
        "profiling_cost": 342.44150256071634,
        "profiling_runtime": 208452.4777657508
    },
    "warehouse": {
        "arachne": 103.16969050701285,
        "arachne_runtime": 77559.16398926187,
        "bq": 235.83679676055908,
        "bq_baseline_runtime": 103431.73099999999,
        "multi_cloud_plan": "aws",
        "percent_diff": 56.25377722045675,
        "profiling_cost": 347.9212802237531,
        "profiling_runtime": 209963.51018496216
    },
    "web_page": {
        "arachne": 103.16528819420256,
        "arachne_runtime": 77544.82630181467,
        "bq": 231.70127391815186,
        "bq_baseline_runtime": 105966.08999999997,
        "multi_cloud_plan": "aws",
        "percent_diff": 55.47487225700557,
        "profiling_cost": 344.272861765416,
        "profiling_runtime": 214080.9853600479
    },
    "web_returns": {
        "arachne": 99.87051027269013,
        "arachne_runtime": 71102.62820347786,
        "bq": 201.80835247039795,
        "bq_baseline_runtime": 97414.90899999999,
        "multi_cloud_plan": "aws",
        "percent_diff": 50.51220177453283,
        "profiling_cost": 309.61422916315905,