{
    "call_center": {
        "arachne": 106.6668089247034,
        "arachne_runtime": 77745.15296165147,
        "bq": 472.78077125549316,
        "bq_baseline_runtime": 105783.204,
        "multi_cloud_plan": "aws",
        "percent_diff": 77.43842063596531,
        "profiling_cost": 588.8201707110082,
        "profiling_runtime": 213989.02469704315
    },
    "catalog_page": {
        "arachne": 106.32642687552685,
        "arachne_runtime": 76639.15417141575,
        "bq": 443.4189796447754,
        "bq_baseline_runtime": 105810.44800000003,
        "multi_cloud_plan": "aws",
        "percent_diff": 76.02122783271358,
        "profiling_cost": 559.2163771023568,
        "profiling_runtime": 213230.01045422585
    },
    "catalog_returns": {
        "arachne": 101.32428818347496,
        "arachne_runtime": 69561.02042462878,
        "bq": 387.20165252685547,
        "bq_baseline_runtime": 91777.655,
        "multi_cloud_plan": "aws",
        "percent_diff": 73.83164882633156,
        "profiling_cost": 496.2995292757903,
        "profiling_runtime": 186619.01741110414
    },
    "catalog_sales": {
        "arachne": 67.23816619959854,
        "arachne_runtime": 42285.63729995204,
        "bq": 208.47224235534668,
        "bq_baseline_runtime": 57335.01900000001,
        "multi_cloud_plan": "multi",
        "percent_diff": 67.74718521759398,
        "profiling_cost": 282.5299154274083,
        "profiling_runtime": 114303.73803942102
    },
    "customer": {
        "arachne": 101.54496329253075,
        "arachne_runtime": 61353.49901735192,
        "bq": 371.74328804016113,
        "bq_baseline_runtime": 77589.223,
        "multi_cloud_plan": "aws",
        "percent_diff": 72.68411655046201,
        "profiling_cost": 480.3049751238918,
        "profiling_runtime": 161747.09570215386
    },
    "customer_address": {
        "arachne": 104.62024700805999,
        "arachne_runtime": 71166.61625690307,
        "bq": 386.8093013763428,
        "bq_baseline_runtime": 80994.65000000001,
        "multi_cloud_plan": "aws",
        "percent_diff": 72.95301673568841,
        "profiling_cost": 499.6428078895144,
        "profiling_runtime": 178854.15962458923
    },
    "customer_demographics": {
        "arachne": 105.10194854885988,
        "arachne_runtime": 72664.0919519818,
        "bq": 414.9397087097168,
        "bq_baseline_runtime": 91655.295,
        "multi_cloud_plan": "aws",
        "percent_diff": 74.67054939724098,
        "profiling_cost": 528.2086985633165,
        "profiling_runtime": 190861.93728993044
    },
    "date_dim": {
        "arachne": 46.14214617024132,
        "arachne_runtime": 20692.50348291107,
        "bq": 56.39976501464844,
        "bq_baseline_runtime": 12509.484,
        "multi_cloud_plan": "multi",
        "percent_diff": 18.187343230495657,
        "profiling_cost": 152.19837220349208,
        "profiling_runtime": 54932.521694803436
    },
    "household_demographics": {
        "arachne": 105.61914380145912,
        "arachne_runtime": 74340.23445773326,
        "bq": 429.1015148162842,
        "bq_baseline_runtime": 93139.92099999999,
        "multi_cloud_plan": "aws",
        "percent_diff": 75.38597740754214,
        "profiling_cost": 542.6178996246202,
        "profiling_runtime": 193145.8324948912
    },
    "income_band": {
        "arachne": 106.25905087264776,
        "arachne_runtime": 76419.91737326808,
        "bq": 464.89112854003906,
        "bq_baseline_runtime": 106110.69599999998,
        "multi_cloud_plan": "aws",
        "percent_diff": 77.143239707252,
        "profiling_cost": 580.6164382577774,
        "profiling_runtime": 213295.70769838712
    },
    "inventory": {
        "arachne": 106.63143200707594,
        "arachne_runtime": 77727.26639864422,
        "bq": 476.75037384033203,
        "bq_baseline_runtime": 104366.56,
        "multi_cloud_plan": "aws",
        "percent_diff": 77.63369724324794,
        "profiling_cost": 592.4755637881168,
        "profiling_runtime": 211648.48226055218
    },
    "item": {
        "arachne": 98.75021577566501,
        "arachne_runtime": 52114.25888854172,
        "bq": 186.11001014709473,
        "bq_baseline_runtime": 48002.555,
        "multi_cloud_plan": "aws",
        "percent_diff": 46.93986868432474,
        "profiling_cost": 291.1548879771735,
        "profiling_runtime": 120477.78836579091
    },
    "promotion": {
        "arachne": 105.79932728920653,
        "arachne_runtime": 74925.80327126585,
        "bq": 430.5695629119873,
        "bq_baseline_runtime": 97716.66100000001,
        "multi_cloud_plan": "aws",
        "percent_diff": 75.42805242115246,
        "profiling_cost": 545.3215492199533,
        "profiling_runtime": 201738.33410860322
    },
    "reason": {
        "arachne": 106.38907190145622,
        "arachne_runtime": 76842.49231142426,
        "bq": 461.5474319458008,
        "bq_baseline_runtime": 104568.12200000002,
        "multi_cloud_plan": "aws",
        "percent_diff": 76.94948242850381,
        "profiling_cost": 577.0606278867679,
        "profiling_runtime": 211063.75381638715
    },
    "ship_mode": {
        "arachne": 106.6680508468806,
        "arachne_runtime": 77749.18763595601,
        "bq": 474.8194980621338,
        "bq_baseline_runtime": 106991.29199999999,
        "multi_cloud_plan": "aws",
        "percent_diff": 77.5350314630672,
        "profiling_cost": 590.766081092677,
        "profiling_runtime": 214895.4531477053
    },
    "store": {
        "arachne": 100.96282132917611,
        "arachne_runtime": 59207.21580753816,
        "bq": 273.4395217895508,
        "bq_baseline_runtime": 60536.157,
        "multi_cloud_plan": "aws",
        "percent_diff": 63.07672692359342,
        "profiling_cost": 380.1822573201586,
        "profiling_runtime": 138527.37317976714
    },
    "store_returns": {
        "arachne": 98.55287294812736,
        "arachne_runtime": 65857.47820278132,
        "bq": 371.32338523864746,
        "bq_baseline_runtime": 87304.476,
        "multi_cloud_plan": "aws",
        "percent_diff": 73.45901797033657,
        "profiling_cost": 476.1162117877581,
        "profiling_runtime": 173462.3671234178
    },
    "store_sales": {
        "arachne": 42.138282049369,
        "arachne_runtime": 13422.139783464347,
        "bq": 42.173776626586914,
        "bq_baseline_runtime": 13401.667999999996,
        "multi_cloud_plan": "multi",
        "percent_diff": 0.08416267182373811,
        "profiling_cost": 98.2757578803398,
        "profiling_runtime": 39931.55599696369
    },
    "time_dim": {
        "arachne": 106.51585743137596,
        "arachne_runtime": 77255.02674069782,
        "bq": 461.3633346557617,
        "bq_baseline_runtime": 102975.36499999998,
        "multi_cloud_plan": "aws",
        "percent_diff": 76.91280398108556,
        "profiling_cost": 576.5629982943782,
        "profiling_runtime": 208452.47776575084
    },
    "warehouse": {
        "arachne": 106.60957262907219,
        "arachne_runtime": 77559.16398926187,
        "bq": 471.67359352111816,
        "bq_baseline_runtime": 103431.73099999996,
        "multi_cloud_plan": "aws",
        "percent_diff": 77.39759569044033,
        "profiling_cost": 587.1979114305536,
        "profiling_runtime": 209963.51018496216
    },
    "web_page": {
        "arachne": 106.60517028249681,
        "arachne_runtime": 77544.82630181467,
        "bq": 463.4025478363037,
        "bq_baseline_runtime": 105966.08999999998,
        "multi_cloud_plan": "aws",
        "percent_diff": 76.99512642296585,
        "profiling_cost": 579.4139700881464,
        "profiling_runtime": 214080.98536004793
    },
    "web_returns": {
        "arachne": 103.2537583818324,
        "arachne_runtime": 71102.62820347786,
        "bq": 403.6167049407959,
        "bq_baseline_runtime": 97414.90899999999,
        "multi_cloud_plan": "aws",
        "percent_diff": 74.41786796287877,
        "profiling_cost": 514.8057853887454,