{
    "all": {
        "arachne": 3.1647335837398445,
        "arachne_runtime": 9285.97146139145,
        "baseline_cost": 3.5768992216890685,
        "baseline_runtime": 11857.124491786957,
        "exec_details": {
            "api_cost": 0.0003249808642327786,
            "load_cost": 0.047885457761685055,
            "load_runtime": 158.73632407188416,
            "moved_cost": 0.025761127471923828,
            "moved_queries": [
                "4a",
                "4b",
                "4c",
                "4d",
                "4e",
                "5a",
                "5b",
                "5c",
                "5d",
                "5e"
            ],
            "moved_runtime": 39.48699999999999,
            "moved_tables": [
                "catalog_returns",
                "customer",
                "customer_address",
                "customer_demographics",
                "store_returns"
            ],
            "mvmt_cost": 0.2894884387635781,
            "mvmt_runtime": 7.956622228957713,
            "stayed_cost": 2.801268057519756,
            "stayed_queries": [
                "04",
                "09",
                "10a",
                "10b",
                "10c",
                "11a",
                "11b",
                "11c",
                "14",
                "18",
                "1a",
                "1b",
                "1c",
                "1d",
                "1e",
                "27",
                "2a",
                "2b",
                "2c",
                "2d",
                "36",
                "3b",
                "3c",
                "3d",
                "64",
                "6a",
                "6b",
                "6c",
                "6d",
                "75",
                "7d",
                "88",
                "8a",
                "8b",
                "8c",
                "9a",
                "9b",
                "9c"
            ],
            "stayed_runtime": 9285.97146139145,
            "stayed_tables": [
                "call_center",
                "catalog_page",
                "catalog_sales",
                "date_dim",
                "household_demographics",
                "income_band",
                "inventory",
                "item",
                "promotion",
                "reason",
                "ship_mode",
                "store",
                "store_sales",
                "time_dim",
                "warehouse",
                "web_page",
                "web_returns",
                "web_sales",
                "web_site"
            ],
            "storage_cost": 5.521358668491562e-06,
            "storage_runtime": 198.22332407188415
        },
        "multi_cloud_plan": "multi",
        "percent_diff": 11.522987157423822,
        "profiling_cost": 13.292925316280163,
        "profiling_runtime": 13375.234555533323
    }
}