{
    "call_center": {
        "arachne": 29.024027824401855,
        "arachne_runtime": 33962.93499999999,
        "baseline_cost": 29.024027824401855,
        "baseline_runtime": 33962.93499999999,
        "exec_details": {
            "api_cost": 0,
            "load_cost": 0,
            "load_runtime": 0,
            "moved_cost": 0,
            "moved_queries": [],
            "moved_runtime": 0,
            "mvmt_cost": 0.0,
            "mvmt_runtime": 0.0,
            "stayed_cost": 29.024027824401855,
            "stayed_runtime": 33962.93499999999,
            "storage_cost": 0.0,
            "storage_runtime": 0
        },
        "multi_cloud_plan": "stay",
        "percent_diff": 0.0,
        "profiling_cost": 148.8249906325182,
        "profiling_runtime": 50794.5164556307
    },
    "catalog_page": {
        "arachne": 28.4547336101532,
        "arachne_runtime": 33540.604,
        "baseline_cost": 28.4547336101532,
        "baseline_runtime": 33540.604,
        "exec_details": {
            "api_cost": 0,
            "load_cost": 0,
            "load_runtime": 0,
            "moved_cost": 0,
            "moved_queries": [],
            "moved_runtime": 0,
            "mvmt_cost": 0.0,
            "mvmt_runtime": 0.0,
            "stayed_cost": 28.4547336101532,
            "stayed_runtime": 33540.604,
            "storage_cost": 0.0,
            "storage_runtime": 0
        },
        "multi_cloud_plan": "stay",
        "percent_diff": 0.0,
        "profiling_cost": 147.5857988285554,
        "profiling_runtime": 50095.32487736754
    },
    "catalog_returns": {
        "arachne": 25.02763867378235,
        "arachne_runtime": 28630.547,
        "baseline_cost": 25.02763867378235,
        "baseline_runtime": 28630.547,
        "exec_details": {
            "api_cost": 0,
            "load_cost": 0,
            "load_runtime": 0,
            "moved_cost": 0,
            "moved_queries": [],
            "moved_runtime": 0,
            "mvmt_cost": 0.0,
            "mvmt_runtime": 0.0,
            "stayed_cost": 25.02763867378235,
            "stayed_runtime": 28630.547,
            "storage_cost": 0.0,
            "storage_runtime": 0
        },
        "multi_cloud_plan": "stay",
        "percent_diff": 0.0,
        "profiling_cost": 135.18554452795857,
        "profiling_runtime": 42587.740731704725
    },
    "catalog_sales": {
        "arachne": 14.552411556243896,
        "arachne_runtime": 16925.853,
        "baseline_cost": 14.552411556243896,
        "baseline_runtime": 16925.853,
        "exec_details": {
            "api_cost": 0,
            "load_cost": 0,
            "load_runtime": 0,
            "moved_cost": 0,
            "moved_queries": [],
            "moved_runtime": 0,
            "mvmt_cost": 0.0,
            "mvmt_runtime": 0.0,
            "stayed_cost": 14.552411556243896,
            "stayed_runtime": 16925.853,
            "storage_cost": 0.0,
            "storage_runtime": 0
        },
        "multi_cloud_plan": "stay",
        "percent_diff": 0.0,
        "profiling_cost": 91.56459757599463,
        "profiling_runtime": 26393.70266365574
    },
    "customer": {
        "arachne": 21.723283052444458,
        "arachne_runtime": 24140.427,
        "baseline_cost": 21.723283052444458,
        "baseline_runtime": 24140.427,
        "exec_details": {
            "api_cost": 0,
            "load_cost": 0,
            "load_runtime": 0,
            "moved_cost": 0,
            "moved_queries": [],
            "moved_runtime": 0,
            "mvmt_cost": 0.0,
            "mvmt_runtime": 0.0,
            "stayed_cost": 21.723283052444458,
            "stayed_runtime": 24140.427,
            "storage_cost": 0.0,
            "storage_runtime": 0
        },
        "multi_cloud_plan": "stay",
        "percent_diff": 0.0,
        "profiling_cost": 132.20199211916292,
        "profiling_runtime": 37146.0872601083
    },
    "customer_address": {
        "arachne": 22.506282091140747,
        "arachne_runtime": 25625.433,
        "baseline_cost": 22.506282091140747,
        "baseline_runtime": 25625.433,
        "exec_details": {
            "api_cost": 0,
            "load_cost": 0,
            "load_runtime": 0,
            "moved_cost": 0,
            "moved_queries": [],
            "moved_runtime": 0,
            "mvmt_cost": 0.0,
            "mvmt_runtime": 0.0,
            "stayed_cost": 22.506282091140747,
            "stayed_runtime": 25625.433,
            "storage_cost": 0.0,
            "storage_runtime": 0
        },
        "multi_cloud_plan": "stay",
        "percent_diff": 0.0,
        "profiling_cost": 137.103087371318,
        "profiling_runtime": 40311.720490791646
    },
    "customer_demographics": {
        "arachne": 24.60457706451416,
        "arachne_runtime": 29217.012,
        "baseline_cost": 24.60457706451416,
        "baseline_runtime": 29217.012,
        "exec_details": {
            "api_cost": 0,
            "load_cost": 0,
            "load_runtime": 0,
            "moved_cost": 0,
            "moved_queries": [],
            "moved_runtime": 0,
            "mvmt_cost": 0.0,
            "mvmt_runtime": 0.0,
            "stayed_cost": 24.60457706451416,
            "stayed_runtime": 29217.012,
            "storage_cost": 0.0,
            "storage_runtime": 0
        },
        "multi_cloud_plan": "stay",
        "percent_diff": 0.0,
        "profiling_cost": 139.2769572199232,
        "profiling_runtime": 43929.20714902403
    },
    "date_dim": {
        "arachne": 3.988426923751831,
        "arachne_runtime": 4131.44,
        "baseline_cost": 3.988426923751831,
        "baseline_runtime": 4131.44,
        "exec_details": {
            "api_cost": 0,
            "load_cost": 0,
            "load_runtime": 0,
            "moved_cost": 0,
            "moved_queries": [],
            "moved_runtime": 0,
            "mvmt_cost": 0.0,
            "mvmt_runtime": 0.0,
            "stayed_cost": 3.988426923751831,
            "stayed_runtime": 4131.44,
            "storage_cost": 0.0,
            "storage_runtime": 0
        },
        "multi_cloud_plan": "stay",
        "percent_diff": 0.0,
        "profiling_cost": 103.44094962818001,
        "profiling_runtime": 12552.405502838605
    },
    "household_demographics": {
        "arachne": 25.666712522506714,
        "arachne_runtime": 29564.799000000003,
        "baseline_cost": 25.666712522506714,
        "baseline_runtime": 29564.799000000003,
        "exec_details": {
            "api_cost": 0,
            "load_cost": 0,
            "load_runtime": 0,
            "moved_cost": 0,
            "moved_queries": [],
            "moved_runtime": 0,
            "mvmt_cost": 0.0,
            "mvmt_runtime": 0.0,
            "stayed_cost": 25.666712522506714,
            "stayed_runtime": 29564.799000000003,
            "storage_cost": 0.0,
            "storage_runtime": 0
        },
        "multi_cloud_plan": "stay",
        "percent_diff": 0.0,
        "profiling_cost": 141.70862985931683,
        "profiling_runtime": 44842.640874800156
    },
    "income_band": {
        "arachne": 28.35093355178833,
        "arachne_runtime": 33697.50000000001,
        "baseline_cost": 28.35093355178833,
        "baseline_runtime": 33697.50000000001,
        "exec_details": {
            "api_cost": 0,
            "load_cost": 0,
            "load_runtime": 0,
            "moved_cost": 0,
            "moved_queries": [],
            "moved_runtime": 0,
            "mvmt_cost": 0.0,
            "mvmt_runtime": 0.0,
            "stayed_cost": 28.35093355178833,
            "stayed_runtime": 33697.50000000001,
            "storage_cost": 0.0,
            "storage_runtime": 0
        },
        "multi_cloud_plan": "stay",
        "percent_diff": 0.0,
        "profiling_cost": 146.63834274126182,
        "profiling_runtime": 49903.47822972901
    },
    "inventory": {
        "arachne": 29.165283679962158,
        "arachne_runtime": 33036.282,