{
    "call_center": {
        "arachne": 38.69870376586914,
        "arachne_runtime": 33962.935,
        "baseline_cost": 38.69870376586914,
        "baseline_runtime": 33962.935,
        "exec_details": {
            "api_cost": 0,
            "load_cost": 0,
            "load_runtime": 0,
            "moved_cost": 0,
            "moved_queries": [],
            "moved_runtime": 0,
            "mvmt_cost": 0.0,
            "mvmt_runtime": 0.0,
            "stayed_cost": 38.69870376586914,
            "stayed_runtime": 33962.935,
            "storage_cost": 0.0,
            "storage_runtime": 0
        },
        "multi_cloud_plan": "stay",
        "percent_diff": 0.0,
        "profiling_cost": 158.49966657398548,
        "profiling_runtime": 50794.516455630706
    },
    "catalog_page": {
        "arachne": 37.9396448135376,
        "arachne_runtime": 33540.60400000001,
        "baseline_cost": 37.9396448135376,
        "baseline_runtime": 33540.60400000001,
        "exec_details": {
            "api_cost": 0,
            "load_cost": 0,
            "load_runtime": 0,
            "moved_cost": 0,
            "moved_queries": [],
            "moved_runtime": 0,
            "mvmt_cost": 0.0,
            "mvmt_runtime": 0.0,
            "stayed_cost": 37.9396448135376,
            "stayed_runtime": 33540.60400000001,
            "storage_cost": 0.0,
            "storage_runtime": 0
        },
        "multi_cloud_plan": "stay",
        "percent_diff": 0.0,
        "profiling_cost": 157.07071003193983,
        "profiling_runtime": 50095.32487736751
    },
    "catalog_returns": {
        "arachne": 33.370184898376465,
        "arachne_runtime": 28630.547000000002,
        "baseline_cost": 33.370184898376465,
        "baseline_runtime": 28630.547000000002,
        "exec_details": {
            "api_cost": 0,
            "load_cost": 0,
            "load_runtime": 0,
            "moved_cost": 0,
            "moved_queries": [],
            "moved_runtime": 0,
            "mvmt_cost": 0.0,
            "mvmt_runtime": 0.0,
            "stayed_cost": 33.370184898376465,
            "stayed_runtime": 28630.547000000002,
            "storage_cost": 0.0,
            "storage_runtime": 0
        },
        "multi_cloud_plan": "stay",
        "percent_diff": 0.0,
        "profiling_cost": 143.52809075255266,
        "profiling_runtime": 42587.74073170473
    },
    "catalog_sales": {
        "arachne": 19.403215408325195,
        "arachne_runtime": 16925.85299999999,
        "baseline_cost": 19.403215408325195,
        "baseline_runtime": 16925.85299999999,
        "exec_details": {
            "api_cost": 0,
            "load_cost": 0,
            "load_runtime": 0,
            "moved_cost": 0,
            "moved_queries": [],
            "moved_runtime": 0,
            "mvmt_cost": 0.0,
            "mvmt_runtime": 0.0,
            "stayed_cost": 19.403215408325195,
            "stayed_runtime": 16925.85299999999,
            "storage_cost": 0.0,
            "storage_runtime": 0
        },
        "multi_cloud_plan": "stay",
        "percent_diff": 0.0,
        "profiling_cost": 96.41540142807592,
        "profiling_runtime": 26393.702663655728
    },
    "customer": {
        "arachne": 28.964377403259277,
        "arachne_runtime": 24140.426999999992,
        "baseline_cost": 28.964377403259277,
        "baseline_runtime": 24140.426999999992,
        "exec_details": {
            "api_cost": 0,
            "load_cost": 0,
            "load_runtime": 0,
            "moved_cost": 0,
            "moved_queries": [],
            "moved_runtime": 0,
            "mvmt_cost": 0.0,
            "mvmt_runtime": 0.0,
            "stayed_cost": 28.964377403259277,
            "stayed_runtime": 24140.426999999992,
            "storage_cost": 0.0,
            "storage_runtime": 0
        },
        "multi_cloud_plan": "stay",
        "percent_diff": 0.0,
        "profiling_cost": 139.44308646997766,
        "profiling_runtime": 37146.087260108296
    },
    "customer_address": {
        "arachne": 30.008376121520996,
        "arachne_runtime": 25625.433000000005,
        "baseline_cost": 30.008376121520996,
        "baseline_runtime": 25625.433000000005,
        "exec_details": {
            "api_cost": 0,
            "load_cost": 0,
            "load_runtime": 0,
            "moved_cost": 0,
            "moved_queries": [],
            "moved_runtime": 0,
            "mvmt_cost": 0.0,
            "mvmt_runtime": 0.0,
            "stayed_cost": 30.008376121520996,
            "stayed_runtime": 25625.433000000005,
            "storage_cost": 0.0,
            "storage_runtime": 0
        },
        "multi_cloud_plan": "stay",
        "percent_diff": 0.0,
        "profiling_cost": 144.6051814016982,
        "profiling_runtime": 40311.720490791646
    },
    "customer_demographics": {
        "arachne": 32.80610275268555,
        "arachne_runtime": 29217.011999999995,
        "baseline_cost": 32.80610275268555,
        "baseline_runtime": 29217.011999999995,
        "exec_details": {
            "api_cost": 0,
            "load_cost": 0,
            "load_runtime": 0,
            "moved_cost": 0,
            "moved_queries": [],
            "moved_runtime": 0,
            "mvmt_cost": 0.0,
            "mvmt_runtime": 0.0,
            "stayed_cost": 32.80610275268555,
            "stayed_runtime": 29217.011999999995,
            "storage_cost": 0.0,
            "storage_runtime": 0
        },
        "multi_cloud_plan": "stay",
        "percent_diff": 0.0,
        "profiling_cost": 147.47848290809458,
        "profiling_runtime": 43929.20714902402
    },
    "date_dim": {
        "arachne": 5.317902565002441,
        "arachne_runtime": 4131.44,
        "baseline_cost": 5.317902565002441,
        "baseline_runtime": 4131.44,
        "exec_details": {
            "api_cost": 0,
            "load_cost": 0,
            "load_runtime": 0,
            "moved_cost": 0,
            "moved_queries": [],
            "moved_runtime": 0,
            "mvmt_cost": 0.0,
            "mvmt_runtime": 0.0,
            "stayed_cost": 5.317902565002441,
            "stayed_runtime": 4131.44,
            "storage_cost": 0.0,
            "storage_runtime": 0
        },
        "multi_cloud_plan": "stay",
        "percent_diff": 0.0,
        "profiling_cost": 104.77042526943062,
        "profiling_runtime": 12552.405502838603
    },
    "household_demographics": {
        "arachne": 34.222283363342285,
        "arachne_runtime": 29564.799000000003,
        "baseline_cost": 34.222283363342285,
        "baseline_runtime": 29564.799000000003,
        "exec_details": {
            "api_cost": 0,
            "load_cost": 0,
            "load_runtime": 0,
            "moved_cost": 0,
            "moved_queries": [],
            "moved_runtime": 0,
            "mvmt_cost": 0.0,
            "mvmt_runtime": 0.0,
            "stayed_cost": 34.222283363342285,
            "stayed_runtime": 29564.799000000003,
            "storage_cost": 0.0,
            "storage_runtime": 0
        },
        "multi_cloud_plan": "stay",
        "percent_diff": 0.0,
        "profiling_cost": 150.26420070015237,
        "profiling_runtime": 44842.64087480014
    },
    "income_band": {
        "arachne": 37.80124473571777,
        "arachne_runtime": 33697.5,
        "baseline_cost": 37.80124473571777,
        "baseline_runtime": 33697.5,
        "exec_details": {
            "api_cost": 0,
            "load_cost": 0,
            "load_runtime": 0,
            "moved_cost": 0,
            "moved_queries": [],
            "moved_runtime": 0,
            "mvmt_cost": 0.0,
            "mvmt_runtime": 0.0,
            "stayed_cost": 37.80124473571777,
            "stayed_runtime": 33697.5,
            "storage_cost": 0.0,
            "storage_runtime": 0
        },
        "multi_cloud_plan": "stay",
        "percent_diff": 0.0,
        "profiling_cost": 156.08865392519124,
        "profiling_runtime": 49903.47822972898
    },