{
    "call_center": {
        "arachne": 38.69870376586914,
        "arachne_runtime": 33962.935,
        "baseline_cost": 38.69870376586914,
        "baseline_runtime": 33962.935,
        "exec_details": {
            "api_cost": 0,
            "load_cost": 0,
            "load_runtime": 0,
            "moved_cost": 0,
            "moved_queries": [],
            "moved_runtime": 0,
            "mvmt_cost": 0.0,
            "mvmt_runtime": 0.0,
            "stayed_cost": 38.69870376586914,
            "stayed_runtime": 33962.935,
            "storage_cost": 0.0,
            "storage_runtime": 0
        },
        "multi_cloud_plan": "stay",
        "percent_diff": 0.0,
        "profiling_cost": 126.58728665849091,
        "profiling_runtime": 50794.51645563072
    },
    "catalog_page": {
        "arachne": 37.9396448135376,
        "arachne_runtime": 33540.60400000001,
        "baseline_cost": 37.9396448135376,
        "baseline_runtime": 33540.60400000001,
        "exec_details": {
            "api_cost": 0,
            "load_cost": 0,
            "load_runtime": 0,
            "moved_cost": 0,
            "moved_queries": [],
            "moved_runtime": 0,
            "mvmt_cost": 0.0,
            "mvmt_runtime": 0.0,
            "stayed_cost": 37.9396448135376,
            "stayed_runtime": 33540.60400000001,
            "storage_cost": 0.0,
            "storage_runtime": 0
        },
        "multi_cloud_plan": "stay",
        "percent_diff": 0.0,
        "profiling_cost": 125.74296395597935,
        "profiling_runtime": 50095.32487736753
    },
    "catalog_returns": {
        "arachne": 33.370184898376465,
        "arachne_runtime": 28630.547,
        "baseline_cost": 33.370184898376465,
        "baseline_runtime": 28630.547,
        "exec_details": {
            "api_cost": 0,
            "load_cost": 0,
            "load_runtime": 0,
            "moved_cost": 0,
            "moved_queries": [],
            "moved_runtime": 0,
            "mvmt_cost": 0.0,
            "mvmt_runtime": 0.0,
            "stayed_cost": 33.370184898376465,
            "stayed_runtime": 28630.547,
            "storage_cost": 0.0,
            "storage_runtime": 0
        },
        "multi_cloud_plan": "stay",
        "percent_diff": 0.0,
        "profiling_cost": 117.56213488660758,
        "profiling_runtime": 42587.74073170473
    },
    "catalog_sales": {
        "arachne": 19.403215408325195,
        "arachne_runtime": 16925.853000000003,
        "baseline_cost": 19.403215408325195,
        "baseline_runtime": 16925.853000000003,
        "exec_details": {
            "api_cost": 0,
            "load_cost": 0,
            "load_runtime": 0,
            "moved_cost": 0,
            "moved_queries": [],
            "moved_runtime": 0,
            "mvmt_cost": 0.0,
            "mvmt_runtime": 0.0,
            "stayed_cost": 19.403215408325195,
            "stayed_runtime": 16925.853000000003,
            "storage_cost": 0.0,
            "storage_runtime": 0
        },
        "multi_cloud_plan": "stay",
        "percent_diff": 0.0,
        "profiling_cost": 78.90703496588175,
        "profiling_runtime": 26393.702663655735
    },
    "customer": {
        "arachne": 28.964377403259277,
        "arachne_runtime": 24140.427000000003,
        "baseline_cost": 28.964377403259277,
        "baseline_runtime": 24140.427000000003,
        "exec_details": {
            "api_cost": 0,
            "load_cost": 0,
            "load_runtime": 0,
            "moved_cost": 0,
            "moved_queries": [],
            "moved_runtime": 0,
            "mvmt_cost": 0.0,
            "mvmt_runtime": 0.0,
            "stayed_cost": 28.964377403259277,
            "stayed_runtime": 24140.427000000003,
            "storage_cost": 0.0,
            "storage_runtime": 0
        },
        "multi_cloud_plan": "stay",
        "percent_diff": 0.0,
        "profiling_cost": 115.60674931967765,
        "profiling_runtime": 37146.0872601083
    },
    "customer_address": {
        "arachne": 30.008376121520996,
        "arachne_runtime": 25625.432999999997,
        "baseline_cost": 30.008376121520996,
        "baseline_runtime": 25625.432999999997,
        "exec_details": {
            "api_cost": 0,
            "load_cost": 0,
            "load_runtime": 0,
            "moved_cost": 0,
            "moved_queries": [],
            "moved_runtime": 0,
            "mvmt_cost": 0.0,
            "mvmt_runtime": 0.0,
            "stayed_cost": 30.008376121520996,
            "stayed_runtime": 25625.432999999997,
            "storage_cost": 0.0,
            "storage_runtime": 0
        },
        "multi_cloud_plan": "stay",
        "percent_diff": 0.0,
        "profiling_cost": 117.22230806961609,
        "profiling_runtime": 40311.72049079164
    },
    "customer_demographics": {
        "arachne": 32.80610275268555,
        "arachne_runtime": 29217.011999999995,
        "baseline_cost": 32.80610275268555,
        "baseline_runtime": 29217.011999999995,
        "exec_details": {
            "api_cost": 0,
            "load_cost": 0,
            "load_runtime": 0,
            "moved_cost": 0,
            "moved_queries": [],
            "moved_runtime": 0,
            "mvmt_cost": 0.0,
            "mvmt_runtime": 0.0,
            "stayed_cost": 32.80610275268555,
            "stayed_runtime": 29217.011999999995,
            "storage_cost": 0.0,
            "storage_runtime": 0
        },
        "multi_cloud_plan": "stay",
        "percent_diff": 0.0,
        "profiling_cost": 120.04149263449013,
        "profiling_runtime": 43929.20714902401
    },
    "date_dim": {
        "arachne": 5.317902565002441,
        "arachne_runtime": 4131.4400000000005,
        "baseline_cost": 5.317902565002441,
        "baseline_runtime": 4131.4400000000005,
        "exec_details": {
            "api_cost": 0,
            "load_cost": 0,
            "load_runtime": 0,
            "moved_cost": 0,
            "moved_queries": [],
            "moved_runtime": 0,
            "mvmt_cost": 0.0,
            "mvmt_runtime": 0.0,
            "stayed_cost": 5.317902565002441,
            "stayed_runtime": 4131.4400000000005,
            "storage_cost": 0.0,
            "storage_runtime": 0
        },
        "multi_cloud_plan": "stay",
        "percent_diff": 0.0,
        "profiling_cost": 90.61845344579072,
        "profiling_runtime": 12552.405502838605
    },
    "household_demographics": {
        "arachne": 34.222283363342285,
        "arachne_runtime": 29564.79900000001,
        "baseline_cost": 34.222283363342285,
        "baseline_runtime": 29564.79900000001,
        "exec_details": {
            "api_cost": 0,
            "load_cost": 0,
            "load_runtime": 0,
            "moved_cost": 0,
            "moved_queries": [],
            "moved_runtime": 0,
            "mvmt_cost": 0.0,
            "mvmt_runtime": 0.0,
            "stayed_cost": 34.222283363342285,
            "stayed_runtime": 29564.79900000001,
            "storage_cost": 0.0,
            "storage_runtime": 0
        },
        "multi_cloud_plan": "stay",
        "percent_diff": 0.0,
        "profiling_cost": 121.63280073183698,
        "profiling_runtime": 44842.64087480016
    },
    "income_band": {
        "arachne": 37.80124473571777,
        "arachne_runtime": 33697.5,
        "baseline_cost": 37.80124473571777,
        "baseline_runtime": 33697.5,
        "exec_details": {
            "api_cost": 0,
            "load_cost": 0,
            "load_runtime": 0,
            "moved_cost": 0,
            "moved_queries": [],
            "moved_runtime": 0,
            "mvmt_cost": 0.0,
            "mvmt_runtime": 0.0,
            "stayed_cost": 37.80124473571777,
            "stayed_runtime": 33697.5,
            "storage_cost": 0.0,
            "storage_runtime": 0
        },
        "multi_cloud_plan": "stay",
        "percent_diff": 0.0,
        "profiling_cost": 125.49733951718409,
        "profiling_runtime": 49903.478229729
    },