{
    "call_center": {
        "arachne": 48.373379707336426,
        "arachne_runtime": 33962.935000000005,
        "baseline_cost": 48.373379707336426,
        "baseline_runtime": 33962.935000000005,
        "exec_details": {
            "api_cost": 0,
            "load_cost": 0,
            "load_runtime": 0,
            "moved_cost": 0,
            "moved_queries": [],
            "moved_runtime": 0,
            "mvmt_cost": 0.0,
            "mvmt_runtime": 0.0,
            "stayed_cost": 48.373379707336426,
            "stayed_runtime": 33962.935000000005,
            "storage_cost": 0.0,
            "storage_runtime": 0
        },
        "multi_cloud_plan": "stay",
        "percent_diff": 0.0,
        "profiling_cost": 168.1743425154528,
        "profiling_runtime": 50794.516455630706
    },
    "catalog_page": {
        "arachne": 47.424556016922,
        "arachne_runtime": 33540.604,
        "baseline_cost": 47.424556016922,
        "baseline_runtime": 33540.604,
        "exec_details": {
            "api_cost": 0,
            "load_cost": 0,
            "load_runtime": 0,
            "moved_cost": 0,
            "moved_queries": [],
            "moved_runtime": 0,
            "mvmt_cost": 0.0,
            "mvmt_runtime": 0.0,
            "stayed_cost": 47.424556016922,
            "stayed_runtime": 33540.604,
            "storage_cost": 0.0,
            "storage_runtime": 0
        },
        "multi_cloud_plan": "stay",
        "percent_diff": 0.0,
        "profiling_cost": 166.5556212353242,
        "profiling_runtime": 50095.32487736754
    },
    "catalog_returns": {
        "arachne": 41.71273112297058,
        "arachne_runtime": 28630.547,
        "baseline_cost": 41.71273112297058,
        "baseline_runtime": 28630.547,
        "exec_details": {
            "api_cost": 0,
            "load_cost": 0,
            "load_runtime": 0,
            "moved_cost": 0,
            "moved_queries": [],
            "moved_runtime": 0,
            "mvmt_cost": 0.0,
            "mvmt_runtime": 0.0,
            "stayed_cost": 41.71273112297058,
            "stayed_runtime": 28630.547,
            "storage_cost": 0.0,
            "storage_runtime": 0
        },
        "multi_cloud_plan": "stay",
        "percent_diff": 0.0,
        "profiling_cost": 151.87063697714675,
        "profiling_runtime": 42587.74073170473
    },
    "catalog_sales": {
        "arachne": 24.254019260406494,
        "arachne_runtime": 16925.853,
        "baseline_cost": 24.254019260406494,
        "baseline_runtime": 16925.853,
        "exec_details": {
            "api_cost": 0,
            "load_cost": 0,
            "load_runtime": 0,
            "moved_cost": 0,
            "moved_queries": [],
            "moved_runtime": 0,
            "mvmt_cost": 0.0,
            "mvmt_runtime": 0.0,
            "stayed_cost": 24.254019260406494,
            "stayed_runtime": 16925.853,
            "storage_cost": 0.0,
            "storage_runtime": 0
        },
        "multi_cloud_plan": "stay",
        "percent_diff": 0.0,
        "profiling_cost": 101.26620528015722,
        "profiling_runtime": 26393.702663655735
    },
    "customer": {
        "arachne": 36.2054717540741,
        "arachne_runtime": 24140.427,
        "baseline_cost": 36.2054717540741,
        "baseline_runtime": 24140.427,
        "exec_details": {
            "api_cost": 0,
            "load_cost": 0,
            "load_runtime": 0,
            "moved_cost": 0,
            "moved_queries": [],
            "moved_runtime": 0,
            "mvmt_cost": 0.0,
            "mvmt_runtime": 0.0,
            "stayed_cost": 36.2054717540741,
            "stayed_runtime": 24140.427,
            "storage_cost": 0.0,
            "storage_runtime": 0
        },
        "multi_cloud_plan": "stay",
        "percent_diff": 0.0,
        "profiling_cost": 146.6841808207925,
        "profiling_runtime": 37146.087260108296
    },
    "customer_address": {
        "arachne": 37.510470151901245,
        "arachne_runtime": 25625.433000000015,
        "baseline_cost": 37.510470151901245,
        "baseline_runtime": 25625.433000000015,
        "exec_details": {
            "api_cost": 0,
            "load_cost": 0,
            "load_runtime": 0,
            "moved_cost": 0,
            "moved_queries": [],
            "moved_runtime": 0,
            "mvmt_cost": 0.0,
            "mvmt_runtime": 0.0,
            "stayed_cost": 37.510470151901245,
            "stayed_runtime": 25625.433000000015,
            "storage_cost": 0.0,
            "storage_runtime": 0
        },
        "multi_cloud_plan": "stay",
        "percent_diff": 0.0,
        "profiling_cost": 152.10727543207844,
        "profiling_runtime": 40311.72049079165
    },
    "customer_demographics": {
        "arachne": 41.007628440856934,
        "arachne_runtime": 29217.012000000002,
        "baseline_cost": 41.007628440856934,
        "baseline_runtime": 29217.012000000002,
        "exec_details": {
            "api_cost": 0,
            "load_cost": 0,
            "load_runtime": 0,
            "moved_cost": 0,
            "moved_queries": [],
            "moved_runtime": 0,
            "mvmt_cost": 0.0,
            "mvmt_runtime": 0.0,
            "stayed_cost": 41.007628440856934,
            "stayed_runtime": 29217.012000000002,
            "storage_cost": 0.0,
            "storage_runtime": 0
        },
        "multi_cloud_plan": "stay",
        "percent_diff": 0.0,
        "profiling_cost": 155.68000859626596,
        "profiling_runtime": 43929.20714902403
    },
    "date_dim": {
        "arachne": 6.647378206253052,
        "arachne_runtime": 4131.44,
        "baseline_cost": 6.647378206253052,
        "baseline_runtime": 4131.44,
        "exec_details": {
            "api_cost": 0,
            "load_cost": 0,
            "load_runtime": 0,
            "moved_cost": 0,
            "moved_queries": [],
            "moved_runtime": 0,
            "mvmt_cost": 0.0,
            "mvmt_runtime": 0.0,
            "stayed_cost": 6.647378206253052,
            "stayed_runtime": 4131.44,
            "storage_cost": 0.0,
            "storage_runtime": 0
        },
        "multi_cloud_plan": "stay",
        "percent_diff": 0.0,
        "profiling_cost": 106.09990091068123,
        "profiling_runtime": 12552.405502838603
    },
    "household_demographics": {
        "arachne": 42.777854204177856,
        "arachne_runtime": 29564.799,
        "baseline_cost": 42.777854204177856,
        "baseline_runtime": 29564.799,
        "exec_details": {
            "api_cost": 0,
            "load_cost": 0,
            "load_runtime": 0,
            "moved_cost": 0,
            "moved_queries": [],
            "moved_runtime": 0,
            "mvmt_cost": 0.0,
            "mvmt_runtime": 0.0,
            "stayed_cost": 42.777854204177856,
            "stayed_runtime": 29564.799,
            "storage_cost": 0.0,
            "storage_runtime": 0
        },
        "multi_cloud_plan": "stay",
        "percent_diff": 0.0,
        "profiling_cost": 158.81977154098797,
        "profiling_runtime": 44842.64087480016
    },
    "income_band": {
        "arachne": 47.25155591964722,
        "arachne_runtime": 33697.49999999999,
        "baseline_cost": 47.25155591964722,
        "baseline_runtime": 33697.49999999999,
        "exec_details": {
            "api_cost": 0,
            "load_cost": 0,
            "load_runtime": 0,
            "moved_cost": 0,
            "moved_queries": [],
            "moved_runtime": 0,
            "mvmt_cost": 0.0,
            "mvmt_runtime": 0.0,
            "stayed_cost": 47.25155591964722,
            "stayed_runtime": 33697.49999999999,
            "storage_cost": 0.0,
            "storage_runtime": 0
        },
        "multi_cloud_plan": "stay",
        "percent_diff": 0.0,
        "profiling_cost": 165.53896510912068,
        "profiling_runtime": 49903.47822972899
    },
    "inventory": {
        "arachne": 48.608806133270264,