{
    "call_center": 3.0557711124420166,
    "catalog_page": 2.8087007999420166,
    "catalog_returns": 149.5379433631897,
    "catalog_sales": 1692.3173656463623,
    "customer": 11.258839845657349,
    "customer_address": 13.636450290679932,
    "customer_demographics": 3.8465332984924316,
    "date_dim": 3.0961544513702393,
    "household_demographics": 2.6496779918670654,
    "income_band": 2.3209545612335205,
    "inventory": 18.57643485069275,
    "item": 3.363832950592041,
    "promotion": 3.2423038482666016,
    "reason": 2.1943435668945312,
    "ship_mode": 2.375885486602783,
    "store": 2.5958902835845947,
    "store_returns": 329.9383134841919,
    "store_sales": 2658.072455883026,
    "time_dim": 2.961378574371338,
    "warehouse": 2.7060325145721436,
    "web_page": 2.5784711837768555,
    "web_returns": 67.34101843833923,
    "web_sales": 1008.976051568985,
    "web_site": 3.1866137981414795
}