{
    "1": 667.7810251712799,
    "2": 1360.9931466579437,
    "3": 584.029883146286
}