{
    "call_center": {
        "arachne": 61.3326636371056,
        "arachne_runtime": 35243.20573469564,
        "bq": 84.49673366546631,
        "bq_baseline_runtime": 29449.217000000004,
        "multi_cloud_plan": "aws",
        "percent_diff": 27.41416031543931,
        "profiling_cost": 149.0017643559029,
        "profiling_runtime": 75079.86038848132
    },
    "catalog_page": {
        "arachne": 61.416926910384205,
        "arachne_runtime": 35519.83359482825,
        "bq": 79.81116342544556,
        "bq_baseline_runtime": 29104.663000000008,
        "multi_cloud_plan": "aws",
        "percent_diff": 23.047197566846727,
        "profiling_cost": 144.45080117753585,
        "profiling_runtime": 75176.80913107359
    },
    "catalog_returns": {
        "arachne": 58.70361436162476,
        "arachne_runtime": 32191.5600579147,
        "bq": 69.90511751174927,
        "bq_baseline_runtime": 20833.994000000002,
        "multi_cloud_plan": "multi",
        "percent_diff": 16.023867134250683,
        "profiling_cost": 131.26701702476097,
        "profiling_runtime": 61310.475539017505
    },
    "catalog_sales": {
        "arachne": 32.81502888700449,
        "arachne_runtime": 17638.5245287359,
        "bq": 37.38173246383667,
        "bq_baseline_runtime": 12311.433000000005,
        "multi_cloud_plan": "multi",
        "percent_diff": 12.216404312587816,
        "profiling_cost": 79.7873739130533,
        "profiling_runtime": 37778.68003044119
    },
    "customer": {
        "arachne": 59.143836894340076,
        "arachne_runtime": 28411.774179855693,
        "bq": 66.84782838821411,
        "bq_baseline_runtime": 23349.041000000005,
        "multi_cloud_plan": "aws",
        "percent_diff": 11.524669805477659,
        "profiling_cost": 128.15792277956757,
        "profiling_runtime": 58853.415351992735
    },
    "customer_address": {
        "arachne": 60.667881814088304,
        "arachne_runtime": 33162.80323300358,
        "bq": 69.09913301467896,
        "bq_baseline_runtime": 23769.817000000003,
        "multi_cloud_plan": "aws",
        "percent_diff": 12.201674366593823,
        "profiling_cost": 132.52453152917977,
        "profiling_runtime": 65961.46608809542
    },
    "customer_demographics": {
        "arachne": 60.95367386397905,
        "arachne_runtime": 34006.62768272018,
        "bq": 74.5810317993164,
        "bq_baseline_runtime": 21214.163,
        "multi_cloud_plan": "aws",
        "percent_diff": 18.271881746026292,
        "profiling_cost": 138.19024979912163,
        "profiling_runtime": 63915.618986151465
    },
    "date_dim": {
        "arachne": 9.544007778167725,
        "arachne_runtime": 2806.4669999999996,
        "bq": 9.544007778167725,
        "bq_baseline_runtime": 2806.4669999999996,
        "multi_cloud_plan": "gcp",
        "percent_diff": 0.0,
        "profiling_cost": 66.5351859869754,
        "profiling_runtime": 23830.255190101274
    },
    "household_demographics": {
        "arachne": 61.01057754463778,
        "arachne_runtime": 34188.426655880976,
        "bq": 76.01329708099365,
        "bq_baseline_runtime": 21505.639999999996,
        "multi_cloud_plan": "aws",
        "percent_diff": 19.736967231365032,
        "profiling_cost": 139.70946842971654,
        "profiling_runtime": 64487.303827863536
    },
    "income_band": {
        "arachne": 61.37224220065173,
        "arachne_runtime": 35372.820727423634,
        "bq": 83.17726278305054,
        "bq_baseline_runtime": 29432.81500000001,
        "multi_cloud_plan": "aws",
        "percent_diff": 26.21512160032528,
        "profiling_cost": 147.77002051252637,
        "profiling_runtime": 75350.75816633695
    },
    "inventory": {
        "arachne": 60.53531866940839,
        "arachne_runtime": 34659.920544021166,
        "bq": 84.1534366607666,
        "bq_baseline_runtime": 23872.071000000004,
        "multi_cloud_plan": "aws",
        "percent_diff": 28.065541858457788,
        "profiling_cost": 147.521046538426,
        "profiling_runtime": 67807.05682112649
    },
    "item": {
        "arachne": 31.63124370574951,
        "arachne_runtime": 11228.741999999998,
        "bq": 31.63124370574951,
        "bq_baseline_runtime": 11228.741999999998,
        "multi_cloud_plan": "gcp",
        "percent_diff": 0.0,
        "profiling_cost": 91.7876039462679,
        "profiling_runtime": 42631.396005138675
    },
    "promotion": {
        "arachne": 61.11700810925796,
        "arachne_runtime": 34536.96682827953,
        "bq": 77.00692892074585,
        "bq_baseline_runtime": 22579.337,
        "multi_cloud_plan": "aws",
        "percent_diff": 20.63440398699903,
        "profiling_cost": 141.00816169328925,
        "profiling_runtime": 66560.08396606258
    },
    "reason": {
        "arachne": 61.35388026244985,
        "arachne_runtime": 35312.68631017009,
        "bq": 82.81235361099243,
        "bq_baseline_runtime": 29149.644000000008,
        "multi_cloud_plan": "aws",
        "percent_diff": 25.912164565860387,
        "profiling_cost": 147.12388693322012,
        "profiling_runtime": 74146.58618528645
    },
    "ship_mode": {
        "arachne": 61.51534521398333,
        "arachne_runtime": 35841.47904110547,
        "bq": 84.89791059494019,
        "bq_baseline_runtime": 29704.262000000002,
        "multi_cloud_plan": "aws",
        "percent_diff": 27.54197979325822,
        "profiling_cost": 149.54676052014267,
        "profiling_runtime": 75805.90570800228
    },
    "store": {
        "arachne": 48.92250967025757,
        "arachne_runtime": 19434.615999999998,
        "bq": 48.92250967025757,
        "bq_baseline_runtime": 19434.615999999998,
        "multi_cloud_plan": "gcp",
        "percent_diff": 0.0,
        "profiling_cost": 111.17033838627981,
        "profiling_runtime": 57673.02723019718
    },
    "store_returns": {
        "arachne": 56.987567267015926,
        "arachne_runtime": 36870.83067024386,
        "bq": 66.74428653717041,
        "bq_baseline_runtime": 24971.00699999999,
        "multi_cloud_plan": "multi",
        "percent_diff": 14.618059127384472,
        "profiling_cost": 127.32952644667698,
        "profiling_runtime": 66001.60903372781
    },
    "store_sales": {
        "arachne": 8.474913597106934,
        "arachne_runtime": 8720.065000000002,
        "bq": 8.474913597106934,
        "bq_baseline_runtime": 8720.065000000002,
        "multi_cloud_plan": "gcp",
        "percent_diff": 0.0,
        "profiling_cost": 42.55630172211944,
        "profiling_runtime": 23601.782073100618
    },
    "time_dim": {
        "arachne": 61.45360280890109,
        "arachne_runtime": 35639.753701543304,
        "bq": 82.03068494796753,
        "bq_baseline_runtime": 28742.780999999995,
        "multi_cloud_plan": "aws",
        "percent_diff": 25.084615777764853,
        "profiling_cost": 146.592161748338,
        "profiling_runtime": 74558.75989743372
    },
    "warehouse": {
        "arachne": 60.792579021594776,
        "arachne_runtime": 34760.799596076904,
        "bq": 83.35157203674316,
        "bq_baseline_runtime": 23665.579000000005,
        "multi_cloud_plan": "multi",
        "percent_diff": 27.064868080957012,
        "profiling_cost": 147.3629461747518,
        "profiling_runtime": 67679.50959354367
    },
    "web_page": {
        "arachne": 61.47472030749642,
        "arachne_runtime": 35708.46240121532,
        "bq": 83.2989149093628,
        "bq_baseline_runtime": 29591.18700000001,
        "multi_cloud_plan": "aws",
        "percent_diff": 26.19985461468879,
        "profiling_cost": 147.96147739212137,
        "profiling_runtime": 75737.76762631867
    },
    "web_returns": {
        "arachne": 60.13113311528222,
        "arachne_runtime": 33790.830417136065,
        "bq": 72.92989826202393,
        "bq_baseline_runtime": 27105.240000000005,
        "multi_cloud_plan": "aws",
        "percent_diff": 17.549407652754514,
        "profiling_cost": 135.75008950096424,