{
    "call_center": {
        "arachne": 24.439096433798372,
        "arachne_runtime": 22559.38800000001,
        "bq": 89.21141624450684,
        "bq_baseline_runtime": 22559.38800000001,
        "multi_cloud_plan": "gcp",
        "percent_diff": 72.60541591805163,
        "profiling_cost": 152.54473946807258,
        "profiling_runtime": 64352.725191791724
    },
    "catalog_page": {
        "arachne": 23.910288006209676,
        "arachne_runtime": 22214.834,
        "bq": 84.00522708892822,
        "bq_baseline_runtime": 22214.834,
        "multi_cloud_plan": "gcp",
        "percent_diff": 71.53714258649863,
        "profiling_cost": 147.473157430974,
        "profiling_runtime": 64449.673934384
    },
    "catalog_returns": {
        "arachne": 21.950412228909062,
        "arachne_runtime": 20833.994000000002,
        "bq": 77.67235279083252,
        "bq_baseline_runtime": 20833.994000000002,
        "multi_cloud_plan": "gcp",
        "percent_diff": 71.73973564568034,
        "profiling_cost": 139.03425230384414,
        "profiling_runtime": 61310.47553901752
    },
    "catalog_sales": {
        "arachne": 13.145640196693547,
        "arachne_runtime": 12311.432999999997,
        "bq": 41.535258293151855,
        "bq_baseline_runtime": 12311.432999999997,
        "multi_cloud_plan": "gcp",
        "percent_diff": 68.3506477703524,
        "profiling_cost": 83.94089974236849,
        "profiling_runtime": 37778.6800304412
    },
    "customer": {
        "arachne": 16.741318785785765,
        "arachne_runtime": 17059.517000000003,
        "bq": 72.43934154510498,
        "bq_baseline_runtime": 17059.517000000003,
        "multi_cloud_plan": "gcp",
        "percent_diff": 76.88918972936601,
        "profiling_cost": 132.73842944308964,
        "profiling_runtime": 49252.79493981089
    },
    "customer_address": {
        "arachne": 19.968669420238793,
        "arachne_runtime": 17480.293,
        "bq": 74.94079113006592,
        "bq_baseline_runtime": 17480.293,
        "multi_cloud_plan": "gcp",
        "percent_diff": 73.35407176902959,
        "profiling_cost": 137.35516551573764,
        "profiling_runtime": 56360.84567591357
    },
    "customer_demographics": {
        "arachne": 23.07883980777582,
        "arachne_runtime": 20746.351000000002,
        "bq": 81.57257080078125,
        "bq_baseline_runtime": 20746.351000000002,
        "multi_cloud_plan": "gcp",
        "percent_diff": 71.70759780988196,
        "profiling_cost": 144.6339208192713,
        "profiling_runtime": 61653.55547171666
    },
    "date_dim": {
        "arachne": 3.457568574323011,
        "arachne_runtime": 2806.4670000000006,
        "bq": 10.604453086853027,
        "bq_baseline_runtime": 2806.4670000000006,
        "multi_cloud_plan": "gcp",
        "percent_diff": 67.3951259343156,
        "profiling_cost": 67.5956312956607,
        "profiling_runtime": 23830.255190101274
    },
    "household_demographics": {
        "arachne": 23.126351680288305,
        "arachne_runtime": 21037.827999999994,
        "bq": 83.16397666931152,
        "bq_baseline_runtime": 21037.827999999994,
        "multi_cloud_plan": "gcp",
        "percent_diff": 72.19186406604075,
        "profiling_cost": 146.31227985542043,
        "profiling_runtime": 62225.240313428694
    },
    "income_band": {
        "arachne": 24.91553747669735,
        "arachne_runtime": 23143.291,
        "bq": 90.58315753936768,
        "bq_baseline_runtime": 23143.291,
        "multi_cloud_plan": "gcp",
        "percent_diff": 72.49429347186424,
        "profiling_cost": 154.16488404229136,
        "profiling_runtime": 65750.1377541551
    },
    "inventory": {
        "arachne": 24.603191787578183,
        "arachne_runtime": 22803.954,
        "bq": 89.37075614929199,
        "bq_baseline_runtime": 22803.954,
        "multi_cloud_plan": "gcp",
        "percent_diff": 72.47064605061743,
        "profiling_cost": 152.02992592160948,
        "profiling_runtime": 64418.47852218393
    },
    "item": {
        "arachne": 11.862396965389706,
        "arachne_runtime": 10760.93,
        "bq": 33.85058403015137,
        "bq_baseline_runtime": 10760.93,
        "multi_cloud_plan": "gcp",
        "percent_diff": 64.95659586013748,
        "profiling_cost": 93.45907665551566,
        "profiling_runtime": 40369.33249070386
    },
    "promotion": {
        "arachne": 23.543231878881883,
        "arachne_runtime": 22111.525000000005,
        "bq": 84.26801204681396,
        "bq_baseline_runtime": 22111.525000000005,
        "multi_cloud_plan": "gcp",
        "percent_diff": 72.06148417764649,
        "profiling_cost": 147.72137665739046,
        "profiling_runtime": 64298.02045162778
    },
    "reason": {
        "arachne": 23.504168564633154,
        "arachne_runtime": 22259.815000000006,
        "bq": 87.33988285064697,
        "bq_baseline_runtime": 22259.815000000006,
        "multi_cloud_plan": "gcp",
        "percent_diff": 73.08884807548257,
        "profiling_cost": 150.47970870572954,
        "profiling_runtime": 63419.45098859681
    },
    "ship_mode": {
        "arachne": 24.53214796858195,
        "arachne_runtime": 22814.433,
        "bq": 89.6571683883667,
        "bq_baseline_runtime": 22814.433,
        "multi_cloud_plan": "gcp",
        "percent_diff": 72.63782873186851,
        "profiling_cost": 153.13431084641914,
        "profiling_runtime": 65078.77051131267
    },
    "store": {
        "arachne": 16.073701499511127,
        "arachne_runtime": 13145.091999999999,
        "bq": 52.52232074737549,
        "bq_baseline_runtime": 13145.091999999999,
        "multi_cloud_plan": "gcp",
        "percent_diff": 69.39643703707756,
        "profiling_cost": 113.75911823970836,
        "profiling_runtime": 48072.406818015326
    },
    "store_returns": {
        "arachne": 21.11077395228919,
        "arachne_runtime": 19149.294999999995,
        "bq": 73.61953735351562,
        "bq_baseline_runtime": 19149.294999999995,
        "multi_cloud_plan": "gcp",
        "percent_diff": 71.32449522072272,
        "profiling_cost": 133.74189099080255,
        "profiling_runtime": 58663.052135980746
    },
    "store_sales": {
        "arachne": 3.045038069150317,
        "arachne_runtime": 2898.353,
        "bq": 8.875789642333984,
        "bq_baseline_runtime": 2898.353,
        "multi_cloud_plan": "gcp",
        "percent_diff": 65.69276434147676,
        "profiling_cost": 42.49633385127307,
        "profiling_runtime": 16263.225175353578
    },
    "time_dim": {
        "arachne": 23.81435500410813,
        "arachne_runtime": 21852.951999999994,
        "bq": 86.47136211395264,
        "bq_baseline_runtime": 21852.951999999994,
        "multi_cloud_plan": "gcp",
        "percent_diff": 72.45983592495584,
        "profiling_cost": 149.86113148792097,
        "profiling_runtime": 63831.62470074413
    },
    "warehouse": {
        "arachne": 24.17087888834154,
        "arachne_runtime": 22597.462000000007,
        "bq": 88.47979545593262,
        "bq_baseline_runtime": 22597.462000000007,
        "multi_cloud_plan": "gcp",
        "percent_diff": 72.68203575314564,
        "profiling_cost": 151.7826251902071,
        "profiling_runtime": 64290.93129460111
    },
    "web_page": {
        "arachne": 24.530085643809,
        "arachne_runtime": 22701.357999999993,
        "bq": 87.88050651550293,
        "bq_baseline_runtime": 22701.357999999993,
        "multi_cloud_plan": "gcp",
        "percent_diff": 72.08700015915171,
        "profiling_cost": 151.37136153355124,
        "profiling_runtime": 65010.632429629084
    },
    "web_returns": {
        "arachne": 21.819530853467498,
        "arachne_runtime": 20683.222999999994,
        "bq": 77.65461921691895,
        "bq_baseline_runtime": 20683.222999999994,
        "multi_cloud_plan": "gcp",
        "percent_diff": 71.901824935208,
        "profiling_cost": 139.85108354173286,
        "profiling_runtime": 61236.496517251944
    },