{
    "call_center": {
        "arachne": 191.78003863673132,
        "arachne_runtime": 46061.99587674733,
        "bq": 150.21641540527344,
        "bq_baseline_runtime": 29449.217000000004,
        "multi_cloud_plan": "aws",
        "percent_diff": -27.669161935013637,
        "profiling_cost": 214.72144609571006,
        "profiling_runtime": 75079.86038848135
    },
    "catalog_page": {
        "arachne": 183.44904365888218,
        "arachne_runtime": 45714.53193585263,
        "bq": 141.88651275634766,
        "bq_baseline_runtime": 29104.663,
        "multi_cloud_plan": "aws",
        "percent_diff": -29.29279893847776,
        "profiling_cost": 206.52615050843798,
        "profiling_runtime": 75176.80913107359
    },
    "catalog_returns": {
        "arachne": 164.13002219876816,
        "arachne_runtime": 36980.61460819599,
        "bq": 124.27576446533203,
        "bq_baseline_runtime": 20833.994,
        "multi_cloud_plan": "aws",
        "percent_diff": -32.069211486970076,
        "profiling_cost": 185.63766397834365,
        "profiling_runtime": 61310.47553901752
    },
    "catalog_sales": {
        "arachne": 79.34724719491744,
        "arachne_runtime": 20417.13991934025,
        "bq": 66.45641326904297,
        "bq_baseline_runtime": 12311.432999999999,
        "multi_cloud_plan": "multi",
        "percent_diff": -19.397426511248902,
        "profiling_cost": 108.86205471825957,
        "profiling_runtime": 37778.6800304412
    },
    "customer": {
        "arachne": 160.31216356901982,
        "arachne_runtime": 39946.88414425503,
        "bq": 118.84058380126953,
        "bq_baseline_runtime": 23349.041000000005,
        "multi_cloud_plan": "aws",
        "percent_diff": -34.896815920309585,
        "profiling_cost": 180.150678192623,
        "profiling_runtime": 58853.41535199275
    },
    "customer_address": {
        "arachne": 164.39385845650352,
        "arachne_runtime": 40387.57533441158,
        "bq": 122.84290313720703,
        "bq_baseline_runtime": 23769.817000000006,
        "multi_cloud_plan": "aws",
        "percent_diff": -33.82446544175771,
        "profiling_cost": 186.2683016517078,
        "profiling_runtime": 65961.46608809539
    },
    "customer_demographics": {
        "arachne": 174.17106033666636,
        "arachne_runtime": 37843.38338335799,
        "bq": 132.5885009765625,
        "bq_baseline_runtime": 21214.163,
        "multi_cloud_plan": "aws",
        "percent_diff": -31.362115910379252,
        "profiling_cost": 196.19771897636775,
        "profiling_runtime": 63915.61898615148
    },
    "date_dim": {
        "arachne": 16.967124938964844,
        "arachne_runtime": 2806.467,
        "bq": 16.967124938964844,
        "bq_baseline_runtime": 2806.467,
        "multi_cloud_plan": "gcp",
        "percent_diff": 0.0,
        "profiling_cost": 73.95830314777251,
        "profiling_runtime": 23830.255190101274
    },
    "household_demographics": {
        "arachne": 181.2267613766214,
        "arachne_runtime": 38617.90209973053,
        "bq": 135.13475036621094,
        "bq_baseline_runtime": 21505.639999999992,
        "multi_cloud_plan": "aws",
        "percent_diff": -34.10818526359989,
        "profiling_cost": 198.83092171493382,
        "profiling_runtime": 64487.30382786353
    },
    "income_band": {
        "arachne": 189.4558112915607,
        "arachne_runtime": 46065.82717054649,
        "bq": 147.87068939208984,
        "bq_baseline_runtime": 29432.814999999995,
        "multi_cloud_plan": "aws",
        "percent_diff": -28.12262664793893,
        "profiling_cost": 212.4634471215657,
        "profiling_runtime": 75350.75816633695
    },
    "inventory": {
        "arachne": 60.535402115911076,
        "arachne_runtime": 34659.920544021166,
        "bq": 149.60610961914062,
        "bq_baseline_runtime": 23872.070999999993,
        "multi_cloud_plan": "aws",
        "percent_diff": 59.53681151791266,
        "profiling_cost": 212.97371949680004,
        "profiling_runtime": 67807.05682112649
    },
    "item": {
        "arachne": 54.92413939408493,
        "arachne_runtime": 16349.714471308098,
        "bq": 56.23332214355469,
        "bq_baseline_runtime": 11228.741999999997,
        "multi_cloud_plan": "multi",
        "percent_diff": 2.3281262773834013,
        "profiling_cost": 116.38968238407308,
        "profiling_runtime": 42631.39600513867
    },
    "promotion": {
        "arachne": 178.46476952649007,
        "arachne_runtime": 39191.94350341991,
        "bq": 136.90120697021484,
        "bq_baseline_runtime": 22579.337000000007,
        "multi_cloud_plan": "aws",
        "percent_diff": -30.360260129275616,
        "profiling_cost": 200.90243974275822,
        "profiling_runtime": 66560.08396606256
    },
    "reason": {
        "arachne": 193.51874876884975,
        "arachne_runtime": 46133.91075313273,
        "bq": 147.22196197509766,
        "bq_baseline_runtime": 29149.644000000004,
        "multi_cloud_plan": "aws",
        "percent_diff": -31.44692963783699,
        "profiling_cost": 211.53349529732546,
        "profiling_runtime": 74146.58618528643
    },
    "ship_mode": {
        "arachne": 192.49329196250272,
        "arachne_runtime": 46317.20100442716,
        "bq": 150.92961883544922,
        "bq_baseline_runtime": 29704.26200000001,
        "multi_cloud_plan": "aws",
        "percent_diff": -27.53844702434996,
        "profiling_cost": 215.57846876065173,
        "profiling_runtime": 75805.90570800225
    },
    "store": {
        "arachne": 132.79388803228483,
        "arachne_runtime": 36490.70630793965,
        "bq": 86.97335052490234,
        "bq_baseline_runtime": 19434.616000000005,
        "multi_cloud_plan": "aws",
        "percent_diff": -52.683422256180734,
        "profiling_cost": 149.2211792409246,
        "profiling_runtime": 57673.02723019717
    },
    "store_returns": {
        "arachne": 158.35872933406603,
        "arachne_runtime": 41051.94083217457,
        "bq": 118.65650939941406,
        "bq_baseline_runtime": 24971.00700000002,
        "multi_cloud_plan": "aws",
        "percent_diff": -33.45979090031113,
        "profiling_cost": 179.24174930892065,
        "profiling_runtime": 66001.60903372779
    },
    "store_sales": {
        "arachne": 14.457641314007896,
        "arachne_runtime": 9271.998296314068,
        "bq": 15.066513061523438,
        "bq_baseline_runtime": 8720.065,
        "multi_cloud_plan": "multi",
        "percent_diff": 4.041225365346586,
        "profiling_cost": 49.147901186535954,
        "profiling_runtime": 23601.78207310062
    },
    "time_dim": {
        "arachne": 191.9027723925179,
        "arachne_runtime": 45835.013322507344,
        "bq": 145.83232879638672,
        "bq_baseline_runtime": 28742.78099999999,
        "multi_cloud_plan": "aws",
        "percent_diff": -31.59137893248309,
        "profiling_cost": 210.3938055967572,
        "profiling_runtime": 74558.75989743373
    },
    "warehouse": {
        "arachne": 61.0206049348333,
        "arachne_runtime": 34760.799596076904,
        "bq": 148.18057250976562,
        "bq_baseline_runtime": 23665.578999999994,
        "multi_cloud_plan": "multi",
        "percent_diff": 58.82010448379673,
        "profiling_cost": 212.1919466477744,
        "profiling_runtime": 67679.50959354368
    },
    "web_page": {
        "arachne": 189.8993900036123,
        "arachne_runtime": 46236.79759236789,
        "bq": 148.0869598388672,
        "bq_baseline_runtime": 29591.187000000005,
        "multi_cloud_plan": "aws",
        "percent_diff": -28.235052033103415,
        "profiling_cost": 212.74952232162582,
        "profiling_runtime": 75737.7676263187
    },
    "web_returns": {
        "arachne": 170.39744705315118,
        "arachne_runtime": 43514.61384150396,
        "bq": 129.6531524658203,
        "bq_baseline_runtime": 27105.24,
        "multi_cloud_plan": "aws",
        "percent_diff": -31.425610417048706,
        "profiling_cost": 192.4733437047606,