{
    "call_center": {
        "arachne": 225.64335612635534,
        "arachne_runtime": 46061.99587674734,
        "bq": 187.7705192565918,
        "bq_baseline_runtime": 29449.217000000015,
        "multi_cloud_plan": "aws",
        "percent_diff": -20.169746038785583,
        "profiling_cost": 252.27554994702848,
        "profiling_runtime": 75079.86038848132
    },
    "catalog_page": {
        "arachne": 215.22988548627475,
        "arachne_runtime": 45714.53193585265,
        "bq": 177.35814094543457,
        "bq_baseline_runtime": 29104.663000000004,
        "multi_cloud_plan": "aws",
        "percent_diff": -21.353259759579732,
        "profiling_cost": 241.9977786975248,
        "profiling_runtime": 75176.80913107359
    },
    "catalog_returns": {
        "arachne": 191.50817695340683,
        "arachne_runtime": 36980.61460819599,
        "bq": 155.34470558166504,
        "bq_baseline_runtime": 20833.994,
        "multi_cloud_plan": "aws",
        "percent_diff": -23.27950040932073,
        "profiling_cost": 216.70660509467666,
        "profiling_runtime": 61310.47553901751
    },
    "catalog_sales": {
        "arachne": 92.36003878699057,
        "arachne_runtime": 20436.090563901278,
        "bq": 83.07051658630371,
        "bq_baseline_runtime": 12311.433000000003,
        "multi_cloud_plan": "multi",
        "percent_diff": -11.18269463394486,
        "profiling_cost": 125.47615803552034,
        "profiling_runtime": 37778.68003044119
    },
    "customer": {
        "arachne": 186.3370411172376,
        "arachne_runtime": 39946.884144255026,
        "bq": 148.5507297515869,
        "bq_baseline_runtime": 23349.041000000005,
        "multi_cloud_plan": "aws",
        "percent_diff": -25.43663799487126,
        "profiling_cost": 209.86082414294037,
        "profiling_runtime": 58853.41535199274
    },
    "customer_address": {
        "arachne": 191.4193158387057,
        "arachne_runtime": 40387.57533441158,
        "bq": 153.5536289215088,
        "bq_baseline_runtime": 23769.817000000003,
        "multi_cloud_plan": "aws",
        "percent_diff": -24.659584526362785,
        "profiling_cost": 216.97902743600955,
        "profiling_runtime": 65961.46608809539
    },
    "customer_demographics": {
        "arachne": 203.6329171787074,
        "arachne_runtime": 37843.38338335799,
        "bq": 165.73562622070312,
        "bq_baseline_runtime": 21214.163000000004,
        "multi_cloud_plan": "aws",
        "percent_diff": -22.866110215517608,
        "profiling_cost": 229.34484422050846,
        "profiling_runtime": 63915.61898615146
    },
    "date_dim": {
        "arachne": 21.208906173706055,
        "arachne_runtime": 2806.4669999999996,
        "bq": 21.208906173706055,
        "bq_baseline_runtime": 2806.4669999999996,
        "multi_cloud_plan": "gcp",
        "percent_diff": 0.0,
        "profiling_cost": 78.20008438251374,
        "profiling_runtime": 23830.255190101274
    },
    "household_demographics": {
        "arachne": 212.4687104580423,
        "arachne_runtime": 38617.902099730534,
        "bq": 168.91843795776367,
        "bq_baseline_runtime": 21505.640000000003,
        "multi_cloud_plan": "aws",
        "percent_diff": -25.781834728526153,
        "profiling_cost": 232.61460930648656,
        "profiling_runtime": 64487.30382786351
    },
    "income_band": {
        "arachne": 222.73821523748356,
        "arachne_runtime": 46065.8271705465,
        "bq": 184.8383617401123,
        "bq_baseline_runtime": 29432.815000000006,
        "multi_cloud_plan": "aws",
        "percent_diff": -20.50432233902801,
        "profiling_cost": 249.43111946958817,
        "profiling_runtime": 75350.75816633695
    },
    "inventory": {
        "arachne": 60.535449799626896,
        "arachne_runtime": 34659.920544021166,
        "bq": 187.00763702392578,
        "bq_baseline_runtime": 23872.070999999996,
        "multi_cloud_plan": "aws",
        "percent_diff": 67.6294237160582,
        "profiling_cost": 250.37524690158517,
        "profiling_runtime": 67807.05682112649
    },
    "item": {
        "arachne": 57.083391395553974,
        "arachne_runtime": 23365.199232860934,
        "bq": 70.29165267944336,
        "bq_baseline_runtime": 11228.742000000004,
        "multi_cloud_plan": "aws",
        "percent_diff": 18.790654054079614,
        "profiling_cost": 130.44801291996174,
        "profiling_runtime": 42631.39600513867
    },
    "promotion": {
        "arachne": 208.99928490734945,
        "arachne_runtime": 39191.94350341992,
        "bq": 171.12650871276855,
        "bq_baseline_runtime": 22579.33700000001,
        "multi_cloud_plan": "aws",
        "percent_diff": -22.131449112977215,
        "profiling_cost": 235.127741485312,
        "profiling_runtime": 66560.08396606255
    },
    "reason": {
        "arachne": 227.85440207390346,
        "arachne_runtime": 46133.91075313274,
        "bq": 184.02745246887207,
        "bq_baseline_runtime": 29149.64400000001,
        "multi_cloud_plan": "aws",
        "percent_diff": -23.815441129602466,
        "profiling_cost": 248.3389857910999,
        "profiling_runtime": 74146.58618528643
    },
    "ship_mode": {
        "arachne": 226.5349103096707,
        "arachne_runtime": 46317.20100442715,
        "bq": 188.66202354431152,
        "bq_baseline_runtime": 29704.262000000002,
        "multi_cloud_plan": "aws",
        "percent_diff": -20.07446228650456,
        "profiling_cost": 253.310873469514,
        "profiling_runtime": 75805.90570800228
    },
    "store": {
        "arachne": 151.92711442693815,
        "arachne_runtime": 36490.70630793965,
        "bq": 108.71668815612793,
        "bq_baseline_runtime": 19434.616000000005,
        "multi_cloud_plan": "aws",
        "percent_diff": -39.74590010390656,
        "profiling_cost": 170.9645168721502,
        "profiling_runtime": 57673.02723019719
    },
    "store_returns": {
        "arachne": 184.55794808406603,
        "arachne_runtime": 41051.940832174565,
        "bq": 148.32063674926758,
        "bq_baseline_runtime": 24971.006999999998,
        "multi_cloud_plan": "aws",
        "percent_diff": -24.431739324350893,
        "profiling_cost": 208.90587665877428,
        "profiling_runtime": 66001.60903372781
    },
    "store_sales": {
        "arachne": 17.864043901898523,
        "arachne_runtime": 9271.998296314068,
        "bq": 18.833141326904297,
        "bq_baseline_runtime": 8720.064999999999,
        "multi_cloud_plan": "multi",
        "percent_diff": 5.145702504878244,
        "profiling_cost": 52.914529451916806,
        "profiling_runtime": 23601.782073100614
    },
    "time_dim": {
        "arachne": 225.81359812188802,
        "arachne_runtime": 45835.01332250735,
        "bq": 182.2904109954834,
        "bq_baseline_runtime": 28742.781000000003,
        "multi_cloud_plan": "aws",
        "percent_diff": -23.875741400069035,
        "profiling_cost": 246.8518877958539,
        "profiling_runtime": 74558.75989743372
    },
    "warehouse": {
        "arachne": 61.15090545668389,
        "arachne_runtime": 34760.799596076904,
        "bq": 185.22571563720703,
        "bq_baseline_runtime": 23665.578999999998,
        "multi_cloud_plan": "multi",
        "percent_diff": 66.98573670166981,
        "profiling_cost": 249.23708977521562,
        "profiling_runtime": 67679.50959354368
    },
    "web_page": {
        "arachne": 223.29319836848046,
        "arachne_runtime": 46236.7975923679,
        "bq": 185.10869979858398,
        "bq_baseline_runtime": 29591.18700000001,
        "multi_cloud_plan": "aws",
        "percent_diff": -20.62814908831669,
        "profiling_cost": 249.7712622813426,
        "profiling_runtime": 75737.76762631867
    },
    "web_returns": {
        "arachne": 199.11994880791192,
        "arachne_runtime": 43514.613841503975,
        "bq": 162.0664405822754,
        "bq_baseline_runtime": 27105.24000000001,
        "multi_cloud_plan": "aws",