{
    "call_center": {
        "arachne": 9.38852596282959,
        "arachne_runtime": 29449.21700000001,
        "bq": 9.38852596282959,
        "bq_baseline_runtime": 29449.21700000001,
        "multi_cloud_plan": "gcp",
        "percent_diff": 0.0,
        "profiling_cost": 73.89355665326619,
        "profiling_runtime": 75079.86038848132
    },
    "catalog_page": {
        "arachne": 8.867907047271729,
        "arachne_runtime": 29104.663000000008,
        "bq": 8.867907047271729,
        "bq_baseline_runtime": 29104.663000000008,
        "multi_cloud_plan": "gcp",
        "percent_diff": 0.0,
        "profiling_cost": 73.507544799362,
        "profiling_runtime": 75176.80913107359
    },
    "catalog_returns": {
        "arachne": 7.767235279083252,
        "arachne_runtime": 20833.994000000002,
        "bq": 7.767235279083252,
        "bq_baseline_runtime": 20833.994000000002,
        "multi_cloud_plan": "gcp",
        "percent_diff": 0.0,
        "profiling_cost": 69.12913479209485,
        "profiling_runtime": 61310.47553901751
    },
    "catalog_sales": {
        "arachne": 4.1535258293151855,
        "arachne_runtime": 12311.433,
        "bq": 4.1535258293151855,
        "bq_baseline_runtime": 12311.433,
        "multi_cloud_plan": "gcp",
        "percent_diff": 0.0,
        "profiling_cost": 46.55916727853184,
        "profiling_runtime": 37778.68003044119
    },
    "customer": {
        "arachne": 7.427536487579346,
        "arachne_runtime": 23349.041000000005,
        "bq": 7.427536487579346,
        "bq_baseline_runtime": 23349.041000000005,
        "multi_cloud_plan": "gcp",
        "percent_diff": 0.0,
        "profiling_cost": 68.73763087893275,
        "profiling_runtime": 58853.415351992735
    },
    "customer_address": {
        "arachne": 7.6776814460754395,
        "arachne_runtime": 23769.81700000001,
        "bq": 7.6776814460754395,
        "bq_baseline_runtime": 23769.81700000001,
        "multi_cloud_plan": "gcp",
        "percent_diff": 0.0,
        "profiling_cost": 71.1030799605762,
        "profiling_runtime": 65961.4660880954
    },
    "customer_demographics": {
        "arachne": 8.286781311035156,
        "arachne_runtime": 21214.163000000004,
        "bq": 8.286781311035156,
        "bq_baseline_runtime": 21214.163000000004,
        "multi_cloud_plan": "gcp",
        "percent_diff": 0.0,
        "profiling_cost": 71.89599931084037,
        "profiling_runtime": 63915.61898615147
    },
    "date_dim": {
        "arachne": 1.0604453086853027,
        "arachne_runtime": 2806.4669999999996,
        "bq": 1.0604453086853027,
        "bq_baseline_runtime": 2806.4669999999996,
        "multi_cloud_plan": "gcp",
        "percent_diff": 0.0,
        "profiling_cost": 58.05162351749299,
        "profiling_runtime": 23830.255190101274
    },
    "household_demographics": {
        "arachne": 8.445921897888184,
        "arachne_runtime": 21505.640000000003,
        "bq": 8.445921897888184,
        "bq_baseline_runtime": 21505.640000000003,
        "multi_cloud_plan": "gcp",
        "percent_diff": 0.0,
        "profiling_cost": 72.14209324661103,
        "profiling_runtime": 64487.30382786352
    },
    "income_band": {
        "arachne": 9.241918087005615,
        "arachne_runtime": 29432.815000000006,
        "bq": 9.241918087005615,
        "bq_baseline_runtime": 29432.815000000006,
        "multi_cloud_plan": "gcp",
        "percent_diff": 0.0,
        "profiling_cost": 73.83467581648144,
        "profiling_runtime": 75350.75816633696
    },
    "inventory": {
        "arachne": 9.350381851196289,
        "arachne_runtime": 23872.070999999996,
        "bq": 9.350381851196289,
        "bq_baseline_runtime": 23872.070999999996,
        "multi_cloud_plan": "gcp",
        "percent_diff": 0.0,
        "profiling_cost": 72.71799172885571,
        "profiling_runtime": 67807.05682112649
    },
    "item": {
        "arachne": 3.514582633972168,
        "arachne_runtime": 11228.742,
        "bq": 3.514582633972168,
        "bq_baseline_runtime": 11228.742,
        "multi_cloud_plan": "gcp",
        "percent_diff": 0.0,
        "profiling_cost": 63.670942874490585,
        "profiling_runtime": 42631.39600513867
    },
    "promotion": {
        "arachne": 8.556325435638428,
        "arachne_runtime": 22579.337,
        "bq": 8.556325435638428,
        "bq_baseline_runtime": 22579.337,
        "multi_cloud_plan": "gcp",
        "percent_diff": 0.0,
        "profiling_cost": 72.55755820818176,
        "profiling_runtime": 66560.0839660626
    },
    "reason": {
        "arachne": 9.201372623443604,
        "arachne_runtime": 29149.64400000001,
        "bq": 9.201372623443604,
        "bq_baseline_runtime": 29149.64400000001,
        "multi_cloud_plan": "gcp",
        "percent_diff": 0.0,
        "profiling_cost": 73.51290594567126,
        "profiling_runtime": 74146.58618528643
    },
    "ship_mode": {
        "arachne": 9.433101177215576,
        "arachne_runtime": 29704.262000000002,
        "bq": 9.433101177215576,
        "bq_baseline_runtime": 29704.262000000002,
        "multi_cloud_plan": "gcp",
        "percent_diff": 0.0,
        "profiling_cost": 74.08195110241812,
        "profiling_runtime": 75805.90570800228
    },
    "store": {
        "arachne": 5.4358344078063965,
        "arachne_runtime": 19434.616000000005,
        "bq": 5.4358344078063965,
        "bq_baseline_runtime": 19434.616000000005,
        "multi_cloud_plan": "gcp",
        "percent_diff": 0.0,
        "profiling_cost": 67.6836631238286,
        "profiling_runtime": 57673.027230197185
    },
    "store_returns": {
        "arachne": 7.416031837463379,
        "arachne_runtime": 24971.007000000005,
        "bq": 7.416031837463379,
        "bq_baseline_runtime": 24971.007000000005,
        "multi_cloud_plan": "gcp",
        "percent_diff": 0.0,
        "profiling_cost": 68.00127174696996,
        "profiling_runtime": 66001.60903372779
    },
    "store_sales": {
        "arachne": 0.9416570663452148,
        "arachne_runtime": 8720.065,
        "bq": 0.9416570663452148,
        "bq_baseline_runtime": 8720.065,
        "multi_cloud_plan": "gcp",
        "percent_diff": 0.0,
        "profiling_cost": 35.02304519135773,
        "profiling_runtime": 23601.78207310062
    },
    "time_dim": {
        "arachne": 9.11452054977417,
        "arachne_runtime": 28742.78099999999,
        "bq": 9.11452054977417,
        "bq_baseline_runtime": 28742.78099999999,
        "multi_cloud_plan": "gcp",
        "percent_diff": 0.0,
        "profiling_cost": 73.67599735014463,
        "profiling_runtime": 74558.75989743375
    },
    "warehouse": {
        "arachne": 9.261285781860352,
        "arachne_runtime": 23665.579000000005,
        "bq": 9.261285781860352,
        "bq_baseline_runtime": 23665.579000000005,
        "multi_cloud_plan": "gcp",
        "percent_diff": 0.0,
        "profiling_cost": 73.27265991986894,
        "profiling_runtime": 67679.50959354368
    },
    "web_page": {
        "arachne": 9.2554349899292,
        "arachne_runtime": 29591.187000000013,
        "bq": 9.2554349899292,
        "bq_baseline_runtime": 29591.187000000013,
        "multi_cloud_plan": "gcp",
        "percent_diff": 0.0,
        "profiling_cost": 73.91799747268777,
        "profiling_runtime": 75737.76762631869
    },
    "web_returns": {
        "arachne": 8.10332202911377,
        "arachne_runtime": 27105.24,
        "bq": 8.10332202911377,
        "bq_baseline_runtime": 27105.24,
        "multi_cloud_plan": "gcp",
        "percent_diff": 0.0,
        "profiling_cost": 70.92351326805404,
        "profiling_runtime": 69701.56819950673
    },
    "web_sales": {
        "arachne": 4.8173699378967285,
        "arachne_runtime": 19348.599000000002,
        "bq": 4.8173699378967285,
        "bq_baseline_runtime": 19348.599000000002,
        "multi_cloud_plan": "gcp",
        "percent_diff": 0.0,
        "profiling_cost": 56.37169789169862,