{
    "call_center": {
        "arachne": 187.54712395052832,
        "arachne_runtime": 46061.99587674733,
        "bq": 145.52215242385864,
        "bq_baseline_runtime": 29449.216999999993,
        "multi_cloud_plan": "aws",
        "percent_diff": -28.87874514408268,
        "profiling_cost": 210.0271831142953,
        "profiling_runtime": 75079.86038848135
    },
    "catalog_page": {
        "arachne": 179.4764384304581,
        "arachne_runtime": 45714.53193585264,
        "bq": 137.4525592327118,
        "bq_baseline_runtime": 29104.663,
        "multi_cloud_plan": "aws",
        "percent_diff": -30.57336977378389,
        "profiling_cost": 202.09219698480203,
        "profiling_runtime": 75176.80913107356
    },
    "catalog_returns": {
        "arachne": 160.70775285443833,
        "arachne_runtime": 36980.61460819599,
        "bq": 120.3921468257904,
        "bq_baseline_runtime": 20833.994,
        "multi_cloud_plan": "aws",
        "percent_diff": -33.4869068220748,
        "profiling_cost": 181.754046338802,
        "profiling_runtime": 61310.47553901752
    },
    "catalog_sales": {
        "arachne": 77.72397572961593,
        "arachne_runtime": 20417.13991934025,
        "bq": 64.37965035438538,
        "bq_baseline_runtime": 12311.433,
        "multi_cloud_plan": "multi",
        "percent_diff": -20.727551799015902,
        "profiling_cost": 106.78529180360202,
        "profiling_runtime": 37778.68003044119
    },
    "customer": {
        "arachne": 157.0590538754926,
        "arachne_runtime": 39946.88414425503,
        "bq": 115.12681555747986,
        "bq_baseline_runtime": 23349.041,
        "multi_cloud_plan": "aws",
        "percent_diff": -36.42265106957384,
        "profiling_cost": 176.43690994883332,
        "profiling_runtime": 58853.41535199275
    },
    "customer_address": {
        "arachne": 161.01567628372825,
        "arachne_runtime": 40387.57533441159,
        "bq": 119.00406241416931,
        "bq_baseline_runtime": 23769.81700000001,
        "multi_cloud_plan": "aws",
        "percent_diff": -35.30267204101496,
        "profiling_cost": 182.4294609286701,
        "profiling_runtime": 65961.46608809539
    },
    "customer_demographics": {
        "arachne": 170.48832823141123,
        "arachne_runtime": 37843.383383358,
        "bq": 128.44511032104492,
        "bq_baseline_runtime": 21214.163000000008,
        "multi_cloud_plan": "aws",
        "percent_diff": -32.73243940955049,
        "profiling_cost": 192.05432832085015,
        "profiling_runtime": 63915.61898615147
    },
    "date_dim": {
        "arachne": 16.436902284622192,
        "arachne_runtime": 2806.467,
        "bq": 16.436902284622192,
        "bq_baseline_runtime": 2806.467,
        "multi_cloud_plan": "gcp",
        "percent_diff": 0.0,
        "profiling_cost": 73.42808049342986,
        "profiling_runtime": 23830.255190101274
    },
    "household_demographics": {
        "arachne": 177.32151774144378,
        "arachne_runtime": 38617.902099730534,
        "bq": 130.91178941726685,
        "bq_baseline_runtime": 21505.640000000003,
        "multi_cloud_plan": "aws",
        "percent_diff": -35.45114502732146,
        "profiling_cost": 194.6079607659897,
        "profiling_runtime": 64487.303827863536
    },
    "income_band": {
        "arachne": 185.29551079832035,
        "arachne_runtime": 46065.82717054649,
        "bq": 143.24973034858704,
        "bq_baseline_runtime": 29432.815,
        "multi_cloud_plan": "aws",
        "percent_diff": -29.351385407440688,
        "profiling_cost": 207.84248807806284,
        "profiling_runtime": 75350.75816633698
    },
    "inventory": {
        "arachne": 60.5353961554466,
        "arachne_runtime": 34659.920544021166,
        "bq": 144.93091869354248,
        "bq_baseline_runtime": 23872.071,
        "multi_cloud_plan": "aws",
        "percent_diff": 58.2315514859537,
        "profiling_cost": 208.29852857120187,
        "profiling_runtime": 67807.05682112649
    },
    "item": {
        "arachne": 53.95916379861069,
        "arachne_runtime": 16349.714471308096,
        "bq": 54.4760308265686,
        "bq_baseline_runtime": 11228.741999999998,
        "multi_cloud_plan": "multi",
        "percent_diff": 0.9487971500776676,
        "profiling_cost": 114.63239106708699,
        "profiling_runtime": 42631.39600513867
    },
    "promotion": {
        "arachne": 174.64795510388265,
        "arachne_runtime": 39191.943503419905,
        "bq": 132.62304425239563,
        "bq_baseline_runtime": 22579.336999999996,
        "multi_cloud_plan": "aws",
        "percent_diff": -31.687487712549554,
        "profiling_cost": 196.624277024939,
        "profiling_runtime": 66560.08396606255
    },
    "reason": {
        "arachne": 189.22679210571803,
        "arachne_runtime": 46133.91075313273,
        "bq": 142.62127566337585,
        "bq_baseline_runtime": 29149.644000000004,
        "multi_cloud_plan": "aws",
        "percent_diff": -32.67781488110062,
        "profiling_cost": 206.93280898560354,
        "profiling_runtime": 74146.58618528643
    },
    "ship_mode": {
        "arachne": 188.23808966910673,
        "arachne_runtime": 46317.20100442715,
        "bq": 146.21306824684143,
        "bq_baseline_runtime": 29704.262,
        "multi_cloud_plan": "aws",
        "percent_diff": -28.74231553045406,
        "profiling_cost": 210.86191817204406,
        "profiling_runtime": 75805.9057080023
    },
    "store": {
        "arachne": 130.40223473295316,
        "arachne_runtime": 36490.70630793965,
        "bq": 84.25543332099915,
        "bq_baseline_runtime": 19434.616000000005,
        "multi_cloud_plan": "aws",
        "percent_diff": -54.77011937751528,
        "profiling_cost": 146.50326203702141,
        "profiling_runtime": 57673.027230197185
    },
    "store_returns": {
        "arachne": 155.08382699031603,
        "arachne_runtime": 41051.940832174565,
        "bq": 114.94849348068237,
        "bq_baseline_runtime": 24971.007,
        "multi_cloud_plan": "aws",
        "percent_diff": -34.915928251272454,
        "profiling_cost": 175.53373339018896,
        "profiling_runtime": 66001.6090337278
    },
    "store_sales": {
        "arachne": 14.031840990521568,
        "arachne_runtime": 9271.99829631407,
        "bq": 14.59568452835083,
        "bq_baseline_runtime": 8720.065000000002,
        "multi_cloud_plan": "multi",
        "percent_diff": 3.863083891228575,
        "profiling_cost": 48.677072653363346,
        "profiling_runtime": 23601.78207310062
    },
    "time_dim": {
        "arachne": 187.66391917634664,
        "arachne_runtime": 45835.01332250735,
        "bq": 141.27506852149963,
        "bq_baseline_runtime": 28742.781000000003,
        "multi_cloud_plan": "aws",
        "percent_diff": -32.83583659900149,
        "profiling_cost": 205.8365453218701,
        "profiling_runtime": 74558.75989743375
    },
    "warehouse": {
        "arachne": 61.00431736960198,
        "arachne_runtime": 34760.799596076904,
        "bq": 143.54992961883545,
        "bq_baseline_runtime": 23665.579000000005,
        "multi_cloud_plan": "multi",
        "percent_diff": 57.50306702930108,
        "profiling_cost": 207.56130375684404,
        "profiling_runtime": 67679.50959354368
    },
    "web_page": {
        "arachne": 185.72516395800378,
        "arachne_runtime": 46236.79759236789,
        "bq": 143.4592423439026,
        "bq_baseline_runtime": 29591.187,
        "multi_cloud_plan": "aws",
        "percent_diff": -29.461971862907728,
        "profiling_cost": 208.1218048266612,
        "profiling_runtime": 75737.7676263187
    },
    "web_returns": {
        "arachne": 166.8071343338061,
        "arachne_runtime": 43514.61384150397,
        "bq": 125.60149145126343,
        "bq_baseline_runtime": 27105.24,
        "multi_cloud_plan": "aws",
        "percent_diff": -32.80665094532854,
        "profiling_cost": 188.42168269020362,
        "profiling_runtime": 69701.56819950673
    },