{
    "call_center": {
        "arachne": 56.33115577697754,
        "arachne_runtime": 29449.216999999993,
        "bq": 56.33115577697754,
        "bq_baseline_runtime": 29449.216999999993,
        "multi_cloud_plan": "gcp",
        "percent_diff": 0.0,
        "profiling_cost": 120.83618646741417,
        "profiling_runtime": 75079.86038848135
    },
    "catalog_page": {
        "arachne": 53.20744228363037,
        "arachne_runtime": 29104.663000000004,
        "bq": 53.20744228363037,
        "bq_baseline_runtime": 29104.663000000004,
        "multi_cloud_plan": "gcp",
        "percent_diff": 0.0,
        "profiling_cost": 117.84708003572065,
        "profiling_runtime": 75176.80913107356
    },
    "catalog_returns": {
        "arachne": 46.60341167449951,
        "arachne_runtime": 20833.994,
        "bq": 46.60341167449951,
        "bq_baseline_runtime": 20833.994,
        "multi_cloud_plan": "gcp",
        "percent_diff": 0.0,
        "profiling_cost": 107.96531118751109,
        "profiling_runtime": 61310.475539017534
    },
    "catalog_sales": {
        "arachne": 24.921154975891113,
        "arachne_runtime": 12311.432999999995,
        "bq": 24.921154975891113,
        "bq_baseline_runtime": 12311.432999999995,
        "multi_cloud_plan": "gcp",
        "percent_diff": 0.0,
        "profiling_cost": 67.32679642510773,
        "profiling_runtime": 37778.68003044119
    },
    "customer": {
        "arachne": 44.565218925476074,
        "arachne_runtime": 23349.041000000005,
        "bq": 44.565218925476074,
        "bq_baseline_runtime": 23349.041000000005,
        "multi_cloud_plan": "gcp",
        "percent_diff": 0.0,
        "profiling_cost": 105.87531331682949,
        "profiling_runtime": 58853.41535199273
    },
    "customer_address": {
        "arachne": 46.06608867645264,
        "arachne_runtime": 23769.817000000003,
        "bq": 46.06608867645264,
        "bq_baseline_runtime": 23769.817000000003,
        "multi_cloud_plan": "gcp",
        "percent_diff": 0.0,
        "profiling_cost": 109.4914871909534,
        "profiling_runtime": 65961.46608809542
    },
    "customer_demographics": {
        "arachne": 49.72068786621094,
        "arachne_runtime": 21214.163000000004,
        "bq": 49.72068786621094,
        "bq_baseline_runtime": 21214.163000000004,
        "multi_cloud_plan": "gcp",
        "percent_diff": 0.0,
        "profiling_cost": 113.32990586601615,
        "profiling_runtime": 63915.618986151494
    },
    "date_dim": {
        "arachne": 6.362671852111816,
        "arachne_runtime": 2806.4669999999996,
        "bq": 6.362671852111816,
        "bq_baseline_runtime": 2806.4669999999996,
        "multi_cloud_plan": "gcp",
        "percent_diff": 0.0,
        "profiling_cost": 63.3538500609195,
        "profiling_runtime": 23830.25519010127
    },
    "household_demographics": {
        "arachne": 50.6755313873291,
        "arachne_runtime": 21505.640000000003,
        "bq": 50.6755313873291,
        "bq_baseline_runtime": 21505.640000000003,
        "multi_cloud_plan": "gcp",
        "percent_diff": 0.0,
        "profiling_cost": 114.37170273605193,
        "profiling_runtime": 64487.30382786352
    },
    "income_band": {
        "arachne": 55.45150852203369,
        "arachne_runtime": 29432.815000000013,
        "bq": 55.45150852203369,
        "bq_baseline_runtime": 29432.815000000013,
        "multi_cloud_plan": "gcp",
        "percent_diff": 0.0,
        "profiling_cost": 120.04426625150954,
        "profiling_runtime": 75350.75816633698
    },
    "inventory": {
        "arachne": 56.102291107177734,
        "arachne_runtime": 23872.071000000007,
        "bq": 56.102291107177734,
        "bq_baseline_runtime": 23872.071000000007,
        "multi_cloud_plan": "gcp",
        "percent_diff": 0.0,
        "profiling_cost": 119.46990098483715,
        "profiling_runtime": 67807.05682112649
    },
    "item": {
        "arachne": 21.087495803833008,
        "arachne_runtime": 11228.742000000002,
        "bq": 21.087495803833008,
        "bq_baseline_runtime": 11228.742000000002,
        "multi_cloud_plan": "gcp",
        "percent_diff": 0.0,
        "profiling_cost": 81.24385604435139,
        "profiling_runtime": 42631.39600513867
    },
    "promotion": {
        "arachne": 51.337952613830566,
        "arachne_runtime": 22579.33700000001,
        "bq": 51.337952613830566,
        "bq_baseline_runtime": 22579.33700000001,
        "multi_cloud_plan": "gcp",
        "percent_diff": 0.0,
        "profiling_cost": 115.3391853863739,
        "profiling_runtime": 66560.0839660626
    },
    "reason": {
        "arachne": 55.20823574066162,
        "arachne_runtime": 29149.644,
        "bq": 55.20823574066162,
        "bq_baseline_runtime": 29149.644,
        "multi_cloud_plan": "gcp",
        "percent_diff": 0.0,
        "profiling_cost": 119.51976906288928,
        "profiling_runtime": 74146.58618528643
    },
    "ship_mode": {
        "arachne": 56.59860706329346,
        "arachne_runtime": 29704.262000000006,
        "bq": 56.59860706329346,
        "bq_baseline_runtime": 29704.262000000006,
        "multi_cloud_plan": "gcp",
        "percent_diff": 0.0,
        "profiling_cost": 121.24745698849603,
        "profiling_runtime": 75805.90570800229
    },
    "store": {
        "arachne": 32.61500644683838,
        "arachne_runtime": 19434.615999999995,
        "bq": 32.61500644683838,
        "bq_baseline_runtime": 19434.615999999995,
        "multi_cloud_plan": "gcp",
        "percent_diff": 0.0,
        "profiling_cost": 94.8628351628606,
        "profiling_runtime": 57673.027230197185
    },
    "store_returns": {
        "arachne": 44.49619102478027,
        "arachne_runtime": 24971.006999999998,
        "bq": 44.49619102478027,
        "bq_baseline_runtime": 24971.006999999998,
        "multi_cloud_plan": "gcp",
        "percent_diff": 0.0,
        "profiling_cost": 105.08143093428689,
        "profiling_runtime": 66001.60903372781
    },
    "store_sales": {
        "arachne": 5.649942398071289,
        "arachne_runtime": 8720.065,
        "bq": 5.649942398071289,
        "bq_baseline_runtime": 8720.065,
        "multi_cloud_plan": "gcp",
        "percent_diff": 0.0,
        "profiling_cost": 39.731330523083805,
        "profiling_runtime": 23601.782073100618
    },
    "time_dim": {
        "arachne": 54.68712329864502,
        "arachne_runtime": 28742.781,
        "bq": 54.68712329864502,
        "bq_baseline_runtime": 28742.781,
        "multi_cloud_plan": "gcp",
        "percent_diff": 0.0,
        "profiling_cost": 119.24860009901543,
        "profiling_runtime": 74558.75989743373
    },
    "warehouse": {
        "arachne": 55.56771469116211,
        "arachne_runtime": 23665.579000000012,
        "bq": 55.56771469116211,
        "bq_baseline_runtime": 23665.579000000012,
        "multi_cloud_plan": "gcp",
        "percent_diff": 0.0,
        "profiling_cost": 119.57908882917067,
        "profiling_runtime": 67679.50959354368
    },
    "web_page": {
        "arachne": 55.532609939575195,
        "arachne_runtime": 29591.187,
        "bq": 55.532609939575195,
        "bq_baseline_runtime": 29591.187,
        "multi_cloud_plan": "gcp",
        "percent_diff": 0.0,
        "profiling_cost": 120.19517242233378,
        "profiling_runtime": 75737.76762631869
    },
    "web_returns": {
        "arachne": 48.61993217468262,
        "arachne_runtime": 27105.24000000001,
        "bq": 48.61993217468262,
        "bq_baseline_runtime": 27105.24000000001,
        "multi_cloud_plan": "gcp",
        "percent_diff": 0.0,
        "profiling_cost": 111.44012341362289,
        "profiling_runtime": 69701.56819950673
    },
    "web_sales": {
        "arachne": 28.90421962738037,
        "arachne_runtime": 19348.599000000006,
        "bq": 28.90421962738037,
        "bq_baseline_runtime": 19348.599000000006,
        "multi_cloud_plan": "gcp",
        "percent_diff": 0.0,
        "profiling_cost": 80.45854758118224,