{
    "call_center": {
        "arachne": 61.025418758392334,
        "arachne_runtime": 29449.217000000008,
        "bq": 61.025418758392334,
        "bq_baseline_runtime": 29449.217000000008,
        "multi_cloud_plan": "gcp",
        "percent_diff": 0.0,
        "profiling_cost": 125.53044944882893,
        "profiling_runtime": 75079.86038848135
    },
    "catalog_page": {
        "arachne": 57.641395807266235,
        "arachne_runtime": 29104.663000000008,
        "bq": 57.641395807266235,
        "bq_baseline_runtime": 29104.663000000008,
        "multi_cloud_plan": "gcp",
        "percent_diff": 0.0,
        "profiling_cost": 122.28103355935653,
        "profiling_runtime": 75176.80913107356
    },
    "catalog_returns": {
        "arachne": 50.48702931404114,
        "arachne_runtime": 20833.99400000001,
        "bq": 50.48702931404114,
        "bq_baseline_runtime": 20833.99400000001,
        "multi_cloud_plan": "gcp",
        "percent_diff": 0.0,
        "profiling_cost": 111.84892882705275,
        "profiling_runtime": 61310.47553901749
    },
    "catalog_sales": {
        "arachne": 26.997917890548706,
        "arachne_runtime": 12311.432999999999,
        "bq": 26.997917890548706,
        "bq_baseline_runtime": 12311.432999999999,
        "multi_cloud_plan": "gcp",
        "percent_diff": 0.0,
        "profiling_cost": 69.40355933976535,
        "profiling_runtime": 37778.68003044119
    },
    "customer": {
        "arachne": 48.27898716926575,
        "arachne_runtime": 23349.041,
        "bq": 48.27898716926575,
        "bq_baseline_runtime": 23349.041,
        "multi_cloud_plan": "gcp",
        "percent_diff": 0.0,
        "profiling_cost": 109.58908156061919,
        "profiling_runtime": 58853.41535199276
    },
    "customer_address": {
        "arachne": 49.904929399490356,
        "arachne_runtime": 23769.817000000003,
        "bq": 49.904929399490356,
        "bq_baseline_runtime": 23769.817000000003,
        "multi_cloud_plan": "gcp",
        "percent_diff": 0.0,
        "profiling_cost": 113.33032791399114,
        "profiling_runtime": 65961.46608809539
    },
    "customer_demographics": {
        "arachne": 53.864078521728516,
        "arachne_runtime": 21214.163,
        "bq": 53.864078521728516,
        "bq_baseline_runtime": 21214.163,
        "multi_cloud_plan": "gcp",
        "percent_diff": 0.0,
        "profiling_cost": 117.47329652153371,
        "profiling_runtime": 63915.61898615147
    },
    "date_dim": {
        "arachne": 6.892894506454468,
        "arachne_runtime": 2806.4669999999996,
        "bq": 6.892894506454468,
        "bq_baseline_runtime": 2806.4669999999996,
        "multi_cloud_plan": "gcp",
        "percent_diff": 0.0,
        "profiling_cost": 63.88407271526216,
        "profiling_runtime": 23830.255190101274
    },
    "household_demographics": {
        "arachne": 54.89849233627319,
        "arachne_runtime": 21505.640000000003,
        "bq": 54.89849233627319,
        "bq_baseline_runtime": 21505.640000000003,
        "multi_cloud_plan": "gcp",
        "percent_diff": 0.0,
        "profiling_cost": 118.59466368499604,
        "profiling_runtime": 64487.303827863514
    },
    "income_band": {
        "arachne": 60.0724675655365,
        "arachne_runtime": 29432.815000000002,
        "bq": 60.0724675655365,
        "bq_baseline_runtime": 29432.815000000002,
        "multi_cloud_plan": "gcp",
        "percent_diff": 0.0,
        "profiling_cost": 124.66522529501232,
        "profiling_runtime": 75350.75816633698
    },
    "inventory": {
        "arachne": 60.535288867086,
        "arachne_runtime": 34659.920544021166,
        "bq": 60.77748203277588,
        "bq_baseline_runtime": 23872.071000000004,
        "multi_cloud_plan": "aws",
        "percent_diff": 0.3984916083875723,
        "profiling_cost": 124.1450919104353,
        "profiling_runtime": 67807.05682112649
    },
    "item": {
        "arachne": 22.844787120819092,
        "arachne_runtime": 11228.742000000002,
        "bq": 22.844787120819092,
        "bq_baseline_runtime": 11228.742000000002,
        "multi_cloud_plan": "gcp",
        "percent_diff": 0.0,
        "profiling_cost": 83.00114736133747,
        "profiling_runtime": 42631.396005138675
    },
    "promotion": {
        "arachne": 55.61611533164978,
        "arachne_runtime": 22579.337,
        "bq": 55.61611533164978,
        "bq_baseline_runtime": 22579.337,
        "multi_cloud_plan": "gcp",
        "percent_diff": 0.0,
        "profiling_cost": 119.61734810419311,
        "profiling_runtime": 66560.08396606258
    },
    "reason": {
        "arachne": 59.80892205238342,
        "arachne_runtime": 29149.644000000015,
        "bq": 59.80892205238342,
        "bq_baseline_runtime": 29149.644000000015,
        "multi_cloud_plan": "gcp",
        "percent_diff": 0.0,
        "profiling_cost": 124.12045537461107,
        "profiling_runtime": 74146.58618528643
    },
    "ship_mode": {
        "arachne": 61.315157651901245,
        "arachne_runtime": 29704.262000000006,
        "bq": 61.315157651901245,
        "bq_baseline_runtime": 29704.262000000006,
        "multi_cloud_plan": "gcp",
        "percent_diff": 0.0,
        "profiling_cost": 125.96400757710376,
        "profiling_runtime": 75805.9057080023
    },
    "store": {
        "arachne": 35.33292365074158,
        "arachne_runtime": 19434.616000000005,
        "bq": 35.33292365074158,
        "bq_baseline_runtime": 19434.616000000005,
        "multi_cloud_plan": "gcp",
        "percent_diff": 0.0,
        "profiling_cost": 97.58075236676379,
        "profiling_runtime": 57673.02723019718
    },
    "store_returns": {
        "arachne": 48.20420694351196,
        "arachne_runtime": 24971.006999999994,
        "bq": 48.20420694351196,
        "bq_baseline_runtime": 24971.006999999994,
        "multi_cloud_plan": "gcp",
        "percent_diff": 0.0,
        "profiling_cost": 108.78944685301857,
        "profiling_runtime": 66001.6090337278
    },
    "store_sales": {
        "arachne": 6.1207709312438965,
        "arachne_runtime": 8720.065,
        "bq": 6.1207709312438965,
        "bq_baseline_runtime": 8720.065,
        "multi_cloud_plan": "gcp",
        "percent_diff": 0.0,
        "profiling_cost": 40.20215905625641,
        "profiling_runtime": 23601.78207310062
    },
    "time_dim": {
        "arachne": 59.244383573532104,
        "arachne_runtime": 28742.781000000006,
        "bq": 59.244383573532104,
        "bq_baseline_runtime": 28742.781000000006,
        "multi_cloud_plan": "gcp",
        "percent_diff": 0.0,
        "profiling_cost": 123.80586037390253,
        "profiling_runtime": 74558.75989743375
    },
    "warehouse": {
        "arachne": 60.198357582092285,
        "arachne_runtime": 23665.579,
        "bq": 60.198357582092285,
        "bq_baseline_runtime": 23665.579,
        "multi_cloud_plan": "gcp",
        "percent_diff": 0.0,
        "profiling_cost": 124.20973172010085,
        "profiling_runtime": 67679.50959354368
    },
    "web_page": {
        "arachne": 60.160327434539795,
        "arachne_runtime": 29591.187000000013,
        "bq": 60.160327434539795,
        "bq_baseline_runtime": 29591.187000000013,
        "multi_cloud_plan": "gcp",
        "percent_diff": 0.0,
        "profiling_cost": 124.82288991729838,
        "profiling_runtime": 75737.76762631869
    },
    "web_returns": {
        "arachne": 52.6715931892395,
        "arachne_runtime": 27105.239999999998,
        "bq": 52.6715931892395,
        "bq_baseline_runtime": 27105.239999999998,
        "multi_cloud_plan": "gcp",
        "percent_diff": 0.0,
        "profiling_cost": 115.49178442817976,
        "profiling_runtime": 69701.56819950673
    },
    "web_sales": {
        "arachne": 31.312904596328735,
        "arachne_runtime": 19348.598999999995,
        "bq": 31.312904596328735,
        "bq_baseline_runtime": 19348.598999999995,
        "multi_cloud_plan": "gcp",
        "percent_diff": 0.0,