{
    "call_center": {
        "arachne": 25.82127999478355,
        "arachne_runtime": 40682.80064068815,
        "bq": 93.8852596282959,
        "bq_baseline_runtime": 29449.217,
        "multi_cloud_plan": "aws",
        "percent_diff": 72.4969818510239,
        "profiling_cost": 118.44805446041785,
        "profiling_runtime": 75079.86038848135
    },
    "catalog_page": {
        "arachne": 26.28941343732784,
        "arachne_runtime": 40739.32848439467,
        "bq": 88.67907047271729,
        "bq_baseline_runtime": 29104.663,
        "multi_cloud_plan": "aws",
        "percent_diff": 70.35443279097524,
        "profiling_cost": 113.3766331139986,
        "profiling_runtime": 75176.80913107358
    },
    "catalog_returns": {
        "arachne": 20.173180925758814,
        "arachne_runtime": 32345.73005925152,
        "bq": 77.67235279083252,
        "bq_baseline_runtime": 20833.99399999999,
        "multi_cloud_plan": "aws",
        "percent_diff": 74.02784877640553,
        "profiling_cost": 100.32794540166466,
        "profiling_runtime": 61310.47553901754
    },
    "catalog_sales": {
        "arachne": 43.26342565001819,
        "arachne_runtime": 23226.74005277096,
        "bq": 41.535258293151855,
        "bq_baseline_runtime": 12311.433,
        "multi_cloud_plan": "multi",
        "percent_diff": -4.16072375105771,
        "profiling_cost": 56.5677085485094,
        "profiling_runtime": 37778.68003044119
    },
    "customer": {
        "arachne": 23.957990295423382,
        "arachne_runtime": 33679.906864565244,
        "bq": 74.27536487579346,
        "bq_baseline_runtime": 23349.041000000005,
        "multi_cloud_plan": "aws",
        "percent_diff": 67.74436539559652,
        "profiling_cost": 95.72430545275938,
        "profiling_runtime": 58853.415351992735
    },
    "customer_address": {
        "arachne": 24.762896062891596,
        "arachne_runtime": 38785.280843917804,
        "bq": 76.7768144607544,
        "bq_baseline_runtime": 23769.81700000001,
        "multi_cloud_plan": "aws",
        "percent_diff": 67.74690870308312,
        "profiling_cost": 100.28324475020351,
        "profiling_runtime": 65961.46608809542
    },
    "customer_demographics": {
        "arachne": 25.23634186948467,
        "arachne_runtime": 33952.78392969131,
        "bq": 82.86781311035156,
        "bq_baseline_runtime": 21214.163000000008,
        "multi_cloud_plan": "aws",
        "percent_diff": 69.54626781826799,
        "profiling_cost": 106.53589449333444,
        "profiling_runtime": 63915.61898615147
    },
    "date_dim": {
        "arachne": 8.230876670558455,
        "arachne_runtime": 10261.21138313489,
        "bq": 10.604453086853027,
        "bq_baseline_runtime": 2806.4669999999996,
        "multi_cloud_plan": "multi",
        "percent_diff": 22.382827259967193,
        "profiling_cost": 27.653583847027477,
        "profiling_runtime": 23830.25519010127
    },
    "household_demographics": {
        "arachne": 25.46786699764379,
        "arachne_runtime": 34080.46011850457,
        "bq": 84.45921897888184,
        "bq_baseline_runtime": 21505.640000000007,
        "multi_cloud_plan": "aws",
        "percent_diff": 69.84595961749093,
        "profiling_cost": 108.21315689750405,
        "profiling_runtime": 64487.303827863514
    },
    "income_band": {
        "arachne": 26.231396161915978,
        "arachne_runtime": 40572.24513505646,
        "bq": 92.41918087005615,
        "bq_baseline_runtime": 29432.815000000006,
        "multi_cloud_plan": "aws",
        "percent_diff": 71.61693501828584,
        "profiling_cost": 117.0697018763679,
        "profiling_runtime": 75350.75816633695
    },
    "inventory": {
        "arachne": 25.515525982857735,
        "arachne_runtime": 34583.95175845864,
        "bq": 93.50381851196289,
        "bq_baseline_runtime": 23872.070999999996,
        "multi_cloud_plan": "aws",
        "percent_diff": 72.71178184066004,
        "profiling_cost": 117.41708469951843,
        "profiling_runtime": 67807.0568211265
    },
    "item": {
        "arachne": 17.632370301934913,
        "arachne_runtime": 23365.199232860934,
        "bq": 35.14582633972168,
        "bq_baseline_runtime": 11228.741999999998,
        "multi_cloud_plan": "aws",
        "percent_diff": 49.83082733210095,
        "profiling_cost": 55.3632651482153,
        "profiling_runtime": 42631.396005138675
    },
    "promotion": {
        "arachne": 21.174790515045103,
        "arachne_runtime": 34536.96682827953,
        "bq": 85.56325435638428,
        "bq_baseline_runtime": 22579.337000000007,
        "multi_cloud_plan": "aws",
        "percent_diff": 75.25247178321573,
        "profiling_cost": 109.62225761378589,
        "profiling_runtime": 66560.08396606255
    },
    "reason": {
        "arachne": 25.522141685839433,
        "arachne_runtime": 40383.25494380084,
        "bq": 92.01372623443604,
        "bq_baseline_runtime": 29149.644000000004,
        "multi_cloud_plan": "aws",
        "percent_diff": 72.26268000405379,
        "profiling_cost": 116.38302292250611,
        "profiling_runtime": 74146.58618528643
    },
    "ship_mode": {
        "arachne": 26.38767016856985,
        "arachne_runtime": 41060.97393067189,
        "bq": 94.33101177215576,
        "bq_baseline_runtime": 29704.262000000002,
        "multi_cloud_plan": "aws",
        "percent_diff": 72.02651633557602,
        "profiling_cost": 119.03762504930998,
        "profiling_runtime": 75805.9057080023
    },
    "store": {
        "arachne": 19.629068806764714,
        "arachne_runtime": 29474.952340095635,
        "bq": 54.358344078063965,
        "bq_baseline_runtime": 19434.616,
        "multi_cloud_plan": "aws",
        "percent_diff": 63.88950189767476,
        "profiling_cost": 76.6639454558876,
        "profiling_runtime": 57673.02723019719
    },
    "store_returns": {
        "arachne": 21.047812090506355,
        "arachne_runtime": 37488.24899923732,
        "bq": 74.16031837463379,
        "bq_baseline_runtime": 24971.007000000005,
        "multi_cloud_plan": "aws",
        "percent_diff": 71.6184982052266,
        "profiling_cost": 96.78408309303339,
        "profiling_runtime": 66001.6090337278
    },
    "store_sales": {
        "arachne": 8.856639411235783,
        "arachne_runtime": 9271.998296314066,
        "bq": 9.416570663452148,
        "bq_baseline_runtime": 8720.064999999999,
        "multi_cloud_plan": "multi",
        "percent_diff": 5.946233211943985,
        "profiling_cost": 20.151908028715173,
        "profiling_runtime": 23601.782073100618
    },
    "time_dim": {
        "arachne": 26.326043054350446,
        "arachne_runtime": 40859.248591109725,
        "bq": 91.1452054977417,
        "bq_baseline_runtime": 28742.781000000006,
        "multi_cloud_plan": "aws",
        "percent_diff": 71.11637094832956,
        "profiling_cost": 115.76456091586824,
        "profiling_runtime": 74558.75989743372
    },
    "warehouse": {
        "arachne": 21.65973207150786,
        "arachne_runtime": 35276.82815629018,
        "bq": 92.61285781860352,
        "bq_baseline_runtime": 23665.579000000005,
        "multi_cloud_plan": "aws",
        "percent_diff": 76.61260803123928,
        "profiling_cost": 116.6819954610074,
        "profiling_runtime": 67679.50959354368
    },
    "web_page": {
        "arachne": 26.17133372915601,
        "arachne_runtime": 40982.08007512927,
        "bq": 92.55434989929199,
        "bq_baseline_runtime": 29591.186999999994,
        "multi_cloud_plan": "aws",
        "percent_diff": 71.7232806911475,
        "profiling_cost": 117.27468263545649,
        "profiling_runtime": 75737.7676263187
    },
    "web_returns": {
        "arachne": 22.978902406645894,
        "arachne_runtime": 39143.14932551657,
        "bq": 81.0332202911377,
        "bq_baseline_runtime": 27105.239999999994,
        "multi_cloud_plan": "aws",
        "percent_diff": 71.64261481391601,
        "profiling_cost": 104.50830412318797,