{
    "call_center": {
        "arachne": 27.92350293469485,
        "arachne_runtime": 40682.80064068815,
        "bq": 93.8852596282959,
        "bq_baseline_runtime": 29449.216999999997,
        "multi_cloud_plan": "aws",
        "percent_diff": 70.25784127854823,
        "profiling_cost": 120.55027740032912,
        "profiling_runtime": 75079.86038848135
    },
    "catalog_page": {
        "arachne": 28.3916279168441,
        "arachne_runtime": 40739.32848439466,
        "bq": 88.67907047271729,
        "bq_baseline_runtime": 29104.663000000004,
        "multi_cloud_plan": "aws",
        "percent_diff": 67.98384583250794,
        "profiling_cost": 115.47884759351486,
        "profiling_runtime": 75176.80913107356
    },
    "catalog_returns": {
        "arachne": 22.210346464767376,
        "arachne_runtime": 32345.73005925152,
        "bq": 77.67235279083252,
        "bq_baseline_runtime": 20833.994000000006,
        "multi_cloud_plan": "aws",
        "percent_diff": 71.4050808727545,
        "profiling_cost": 102.36511944914773,
        "profiling_runtime": 61310.4755390175
    },
    "catalog_sales": {
        "arachne": 44.63906242631741,
        "arachne_runtime": 23226.74005277096,
        "bq": 41.535258293151855,
        "bq_baseline_runtime": 12311.433,
        "multi_cloud_plan": "multi",
        "percent_diff": -7.472697319610251,
        "profiling_cost": 58.00840282187041,
        "profiling_runtime": 37778.68003044118
    },
    "customer": {
        "arachne": 26.05594575677738,
        "arachne_runtime": 33679.906864565244,
        "bq": 74.27536487579346,
        "bq_baseline_runtime": 23349.040999999997,
        "multi_cloud_plan": "aws",
        "percent_diff": 64.91980106681498,
        "profiling_cost": 97.82226091667448,
        "profiling_runtime": 58853.415351992735
    },
    "customer_address": {
        "arachne": 26.863894387964756,
        "arachne_runtime": 38785.280843917804,
        "bq": 76.7768144607544,
        "bq_baseline_runtime": 23769.817000000006,
        "multi_cloud_plan": "aws",
        "percent_diff": 65.01040766454743,
        "profiling_cost": 102.38424307783781,
        "profiling_runtime": 65961.4660880954
    },
    "customer_demographics": {
        "arachne": 27.338506952019443,
        "arachne_runtime": 33952.78392969131,
        "bq": 82.86781311035156,
        "bq_baseline_runtime": 21214.163000000008,
        "multi_cloud_plan": "aws",
        "percent_diff": 67.00949871138278,
        "profiling_cost": 108.63805957843034,
        "profiling_runtime": 63915.61898615148
    },
    "date_dim": {
        "arachne": 9.21434208861504,
        "arachne_runtime": 10261.21138313489,
        "bq": 10.604453086853027,
        "bq_baseline_runtime": 2806.4669999999996,
        "multi_cloud_plan": "multi",
        "percent_diff": 13.108747682248618,
        "profiling_cost": 29.755796870639752,
        "profiling_runtime": 23830.255190101274
    },
    "household_demographics": {
        "arachne": 27.570089807193202,
        "arachne_runtime": 34080.46011850457,
        "bq": 84.45921897888184,
        "bq_baseline_runtime": 21505.639999999992,
        "multi_cloud_plan": "aws",
        "percent_diff": 67.35692072396878,
        "profiling_cost": 110.31537970961462,
        "profiling_runtime": 64487.30382786354
    },
    "income_band": {
        "arachne": 28.333619147345665,
        "arachne_runtime": 40572.24513505645,
        "bq": 92.41918087005615,
        "bq_baseline_runtime": 29432.815000000002,
        "multi_cloud_plan": "aws",
        "percent_diff": 69.3422741030528,
        "profiling_cost": 119.17192486179754,
        "profiling_runtime": 75350.75816633698
    },
    "inventory": {
        "arachne": 27.592070387600042,
        "arachne_runtime": 34583.95175845864,
        "bq": 93.50381851196289,
        "bq_baseline_runtime": 23872.071000000004,
        "multi_cloud_plan": "aws",
        "percent_diff": 70.49096943129663,
        "profiling_cost": 119.4936291042608,
        "profiling_runtime": 67807.05682112649
    },
    "item": {
        "arachne": 19.708739833178022,
        "arachne_runtime": 23365.199232860934,
        "bq": 35.14582633972168,
        "bq_baseline_runtime": 11228.741999999997,
        "multi_cloud_plan": "aws",
        "percent_diff": 43.92295789926191,
        "profiling_cost": 57.46531364463768,
        "profiling_runtime": 42631.396005138675
    },
    "promotion": {
        "arachne": 23.2770131211052,
        "arachne_runtime": 34536.96682827953,
        "bq": 85.56325435638428,
        "bq_baseline_runtime": 22579.33700000001,
        "multi_cloud_plan": "aws",
        "percent_diff": 72.79554956599381,
        "profiling_cost": 111.72448021984594,
        "profiling_runtime": 66560.08396606258
    },
    "reason": {
        "arachne": 27.624364666584565,
        "arachne_runtime": 40383.254943800835,
        "bq": 92.01372623443604,
        "bq_baseline_runtime": 29149.644000000015,
        "multi_cloud_plan": "aws",
        "percent_diff": 69.9779958957404,
        "profiling_cost": 118.4852459032512,
        "profiling_runtime": 74146.5861852864
    },
    "ship_mode": {
        "arachne": 28.489893150046075,
        "arachne_runtime": 41060.97393067189,
        "bq": 94.33101177215576,
        "bq_baseline_runtime": 29704.261999999995,
        "multi_cloud_plan": "aws",
        "percent_diff": 69.79795656293851,
        "profiling_cost": 121.13984803078615,
        "profiling_runtime": 75805.90570800228
    },
    "store": {
        "arachne": 21.731282789774284,
        "arachne_runtime": 29474.952340095635,
        "bq": 54.358344078063965,
        "bq_baseline_runtime": 19434.616,
        "multi_cloud_plan": "aws",
        "percent_diff": 60.02217661640684,
        "profiling_cost": 78.76616794737174,
        "profiling_runtime": 57673.02723019717
    },
    "store_returns": {
        "arachne": 23.045775957949967,
        "arachne_runtime": 37488.24899923732,
        "bq": 74.16031837463379,
        "bq_baseline_runtime": 24971.007,
        "multi_cloud_plan": "aws",
        "percent_diff": 68.92438373642058,
        "profiling_cost": 98.78205547151268,
        "profiling_runtime": 66001.60903372781
    },
    "store_sales": {
        "arachne": 8.882502464969265,
        "arachne_runtime": 9271.998296314068,
        "bq": 9.416570663452148,
        "bq_baseline_runtime": 8720.065,
        "multi_cloud_plan": "multi",
        "percent_diff": 5.671578513775966,
        "profiling_cost": 21.380647542386196,
        "profiling_runtime": 23601.782073100618
    },
    "time_dim": {
        "arachne": 28.42825996920539,
        "arachne_runtime": 40859.24859110972,
        "bq": 91.1452054977417,
        "bq_baseline_runtime": 28742.781,
        "multi_cloud_plan": "aws",
        "percent_diff": 68.8099227886323,
        "profiling_cost": 117.86677783072312,
        "profiling_runtime": 74558.75989743373
    },
    "warehouse": {
        "arachne": 23.76195503844614,
        "arachne_runtime": 35276.82815629018,
        "bq": 92.61285781860352,
        "bq_baseline_runtime": 23665.57900000001,
        "multi_cloud_plan": "aws",
        "percent_diff": 74.34270402821652,
        "profiling_cost": 118.78421843446027,
        "profiling_runtime": 67679.50959354368
    },
    "web_page": {
        "arachne": 28.273556347397804,
        "arachne_runtime": 40982.08007512928,
        "bq": 92.55434989929199,
        "bq_baseline_runtime": 29591.186999999998,
        "multi_cloud_plan": "aws",
        "percent_diff": 69.4519421527328,
        "profiling_cost": 119.37690525369824,
        "profiling_runtime": 75737.7676263187
    },
    "web_returns": {
        "arachne": 25.049689024849748,
        "arachne_runtime": 39143.14932551657,
        "bq": 81.0332202911377,
        "bq_baseline_runtime": 27105.24,
        "multi_cloud_plan": "aws",
        "percent_diff": 69.08713619568523,
        "profiling_cost": 106.5790992498664,