{
    "call_center": {
        "arachne": 14.082788944244385,
        "arachne_runtime": 29449.217000000004,
        "bq": 14.082788944244385,
        "bq_baseline_runtime": 29449.217000000004,
        "multi_cloud_plan": "gcp",
        "percent_diff": 0.0,
        "profiling_cost": 78.58781963468098,
        "profiling_runtime": 75079.86038848133
    },
    "catalog_page": {
        "arachne": 13.301860570907593,
        "arachne_runtime": 29104.663000000004,
        "bq": 13.301860570907593,
        "bq_baseline_runtime": 29104.663000000004,
        "multi_cloud_plan": "gcp",
        "percent_diff": 0.0,
        "profiling_cost": 77.94149832299786,
        "profiling_runtime": 75176.80913107358
    },
    "catalog_returns": {
        "arachne": 11.650852918624878,
        "arachne_runtime": 20833.994000000002,
        "bq": 11.650852918624878,
        "bq_baseline_runtime": 20833.994000000002,
        "multi_cloud_plan": "gcp",
        "percent_diff": 0.0,
        "profiling_cost": 73.01275243163646,
        "profiling_runtime": 61310.475539017505
    },
    "catalog_sales": {
        "arachne": 6.230288743972778,
        "arachne_runtime": 12311.432999999999,
        "bq": 6.230288743972778,
        "bq_baseline_runtime": 12311.432999999999,
        "multi_cloud_plan": "gcp",
        "percent_diff": 0.0,
        "profiling_cost": 48.635930193189424,
        "profiling_runtime": 37778.68003044119
    },
    "customer": {
        "arachne": 11.141304731369019,
        "arachne_runtime": 23349.041,
        "bq": 11.141304731369019,
        "bq_baseline_runtime": 23349.041,
        "multi_cloud_plan": "gcp",
        "percent_diff": 0.0,
        "profiling_cost": 72.45139912272245,
        "profiling_runtime": 58853.415351992735
    },
    "customer_address": {
        "arachne": 11.51652216911316,
        "arachne_runtime": 23769.817000000006,
        "bq": 11.51652216911316,
        "bq_baseline_runtime": 23769.817000000006,
        "multi_cloud_plan": "gcp",
        "percent_diff": 0.0,
        "profiling_cost": 74.94192068361392,
        "profiling_runtime": 65961.4660880954
    },
    "customer_demographics": {
        "arachne": 12.430171966552734,
        "arachne_runtime": 21214.163000000008,
        "bq": 12.430171966552734,
        "bq_baseline_runtime": 21214.163000000008,
        "multi_cloud_plan": "gcp",
        "percent_diff": 0.0,
        "profiling_cost": 76.03938996635794,
        "profiling_runtime": 63915.61898615146
    },
    "date_dim": {
        "arachne": 1.590667963027954,
        "arachne_runtime": 2806.467,
        "bq": 1.590667963027954,
        "bq_baseline_runtime": 2806.467,
        "multi_cloud_plan": "gcp",
        "percent_diff": 0.0,
        "profiling_cost": 58.58184617183564,
        "profiling_runtime": 23830.255190101274
    },
    "household_demographics": {
        "arachne": 12.668882846832275,
        "arachne_runtime": 21505.64,
        "bq": 12.668882846832275,
        "bq_baseline_runtime": 21505.64,
        "multi_cloud_plan": "gcp",
        "percent_diff": 0.0,
        "profiling_cost": 76.36505419555512,
        "profiling_runtime": 64487.30382786351
    },
    "income_band": {
        "arachne": 13.862877130508423,
        "arachne_runtime": 29432.815000000006,
        "bq": 13.862877130508423,
        "bq_baseline_runtime": 29432.815000000006,
        "multi_cloud_plan": "gcp",
        "percent_diff": 0.0,
        "profiling_cost": 78.45563485998424,
        "profiling_runtime": 75350.75816633698
    },
    "inventory": {
        "arachne": 14.025572776794434,
        "arachne_runtime": 23872.071,
        "bq": 14.025572776794434,
        "bq_baseline_runtime": 23872.071,
        "multi_cloud_plan": "gcp",
        "percent_diff": 0.0,
        "profiling_cost": 77.39318265445385,
        "profiling_runtime": 67807.05682112649
    },
    "item": {
        "arachne": 5.271873950958252,
        "arachne_runtime": 11228.742,
        "bq": 5.271873950958252,
        "bq_baseline_runtime": 11228.742,
        "multi_cloud_plan": "gcp",
        "percent_diff": 0.0,
        "profiling_cost": 65.42823419147666,
        "profiling_runtime": 42631.39600513867
    },
    "promotion": {
        "arachne": 12.834488153457642,
        "arachne_runtime": 22579.337000000003,
        "bq": 12.834488153457642,
        "bq_baseline_runtime": 22579.337000000003,
        "multi_cloud_plan": "gcp",
        "percent_diff": 0.0,
        "profiling_cost": 76.83572092600099,
        "profiling_runtime": 66560.08396606258
    },
    "reason": {
        "arachne": 13.802058935165405,
        "arachne_runtime": 29149.644000000004,
        "bq": 13.802058935165405,
        "bq_baseline_runtime": 29149.644000000004,
        "multi_cloud_plan": "gcp",
        "percent_diff": 0.0,
        "profiling_cost": 78.11359225739305,
        "profiling_runtime": 74146.58618528643
    },
    "ship_mode": {
        "arachne": 14.149651765823364,
        "arachne_runtime": 29704.262000000002,
        "bq": 14.149651765823364,
        "bq_baseline_runtime": 29704.262000000002,
        "multi_cloud_plan": "gcp",
        "percent_diff": 0.0,
        "profiling_cost": 78.79850169102588,
        "profiling_runtime": 75805.90570800228
    },
    "store": {
        "arachne": 8.153751611709595,
        "arachne_runtime": 19434.616000000005,
        "bq": 8.153751611709595,
        "bq_baseline_runtime": 19434.616000000005,
        "multi_cloud_plan": "gcp",
        "percent_diff": 0.0,
        "profiling_cost": 70.40158032773182,
        "profiling_runtime": 57673.027230197185
    },
    "store_returns": {
        "arachne": 11.124047756195068,
        "arachne_runtime": 24971.007000000012,
        "bq": 11.124047756195068,
        "bq_baseline_runtime": 24971.007000000012,
        "multi_cloud_plan": "gcp",
        "percent_diff": 0.0,
        "profiling_cost": 71.70928766570167,
        "profiling_runtime": 66001.60903372779
    },
    "store_sales": {
        "arachne": 1.4124855995178223,
        "arachne_runtime": 8720.065,
        "bq": 1.4124855995178223,
        "bq_baseline_runtime": 8720.065,
        "multi_cloud_plan": "gcp",
        "percent_diff": 0.0,
        "profiling_cost": 35.49387372453034,
        "profiling_runtime": 23601.782073100618
    },
    "time_dim": {
        "arachne": 13.671780824661255,
        "arachne_runtime": 28742.781000000003,
        "bq": 13.671780824661255,
        "bq_baseline_runtime": 28742.781000000003,
        "multi_cloud_plan": "gcp",
        "percent_diff": 0.0,
        "profiling_cost": 78.2332576250317,
        "profiling_runtime": 74558.75989743373
    },
    "warehouse": {
        "arachne": 13.891928672790527,
        "arachne_runtime": 23665.579,
        "bq": 13.891928672790527,
        "bq_baseline_runtime": 23665.579,
        "multi_cloud_plan": "gcp",
        "percent_diff": 0.0,
        "profiling_cost": 77.90330281079912,
        "profiling_runtime": 67679.50959354367
    },
    "web_page": {
        "arachne": 13.883152484893799,
        "arachne_runtime": 29591.187000000016,
        "bq": 13.883152484893799,
        "bq_baseline_runtime": 29591.187000000016,
        "multi_cloud_plan": "gcp",
        "percent_diff": 0.0,
        "profiling_cost": 78.54571496765237,
        "profiling_runtime": 75737.76762631867
    },
    "web_returns": {
        "arachne": 12.154983043670654,
        "arachne_runtime": 27105.239999999998,
        "bq": 12.154983043670654,
        "bq_baseline_runtime": 27105.239999999998,
        "multi_cloud_plan": "gcp",
        "percent_diff": 0.0,
        "profiling_cost": 74.97517428261091,
        "profiling_runtime": 69701.56819950673
    },
    "web_sales": {
        "arachne": 7.226054906845093,
        "arachne_runtime": 19348.599000000006,
        "bq": 7.226054906845093,
        "bq_baseline_runtime": 19348.599000000006,
        "multi_cloud_plan": "gcp",
        "percent_diff": 0.0,
        "profiling_cost": 58.78038286064699,