{
    "call_center": {
        "arachne": 11.04427769462684,
        "arachne_runtime": 35222.031975244725,
        "bq": 93.8852596282959,
        "bq_baseline_runtime": 29449.217000000008,
        "multi_cloud_plan": "aws",
        "percent_diff": 88.23640927409416,
        "profiling_cost": 107.93693976086132,
        "profiling_runtime": 75079.86038848135
    },
    "catalog_page": {
        "arachne": 11.150518858618366,
        "arachne_runtime": 35510.587105257626,
        "bq": 88.67907047271729,
        "bq_baseline_runtime": 29104.66300000001,
        "multi_cloud_plan": "aws",
        "percent_diff": 87.42598586207679,
        "profiling_cost": 102.86556071641732,
        "profiling_runtime": 75176.80913107359
    },
    "catalog_returns": {
        "arachne": 9.987353230715986,
        "arachne_runtime": 32345.73005925152,
        "bq": 77.67235279083252,
        "bq_baseline_runtime": 20833.994,
        "multi_cloud_plan": "aws",
        "percent_diff": 87.1416882946608,
        "profiling_cost": 90.14207516424892,
        "profiling_runtime": 61310.475539017534
    },
    "catalog_sales": {
        "arachne": 6.2682856354115914,
        "arachne_runtime": 20009.81254067074,
        "bq": 41.535258293151855,
        "bq_baseline_runtime": 12311.433,
        "multi_cloud_plan": "multi",
        "percent_diff": 84.9085189475153,
        "profiling_cost": 49.36423718170438,
        "profiling_runtime": 37778.68003044119
    },
    "customer": {
        "arachne": 8.840374735660498,
        "arachne_runtime": 28451.165485428202,
        "bq": 74.27536487579346,
        "bq_baseline_runtime": 23349.041000000005,
        "multi_cloud_plan": "aws",
        "percent_diff": 88.0978373509928,
        "profiling_cost": 85.23452813318372,
        "profiling_runtime": 58853.415351992735
    },
    "customer_address": {
        "arachne": 10.355600609808832,
        "arachne_runtime": 33160.97856215473,
        "bq": 76.7768144607544,
        "bq_baseline_runtime": 23769.817000000003,
        "multi_cloud_plan": "aws",
        "percent_diff": 86.51207310105026,
        "profiling_cost": 89.77825311203205,
        "profiling_runtime": 65961.4660880954
    },
    "customer_demographics": {
        "arachne": 10.653505600387383,
        "arachne_runtime": 33965.38344133567,
        "bq": 82.86781311035156,
        "bq_baseline_runtime": 21214.162999999997,
        "multi_cloud_plan": "aws",
        "percent_diff": 87.1439764119266,
        "profiling_cost": 96.02506906785489,
        "profiling_runtime": 63915.61898615147
    },
    "date_dim": {
        "arachne": 3.31354958027553,
        "arachne_runtime": 10261.21138313489,
        "bq": 10.604453086853027,
        "bq_baseline_runtime": 2806.467,
        "multi_cloud_plan": "multi",
        "percent_diff": 68.75322514856013,
        "profiling_cost": 17.142518728966103,
        "profiling_runtime": 23830.25519010127
    },
    "household_demographics": {
        "arachne": 10.709023812698947,
        "arachne_runtime": 34147.18241449646,
        "bq": 84.45921897888184,
        "bq_baseline_runtime": 21505.640000000003,
        "multi_cloud_plan": "aws",
        "percent_diff": 87.32047970349261,
        "profiling_cost": 97.70204283695129,
        "profiling_runtime": 64487.30382786353
    },
    "income_band": {
        "arachne": 11.092459085737337,
        "arachne_runtime": 35343.50375591942,
        "bq": 92.41918087005615,
        "bq_baseline_runtime": 29432.814999999995,
        "multi_cloud_plan": "aws",
        "percent_diff": 87.99766565629528,
        "profiling_cost": 106.55858694921939,
        "profiling_runtime": 75350.75816633698
    },
    "inventory": {
        "arachne": 10.885001574988964,
        "arachne_runtime": 34650.674054450545,
        "bq": 93.50381851196289,
        "bq_baseline_runtime": 23872.071000000007,
        "multi_cloud_plan": "aws",
        "percent_diff": 88.35876251022162,
        "profiling_cost": 107.03436267580686,
        "profiling_runtime": 67807.05682112649
    },
    "item": {
        "arachne": 7.250522645719373,
        "arachne_runtime": 23365.199232860934,
        "bq": 35.14582633972168,
        "bq_baseline_runtime": 11228.742000000004,
        "multi_cloud_plan": "aws",
        "percent_diff": 79.37017449629614,
        "profiling_cost": 44.85302266610352,
        "profiling_runtime": 42631.39600513867
    },
    "promotion": {
        "arachne": 10.663677484744627,
        "arachne_runtime": 34536.96682827953,
        "bq": 85.56325435638428,
        "bq_baseline_runtime": 22579.336999999996,
        "multi_cloud_plan": "aws",
        "percent_diff": 87.53708286932526,
        "profiling_cost": 99.11114458348534,
        "profiling_runtime": 66560.08396606258
    },
    "reason": {
        "arachne": 11.087268178156517,
        "arachne_runtime": 35303.439820599466,
        "bq": 92.01372623443604,
        "bq_baseline_runtime": 29149.643999999997,
        "multi_cloud_plan": "aws",
        "percent_diff": 87.95041932123479,
        "profiling_cost": 105.8719080187804,
        "profiling_runtime": 74146.58618528643
    },
    "ship_mode": {
        "arachne": 11.248733112143613,
        "arachne_runtime": 35832.23255153485,
        "bq": 94.33101177215576,
        "bq_baseline_runtime": 29704.261999999988,
        "multi_cloud_plan": "aws",
        "percent_diff": 88.07525446741369,
        "profiling_cost": 108.52651014192887,
        "profiling_runtime": 75805.9057080023
    },
    "store": {
        "arachne": 9.117998891716866,
        "arachne_runtime": 29474.952340095635,
        "bq": 54.358344078063965,
        "bq_baseline_runtime": 19434.615999999998,
        "multi_cloud_plan": "aws",
        "percent_diff": 83.22612830401435,
        "profiling_cost": 66.15283299846693,
        "profiling_runtime": 57673.027230197185
    },
    "store_returns": {
        "arachne": 10.069733709388743,
        "arachne_runtime": 32399.62794563892,
        "bq": 74.16031837463379,
        "bq_baseline_runtime": 24971.007000000016,
        "multi_cloud_plan": "aws",
        "percent_diff": 86.42166871706277,
        "profiling_cost": 86.79422120063676,
        "profiling_runtime": 66001.60903372777
    },
    "store_sales": {
        "arachne": 6.059166487950064,
        "arachne_runtime": 12085.640011994932,
        "bq": 9.416570663452148,
        "bq_baseline_runtime": 8720.065,
        "multi_cloud_plan": "multi",
        "percent_diff": 35.65421314718036,
        "profiling_cost": 14.008210460360052,
        "profiling_runtime": 23601.78207310062
    },
    "time_dim": {
        "arachne": 11.187136308137564,
        "arachne_runtime": 35630.50721197268,
        "bq": 91.1452054977417,
        "bq_baseline_runtime": 28742.781,
        "multi_cloud_plan": "aws",
        "percent_diff": 87.72602876141987,
        "profiling_cost": 105.2534763415935,
        "profiling_runtime": 74558.75989743372
    },
    "warehouse": {
        "arachne": 11.151340148888677,
        "arachne_runtime": 35111.43191587842,
        "bq": 92.61285781860352,
        "bq_baseline_runtime": 23665.57900000001,
        "multi_cloud_plan": "aws",
        "percent_diff": 87.95918794479888,
        "profiling_cost": 106.17088059374295,
        "profiling_runtime": 67679.50959354368
    },
    "web_page": {
        "arachne": 11.2081169234127,
        "arachne_runtime": 35699.2159116447,
        "bq": 92.55434989929199,
        "bq_baseline_runtime": 29591.187000000005,
        "multi_cloud_plan": "aws",
        "percent_diff": 87.89023213321879,
        "profiling_cost": 106.7635695442475,
        "profiling_runtime": 75737.76762631869
    },
    "web_returns": {
        "arachne": 10.557742983470366,
        "arachne_runtime": 33749.23896589743,
        "bq": 81.0332202911377,
        "bq_baseline_runtime": 27105.239999999998,
        "multi_cloud_plan": "aws",
        "percent_diff": 86.97109291036651,
        "profiling_cost": 94.15432848979589,