{
    "call_center": {
        "arachne": 217.17752675394934,
        "arachne_runtime": 46061.99587674734,
        "bq": 178.3819932937622,
        "bq_baseline_runtime": 29449.217000000008,
        "multi_cloud_plan": "aws",
        "percent_diff": -21.74857043799149,
        "profiling_cost": 242.8870239841988,
        "profiling_runtime": 75079.86038848132
    },
    "catalog_page": {
        "arachne": 207.2846750294266,
        "arachne_runtime": 45714.53193585264,
        "bq": 168.49023389816284,
        "bq_baseline_runtime": 29104.662999999997,
        "multi_cloud_plan": "aws",
        "percent_diff": -23.024741691979315,
        "profiling_cost": 233.1298716502532,
        "profiling_runtime": 75176.80913107359
    },
    "catalog_returns": {
        "arachne": 184.66363826474716,
        "arachne_runtime": 36980.614608196,
        "bq": 147.5774703025818,
        "bq_baseline_runtime": 20833.99400000001,
        "multi_cloud_plan": "aws",
        "percent_diff": -25.129965899352168,
        "profiling_cost": 208.93936981559347,
        "profiling_runtime": 61310.47553901752
    },
    "catalog_sales": {
        "arachne": 89.11211636648886,
        "arachne_runtime": 20436.090563901278,
        "bq": 78.91699075698853,
        "bq_baseline_runtime": 12311.432999999999,
        "multi_cloud_plan": "multi",
        "percent_diff": -12.91879671501223,
        "profiling_cost": 121.32263220620517,
        "profiling_runtime": 37778.680030441195
    },
    "customer": {
        "arachne": 179.83082173018315,
        "arachne_runtime": 39946.88414425503,
        "bq": 141.12319326400757,
        "bq_baseline_runtime": 23349.041000000012,
        "multi_cloud_plan": "aws",
        "percent_diff": -27.42825440022669,
        "profiling_cost": 202.43328765536108,
        "profiling_runtime": 58853.41535199272
    },
    "customer_address": {
        "arachne": 184.66295149315516,
        "arachne_runtime": 40387.57533441158,
        "bq": 145.87594747543335,
        "bq_baseline_runtime": 23769.81700000001,
        "multi_cloud_plan": "aws",
        "percent_diff": -26.58903314013014,
        "profiling_cost": 209.3013459899341,
        "profiling_runtime": 65961.46608809542
    },
    "customer_demographics": {
        "arachne": 196.26745296819715,
        "arachne_runtime": 37843.383383358,
        "bq": 157.44884490966797,
        "bq_baseline_runtime": 21214.163000000008,
        "multi_cloud_plan": "aws",
        "percent_diff": -24.654742993383223,
        "profiling_cost": 221.05806290947325,
        "profiling_runtime": 63915.61898615147
    },
    "date_dim": {
        "arachne": 20.148460865020752,
        "arachne_runtime": 2806.4669999999996,
        "bq": 20.148460865020752,
        "bq_baseline_runtime": 2806.4669999999996,
        "multi_cloud_plan": "gcp",
        "percent_diff": 0.0,
        "profiling_cost": 77.13963907382843,
        "profiling_runtime": 23830.25519010127
    },
    "household_demographics": {
        "arachne": 204.65822318768707,
        "arachne_runtime": 38617.902099730534,
        "bq": 160.4725160598755,
        "bq_baseline_runtime": 21505.640000000003,
        "multi_cloud_plan": "aws",
        "percent_diff": -27.534750630646943,
        "profiling_cost": 224.1686874085984,
        "profiling_runtime": 64487.303827863514
    },
    "income_band": {
        "arachne": 214.41761425100285,
        "arachne_runtime": 46065.8271705465,
        "bq": 175.5964436531067,
        "bq_baseline_runtime": 29432.815000000002,
        "multi_cloud_plan": "aws",
        "percent_diff": -22.1081758777461,
        "profiling_cost": 240.18920138258252,
        "profiling_runtime": 75350.75816633698
    },
    "inventory": {
        "arachne": 60.53543787869794,
        "arachne_runtime": 34659.920544021166,
        "bq": 177.6572551727295,
        "bq_baseline_runtime": 23872.071000000007,
        "multi_cloud_plan": "aws",
        "percent_diff": 65.92571588486966,
        "profiling_cost": 241.02486505038894,
        "profiling_runtime": 67807.05682112649
    },
    "item": {
        "arachne": 57.083391395553974,
        "arachne_runtime": 23365.199232860934,
        "bq": 66.77707004547119,
        "bq_baseline_runtime": 11228.742000000004,
        "multi_cloud_plan": "aws",
        "percent_diff": 14.51647795166275,
        "profiling_cost": 126.9334302859896,
        "profiling_runtime": 42631.39600513867
    },
    "promotion": {
        "arachne": 201.3656560621346,
        "arachne_runtime": 39191.94350341991,
        "bq": 162.57018327713013,
        "bq_baseline_runtime": 22579.337000000003,
        "multi_cloud_plan": "aws",
        "percent_diff": -23.863830379566352,
        "profiling_cost": 226.57141604967353,
        "profiling_runtime": 66560.08396606258
    },
    "reason": {
        "arachne": 219.27048874764003,
        "arachne_runtime": 46133.91075313273,
        "bq": 174.82607984542847,
        "bq_baseline_runtime": 29149.643999999997,
        "multi_cloud_plan": "aws",
        "percent_diff": -25.422070289230785,
        "profiling_cost": 239.1376131676562,
        "profiling_runtime": 74146.58618528642
    },
    "ship_mode": {
        "arachne": 218.0245057228787,
        "arachne_runtime": 46317.201004427145,
        "bq": 179.22892236709595,
        "bq_baseline_runtime": 29704.261999999995,
        "multi_cloud_plan": "aws",
        "percent_diff": -21.645827494472012,
        "profiling_cost": 243.87777229229854,
        "profiling_runtime": 75805.90570800228
    },
    "store": {
        "arachne": 147.14380782827482,
        "arachne_runtime": 36490.70630793965,
        "bq": 103.28085374832153,
        "bq_baseline_runtime": 19434.616000000005,
        "multi_cloud_plan": "aws",
        "percent_diff": -42.46958897806954,
        "profiling_cost": 165.52868246434375,
        "profiling_runtime": 57673.027230197185
    },
    "store_returns": {
        "arachne": 178.00814339656603,
        "arachne_runtime": 41051.940832174565,
        "bq": 140.9046049118042,
        "bq_baseline_runtime": 24971.007000000005,
        "multi_cloud_plan": "aws",
        "percent_diff": -26.33238176139515,
        "profiling_cost": 201.48984482131078,
        "profiling_runtime": 66001.60903372781
    },
    "store_sales": {
        "arachne": 17.012443254925866,
        "arachne_runtime": 9271.998296314068,
        "bq": 17.891484260559082,
        "bq_baseline_runtime": 8720.065,
        "multi_cloud_plan": "multi",
        "percent_diff": 4.913181001818946,
        "profiling_cost": 51.97287238557159,
        "profiling_runtime": 23601.78207310062
    },
    "time_dim": {
        "arachne": 217.3358916895455,
        "arachne_runtime": 45835.01332250735,
        "bq": 173.17589044570923,
        "bq_baseline_runtime": 28742.78100000001,
        "multi_cloud_plan": "aws",
        "percent_diff": -25.50008614373515,
        "profiling_cost": 237.73736724607977,
        "profiling_runtime": 74558.7598974337
    },
    "warehouse": {
        "arachne": 61.11833032622124,
        "arachne_runtime": 34760.799596076904,
        "bq": 175.96442985534668,
        "bq_baseline_runtime": 23665.579000000005,
        "multi_cloud_plan": "multi",
        "percent_diff": 65.26665623474916,
        "profiling_cost": 239.9758039933555,
        "profiling_runtime": 67679.50959354368
    },
    "web_page": {
        "arachne": 214.94474627726342,
        "arachne_runtime": 46236.79759236789,
        "bq": 175.85326480865479,
        "bq_baseline_runtime": 29591.186999999998,
        "multi_cloud_plan": "aws",
        "percent_diff": -22.229602339850736,
        "profiling_cost": 240.5158272914134,
        "profiling_runtime": 75737.76762631873
    },
    "web_returns": {
        "arachne": 191.93932336922174,
        "arachne_runtime": 43514.61384150396,
        "bq": 153.96311855316162,
        "bq_baseline_runtime": 27105.24,
        "multi_cloud_plan": "aws",
        "percent_diff": -24.665780462836878,