{
    "call_center": {
        "arachne": 59.23045261812326,
        "arachne_runtime": 35243.20573469564,
        "bq": 93.8852596282959,
        "bq_baseline_runtime": 29449.217,
        "multi_cloud_plan": "aws",
        "percent_diff": 36.911872159032825,
        "profiling_cost": 156.2880673788212,
        "profiling_runtime": 75079.86038848135
    },
    "catalog_page": {
        "arachne": 59.314724351796905,
        "arachne_runtime": 35519.83359482825,
        "bq": 88.67907047271729,
        "bq_baseline_runtime": 29104.663000000004,
        "multi_cloud_plan": "aws",
        "percent_diff": 33.11305132585317,
        "profiling_cost": 151.21649374529127,
        "profiling_runtime": 75176.80913107358
    },
    "catalog_returns": {
        "arachne": 56.78197693035804,
        "arachne_runtime": 32191.5600579147,
        "bq": 77.67235279083252,
        "bq_baseline_runtime": 20833.993999999995,
        "multi_cloud_plan": "multi",
        "percent_diff": 26.89551057727212,
        "profiling_cost": 136.99707825636105,
        "profiling_runtime": 61310.47553901751
    },
    "catalog_sales": {
        "arachne": 32.65173327977759,
        "arachne_runtime": 17638.524528735903,
        "bq": 41.535258293151855,
        "bq_baseline_runtime": 12311.432999999999,
        "multi_cloud_plan": "multi",
        "percent_diff": 21.387913253542816,
        "profiling_cost": 82.50020546900747,
        "profiling_runtime": 37778.68003044119
    },
    "customer": {
        "arachne": 57.04589335391504,
        "arachne_runtime": 28411.774179855693,
        "bq": 74.27536487579346,
        "bq_baseline_runtime": 23349.040999999997,
        "multi_cloud_plan": "aws",
        "percent_diff": 23.196751104071044,
        "profiling_cost": 133.4875038032318,
        "profiling_runtime": 58853.41535199275
    },
    "customer_address": {
        "arachne": 58.5668954099441,
        "arachne_runtime": 33162.80323300358,
        "bq": 76.7768144607544,
        "bq_baseline_runtime": 23769.81700000001,
        "multi_cloud_plan": "aws",
        "percent_diff": 23.717992441739767,
        "profiling_cost": 138.10121464762088,
        "profiling_runtime": 65961.4660880954
    },
    "customer_demographics": {
        "arachne": 58.851520702373236,
        "arachne_runtime": 34006.62768272018,
        "bq": 82.86781311035156,
        "bq_baseline_runtime": 21214.163000000004,
        "multi_cloud_plan": "aws",
        "percent_diff": 28.981448292833367,
        "profiling_cost": 144.37486602506095,
        "profiling_runtime": 63915.61898615148
    },
    "date_dim": {
        "arachne": 10.604453086853027,
        "arachne_runtime": 2806.4669999999996,
        "bq": 10.604453086853027,
        "bq_baseline_runtime": 2806.4669999999996,
        "multi_cloud_plan": "gcp",
        "percent_diff": 0.0,
        "profiling_cost": 65.49341827204843,
        "profiling_runtime": 23830.255190101274
    },
    "household_demographics": {
        "arachne": 58.90836665601732,
        "arachne_runtime": 34188.426655880976,
        "bq": 84.45921897888184,
        "bq_baseline_runtime": 21505.639999999992,
        "multi_cloud_plan": "aws",
        "percent_diff": 30.252295287330615,
        "profiling_cost": 146.05316751549412,
        "profiling_runtime": 64487.303827863536
    },
    "income_band": {
        "arachne": 59.270031136151,
        "arachne_runtime": 35372.820727423634,
        "bq": 92.41918087005615,
        "bq_baseline_runtime": 29432.81500000001,
        "multi_cloud_plan": "aws",
        "percent_diff": 35.86825745676512,
        "profiling_cost": 154.9097156141023,
        "profiling_runtime": 75350.75816633695
    },
    "inventory": {
        "arachne": 58.45878618559504,
        "arachne_runtime": 34659.920544021166,
        "bq": 93.50381851196289,
        "bq_baseline_runtime": 23872.071000000007,
        "multi_cloud_plan": "aws",
        "percent_diff": 37.47978733283945,
        "profiling_cost": 154.79488398488004,
        "profiling_runtime": 67807.05682112649
    },
    "item": {
        "arachne": 35.14582633972168,
        "arachne_runtime": 11228.741999999997,
        "bq": 35.14582633972168,
        "bq_baseline_runtime": 11228.741999999997,
        "multi_cloud_plan": "gcp",
        "percent_diff": 0.0,
        "profiling_cost": 93.20013808381772,
        "profiling_runtime": 42631.39600513867
    },
    "promotion": {
        "arachne": 59.01479742412682,
        "arachne_runtime": 34536.96682827953,
        "bq": 85.56325435638428,
        "bq_baseline_runtime": 22579.33700000001,
        "multi_cloud_plan": "aws",
        "percent_diff": 31.027871873221418,
        "profiling_cost": 147.46226452286757,
        "profiling_runtime": 66560.08396606258
    },
    "reason": {
        "arachne": 59.25166920263367,
        "arachne_runtime": 35312.68631017009,
        "bq": 92.01372623443604,
        "bq_baseline_runtime": 29149.64399999999,
        "multi_cloud_plan": "aws",
        "percent_diff": 35.6056192619892,
        "profiling_cost": 154.22303657591854,
        "profiling_runtime": 74146.58618528643
    },
    "ship_mode": {
        "arachne": 59.41313415343606,
        "arachne_runtime": 35841.47904110547,
        "bq": 94.33101177215576,
        "bq_baseline_runtime": 29704.262000000013,
        "multi_cloud_plan": "aws",
        "percent_diff": 37.01632894923175,
        "profiling_cost": 156.87763871588209,
        "profiling_runtime": 75805.90570800229
    },
    "store": {
        "arachne": 54.358344078063965,
        "arachne_runtime": 19434.616,
        "bq": 54.358344078063965,
        "bq_baseline_runtime": 19434.616,
        "multi_cloud_plan": "gcp",
        "percent_diff": 0.0,
        "profiling_cost": 114.50395030260206,
        "profiling_runtime": 57673.027230197185
    },
    "store_returns": {
        "arachne": 55.3065735180428,
        "arachne_runtime": 36870.83067024386,
        "bq": 74.16031837463379,
        "bq_baseline_runtime": 24971.007,
        "multi_cloud_plan": "multi",
        "percent_diff": 25.422955658507295,
        "profiling_cost": 132.74758590566103,
        "profiling_runtime": 66001.6090337278
    },
    "store_sales": {
        "arachne": 9.322174378438476,
        "arachne_runtime": 9271.998296314066,
        "bq": 9.416570663452148,
        "bq_baseline_runtime": 8720.065,
        "multi_cloud_plan": "multi",
        "percent_diff": 1.0024486449196017,
        "profiling_cost": 42.26921927479364,
        "profiling_runtime": 23601.782073100618
    },
    "time_dim": {
        "arachne": 59.3513978149751,
        "arachne_runtime": 35639.753701543304,
        "bq": 91.1452054977417,
        "bq_baseline_runtime": 28742.78100000001,
        "multi_cloud_plan": "aws",
        "percent_diff": 34.882589280633475,
        "profiling_cost": 153.60446538325726,
        "profiling_runtime": 74558.75989743369
    },
    "warehouse": {
        "arachne": 58.748609768367665,
        "arachne_runtime": 34760.799596076904,
        "bq": 92.61285781860352,
        "bq_baseline_runtime": 23665.579000000016,
        "multi_cloud_plan": "multi",
        "percent_diff": 36.56538503170281,
        "profiling_cost": 154.5220089831593,
        "profiling_runtime": 67679.50959354368
    },
    "web_page": {
        "arachne": 59.372509610183585,
        "arachne_runtime": 35708.46240121532,
        "bq": 92.55434989929199,
        "bq_baseline_runtime": 29591.18700000001,
        "multi_cloud_plan": "aws",
        "percent_diff": 35.851194811711636,
        "profiling_cost": 155.1146897638088,
        "profiling_runtime": 75737.76762631869
    },
    "web_returns": {
        "arachne": 58.06035841800732,
        "arachne_runtime": 33790.830417136065,
        "bq": 81.0332202911377,
        "bq_baseline_runtime": 27105.24,
        "multi_cloud_plan": "aws",
        "percent_diff": 28.349930794547028,
        "profiling_cost": 141.78261640339954,
        "profiling_runtime": 69701.56819950674
    },