{
    "call_center": {
        "arachne": 200.24586800913733,
        "arachne_runtime": 46061.995876747336,
        "bq": 159.60494136810303,
        "bq_baseline_runtime": 29449.217000000008,
        "multi_cloud_plan": "aws",
        "percent_diff": -25.463451377299506,
        "profiling_cost": 224.10997205853968,
        "profiling_runtime": 75079.86038848135
    },
    "catalog_page": {
        "arachne": 191.39425411573032,
        "arachne_runtime": 45714.53193585265,
        "bq": 150.75441980361938,
        "bq_baseline_runtime": 29104.663000000008,
        "multi_cloud_plan": "aws",
        "percent_diff": -26.95764035644893,
        "profiling_cost": 215.3940575557097,
        "profiling_runtime": 75176.80913107359
    },
    "catalog_returns": {
        "arachne": 170.97456088742783,
        "arachne_runtime": 36980.61460819599,
        "bq": 132.04299974441528,
        "bq_baseline_runtime": 20833.994000000002,
        "multi_cloud_plan": "aws",
        "percent_diff": -29.48400234648497,
        "profiling_cost": 193.40489925742696,
        "profiling_runtime": 61310.475539017505
    },
    "catalog_sales": {
        "arachne": 82.59379012552047,
        "arachne_runtime": 20417.139919340247,
        "bq": 70.60993909835815,
        "bq_baseline_runtime": 12311.432999999999,
        "multi_cloud_plan": "multi",
        "percent_diff": -16.971903927673786,
        "profiling_cost": 113.01558054757479,
        "profiling_runtime": 37778.68003044119
    },
    "customer": {
        "arachne": 166.81838295607426,
        "arachne_runtime": 39946.88414425503,
        "bq": 126.26812028884888,
        "bq_baseline_runtime": 23349.04100000001,
        "multi_cloud_plan": "aws",
        "percent_diff": -32.11441064812185,
        "profiling_cost": 187.57821468020234,
        "profiling_runtime": 58853.41535199275
    },
    "customer_address": {
        "arachne": 171.15022280205406,
        "arachne_runtime": 40387.57533441158,
        "bq": 130.52058458328247,
        "bq_baseline_runtime": 23769.817000000006,
        "multi_cloud_plan": "aws",
        "percent_diff": -31.12891223134743,
        "profiling_cost": 193.94598309778328,
        "profiling_runtime": 65961.46608809542
    },
    "customer_demographics": {
        "arachne": 181.5365245471766,
        "arachne_runtime": 37843.383383358,
        "bq": 140.87528228759766,
        "bq_baseline_runtime": 21214.16300000001,
        "multi_cloud_plan": "aws",
        "percent_diff": -28.863290706008176,
        "profiling_cost": 204.4845002874029,
        "profiling_runtime": 63915.61898615148
    },
    "date_dim": {
        "arachne": 18.027570247650146,
        "arachne_runtime": 2806.467,
        "bq": 18.027570247650146,
        "bq_baseline_runtime": 2806.467,
        "multi_cloud_plan": "gcp",
        "percent_diff": 0.0,
        "profiling_cost": 75.01874845645783,
        "profiling_runtime": 23830.255190101274
    },
    "household_demographics": {
        "arachne": 189.03724864697662,
        "arachne_runtime": 38617.902099730534,
        "bq": 143.58067226409912,
        "bq_baseline_runtime": 21505.639999999996,
        "multi_cloud_plan": "aws",
        "percent_diff": -31.659258635637027,
        "profiling_cost": 207.27684361282192,
        "profiling_runtime": 64487.30382786353
    },
    "income_band": {
        "arachne": 197.77641227804142,
        "arachne_runtime": 46065.8271705465,
        "bq": 157.11260747909546,
        "bq_baseline_runtime": 29432.815000000006,
        "multi_cloud_plan": "aws",
        "percent_diff": -25.881948910023954,
        "profiling_cost": 221.70536520857135,
        "profiling_runtime": 75350.75816633696
    },
    "inventory": {
        "arachne": 60.53541403684003,
        "arachne_runtime": 34659.920544021166,
        "bq": 158.9564914703369,
        "bq_baseline_runtime": 23872.071000000014,
        "multi_cloud_plan": "aws",
        "percent_diff": 61.91699157619076,
        "profiling_cost": 222.32410134799622,
        "profiling_runtime": 67807.05682112646
    },
    "item": {
        "arachne": 56.85409058503342,
        "arachne_runtime": 16349.714471308096,
        "bq": 59.747904777526855,
        "bq_baseline_runtime": 11228.742,
        "multi_cloud_plan": "multi",
        "percent_diff": 4.843373509529149,
        "profiling_cost": 119.90426501804524,
        "profiling_runtime": 42631.39600513867
    },
    "promotion": {
        "arachne": 186.09839837170492,
        "arachne_runtime": 39191.94350341991,
        "bq": 145.45753240585327,
        "bq_baseline_runtime": 22579.33700000001,
        "multi_cloud_plan": "aws",
        "percent_diff": -27.940021595070203,
        "profiling_cost": 209.45876517839665,
        "profiling_runtime": 66560.08396606258
    },
    "reason": {
        "arachne": 202.10266209511317,
        "arachne_runtime": 46133.91075313273,
        "bq": 156.42333459854126,
        "bq_baseline_runtime": 29149.644000000008,
        "multi_cloud_plan": "aws",
        "percent_diff": -29.2023741942386,
        "profiling_cost": 220.73486792076898,
        "profiling_runtime": 74146.58618528643
    },
    "ship_mode": {
        "arachne": 201.00369654929472,
        "arachne_runtime": 46317.20100442716,
        "bq": 160.3627200126648,
        "bq_baseline_runtime": 29704.26200000001,
        "multi_cloud_plan": "aws",
        "percent_diff": -25.343157395571904,
        "profiling_cost": 225.0115699378674,
        "profiling_runtime": 75805.90570800228
    },
    "store": {
        "arachne": 137.57719463094816,
        "arachne_runtime": 36490.70630793965,
        "bq": 92.40918493270874,
        "bq_baseline_runtime": 19434.616,
        "multi_cloud_plan": "aws",
        "percent_diff": -48.87826868198245,
        "profiling_cost": 154.65701364873098,
        "profiling_runtime": 57673.02723019719
    },
    "store_returns": {
        "arachne": 164.90853402156603,
        "arachne_runtime": 41051.94083217457,
        "bq": 126.07254123687744,
        "bq_baseline_runtime": 24971.007,
        "multi_cloud_plan": "aws",
        "percent_diff": -30.804481613264002,
        "profiling_cost": 186.65778114638402,
        "profiling_runtime": 66001.6090337278
    },
    "store_sales": {
        "arachne": 15.309241960980552,
        "arachne_runtime": 9271.998296314068,
        "bq": 16.008170127868652,
        "bq_baseline_runtime": 8720.065,
        "multi_cloud_plan": "multi",
        "percent_diff": 4.3660715828559,
        "profiling_cost": 50.08955825288117,
        "profiling_runtime": 23601.78207310062
    },
    "time_dim": {
        "arachne": 200.38047882486043,
        "arachne_runtime": 45835.01332250735,
        "bq": 154.9468493461609,
        "bq_baseline_runtime": 28742.781,
        "multi_cloud_plan": "aws",
        "percent_diff": -29.322073775890722,
        "profiling_cost": 219.5083261465315,
        "profiling_runtime": 74558.75989743375
    },
    "warehouse": {
        "arachne": 61.05318006529595,
        "arachne_runtime": 34760.799596076904,
        "bq": 157.44185829162598,
        "bq_baseline_runtime": 23665.579000000005,
        "multi_cloud_plan": "multi",
        "percent_diff": 61.22176101846528,
        "profiling_cost": 221.45323242963468,
        "profiling_runtime": 67679.50959354368
    },
    "web_page": {
        "arachne": 198.24784209482934,
        "arachne_runtime": 46236.797592367904,
        "bq": 157.3423948287964,
        "bq_baseline_runtime": 29591.187000000005,
        "multi_cloud_plan": "aws",
        "percent_diff": -25.997727637577906,
        "profiling_cost": 222.00495731155496,
        "profiling_runtime": 75737.76762631869
    },
    "web_returns": {
        "arachne": 177.57807249184137,
        "arachne_runtime": 43514.61384150397,
        "bq": 137.75647449493408,
        "bq_baseline_runtime": 27105.239999999998,
        "multi_cloud_plan": "aws",
        "percent_diff": -28.90724239489136,
        "profiling_cost": 200.5766657338744,