{
    "call_center": {
        "arachne": 71.84379025759102,
        "arachne_runtime": 35243.20573469564,
        "bq": 93.8852596282959,
        "bq_baseline_runtime": 29449.217000000008,
        "multi_cloud_plan": "aws",
        "percent_diff": 23.4770287241788,
        "profiling_cost": 168.901405018289,
        "profiling_runtime": 75079.86038848132
    },
    "catalog_page": {
        "arachne": 71.92801122889445,
        "arachne_runtime": 35519.83359482825,
        "bq": 88.67907047271729,
        "bq_baseline_runtime": 29104.66300000001,
        "multi_cloud_plan": "aws",
        "percent_diff": 18.88952957504941,
        "profiling_cost": 163.82978062238888,
        "profiling_runtime": 75176.80913107359
    },
    "catalog_returns": {
        "arachne": 68.81640299653502,
        "arachne_runtime": 32191.5600579147,
        "bq": 77.67235279083252,
        "bq_baseline_runtime": 20833.994000000002,
        "multi_cloud_plan": "multi",
        "percent_diff": 11.401675726427522,
        "profiling_cost": 149.22012254125983,
        "profiling_runtime": 61310.47553901751
    },
    "catalog_sales": {
        "arachne": 38.08115578025569,
        "arachne_runtime": 17638.524528735907,
        "bq": 41.535258293151855,
        "bq_baseline_runtime": 12311.433,
        "multi_cloud_plan": "multi",
        "percent_diff": 8.316073270852057,
        "profiling_cost": 91.14437110917352,
        "profiling_runtime": 37778.68003044118
    },
    "customer": {
        "arachne": 69.63362612203899,
        "arachne_runtime": 28411.774179855693,
        "bq": 74.27536487579346,
        "bq_baseline_runtime": 23349.041,
        "multi_cloud_plan": "aws",
        "percent_diff": 6.249365131381835,
        "profiling_cost": 146.07523658672258,
        "profiling_runtime": 58853.415351992735
    },
    "customer_address": {
        "arachne": 71.17288536038305,
        "arachne_runtime": 33162.80323300358,
        "bq": 76.7768144607544,
        "bq_baseline_runtime": 23769.817000000006,
        "multi_cloud_plan": "aws",
        "percent_diff": 7.298986210525675,
        "profiling_cost": 150.70720461342665,
        "profiling_runtime": 65961.4660880954
    },
    "customer_demographics": {
        "arachne": 71.46451119758188,
        "arachne_runtime": 34006.62768272018,
        "bq": 82.86781311035156,
        "bq_baseline_runtime": 21214.163,
        "multi_cloud_plan": "aws",
        "percent_diff": 13.760833651522072,
        "profiling_cost": 156.98785653563635,
        "profiling_runtime": 63915.61898615147
    },
    "date_dim": {
        "arachne": 10.604453086853027,
        "arachne_runtime": 2806.467,
        "bq": 10.604453086853027,
        "bq_baseline_runtime": 2806.467,
        "multi_cloud_plan": "gcp",
        "percent_diff": 0.0,
        "profiling_cost": 78.10669641372208,
        "profiling_runtime": 23830.255190101274
    },
    "household_demographics": {
        "arachne": 71.52170351331385,
        "arachne_runtime": 34188.426655880976,
        "bq": 84.45921897888184,
        "bq_baseline_runtime": 21505.640000000003,
        "multi_cloud_plan": "aws",
        "percent_diff": 15.318061926197633,
        "profiling_cost": 158.66650438815748,
        "profiling_runtime": 64487.303827863514
    },
    "income_band": {
        "arachne": 71.88336904872914,
        "arachne_runtime": 35372.820727423634,
        "bq": 92.41918087005615,
        "bq_baseline_runtime": 29432.815000000006,
        "multi_cloud_plan": "aws",
        "percent_diff": 22.22029196536693,
        "profiling_cost": 167.52305352668037,
        "profiling_runtime": 75350.75816633698
    },
    "inventory": {
        "arachne": 70.91805261404888,
        "arachne_runtime": 34659.920544021166,
        "bq": 93.50381851196289,
        "bq_baseline_runtime": 23872.071000000007,
        "multi_cloud_plan": "aws",
        "percent_diff": 24.154912876659033,
        "profiling_cost": 167.25415041333383,
        "profiling_runtime": 67807.05682112649
    },
    "item": {
        "arachne": 35.14582633972168,
        "arachne_runtime": 11228.742,
        "bq": 35.14582633972168,
        "bq_baseline_runtime": 11228.742,
        "multi_cloud_plan": "gcp",
        "percent_diff": 0.0,
        "profiling_cost": 105.81242906235184,
        "profiling_runtime": 42631.39600513867
    },
    "promotion": {
        "arachne": 71.62813306048739,
        "arachne_runtime": 34536.96682827953,
        "bq": 85.56325435638428,
        "bq_baseline_runtime": 22579.337,
        "multi_cloud_plan": "aws",
        "percent_diff": 16.286338569889992,
        "profiling_cost": 160.0756001592281,
        "profiling_runtime": 66560.08396606258
    },
    "reason": {
        "arachne": 71.86500708710449,
        "arachne_runtime": 35312.68631017009,
        "bq": 92.01372623443604,
        "bq_baseline_runtime": 29149.644000000004,
        "multi_cloud_plan": "aws",
        "percent_diff": 21.89751461210894,
        "profiling_cost": 166.8363744603894,
        "profiling_runtime": 74146.58618528642
    },
    "ship_mode": {
        "arachne": 72.0264720422934,
        "arachne_runtime": 35841.47904110547,
        "bq": 94.33101177215576,
        "bq_baseline_runtime": 29704.262000000002,
        "multi_cloud_plan": "aws",
        "percent_diff": 23.644970313406645,
        "profiling_cost": 169.49097660473942,
        "profiling_runtime": 75805.90570800228
    },
    "store": {
        "arachne": 54.358344078063965,
        "arachne_runtime": 19434.616,
        "bq": 54.358344078063965,
        "bq_baseline_runtime": 19434.616,
        "multi_cloud_plan": "gcp",
        "percent_diff": 0.0,
        "profiling_cost": 127.11728525150687,
        "profiling_runtime": 57673.02723019716
    },
    "store_returns": {
        "arachne": 66.71549591178389,
        "arachne_runtime": 36870.83067024386,
        "bq": 74.16031837463379,
        "bq_baseline_runtime": 24971.007000000005,
        "multi_cloud_plan": "multi",
        "percent_diff": 10.038822143725273,
        "profiling_cost": 144.73542017653693,
        "profiling_runtime": 66001.60903372779
    },
    "store_sales": {
        "arachne": 9.416570663452148,
        "arachne_runtime": 8720.065000000002,
        "bq": 9.416570663452148,
        "bq_baseline_runtime": 8720.065000000002,
        "multi_cloud_plan": "gcp",
        "percent_diff": 0.0,
        "profiling_cost": 49.641656356819794,
        "profiling_runtime": 23601.78207310062
    },
    "time_dim": {
        "arachne": 71.96469930410477,
        "arachne_runtime": 35639.753701543304,
        "bq": 91.1452054977417,
        "bq_baseline_runtime": 28742.781000000006,
        "multi_cloud_plan": "aws",
        "percent_diff": 21.043900322449943,
        "profiling_cost": 166.21776687238685,
        "profiling_runtime": 74558.75989743372
    },
    "warehouse": {
        "arachne": 71.2078760705062,
        "arachne_runtime": 34760.799596076904,
        "bq": 92.61285781860352,
        "bq_baseline_runtime": 23665.579000000005,
        "multi_cloud_plan": "multi",
        "percent_diff": 23.112321822551092,
        "profiling_cost": 167.1353468238766,
        "profiling_runtime": 67679.5095935437
    },
    "web_page": {
        "arachne": 71.98584531963436,
        "arachne_runtime": 35708.46240121532,
        "bq": 92.55434989929199,
        "bq_baseline_runtime": 29591.187000000005,
        "multi_cloud_plan": "aws",
        "percent_diff": 22.223163581223503,
        "profiling_cost": 167.72802547325955,
        "profiling_runtime": 75737.7676263187
    },
    "web_returns": {
        "arachne": 70.48507812723044,
        "arachne_runtime": 33790.830417136065,
        "bq": 81.0332202911377,
        "bq_baseline_runtime": 27105.240000000005,
        "multi_cloud_plan": "aws",
        "percent_diff": 13.017059085162472,
        "profiling_cost": 154.20738716347012,
        "profiling_runtime": 69701.56819950671
    },
    "web_sales": {
        "arachne": 44.71959686607112,