{
    "call_center": {
        "arachne": 183.3142092643253,
        "arachne_runtime": 46061.99587674734,
        "bq": 140.82788944244385,
        "bq_baseline_runtime": 29449.217000000004,
        "multi_cloud_plan": "aws",
        "percent_diff": -30.168967233756323,
        "profiling_cost": 205.3329201328805,
        "profiling_runtime": 75079.86038848132
    },
    "catalog_page": {
        "arachne": 175.50383320203403,
        "arachne_runtime": 45714.53193585265,
        "bq": 133.01860570907593,
        "bq_baseline_runtime": 29104.663,
        "multi_cloud_plan": "aws",
        "percent_diff": -31.939311998110437,
        "profiling_cost": 197.65824346116622,
        "profiling_runtime": 75176.80913107359
    },
    "catalog_returns": {
        "arachne": 157.2854835101085,
        "arachne_runtime": 36980.61460819599,
        "bq": 116.50852918624878,
        "bq_baseline_runtime": 20833.994000000002,
        "multi_cloud_plan": "aws",
        "percent_diff": -34.999115179519855,
        "profiling_cost": 177.8704286992604,
        "profiling_runtime": 61310.47553901752
    },
    "catalog_sales": {
        "arachne": 76.10070426431442,
        "arachne_runtime": 20417.139919340247,
        "bq": 62.30288743972778,
        "bq_baseline_runtime": 12311.432999999999,
        "multi_cloud_plan": "multi",
        "percent_diff": -22.146352105967367,
        "profiling_cost": 104.70852888894441,
        "profiling_runtime": 37778.68003044119
    },
    "customer": {
        "arachne": 153.80594418196537,
        "arachne_runtime": 39946.88414425503,
        "bq": 111.41304731369019,
        "bq_baseline_runtime": 23349.041000000012,
        "multi_cloud_plan": "aws",
        "percent_diff": -38.050208562122364,
        "profiling_cost": 172.72314170504364,
        "profiling_runtime": 58853.41535199275
    },
    "customer_address": {
        "arachne": 157.63749411095299,
        "arachne_runtime": 40387.57533441158,
        "bq": 115.16522169113159,
        "bq_baseline_runtime": 23769.817000000003,
        "multi_cloud_plan": "aws",
        "percent_diff": -36.87942574688936,
        "profiling_cost": 178.59062020563235,
        "profiling_runtime": 65961.46608809542
    },
    "customer_demographics": {
        "arachne": 166.8055961261561,
        "arachne_runtime": 37843.383383358,
        "bq": 124.30171966552734,
        "bq_baseline_runtime": 21214.163000000004,
        "multi_cloud_plan": "aws",
        "percent_diff": -34.194117808666476,
        "profiling_cost": 187.91093766533257,
        "profiling_runtime": 63915.61898615149
    },
    "date_dim": {
        "arachne": 15.906679630279541,
        "arachne_runtime": 2806.4669999999996,
        "bq": 15.906679630279541,
        "bq_baseline_runtime": 2806.4669999999996,
        "multi_cloud_plan": "gcp",
        "percent_diff": 0.0,
        "profiling_cost": 72.89785783908722,
        "profiling_runtime": 23830.255190101274
    },
    "household_demographics": {
        "arachne": 173.41627410626617,
        "arachne_runtime": 38617.902099730534,
        "bq": 126.68882846832275,
        "bq_baseline_runtime": 21505.639999999996,
        "multi_cloud_plan": "aws",
        "percent_diff": -36.8836354419578,
        "profiling_cost": 190.3849998170456,
        "profiling_runtime": 64487.30382786352
    },
    "income_band": {
        "arachne": 181.13521030507997,
        "arachne_runtime": 46065.8271705465,
        "bq": 138.62877130508423,
        "bq_baseline_runtime": 29432.81500000001,
        "multi_cloud_plan": "aws",
        "percent_diff": -30.66206141757588,
        "profiling_cost": 203.22152903456006,
        "profiling_runtime": 75350.75816633698
    },
    "inventory": {
        "arachne": 60.53539019498212,
        "arachne_runtime": 34659.920544021166,
        "bq": 140.25572776794434,
        "bq_baseline_runtime": 23872.070999999996,
        "multi_cloud_plan": "aws",
        "percent_diff": 56.83927411853082,
        "profiling_cost": 203.62333764560378,
        "profiling_runtime": 67807.05682112649
    },
    "item": {
        "arachne": 52.71873950958252,
        "arachne_runtime": 11228.742,
        "bq": 52.71873950958252,
        "bq_baseline_runtime": 11228.742,
        "multi_cloud_plan": "gcp",
        "percent_diff": 0.0,
        "profiling_cost": 112.87509975010093,
        "profiling_runtime": 42631.39600513867
    },
    "promotion": {
        "arachne": 170.83114068127523,
        "arachne_runtime": 39191.94350341991,
        "bq": 128.34488153457642,
        "bq_baseline_runtime": 22579.33700000001,
        "multi_cloud_plan": "aws",
        "percent_diff": -33.10319713470842,
        "profiling_cost": 192.34611430711985,
        "profiling_runtime": 66560.08396606258
    },
    "reason": {
        "arachne": 184.93483544258632,
        "arachne_runtime": 46133.91075313273,
        "bq": 138.02058935165405,
        "bq_baseline_runtime": 29149.644000000008,
        "multi_cloud_plan": "aws",
        "percent_diff": -33.99075914058184,
        "profiling_cost": 202.3321226738817,
        "profiling_runtime": 74146.5861852864
    },
    "ship_mode": {
        "arachne": 183.98288737571073,
        "arachne_runtime": 46317.20100442716,
        "bq": 141.49651765823364,
        "bq_baseline_runtime": 29704.262000000013,
        "multi_cloud_plan": "aws",
        "percent_diff": -30.0264419369651,
        "profiling_cost": 206.14536758343627,
        "profiling_runtime": 75805.90570800229
    },
    "store": {
        "arachne": 128.0105814336215,
        "arachne_runtime": 36490.70630793964,
        "bq": 81.53751611709595,
        "bq_baseline_runtime": 19434.615999999998,
        "multi_cloud_plan": "aws",
        "percent_diff": -56.995929640272124,
        "profiling_cost": 143.78534483311822,
        "profiling_runtime": 57673.02723019719
    },
    "store_returns": {
        "arachne": 151.80892464656603,
        "arachne_runtime": 41051.94083217456,
        "bq": 111.24047756195068,
        "bq_baseline_runtime": 24971.006999999998,
        "multi_cloud_plan": "aws",
        "percent_diff": -36.46914142563121,
        "profiling_cost": 171.82571747145727,
        "profiling_runtime": 66001.60903372779
    },
    "store_sales": {
        "arachne": 13.60604066703524,
        "arachne_runtime": 9271.998296314068,
        "bq": 14.124855995178223,
        "bq_baseline_runtime": 8720.065,
        "multi_cloud_plan": "multi",
        "percent_diff": 3.6730663188360304,
        "profiling_cost": 48.20624412019073,
        "profiling_runtime": 23601.782073100618
    },
    "time_dim": {
        "arachne": 183.42506596017535,
        "arachne_runtime": 45835.01332250735,
        "bq": 136.71780824661255,
        "bq_baseline_runtime": 28742.781000000003,
        "multi_cloud_plan": "aws",
        "percent_diff": -34.16325810995442,
        "profiling_cost": 201.27928504698312,
        "profiling_runtime": 74558.75989743372
    },
    "warehouse": {
        "arachne": 60.988029804370655,
        "arachne_runtime": 34760.799596076904,
        "bq": 138.91928672790527,
        "bq_baseline_runtime": 23665.578999999998,
        "multi_cloud_plan": "multi",
        "percent_diff": 56.09822707783905,
        "profiling_cost": 202.93066086591386,
        "profiling_runtime": 67679.50959354367
    },
    "web_page": {
        "arachne": 181.55093791239526,
        "arachne_runtime": 46236.797592367875,
        "bq": 138.831524848938,
        "bq_baseline_runtime": 29591.186999999994,
        "multi_cloud_plan": "aws",
        "percent_diff": -30.770686348032328,
        "profiling_cost": 203.49408733169668,
        "profiling_runtime": 75737.7676263187
    },
    "web_returns": {
        "arachne": 163.216821614461,
        "arachne_runtime": 43514.613841503975,
        "bq": 121.54983043670654,
        "bq_baseline_runtime": 27105.240000000016,
        "multi_cloud_plan": "aws",
        "percent_diff": -34.279760842160364,