{
    "call_center": 0.7651591300964355,
    "catalog_page": 1.9379973411560059,
    "catalog_returns": 426.2912087440491,
    "catalog_sales": 4799.805301904678,
    "customer": 34.35504674911499,
    "customer_address": 17.575684547424316,
    "customer_demographics": 5.0917439460754395,
    "date_dim": 3.0780715942382812,
    "household_demographics": 2.7060487270355225,
    "income_band": 2.2558016777038574,
    "inventory": 417.18571162223816,
    "item": 5.958559989929199,
    "promotion": 5.814164400100708,
    "reason": 1.7451722621917725,
    "ship_mode": 2.3233704566955566,
    "store": 2.6520090103149414,
    "store_returns": 832.7644157409668,
    "store_sales": 7107.057981967926,
    "time_dim": 2.3751285076141357,
    "warehouse": 3.1809563636779785,
    "web_page": 5.6587865352630615,
    "web_returns": 227.5539631843567,
    "web_sales": 2881.162515640259,
    "web_site": 2.7722713947296143
}