{
    "call_center": {
        "arachne": 29.401302337646484,
        "arachne_runtime": 11918.303000000002,
        "baseline_cost": 29.401302337646484,
        "baseline_runtime": 11918.303000000002,
        "exec_details": {
            "api_cost": 0,
            "load_cost": 0,
            "load_runtime": 0,
            "moved_cost": 0,
            "moved_queries": [],
            "moved_runtime": 0,
            "mvmt_cost": 0.0,
            "mvmt_runtime": 0.0,
            "stayed_cost": 29.401302337646484,
            "stayed_runtime": 11918.303000000002,
            "storage_cost": 0.0,
            "storage_runtime": 0
        },
        "multi_cloud_plan": "stay",
        "percent_diff": 0.0,
        "profiling_cost": 86.92030195497598,
        "profiling_runtime": 60994.33655217494
    },
    "catalog_page": {
        "arachne": 28.845585823059082,
        "arachne_runtime": 11818.853999999996,
        "baseline_cost": 28.845585823059082,
        "baseline_runtime": 11818.853999999996,
        "exec_details": {
            "api_cost": 0,
            "load_cost": 0,
            "load_runtime": 0,
            "moved_cost": 0,
            "moved_queries": [],
            "moved_runtime": 0,
            "mvmt_cost": 0.0,
            "mvmt_runtime": 0.0,
            "stayed_cost": 28.845585823059082,
            "stayed_runtime": 11818.853999999996,
            "storage_cost": 0.0,
            "storage_runtime": 0
        },
        "multi_cloud_plan": "stay",
        "percent_diff": 0.0,
        "profiling_cost": 86.4381823721623,
        "profiling_runtime": 61137.03311225652
    },
    "catalog_returns": {
        "arachne": 25.36863613128662,
        "arachne_runtime": 8215.813999999997,
        "baseline_cost": 25.36863613128662,
        "baseline_runtime": 8215.813999999997,
        "exec_details": {
            "api_cost": 0,
            "load_cost": 0,
            "load_runtime": 0,
            "moved_cost": 0,
            "moved_queries": [],
            "moved_runtime": 0,
            "mvmt_cost": 0.0,
            "mvmt_runtime": 0.0,
            "stayed_cost": 25.36863613128662,
            "stayed_runtime": 8215.813999999997,
            "storage_cost": 0.0,
            "storage_runtime": 0
        },
        "multi_cloud_plan": "stay",
        "percent_diff": 0.0,
        "profiling_cost": 79.50750427774756,
        "profiling_runtime": 50868.85450737109
    },
    "catalog_sales": {
        "arachne": 14.856878757476807,
        "arachne_runtime": 4458.2519999999995,
        "baseline_cost": 14.856878757476807,
        "baseline_runtime": 4458.2519999999995,
        "exec_details": {
            "api_cost": 0,
            "load_cost": 0,
            "load_runtime": 0,
            "moved_cost": 0,
            "moved_queries": [],
            "moved_runtime": 0,
            "mvmt_cost": 0.0,
            "mvmt_runtime": 0.0,
            "stayed_cost": 14.856878757476807,
            "stayed_runtime": 4458.2519999999995,
            "storage_cost": 0.0,
            "storage_runtime": 0
        },
        "multi_cloud_plan": "stay",
        "percent_diff": 0.0,
        "profiling_cost": 51.952925506133965,
        "profiling_runtime": 30042.88587858495
    },
    "customer": {
        "arachne": 22.086663722991943,
        "arachne_runtime": 8817.509999999998,
        "baseline_cost": 22.086663722991943,
        "baseline_runtime": 8817.509999999998,
        "exec_details": {
            "api_cost": 0,
            "load_cost": 0,
            "load_runtime": 0,
            "moved_cost": 0,
            "moved_queries": [],
            "moved_runtime": 0,
            "mvmt_cost": 0.0,
            "mvmt_runtime": 0.0,
            "stayed_cost": 22.086663722991943,
            "stayed_runtime": 8817.509999999998,
            "storage_cost": 0.0,
            "storage_runtime": 0
        },
        "multi_cloud_plan": "stay",
        "percent_diff": 0.0,
        "profiling_cost": 75.95944686548188,
        "profiling_runtime": 46228.755097306566
    },
    "customer_address": {
        "arachne": 22.867319583892822,
        "arachne_runtime": 9197.97,
        "baseline_cost": 22.867319583892822,
        "baseline_runtime": 9197.97,
        "exec_details": {
            "api_cost": 0,
            "load_cost": 0,
            "load_runtime": 0,
            "moved_cost": 0,
            "moved_queries": [],
            "moved_runtime": 0,
            "mvmt_cost": 0.0,
            "mvmt_runtime": 0.0,
            "stayed_cost": 22.867319583892822,
            "stayed_runtime": 9197.97,
            "storage_cost": 0.0,
            "storage_runtime": 0
        },
        "multi_cloud_plan": "stay",
        "percent_diff": 0.0,
        "profiling_cost": 78.91363752335802,
        "profiling_runtime": 53504.96575930647
    },
    "customer_demographics": {
        "arachne": 24.95465326309204,
        "arachne_runtime": 8311.682999999997,
        "baseline_cost": 24.95465326309204,
        "baseline_runtime": 8311.682999999997,
        "exec_details": {
            "api_cost": 0,
            "load_cost": 0,
            "load_runtime": 0,
            "moved_cost": 0,
            "moved_queries": [],
            "moved_runtime": 0,
            "mvmt_cost": 0.0,
            "mvmt_runtime": 0.0,
            "stayed_cost": 24.95465326309204,
            "stayed_runtime": 8311.682999999997,
            "storage_cost": 0.0,
            "storage_runtime": 0
        },
        "multi_cloud_plan": "stay",
        "percent_diff": 0.0,
        "profiling_cost": 81.24044346374085,
        "profiling_runtime": 53344.85098275663
    },
    "date_dim": {
        "arachne": 3.99039888381958,
        "arachne_runtime": 1201.0520000000001,
        "baseline_cost": 3.99039888381958,
        "baseline_runtime": 1201.0520000000001,
        "exec_details": {
            "api_cost": 0,
            "load_cost": 0,
            "load_runtime": 0,
            "moved_cost": 0,
            "moved_queries": [],
            "moved_runtime": 0,
            "mvmt_cost": 0.0,
            "mvmt_runtime": 0.0,
            "stayed_cost": 3.99039888381958,
            "stayed_runtime": 1201.0520000000001,
            "storage_cost": 0.0,
            "storage_runtime": 0
        },
        "multi_cloud_plan": "stay",
        "percent_diff": 0.0,
        "profiling_cost": 52.96524811897488,
        "profiling_runtime": 22242.433490906235
    },
    "household_demographics": {
        "arachne": 26.019461631774902,
        "arachne_runtime": 8746.995999999997,
        "baseline_cost": 26.019461631774902,
        "baseline_runtime": 8746.995999999997,
        "exec_details": {
            "api_cost": 0,
            "load_cost": 0,
            "load_runtime": 0,
            "moved_cost": 0,
            "moved_queries": [],
            "moved_runtime": 0,
            "mvmt_cost": 0.0,
            "mvmt_runtime": 0.0,
            "stayed_cost": 26.019461631774902,
            "stayed_runtime": 8746.995999999997,
            "storage_cost": 0.0,
            "storage_runtime": 0
        },
        "multi_cloud_plan": "stay",
        "percent_diff": 0.0,
        "profiling_cost": 82.71598807432716,
        "profiling_runtime": 55124.31191969917
    },
    "income_band": {
        "arachne": 28.739248752593994,
        "arachne_runtime": 11728.240999999998,
        "baseline_cost": 28.739248752593994,
        "baseline_runtime": 11728.240999999998,
        "exec_details": {
            "api_cost": 0,
            "load_cost": 0,
            "load_runtime": 0,
            "moved_cost": 0,
            "moved_queries": [],
            "moved_runtime": 0,
            "mvmt_cost": 0.0,
            "mvmt_runtime": 0.0,
            "stayed_cost": 28.739248752593994,
            "stayed_runtime": 11728.240999999998,
            "storage_cost": 0.0,
            "storage_runtime": 0
        },
        "multi_cloud_plan": "stay",
        "percent_diff": 0.0,
        "profiling_cost": 86.32243763084026,