{
    "call_center": {
        "arachne": 34.3015193939209,
        "arachne_runtime": 11918.303000000004,
        "baseline_cost": 34.3015193939209,
        "baseline_runtime": 11918.303000000004,
        "exec_details": {
            "api_cost": 0,
            "load_cost": 0,
            "load_runtime": 0,
            "moved_cost": 0,
            "moved_queries": [],
            "moved_runtime": 0,
            "mvmt_cost": 0.0,
            "mvmt_runtime": 0.0,
            "stayed_cost": 34.3015193939209,
            "stayed_runtime": 11918.303000000004,
            "storage_cost": 0.0,
            "storage_runtime": 0
        },
        "multi_cloud_plan": "stay",
        "percent_diff": 0.0,
        "profiling_cost": 91.82051901125037,
        "profiling_runtime": 60994.336552174915
    },
    "catalog_page": {
        "arachne": 33.653183460235596,
        "arachne_runtime": 11818.853999999996,
        "baseline_cost": 33.653183460235596,
        "baseline_runtime": 11818.853999999996,
        "exec_details": {
            "api_cost": 0,
            "load_cost": 0,
            "load_runtime": 0,
            "moved_cost": 0,
            "moved_queries": [],
            "moved_runtime": 0,
            "mvmt_cost": 0.0,
            "mvmt_runtime": 0.0,
            "stayed_cost": 33.653183460235596,
            "stayed_runtime": 11818.853999999996,
            "storage_cost": 0.0,
            "storage_runtime": 0
        },
        "multi_cloud_plan": "stay",
        "percent_diff": 0.0,
        "profiling_cost": 91.24578000933882,
        "profiling_runtime": 61137.033112256504
    },
    "catalog_returns": {
        "arachne": 29.596742153167725,
        "arachne_runtime": 8215.814,
        "baseline_cost": 29.596742153167725,
        "baseline_runtime": 8215.814,
        "exec_details": {
            "api_cost": 0,
            "load_cost": 0,
            "load_runtime": 0,
            "moved_cost": 0,
            "moved_queries": [],
            "moved_runtime": 0,
            "mvmt_cost": 0.0,
            "mvmt_runtime": 0.0,
            "stayed_cost": 29.596742153167725,
            "stayed_runtime": 8215.814,
            "storage_cost": 0.0,
            "storage_runtime": 0
        },
        "multi_cloud_plan": "stay",
        "percent_diff": 0.0,
        "profiling_cost": 83.73561029962869,
        "profiling_runtime": 50868.85450737107
    },
    "catalog_sales": {
        "arachne": 17.333025217056274,
        "arachne_runtime": 4458.2519999999995,
        "baseline_cost": 17.333025217056274,
        "baseline_runtime": 4458.2519999999995,
        "exec_details": {
            "api_cost": 0,
            "load_cost": 0,
            "load_runtime": 0,
            "moved_cost": 0,
            "moved_queries": [],
            "moved_runtime": 0,
            "mvmt_cost": 0.0,
            "mvmt_runtime": 0.0,
            "stayed_cost": 17.333025217056274,
            "stayed_runtime": 4458.2519999999995,
            "storage_cost": 0.0,
            "storage_runtime": 0
        },
        "multi_cloud_plan": "stay",
        "percent_diff": 0.0,
        "profiling_cost": 54.429071965713455,
        "profiling_runtime": 30042.885878584955
    },
    "customer": {
        "arachne": 25.7677743434906,
        "arachne_runtime": 8817.509999999997,
        "baseline_cost": 25.7677743434906,
        "baseline_runtime": 8817.509999999997,
        "exec_details": {
            "api_cost": 0,
            "load_cost": 0,
            "load_runtime": 0,
            "moved_cost": 0,
            "moved_queries": [],
            "moved_runtime": 0,
            "mvmt_cost": 0.0,
            "mvmt_runtime": 0.0,
            "stayed_cost": 25.7677743434906,
            "stayed_runtime": 8817.509999999997,
            "storage_cost": 0.0,
            "storage_runtime": 0
        },
        "multi_cloud_plan": "stay",
        "percent_diff": 0.0,
        "profiling_cost": 79.64055748598055,
        "profiling_runtime": 46228.755097306566
    },
    "customer_address": {
        "arachne": 26.678539514541626,
        "arachne_runtime": 9197.97,
        "baseline_cost": 26.678539514541626,
        "baseline_runtime": 9197.97,
        "exec_details": {
            "api_cost": 0,
            "load_cost": 0,
            "load_runtime": 0,
            "moved_cost": 0,
            "moved_queries": [],
            "moved_runtime": 0,
            "mvmt_cost": 0.0,
            "mvmt_runtime": 0.0,
            "stayed_cost": 26.678539514541626,
            "stayed_runtime": 9197.97,
            "storage_cost": 0.0,
            "storage_runtime": 0
        },
        "multi_cloud_plan": "stay",
        "percent_diff": 0.0,
        "profiling_cost": 82.7248574540068,
        "profiling_runtime": 53504.96575930649
    },
    "customer_demographics": {
        "arachne": 29.113762140274048,
        "arachne_runtime": 8311.682999999997,
        "baseline_cost": 29.113762140274048,
        "baseline_runtime": 8311.682999999997,
        "exec_details": {
            "api_cost": 0,
            "load_cost": 0,
            "load_runtime": 0,
            "moved_cost": 0,
            "moved_queries": [],
            "moved_runtime": 0,
            "mvmt_cost": 0.0,
            "mvmt_runtime": 0.0,
            "stayed_cost": 29.113762140274048,
            "stayed_runtime": 8311.682999999997,
            "storage_cost": 0.0,
            "storage_runtime": 0
        },
        "multi_cloud_plan": "stay",
        "percent_diff": 0.0,
        "profiling_cost": 85.39955234092287,
        "profiling_runtime": 53344.85098275662
    },
    "date_dim": {
        "arachne": 4.655465364456177,
        "arachne_runtime": 1201.052,
        "baseline_cost": 4.655465364456177,
        "baseline_runtime": 1201.052,
        "exec_details": {
            "api_cost": 0,
            "load_cost": 0,
            "load_runtime": 0,
            "moved_cost": 0,
            "moved_queries": [],
            "moved_runtime": 0,
            "mvmt_cost": 0.0,
            "mvmt_runtime": 0.0,
            "stayed_cost": 4.655465364456177,
            "stayed_runtime": 1201.052,
            "storage_cost": 0.0,
            "storage_runtime": 0
        },
        "multi_cloud_plan": "stay",
        "percent_diff": 0.0,
        "profiling_cost": 53.630314599611474,
        "profiling_runtime": 22242.433490906235
    },
    "household_demographics": {
        "arachne": 30.356038570404053,
        "arachne_runtime": 8746.995999999996,
        "baseline_cost": 30.356038570404053,
        "baseline_runtime": 8746.995999999996,
        "exec_details": {
            "api_cost": 0,
            "load_cost": 0,
            "load_runtime": 0,
            "moved_cost": 0,
            "moved_queries": [],
            "moved_runtime": 0,
            "mvmt_cost": 0.0,
            "mvmt_runtime": 0.0,
            "stayed_cost": 30.356038570404053,
            "stayed_runtime": 8746.995999999996,
            "storage_cost": 0.0,
            "storage_runtime": 0
        },
        "multi_cloud_plan": "stay",
        "percent_diff": 0.0,
        "profiling_cost": 87.05256501295628,
        "profiling_runtime": 55124.31191969915
    },
    "income_band": {
        "arachne": 33.52912354469299,
        "arachne_runtime": 11728.240999999996,
        "baseline_cost": 33.52912354469299,
        "baseline_runtime": 11728.240999999996,
        "exec_details": {
            "api_cost": 0,
            "load_cost": 0,
            "load_runtime": 0,
            "moved_cost": 0,
            "moved_queries": [],
            "moved_runtime": 0,
            "mvmt_cost": 0.0,
            "mvmt_runtime": 0.0,
            "stayed_cost": 33.52912354469299,
            "stayed_runtime": 11728.240999999996,
            "storage_cost": 0.0,
            "storage_runtime": 0
        },
        "multi_cloud_plan": "stay",
        "percent_diff": 0.0,
        "profiling_cost": 91.11231242293925,
        "profiling_runtime": 61014.890235315645
    },