{
    "call_center": {
        "arachne": 39.20173645019531,
        "arachne_runtime": 11918.302999999998,
        "baseline_cost": 39.20173645019531,
        "baseline_runtime": 11918.302999999998,
        "exec_details": {
            "api_cost": 0,
            "load_cost": 0,
            "load_runtime": 0,
            "moved_cost": 0,
            "moved_queries": [],
            "moved_runtime": 0,
            "mvmt_cost": 0.0,
            "mvmt_runtime": 0.0,
            "stayed_cost": 39.20173645019531,
            "stayed_runtime": 11918.302999999998,
            "storage_cost": 0.0,
            "storage_runtime": 0
        },
        "multi_cloud_plan": "stay",
        "percent_diff": 0.0,
        "profiling_cost": 96.72073606752481,
        "profiling_runtime": 60994.33655217495
    },
    "catalog_page": {
        "arachne": 38.46078109741211,
        "arachne_runtime": 11818.854,
        "baseline_cost": 38.46078109741211,
        "baseline_runtime": 11818.854,
        "exec_details": {
            "api_cost": 0,
            "load_cost": 0,
            "load_runtime": 0,
            "moved_cost": 0,
            "moved_queries": [],
            "moved_runtime": 0,
            "mvmt_cost": 0.0,
            "mvmt_runtime": 0.0,
            "stayed_cost": 38.46078109741211,
            "stayed_runtime": 11818.854,
            "storage_cost": 0.0,
            "storage_runtime": 0
        },
        "multi_cloud_plan": "stay",
        "percent_diff": 0.0,
        "profiling_cost": 96.05337764651532,
        "profiling_runtime": 61137.03311225651
    },
    "catalog_returns": {
        "arachne": 33.82484817504883,
        "arachne_runtime": 8215.813999999997,
        "baseline_cost": 33.82484817504883,
        "baseline_runtime": 8215.813999999997,
        "exec_details": {
            "api_cost": 0,
            "load_cost": 0,
            "load_runtime": 0,
            "moved_cost": 0,
            "moved_queries": [],
            "moved_runtime": 0,
            "mvmt_cost": 0.0,
            "mvmt_runtime": 0.0,
            "stayed_cost": 33.82484817504883,
            "stayed_runtime": 8215.813999999997,
            "storage_cost": 0.0,
            "storage_runtime": 0
        },
        "multi_cloud_plan": "stay",
        "percent_diff": 0.0,
        "profiling_cost": 87.96371632150979,
        "profiling_runtime": 50868.854507371085
    },
    "catalog_sales": {
        "arachne": 19.809171676635742,
        "arachne_runtime": 4458.252,
        "baseline_cost": 19.809171676635742,
        "baseline_runtime": 4458.252,
        "exec_details": {
            "api_cost": 0,
            "load_cost": 0,
            "load_runtime": 0,
            "moved_cost": 0,
            "moved_queries": [],
            "moved_runtime": 0,
            "mvmt_cost": 0.0,
            "mvmt_runtime": 0.0,
            "stayed_cost": 19.809171676635742,
            "stayed_runtime": 4458.252,
            "storage_cost": 0.0,
            "storage_runtime": 0
        },
        "multi_cloud_plan": "stay",
        "percent_diff": 0.0,
        "profiling_cost": 56.905218425292915,
        "profiling_runtime": 30042.88587858495
    },
    "customer": {
        "arachne": 29.448884963989258,
        "arachne_runtime": 8817.509999999998,
        "baseline_cost": 29.448884963989258,
        "baseline_runtime": 8817.509999999998,
        "exec_details": {
            "api_cost": 0,
            "load_cost": 0,
            "load_runtime": 0,
            "moved_cost": 0,
            "moved_queries": [],
            "moved_runtime": 0,
            "mvmt_cost": 0.0,
            "mvmt_runtime": 0.0,
            "stayed_cost": 29.448884963989258,
            "stayed_runtime": 8817.509999999998,
            "storage_cost": 0.0,
            "storage_runtime": 0
        },
        "multi_cloud_plan": "stay",
        "percent_diff": 0.0,
        "profiling_cost": 83.3216681064792,
        "profiling_runtime": 46228.755097306566
    },
    "customer_address": {
        "arachne": 30.48975944519043,
        "arachne_runtime": 9197.969999999992,
        "baseline_cost": 30.48975944519043,
        "baseline_runtime": 9197.969999999992,
        "exec_details": {
            "api_cost": 0,
            "load_cost": 0,
            "load_runtime": 0,
            "moved_cost": 0,
            "moved_queries": [],
            "moved_runtime": 0,
            "mvmt_cost": 0.0,
            "mvmt_runtime": 0.0,
            "stayed_cost": 30.48975944519043,
            "stayed_runtime": 9197.969999999992,
            "storage_cost": 0.0,
            "storage_runtime": 0
        },
        "multi_cloud_plan": "stay",
        "percent_diff": 0.0,
        "profiling_cost": 86.5360773846556,
        "profiling_runtime": 53504.96575930647
    },
    "customer_demographics": {
        "arachne": 33.272871017456055,
        "arachne_runtime": 8311.682999999999,
        "baseline_cost": 33.272871017456055,
        "baseline_runtime": 8311.682999999999,
        "exec_details": {
            "api_cost": 0,
            "load_cost": 0,
            "load_runtime": 0,
            "moved_cost": 0,
            "moved_queries": [],
            "moved_runtime": 0,
            "mvmt_cost": 0.0,
            "mvmt_runtime": 0.0,
            "stayed_cost": 33.272871017456055,
            "stayed_runtime": 8311.682999999999,
            "storage_cost": 0.0,
            "storage_runtime": 0
        },
        "multi_cloud_plan": "stay",
        "percent_diff": 0.0,
        "profiling_cost": 89.55866121810486,
        "profiling_runtime": 53344.85098275663
    },
    "date_dim": {
        "arachne": 5.320531845092773,
        "arachne_runtime": 1201.052,
        "baseline_cost": 5.320531845092773,
        "baseline_runtime": 1201.052,
        "exec_details": {
            "api_cost": 0,
            "load_cost": 0,
            "load_runtime": 0,
            "moved_cost": 0,
            "moved_queries": [],
            "moved_runtime": 0,
            "mvmt_cost": 0.0,
            "mvmt_runtime": 0.0,
            "stayed_cost": 5.320531845092773,
            "stayed_runtime": 1201.052,
            "storage_cost": 0.0,
            "storage_runtime": 0
        },
        "multi_cloud_plan": "stay",
        "percent_diff": 0.0,
        "profiling_cost": 54.29538108024807,
        "profiling_runtime": 22242.433490906235
    },
    "household_demographics": {
        "arachne": 34.6926155090332,
        "arachne_runtime": 8746.995999999996,
        "baseline_cost": 34.6926155090332,
        "baseline_runtime": 8746.995999999996,
        "exec_details": {
            "api_cost": 0,
            "load_cost": 0,
            "load_runtime": 0,
            "moved_cost": 0,
            "moved_queries": [],
            "moved_runtime": 0,
            "mvmt_cost": 0.0,
            "mvmt_runtime": 0.0,
            "stayed_cost": 34.6926155090332,
            "stayed_runtime": 8746.995999999996,
            "storage_cost": 0.0,
            "storage_runtime": 0
        },
        "multi_cloud_plan": "stay",
        "percent_diff": 0.0,
        "profiling_cost": 91.38914195158546,
        "profiling_runtime": 55124.31191969915
    },
    "income_band": {
        "arachne": 38.31899833679199,
        "arachne_runtime": 11728.241,
        "baseline_cost": 38.31899833679199,
        "baseline_runtime": 11728.241,
        "exec_details": {
            "api_cost": 0,
            "load_cost": 0,
            "load_runtime": 0,
            "moved_cost": 0,
            "moved_queries": [],
            "moved_runtime": 0,
            "mvmt_cost": 0.0,
            "mvmt_runtime": 0.0,
            "stayed_cost": 38.31899833679199,
            "stayed_runtime": 11728.241,
            "storage_cost": 0.0,
            "storage_runtime": 0
        },
        "multi_cloud_plan": "stay",
        "percent_diff": 0.0,
        "profiling_cost": 95.90218721503825,
        "profiling_runtime": 61014.89023531564
    },