{
    "call_center": {
        "arachne": 14.700651168823242,
        "arachne_runtime": 11918.303,
        "baseline_cost": 14.700651168823242,
        "baseline_runtime": 11918.303,
        "exec_details": {
            "api_cost": 0,
            "load_cost": 0,
            "load_runtime": 0,
            "moved_cost": 0,
            "moved_queries": [],
            "moved_runtime": 0,
            "mvmt_cost": 0.0,
            "mvmt_runtime": 0.0,
            "stayed_cost": 14.700651168823242,
            "stayed_runtime": 11918.303,
            "storage_cost": 0.0,
            "storage_runtime": 0
        },
        "multi_cloud_plan": "stay",
        "percent_diff": 0.0,
        "profiling_cost": 72.21965078615276,
        "profiling_runtime": 60994.33655217493
    },
    "catalog_page": {
        "arachne": 14.422792911529541,
        "arachne_runtime": 11818.853999999998,
        "baseline_cost": 14.422792911529541,
        "baseline_runtime": 11818.853999999998,
        "exec_details": {
            "api_cost": 0,
            "load_cost": 0,
            "load_runtime": 0,
            "moved_cost": 0,
            "moved_queries": [],
            "moved_runtime": 0,
            "mvmt_cost": 0.0,
            "mvmt_runtime": 0.0,
            "stayed_cost": 14.422792911529541,
            "stayed_runtime": 11818.853999999998,
            "storage_cost": 0.0,
            "storage_runtime": 0
        },
        "multi_cloud_plan": "stay",
        "percent_diff": 0.0,
        "profiling_cost": 72.01538946063276,
        "profiling_runtime": 61137.03311225652
    },
    "catalog_returns": {
        "arachne": 12.68431806564331,
        "arachne_runtime": 8215.813999999995,
        "baseline_cost": 12.68431806564331,
        "baseline_runtime": 8215.813999999995,
        "exec_details": {
            "api_cost": 0,
            "load_cost": 0,
            "load_runtime": 0,
            "moved_cost": 0,
            "moved_queries": [],
            "moved_runtime": 0,
            "mvmt_cost": 0.0,
            "mvmt_runtime": 0.0,
            "stayed_cost": 12.68431806564331,
            "stayed_runtime": 8215.813999999995,
            "storage_cost": 0.0,
            "storage_runtime": 0
        },
        "multi_cloud_plan": "stay",
        "percent_diff": 0.0,
        "profiling_cost": 66.82318621210426,
        "profiling_runtime": 50868.854507371085
    },
    "catalog_sales": {
        "arachne": 7.428439378738403,
        "arachne_runtime": 4458.2519999999995,
        "baseline_cost": 7.428439378738403,
        "baseline_runtime": 4458.2519999999995,
        "exec_details": {
            "api_cost": 0,
            "load_cost": 0,
            "load_runtime": 0,
            "moved_cost": 0,
            "moved_queries": [],
            "moved_runtime": 0,
            "mvmt_cost": 0.0,
            "mvmt_runtime": 0.0,
            "stayed_cost": 7.428439378738403,
            "stayed_runtime": 4458.2519999999995,
            "storage_cost": 0.0,
            "storage_runtime": 0
        },
        "multi_cloud_plan": "stay",
        "percent_diff": 0.0,
        "profiling_cost": 44.52448612739557,
        "profiling_runtime": 30042.88587858495
    },
    "customer": {
        "arachne": 11.043331861495972,
        "arachne_runtime": 8817.509999999998,
        "baseline_cost": 11.043331861495972,
        "baseline_runtime": 8817.509999999998,
        "exec_details": {
            "api_cost": 0,
            "load_cost": 0,
            "load_runtime": 0,
            "moved_cost": 0,
            "moved_queries": [],
            "moved_runtime": 0,
            "mvmt_cost": 0.0,
            "mvmt_runtime": 0.0,
            "stayed_cost": 11.043331861495972,
            "stayed_runtime": 8817.509999999998,
            "storage_cost": 0.0,
            "storage_runtime": 0
        },
        "multi_cloud_plan": "stay",
        "percent_diff": 0.0,
        "profiling_cost": 64.91611500398588,
        "profiling_runtime": 46228.75509730655
    },
    "customer_address": {
        "arachne": 11.433659791946411,
        "arachne_runtime": 9197.969999999998,
        "baseline_cost": 11.433659791946411,
        "baseline_runtime": 9197.969999999998,
        "exec_details": {
            "api_cost": 0,
            "load_cost": 0,
            "load_runtime": 0,
            "moved_cost": 0,
            "moved_queries": [],
            "moved_runtime": 0,
            "mvmt_cost": 0.0,
            "mvmt_runtime": 0.0,
            "stayed_cost": 11.433659791946411,
            "stayed_runtime": 9197.969999999998,
            "storage_cost": 0.0,
            "storage_runtime": 0
        },
        "multi_cloud_plan": "stay",
        "percent_diff": 0.0,
        "profiling_cost": 67.47997773141157,
        "profiling_runtime": 53504.965759306484
    },
    "customer_demographics": {
        "arachne": 12.47732663154602,
        "arachne_runtime": 8311.682999999999,
        "baseline_cost": 12.47732663154602,
        "baseline_runtime": 8311.682999999999,
        "exec_details": {
            "api_cost": 0,
            "load_cost": 0,
            "load_runtime": 0,
            "moved_cost": 0,
            "moved_queries": [],
            "moved_runtime": 0,
            "mvmt_cost": 0.0,
            "mvmt_runtime": 0.0,
            "stayed_cost": 12.47732663154602,
            "stayed_runtime": 8311.682999999999,
            "storage_cost": 0.0,
            "storage_runtime": 0
        },
        "multi_cloud_plan": "stay",
        "percent_diff": 0.0,
        "profiling_cost": 68.76311683219484,
        "profiling_runtime": 53344.850982756645
    },
    "date_dim": {
        "arachne": 1.99519944190979,
        "arachne_runtime": 1201.052,
        "baseline_cost": 1.99519944190979,
        "baseline_runtime": 1201.052,
        "exec_details": {
            "api_cost": 0,
            "load_cost": 0,
            "load_runtime": 0,
            "moved_cost": 0,
            "moved_queries": [],
            "moved_runtime": 0,
            "mvmt_cost": 0.0,
            "mvmt_runtime": 0.0,
            "stayed_cost": 1.99519944190979,
            "stayed_runtime": 1201.052,
            "storage_cost": 0.0,
            "storage_runtime": 0
        },
        "multi_cloud_plan": "stay",
        "percent_diff": 0.0,
        "profiling_cost": 50.97004867706509,
        "profiling_runtime": 22242.433490906235
    },
    "household_demographics": {
        "arachne": 13.009730815887451,
        "arachne_runtime": 8746.995999999994,
        "baseline_cost": 13.009730815887451,
        "baseline_runtime": 8746.995999999994,
        "exec_details": {
            "api_cost": 0,
            "load_cost": 0,
            "load_runtime": 0,
            "moved_cost": 0,
            "moved_queries": [],
            "moved_runtime": 0,
            "mvmt_cost": 0.0,
            "mvmt_runtime": 0.0,
            "stayed_cost": 13.009730815887451,
            "stayed_runtime": 8746.995999999994,
            "storage_cost": 0.0,
            "storage_runtime": 0
        },
        "multi_cloud_plan": "stay",
        "percent_diff": 0.0,
        "profiling_cost": 69.70625725843969,
        "profiling_runtime": 55124.31191969915
    },
    "income_band": {
        "arachne": 14.369624376296997,
        "arachne_runtime": 11728.241,
        "baseline_cost": 14.369624376296997,
        "baseline_runtime": 11728.241,
        "exec_details": {
            "api_cost": 0,
            "load_cost": 0,
            "load_runtime": 0,
            "moved_cost": 0,
            "moved_queries": [],
            "moved_runtime": 0,
            "mvmt_cost": 0.0,
            "mvmt_runtime": 0.0,
            "stayed_cost": 14.369624376296997,
            "stayed_runtime": 11728.241,
            "storage_cost": 0.0,
            "storage_runtime": 0
        },
        "multi_cloud_plan": "stay",
        "percent_diff": 0.0,
        "profiling_cost": 71.95281325454329,
        "profiling_runtime": 61014.89023531562
    },