{
    "02": 7.665001392364502,
    "03": 12.284095525741577,
    "04": 126.64806079864502,
    "07": 35.254085063934326,
    "08": 11.578484058380127,
    "09": 87.47187161445618,
    "11": 61.46386480331421,
    "15": 3.079317331314087,
    "17": 37.38803291320801,
    "18": 64.71114683151245,
    "19": 30.225385665893555,
    "21": 8.417844772338867,
    "22": 3.929482936859131,
    "25": 54.295278549194336,
    "26": 8.23377275466919,
    "27": 54.487101554870605,
    "28": 160.98450446128845,
    "29": 36.1880316734314,
    "31": 51.11931610107422,
    "33": 22.959179162979126,
    "34": 9.074040651321411,
    "37": 2.2212538719177246,
    "39": 1.3322997093200684,
    "40": 21.821810007095337,
    "42": 12.0699303150177,
    "43": 11.221994876861572,
    "46": 29.5807843208313,
    "48": 40.29810953140259,
    "49": 42.70847487449646,
    "50": 10.647822141647339,
    "51": 21.9308123588562,
    "52": 11.960118532180786,
    "55": 11.780956745147705,
    "56": 23.66283082962036,
    "59": 15.726810693740845,
    "60": 24.235716581344604,
    "61": 37.45821738243103,
    "62": 1.5086803436279297,
    "66": 12.31044340133667,
    "68": 21.60385012626648,
    "71": 20.025572299957275,
    "72": 17.532882690429688,
    "73": 8.870428085327148,
    "74": 40.75748014450073,
    "75": 52.44274091720581,
    "78": 71.11341381072998,
    "79": 29.417904138565063,
    "82": 3.198988437652588,
    "83": 1.600687026977539,
    "84": 0.9361035823822021,
    "85": 11.03987741470337,
    "87": 12.42426323890686,
    "88": 36.70103454589844,
    "90": 2.259673595428467,
    "91": 0.89524245262146,
    "93": 0.37262821197509766,
    "95": 1.7941718101501465,
    "96": 4.7314133644104,
    "97": 12.240780115127563,
    "99": 3.588340997695923
}
