{
    "01": 6.355499505996704,
    "02": 96.38583636283875,
    "03": 67.0992476940155,
    "04": 568.6552596092224,
    "05": 147.2542440891266,
    "06": 73.47665214538574,
    "07": 176.2096610069275,
    "08": 16.55156183242798,
    "09": 258.6928622722626,
    "10": 32.374770641326904,
    "11": 192.81784677505493,
    "12": 6.9219934940338135,
    "13": 66.12441658973694,
    "14": 190.00308513641357,
    "15": 37.144956827163696,
    "16": 89.95193719863892,
    "17": 40.78823900222778,
    "18": 50.82843208312988,
    "19": 27.72039556503296,
    "20": 12.761353731155396,
    "21": 25.358501195907593,
    "22": 240.15509033203125,
    "23": 177.61123085021973,
    "24": 56.04102301597595,
    "25": 38.78795576095581,
    "26": 50.059765100479126,
    "27": 34.83951807022095,
    "28": 211.51806330680847,
    "29": 41.37425470352173,
    "30": 4.994390964508057,
    "31": 80.3090467453003,
    "32": 15.146558046340942,
    "33": 39.762290477752686,
    "34": 46.26157855987549,
    "35": 23.439252853393555,
    "36": 25.387484550476074,
    "37": 308.36064743995667,
    "38": 35.17690086364746,
    "39": 38.43420195579529,
    "40": 31.423354387283325,
    "41": 0.2123425006866455,
    "42": 15.667587995529175,
    "43": 26.319828987121582,
    "44": 56.107993364334106,
    "45": 14.174010515213013,
    "46": 33.7363965511322,
    "47": 41.95518708229065,
    "48": 49.20485258102417,
    "49": 92.63379311561584,
    "50": 34.784777879714966,
    "52": 15.723710060119629,
    "53": 21.849246740341187,
    "54": 48.8911497592926,
    "55": 85.15925216674805,
    "56": 67.8514940738678,
    "57": 34.67045021057129,
    "58": 47.01227045059204,
    "59": 74.34390425682068,
    "60": 29.064207315444946,
    "61": 57.99935579299927,
    "62": 31.09638738632202,
    "63": 21.767534255981445,
    "65": 148.53175401687622,
    "66": 157.1751527786255,
    "68": 220.52123403549194,
    "69": 46.15506386756897,
    "70": 81.99460124969482,
    "71": 120.03306579589844,
    "73": 18.725545644760132,
    "74": 112.81994080543518,
    "75": 152.01496028900146,
    "76": 49.84881544113159,
    "77": 98.19447469711304,
    "78": 1374.4234414100647,
    "79": 115.65150880813599,
    "80": 240.1098051071167,
    "81": 12.44223666191101,
    "82": 731.2898514270782,
    "83": 12.109856367111206,
    "84": 9.11393404006958,
    "86": 51.30897331237793,
    "87": 95.21782374382019,
    "88": 157.81982946395874,
    "89": 87.47250533103943,
    "90": 22.669516563415527,
    "91": 8.27413272857666,
    "92": 17.014146089553833,
    "93": 85.6625120639801,
    "94": 55.46226263046265,
    "96": 51.21629095077515,
    "97": 164.9924819469452,
    "98": 68.45633959770203,
    "99": 74.87917971611023
}