{
    "02": 1877.2339930534363,
    "03": 914.9373109340668,
    "07": 1767.977462530136,
    "12": 222.78011202812195,
    "13": 1807.3001618385315,
    "15": 331.3877532482147,
    "20": 463.9485673904419,
    "21": 130.3935739994049,
    "22": 446.34080052375793,
    "26": 824.2776882648468,
    "27": 1639.7213263511658,
    "28": 7483.327810287476,
    "31": 571.6061029434204,
    "33": 1339.91881108284,
    "34": 962.1427137851715,
    "36": 1447.2009727954865,
    "37": 397.07861948013306,
    "38": 383.39386653900146,
    "39": 21.567929983139038,
    "40": 617.222559928894,
    "42": 754.9546995162964,
    "43": 779.7764632701874,
    "46": 1902.887543439865,
    "47": 1155.3059611320496,
    "48": 1846.6928796768188,
    "49": 3535.6416580677032,
    "50": 1021.2779388427734,
    "52": 743.4184365272522,
    "53": 1156.7884271144867,
    "55": 736.5534687042236,
    "56": 1358.1590368747711,
    "57": 358.9588580131531,
    "59": 770.6427156925201,
    "60": 1524.7051045894623,
    "62": 423.0530834197998,
    "63": 1216.2468950748444,
    "66": 1351.6048357486725,
    "68": 1847.748209476471,
    "70": 1080.2526483535767,
    "73": 478.85346364974976,
    "74": 888.4245429039001,
    "77": 1972.7848432064056,
    "79": 1469.6984632015228,
    "82": 772.1582524776459,
    "83": 171.99677896499634,
    "84": 41.50602126121521,
    "86": 214.32258915901184,
    "87": 261.8848295211792,
    "88": 648.1681141853333,
    "89": 976.4283151626587,
    "90": 216.44982528686523,
    "91": 69.85818290710449,
    "93": 1313.1100327968597,
    "96": 46.58113169670105,
    "98": 848.9492011070251,
    "99": 868.3002350330353
}