{
    "02": 16.42184829711914,
    "03": 11.810595035552979,
    "04": 196.90980577468872,
    "07": 34.45716190338135,
    "08": 15.282765865325928,
    "09": 84.9676661491394,
    "11": 87.35833263397217,
    "13": 94.22664451599121,
    "15": 16.244142532348633,
    "17": 36.71913766860962,
    "18": 159.56261897087097,
    "19": 23.638439416885376,
    "21": 0.43944549560546875,
    "22": 1.1313657760620117,
    "25": 68.3862156867981,
    "26": 16.496338605880737,
    "27": 105.53624033927917,
    "28": 160.47057008743286,
    "29": 76.95233845710754,
    "31": 20.59757947921753,
    "33": 1.0306992530822754,
    "34": 9.833444595336914,
    "37": 1.0640604496002197,
    "39": 0.5195193290710449,
    "40": 4.656409740447998,
    "42": 0.34862518310546875,
    "43": 0.34618377685546875,
    "46": 30.52794575691223,
    "48": 85.17123031616211,
    "49": 69.15810203552246,
    "50": 56.102742433547974,
    "51": 17.354368448257446,
    "52": 0.20049738883972168,
    "55": 0.3509197235107422,
    "56": 1.0967974662780762,
    "59": 29.14521050453186,
    "60": 0.5775368213653564,
    "61": 0.7267374992370605,
    "62": 3.956887722015381,
    "66": 16.674566507339478,
    "68": 39.08400559425354,
    "71": 32.01200246810913,
    "72": 69.39666390419006,
    "73": 9.682490348815918,
    "74": 75.85509586334229,
    "75": 81.1508321762085,
    "78": 452.79984164237976,
    "79": 37.442968130111694,
    "82": 4.748172044754028,
    "83": 6.943705320358276,
    "84": 0.923051118850708,
    "85": 20.141430377960205,
    "87": 53.27551221847534,
    "88": 5.9167704582214355,
    "90": 2.700995922088623,
    "91": 0.5261573791503906,
    "93": 18.372716426849365,
    "95": 122.14798092842102,
    "96": 5.284184455871582,
    "97": 43.060643672943115,
    "99": 8.386127233505249
}