{
    "call_center": 1.4245579242706299,
    "catalog_page": 1.3398401737213135,
    "catalog_returns": 149.48178100585938,
    "catalog_sales": 1589.6096589565277,
    "customer": 10.732588291168213,
    "customer_address": 12.753427982330322,
    "customer_demographics": 2.325038194656372,
    "date_dim": 1.4454679489135742,
    "household_demographics": 1.3000943660736084,
    "income_band": 1.1844003200531006,
    "inventory": 16.25940179824829,
    "item": 1.8516526222229004,
    "promotion": 1.486346960067749,
    "reason": 1.1520304679870605,
    "ship_mode": 1.1654646396636963,
    "store": 1.3348965644836426,
    "store_returns": 242.65721440315247,
    "store_sales": 2440.0447788238525,
    "time_dim": 1.6073577404022217,
    "warehouse": 1.2903566360473633,
    "web_page": 1.1837358474731445,
    "web_returns": 60.267017126083374,
    "web_sales": 826.2037374973297,
    "web_site": 1.4581921100616455
}