{
    "02": 1567.2800784111023,
    "03": 987.3046042919159,
    "04": 8034.685558795929,
    "07": 1465.166883,
    "11": 2929.7487201690674,
    "12": 243.837171,
    "13": 2263.366631,
    "15": 605.380335,
    "19": 922.296418,
    "20": 582.925928,
    "21": 67.581146,
    "22": 300.60684037208557,
    "26": 1187.634026,
    "27": 3446.44738,
    "28": 3297.10954785347,
    "31": 1915.844129,
    "33": 1150.630275,
    "34": 524.567715,
    "36": 3699.151949,
    "37": 261.414251,
    "38": 825.533306,
    "39": 136.747431,
    "40": 922.8996036052704,
    "42": 526.96304,
    "43": 793.555595,
    "46": 1082.337923,
    "47": 2817.094723,
    "48": 1222.165413,
    "49": 3309.868545,
    "50": 1103.406859,
    "52": 986.2334163188934,
    "53": 413.976239,
    "55": 798.747034,
    "56": 1429.734917,
    "57": 1909.242645,
    "59": 2138.098795,
    "60": 1640.932757,
    "62": 431.010481,
    "63": 430.039975,
    "66": 1295.476393,
    "67": 1000000.0000000000000,
    "68": 1475.813449,
    "70": 1868.297594,
    "73": 386.145919,
    "74": 2008.484809,
    "77": 4955.285624,
    "79": 1162.978717,
    "82": 461.842574,
    "83": 184.468938,
    "84": 51.841261,
    "86": 393.265649,
    "87": 622.303801,
    "88": 1402.983533,
    "89": 963.544216,
    "90": 298.807128,
    "91": 63.072598,
    "93": 1758.225684,
    "96": 255.601428,
    "98": 1012.6547045707703,
    "99": 794.945394
}
