{
    "03": 4183.472208135,
    "07": 4314.294673671
}
