{
    "02": 54.21367049217224,
    "03": 24.958669900894165,
    "04": 570.0843005180359,
    "07": 28.30598020553589,
    "08": 43.688013792037964,
    "11": 291.4878034591675,
    "15": 28.46690821647644,
    "17": 31.85911798477173,
    "18": 111.43527936935425,
    "19": 12.775959253311157,
    "21": 13.787665367126465,
    "22": 139.7741687297821,
    "25": 13.435661315917969,
    "26": 20.318243265151978,
    "27": 83.13000869750977,
    "28": 650.8414881229401,
    "29": 54.054818630218506,
    "31": 31.72651505470276,
    "34": 22.58212637901306,
    "37": 15.665727853775024,
    "39": 25.960358142852783,
    "40": 55.48267912864685,
    "42": 1.559462547302246,
    "43": 14.865748405456543,
    "46": 73.06885719299316,
    "48": 154.6818642616272,
    "50": 45.80539035797119,
    "52": 1.6245906352996826,
    "55": 1.7317309379577637,
    "59": 88.97181606292725,
    "60": 17.633050441741943,
    "62": 9.993793249130249,
    "66": 28.95680546760559,
    "68": 76.52864670753479,
    "72": 526.2483248710632,
    "73": 19.100544452667236,
    "74": 232.00554203987122,
    "75": 224.3223695755005,
    "78": 780.8340141773224,
    "79": 74.47318053245544,
    "82": 21.18849802017212,
    "84": 2.04351806640625,
    "87": 151.07482242584229,
    "88": 187.20233368873596,
    "90": 9.043127059936523,
    "91": 3.9897301197052,
    "93": 73.86495971679688,
    "96": 23.127171277999878,
    "97": 216.81559705734253,
    "99": 20.641705989837646
}