{
    "01": 28.31065559387207,
    "02": 179.92090940475464,
    "03": 15.279778242111206,
    "04": 277.6300630569458,
    "05": 101.42585587501526,
    "06": 18.56588339805603,
    "07": 51.40283513069153,
    "08": 20.8573796749115,
    "09": 108.52964782714844,
    "10": 12.79263949394226,
    "11": 177.91118931770325,
    "12": 18.92456865310669,
    "13": 62.32358479499817,
    "14": 121.66945219039917,
    "15": 20.418880701065063,
    "16": 9.256559610366821,
    "17": 85.21324419975281,
    "18": 193.99224638938904,
    "19": 20.403421878814697,
    "20": 5.299499034881592,
    "21": 1.6088550090789795,
    "22": 12.837949991226196,
    "23": 1175.6388263702393,
    "24": 46.61388325691223,
    "25": 58.73107075691223,
    "26": 36.114245653152466,
    "27": 140.2079882621765,
    "28": 196.02609062194824,
    "29": 88.59918332099915,
    "30": 5.206523656845093,
    "31": 58.59721302986145,
    "32": 4.505141973495483,
    "33": 8.149430990219116,
    "34": 89.81473779678345,
    "35": 18.268106937408447,
    "36": 79.84753751754761,
    "37": 2.768606185913086,
    "38": 147.8578245639801,
    "39": 1.7136096954345703,
    "40": 1.5804121494293213,
    "41": 7.5501389503479,
    "42": 15.197391271591187,
    "43": 1.553013563156128,
    "44": 61.48335099220276,
    "45": 9.314147472381592,
    "46": 51.33218216896057,
    "47": 106.48587417602539,
    "48": 45.255892276763916,
    "49": 67.4345531463623,
    "50": 24.03308939933777,
    "51": 21.240520477294922,
    "52": 15.235829830169678,
    "53": 16.480111598968506,
    "54": 21.145325422286987,
    "55": 13.444814205169678,
    "56": 1.5740647315979004,
    "57": 27.67378544807434,
    "58": 21.73614001274109,
    "59": 52.8316125869751,
    "60": 13.427476644515991,
    "61": 11.623708486557007,
    "62": 27.61861562728882,
    "63": 15.80545449256897,
    "64": 2080.598880290985,
    "65": 50.84259819984436,
    "66": 24.780288457870483,
    "67": 283.94506335258484,
    "68": 56.71230506896973,
    "69": 103.38128447532654,
    "70": 51.40745711326599,
    "71": 33.488524436950684,
    "72": 75.8174831867218,
    "73": 14.631226778030396,
    "74": 245.94961786270142,
    "75": 103.6835069656372,
    "76": 35.47207975387573,
    "77": 51.34608769416809,
    "78": 396.3389446735382,
    "79": 38.94490623474121,
    "80": 132.75053811073303,
    "81": 26.326172828674316,
    "82": 1.6872544288635254,
    "83": 11.222703218460083,
    "84": 2.2203991413116455,
    "85": 14.748579025268555,
    "86": 13.547351121902466,
    "87": 78.16582942008972,
    "88": 272.11946058273315,
    "89": 15.96997880935669,
    "90": 3.9174933433532715,
    "91": 16.32510542869568,
    "92": 15.308446407318115,
    "93": 23.81337594985962,
    "94": 26.432681798934937,
    "95": 16.95470094680786,
    "96": 40.61017155647278,
    "97": 42.97275352478027,
    "98": 15.906089305877686,
    "99": 55.470030784606934
}