{
    "call_center": 2.426811933517456,
    "catalog_page": 2.3949382305145264,
    "catalog_returns": 139.01493334770203,
    "catalog_sales": 1533.5118215084076,
    "customer": 11.075540781021118,
    "customer_address": 4.297669887542725,
    "customer_demographics": 3.800935745239258,
    "date_dim": 2.598954916000366,
    "household_demographics": 2.1135995388031006,
    "income_band": 2.0267210006713867,
    "inventory": 11.483136177062988,
    "item": 2.798428535461426,
    "promotion": 3.5078773498535156,
    "reason": 2.1716628074645996,
    "ship_mode": 2.2032175064086914,
    "store": 2.2141990661621094,
    "store_returns": 304.6312930583954,
    "store_sales": 2617.9918937683105,
    "time_dim": 2.7239325046539307,
    "warehouse": 2.3670222759246826,
    "web_page": 2.147719621658325,
    "web_returns": 59.70166349411011,
    "web_sales": 1155.5260682106018,
    "web_site": 3.063451051712036
}
