{
    "call_center": {
        "arachne": 106.46548807669085,
        "arachne_runtime": 73969.7419400622,
        "baseline_cost": 108.86501789093018,
        "baseline_runtime": 31743.05499999999,
        "multi_cloud_plan": "move",
        "percent_diff": 2.2041330270513284,
        "profiling_cost": 224.90441734644534,
        "profiling_runtime": 139948.87569704308
    },
    "catalog_page": {
        "arachne": 105.00025272369385,
        "arachne_runtime": 30756.614999999994,
        "baseline_cost": 105.00025272369385,
        "baseline_runtime": 30756.614999999994,
        "multi_cloud_plan": "stay",
        "percent_diff": 0.0,
        "profiling_cost": 220.79765018127534,
        "profiling_runtime": 138176.17745422595
    },
    "catalog_returns": {
        "arachne": 87.68275737762451,
        "arachne_runtime": 24698.091999999993,
        "baseline_cost": 87.68275737762451,
        "baseline_runtime": 24698.091999999993,
        "multi_cloud_plan": "stay",
        "percent_diff": 0.0,
        "profiling_cost": 196.78063412655973,
        "profiling_runtime": 119539.45441110415
    },
    "catalog_sales": {
        "arachne": 51.871256828308105,
        "arachne_runtime": 11936.560999999998,
        "baseline_cost": 51.871256828308105,
        "baseline_runtime": 11936.560999999998,
        "multi_cloud_plan": "stay",
        "percent_diff": 0.0,
        "profiling_cost": 125.92892990036991,
        "profiling_runtime": 68905.28003942108
    },
    "customer": {
        "arachne": 78.18345069885254,
        "arachne_runtime": 21359.637,
        "baseline_cost": 78.18345069885254,
        "baseline_runtime": 21359.637,
        "multi_cloud_plan": "stay",
        "percent_diff": 0.0,
        "profiling_cost": 186.74513778258353,
        "profiling_runtime": 105517.50970215387
    },
    "customer_address": {
        "arachne": 78.57693672180176,
        "arachne_runtime": 23584.006,
        "baseline_cost": 78.57693672180176,
        "baseline_runtime": 23584.006,
        "multi_cloud_plan": "stay",
        "percent_diff": 0.0,
        "profiling_cost": 191.410443234974,
        "profiling_runtime": 121443.51562458923
    },
    "customer_demographics": {
        "arachne": 92.20648765563965,
        "arachne_runtime": 27177.189000000006,
        "baseline_cost": 92.20648765563965,
        "baseline_runtime": 27177.189000000006,
        "multi_cloud_plan": "stay",
        "percent_diff": 0.0,
        "profiling_cost": 205.4754775092394,
        "profiling_runtime": 126383.83128993047
    },
    "date_dim": {
        "arachne": 7.358150482177734,
        "arachne_runtime": 1856.449,
        "baseline_cost": 7.358150482177734,
        "baseline_runtime": 1856.449,
        "multi_cloud_plan": "stay",
        "percent_diff": 0.0,
        "profiling_cost": 103.15675767102128,
        "profiling_runtime": 44279.48669480344
    },
    "household_demographics": {
        "arachne": 93.7887716293335,
        "arachne_runtime": 28370.904999999984,
        "baseline_cost": 93.7887716293335,
        "baseline_runtime": 28370.904999999984,
        "multi_cloud_plan": "stay",
        "percent_diff": 0.0,
        "profiling_cost": 207.30515643766967,
        "profiling_runtime": 128376.81649489117
    },
    "income_band": {
        "arachne": 106.05773002442959,
        "arachne_runtime": 72644.5063516788,
        "baseline_cost": 107.32314586639404,
        "baseline_runtime": 31239.715999999993,
        "multi_cloud_plan": "move",
        "percent_diff": 1.1790707696359957,
        "profiling_cost": 223.0484555841324,
        "profiling_runtime": 138424.7276983871
    },
    "inventory": {
        "arachne": 106.43012107569116,
        "arachne_runtime": 73951.85537705495,
        "baseline_cost": 109.71192836761475,
        "baseline_runtime": 30670.23599999999,
        "multi_cloud_plan": "move",
        "percent_diff": 2.991294876275571,
        "profiling_cost": 225.4371183153995,
        "profiling_runtime": 137952.15826055215
    },
    "item": {
        "arachne": 52.00888156890869,
        "arachne_runtime": 13288.877999999997,
        "baseline_cost": 52.00888156890869,
        "baseline_runtime": 13288.877999999997,
        "multi_cloud_plan": "stay",
        "percent_diff": 0.0,
        "profiling_cost": 157.05375939898775,
        "profiling_runtime": 85764.11136579092
    },
    "promotion": {
        "arachne": 98.26773166656494,
        "arachne_runtime": 28313.095999999994,
        "baseline_cost": 98.26773166656494,
        "baseline_runtime": 28313.095999999994,
        "multi_cloud_plan": "stay",
        "percent_diff": 0.0,
        "profiling_cost": 213.01971797453092,
        "profiling_runtime": 132334.7691086033
    },
    "reason": {
        "arachne": 106.1877510532633,
        "arachne_runtime": 73067.08128983498,
        "baseline_cost": 108.0870532989502,
        "baseline_runtime": 31642.370999999992,
        "multi_cloud_plan": "move",
        "percent_diff": 1.7571968036113945,
        "profiling_cost": 223.60024923991708,
        "profiling_runtime": 138138.00281638716
    },
    "ship_mode": {
        "arachne": 106.46672999870121,
        "arachne_runtime": 73973.77661436674,
        "baseline_cost": 108.71942520141602,
        "baseline_runtime": 32050.326999999994,
        "multi_cloud_plan": "move",
        "percent_diff": 2.072026409762019,
        "profiling_cost": 224.66600823195947,
        "profiling_runtime": 139954.48814770527
    },
    "store": {
        "arachne": 59.824090003967285,
        "arachne_runtime": 19465.443,
        "baseline_cost": 59.824090003967285,
        "baseline_runtime": 19465.443,
        "multi_cloud_plan": "stay",
        "percent_diff": 0.0,
        "profiling_cost": 166.56682553457546,
        "profiling_runtime": 97456.65917976716
    },
    "store_returns": {
        "arachne": 80.93514442443848,
        "arachne_runtime": 22801.532999999996,
        "baseline_cost": 80.93514442443848,
        "baseline_runtime": 22801.532999999996,
        "multi_cloud_plan": "stay",
        "percent_diff": 0.0,
        "profiling_cost": 185.72797097354945,
        "profiling_runtime": 108959.42412341776
    },
    "store_sales": {
        "arachne": 12.448749542236328,
        "arachne_runtime": 6178.374999999999,
        "baseline_cost": 12.448749542236328,
        "baseline_runtime": 6178.374999999999,
        "multi_cloud_plan": "stay",
        "percent_diff": 0.0,
        "profiling_cost": 68.55073079598924,
        "profiling_runtime": 32708.26299696369
    },
    "time_dim": {
        "arachne": 106.31453663172773,
        "arachne_runtime": 73479.61571910855,
        "baseline_cost": 106.35100841522217,
        "baseline_runtime": 31648.69799999999,
        "multi_cloud_plan": "move",
        "percent_diff": 0.03429378248303859,
        "profiling_cost": 221.55067205383867,
        "profiling_runtime": 137125.81076575082
    },
    "warehouse": {
        "arachne": 106.4082517809863,
        "arachne_runtime": 73783.7529676726,
        "baseline_cost": 107.17355251312256,
        "baseline_runtime": 29992.37500000001,
        "multi_cloud_plan": "move",
        "percent_diff": 0.7140761075756528,
        "profiling_cost": 222.69787042255797,
        "profiling_runtime": 136524.15418496213
    },
    "web_page": {
        "arachne": 106.40384943468206,
        "arachne_runtime": 73769.4152802254,
        "baseline_cost": 107.87771701812744,
        "baseline_runtime": 31662.144000000004,
        "multi_cloud_plan": "move",
        "percent_diff": 1.366239130920539,
        "profiling_cost": 223.8891392699703,
        "profiling_runtime": 139777.03936004796
    },
    "web_returns": {
        "arachne": 92.3317813873291,
        "arachne_runtime": 27294.27,
        "baseline_cost": 92.3317813873291,
        "baseline_runtime": 27294.27,
        "multi_cloud_plan": "stay",
        "percent_diff": 0.0,
        "profiling_cost": 203.52086183527928,