{
    "call_center": {
        "moved_tables": [],
        "optimal_cost": 2.030737018539751,
        "optimal_runtime": 11565.110999999997
    },
    "catalog_page": {
        "moved_tables": [],
        "optimal_cost": 1.9480519577096846,
        "optimal_runtime": 11513.970000000001
    },
    "catalog_returns": {
        "moved_tables": [],
        "optimal_cost": 1.725024642785327,
        "optimal_runtime": 6858.371
    },
    "catalog_sales": {
        "moved_tables": [],
        "optimal_cost": 1.1252203035374275,
        "optimal_runtime": 3188.220999999999
    },
    "customer": {
        "moved_tables": [],
        "optimal_cost": 1.5610206244109113,
        "optimal_runtime": 9306.699
    },
    "customer_address": {
        "moved_tables": [],
        "optimal_cost": 1.5989619609038488,
        "optimal_runtime": 9219.515
    },
    "customer_demographics": {
        "moved_tables": [],
        "optimal_cost": 1.8224917904089752,
        "optimal_runtime": 6863.397999999999
    },
    "date_dim": {
        "moved_tables": [],
        "optimal_cost": 0.2345232996190498,
        "optimal_runtime": 536.804
    },
    "household_demographics": {
        "moved_tables": [],
        "optimal_cost": 1.8653051449578786,
        "optimal_runtime": 7353.560999999999
    },
    "income_band": {
        "moved_tables": [],
        "optimal_cost": 2.099175773946629,
        "optimal_runtime": 11734.654
    },
    "inventory": {
        "moved_tables": [],
        "optimal_cost": 2.026961229769449,
        "optimal_runtime": 7605.450000000003
    },
    "item": {
        "moved_tables": [],
        "optimal_cost": 1.1603156664552425,
        "optimal_runtime": 3220.6559999999995
    },
    "promotion": {
        "moved_tables": [],
        "optimal_cost": 1.879965346083196,
        "optimal_runtime": 7390.625
    },
    "reason": {
        "moved_tables": [],
        "optimal_cost": 1.9866643378900182,
        "optimal_runtime": 11564.825999999995
    },
    "ship_mode": {
        "moved_tables": [],
        "optimal_cost": 2.028936524648801,
        "optimal_runtime": 11650.773999999998
    },
    "store": {
        "moved_tables": [],
        "optimal_cost": 1.313338843407577,
        "optimal_runtime": 8973.043000000003
    },
    "store_returns": {
        "moved_tables": [],
        "optimal_cost": 1.6648583998223094,
        "optimal_runtime": 9961.144999999995
    },
    "store_sales": {
        "moved_tables": [],
        "optimal_cost": 0.5040984371336029,
        "optimal_runtime": 5352.938
    },
    "time_dim": {
        "moved_tables": [],
        "optimal_cost": 1.9806321916141303,
        "optimal_runtime": 11500.635
    },
    "warehouse": {
        "moved_tables": [],
        "optimal_cost": 1.9581108013423396,
        "optimal_runtime": 7465.010000000001
    },
    "web_page": {
        "moved_tables": [],
        "optimal_cost": 2.0427441468139516,
        "optimal_runtime": 11620.486
    },
    "web_returns": {
        "moved_tables": [],
        "optimal_cost": 1.7253229013135318,
        "optimal_runtime": 10823.965999999999
    },
    "web_sales": {
        "moved_tables": [],
        "optimal_cost": 1.1571884864716024,
        "optimal_runtime": 7547.134000000003
    },
    "web_site": {
        "moved_tables": [],
        "optimal_cost": 1.8769788701333798,
        "optimal_runtime": 11307.728000000003
    }
}