{
    "02": 30.654420614242554,
    "03": 28.140838623046875,
    "04": 559.1074171066284,
    "07": 79.8593475818634,
    "08": 32.48345136642456,
    "09": 176.08839440345764,
    "11": 345.00521063804626,
    "15": 28.342379570007324,
    "17": 67.11244750022888,
    "18": 289.1147825717926,
    "19": 39.55812096595764,
    "21": 5.698337078094482,
    "22": 15.520256996154785,
    "25": 6788.421560525894,
    "26": 39.02678990364075,
    "27": 216.87500596046448,
    "28": 327.6146824359894,
    "29": 349.91431427001953,
    "31": 122.19188284873962,
    "33": 7.512086629867554,
    "34": 25.45082688331604,
    "37": 8.203695297241211,
    "39": 4.616012334823608,
    "40": 5.430794715881348,
    "42": 24.567375898361206,
    "43": 5.826936721801758,
    "46": 70.13352251052856,
    "48": 62.19775629043579,
    "49": 116.06095600128174,
    "50": 208.9651644229889,
    "51": 77.34954786300659,
    "52": 24.29613757133484,
    "55": 24.29682445526123,
    "56": 5.7493977546691895,
    "59": 100.75131249427795,
    "60": 0.6534507274627686,
    "61": 6.753396511077881,
    "62": 12.145228862762451,
    "66": 33.80626106262207,
    "68": 82.43173241615295,
    "71": 46.78963613510132,
    "72": 38.26111316680908,
    "73": 19.19592809677124,
    "74": 526.2025859355927,
    "75": 199.5070881843567,
    "78": 1064.536804676056,
    "79": 73.79791355133057,
    "82": 7.214035749435425,
    "83": 11.963030099868774,
    "84": 1.9154129028320312,
    "85": 82.3193633556366,
    "87": 126.21663331985474,
    "88": 123.88631081581116,
    "90": 5.8772594928741455,
    "91": 7.360001802444458,
    "93": 164.32082176208496,
    "95": 158.9214391708374,
    "96": 14.573418617248535,
    "97": 145.85885763168335,
    "99": 28.953332662582397
}