{
    "call_center": {
        "arachne": 106.66676600935916,
        "arachne_runtime": 77745.15296165147,
        "bq": 260.02942419052124,
        "bq_baseline_runtime": 105783.20400000001,
        "multi_cloud_plan": "aws",
        "percent_diff": 58.97896311487989,
        "profiling_cost": 376.06882364603604,
        "profiling_runtime": 213989.02469704318
    },
    "catalog_page": {
        "arachne": 106.32638396018262,
        "arachne_runtime": 76639.15417141575,
        "bq": 243.88043880462646,
        "bq_baseline_runtime": 105810.448,
        "multi_cloud_plan": "aws",
        "percent_diff": 56.402250019993986,
        "profiling_cost": 359.6778362622078,
        "profiling_runtime": 213230.01045422597
    },
    "catalog_returns": {
        "arachne": 101.32424526813072,
        "arachne_runtime": 69561.02042462878,
        "bq": 212.9609088897705,
        "bq_baseline_runtime": 91777.655,
        "multi_cloud_plan": "aws",
        "percent_diff": 52.42119983598652,
        "profiling_cost": 322.05878563870544,
        "profiling_runtime": 186619.01741110414
    },
    "catalog_sales": {
        "arachne": 64.03410611822525,
        "arachne_runtime": 42415.91546061095,
        "bq": 114.65973329544067,
        "bq_baseline_runtime": 57335.019,
        "multi_cloud_plan": "multi",
        "percent_diff": 44.15292598559402,
        "profiling_cost": 188.7174063675026,
        "profiling_runtime": 114303.73803942106
    },
    "customer": {
        "arachne": 101.54492037718651,
        "arachne_runtime": 61353.49901735192,
        "bq": 204.45880842208862,
        "bq_baseline_runtime": 77589.223,
        "multi_cloud_plan": "aws",
        "percent_diff": 50.33477835420263,
        "profiling_cost": 313.02049550581927,
        "profiling_runtime": 161747.09570215386
    },
    "customer_address": {
        "arachne": 104.62020409271577,
        "arachne_runtime": 71166.61625690307,
        "bq": 212.74511575698853,
        "bq_baseline_runtime": 80994.65000000004,
        "multi_cloud_plan": "aws",
        "percent_diff": 50.823686964348525,
        "profiling_cost": 325.5786222701605,
        "profiling_runtime": 178854.1596245893
    },
    "customer_demographics": {
        "arachne": 105.10190563351566,
        "arachne_runtime": 72664.0919519818,
        "bq": 228.21683979034424,
        "bq_baseline_runtime": 91655.29500000001,
        "multi_cloud_plan": "aws",
        "percent_diff": 53.94647225416427,
        "profiling_cost": 341.4858296439436,
        "profiling_runtime": 190861.9372899305
    },
    "date_dim": {
        "arachne": 31.01987075805664,
        "arachne_runtime": 12509.484,
        "bq": 31.01987075805664,
        "bq_baseline_runtime": 12509.484,
        "multi_cloud_plan": "gcp",
        "percent_diff": 0.0,
        "profiling_cost": 126.81847794690017,
        "profiling_runtime": 54932.521694803436
    },
    "household_demographics": {
        "arachne": 105.61910088611488,
        "arachne_runtime": 74340.23445773326,
        "bq": 236.0058331489563,
        "bq_baseline_runtime": 93139.921,
        "multi_cloud_plan": "aws",
        "percent_diff": 55.24724983409506,
        "profiling_cost": 349.5222179572923,
        "profiling_runtime": 193145.83249489116
    },
    "income_band": {
        "arachne": 106.25900795730352,
        "arachne_runtime": 76419.91737326808,
        "bq": 255.69012069702148,
        "bq_baseline_runtime": 106110.69600000001,
        "multi_cloud_plan": "aws",
        "percent_diff": 58.44227079730838,
        "profiling_cost": 371.4154304147593,
        "profiling_runtime": 213295.707698387
    },
    "inventory": {
        "arachne": 106.6313890917317,
        "arachne_runtime": 77727.26639864422,
        "bq": 262.2127056121826,
        "bq_baseline_runtime": 104366.56000000001,
        "multi_cloud_plan": "aws",
        "percent_diff": 59.334011354338614,
        "profiling_cost": 377.93789555996716,
        "profiling_runtime": 211648.48226055215
    },
    "item": {
        "arachne": 97.53126863388775,
        "arachne_runtime": 47952.0436717868,
        "bq": 102.3605055809021,
        "bq_baseline_runtime": 48002.55500000002,
        "multi_cloud_plan": "multi",
        "percent_diff": 4.717871330947554,
        "profiling_cost": 207.40538341098116,
        "profiling_runtime": 120477.78836579091
    },
    "promotion": {
        "arachne": 105.79928437386229,
        "arachne_runtime": 74925.80327126585,
        "bq": 236.81325960159302,
        "bq_baseline_runtime": 97716.66100000005,
        "multi_cloud_plan": "aws",
        "percent_diff": 55.32374979684178,
        "profiling_cost": 351.56524590955854,
        "profiling_runtime": 201738.33410860325
    },
    "reason": {
        "arachne": 106.38902898611198,
        "arachne_runtime": 76842.49231142426,
        "bq": 253.85108757019043,
        "bq_baseline_runtime": 104568.12199999997,
        "multi_cloud_plan": "aws",
        "percent_diff": 58.08998495754123,
        "profiling_cost": 369.3642835111569,
        "profiling_runtime": 211063.7538163872
    },
    "ship_mode": {
        "arachne": 106.66800793153637,
        "arachne_runtime": 77749.18763595601,
        "bq": 261.1507239341736,
        "bq_baseline_runtime": 106991.292,
        "multi_cloud_plan": "aws",
        "percent_diff": 59.15461909329288,
        "profiling_cost": 377.09730696471655,
        "profiling_runtime": 214895.45314770535
    },
    "store": {
        "arachne": 100.96277841383187,
        "arachne_runtime": 59207.21580753816,
        "bq": 150.39173698425293,
        "bq_baseline_runtime": 60536.15700000001,
        "multi_cloud_plan": "aws",
        "percent_diff": 32.86680476042152,
        "profiling_cost": 257.13447251486105,
        "profiling_runtime": 138527.37317976716
    },
    "store_returns": {
        "arachne": 98.42188487266046,
        "arachne_runtime": 69143.00446361038,
        "bq": 204.2278618812561,
        "bq_baseline_runtime": 87304.47600000001,
        "multi_cloud_plan": "multi",
        "percent_diff": 51.80780723744455,
        "profiling_cost": 309.02068843036676,
        "profiling_runtime": 173462.3671234178
    },
    "store_sales": {
        "arachne": 23.195577144622803,
        "arachne_runtime": 13401.668,
        "bq": 23.195577144622803,
        "bq_baseline_runtime": 13401.668,
        "multi_cloud_plan": "gcp",
        "percent_diff": 0.0,
        "profiling_cost": 79.29755839837571,
        "profiling_runtime": 39931.555996963696
    },
    "time_dim": {
        "arachne": 106.51581451603172,
        "arachne_runtime": 77255.02674069782,
        "bq": 253.74983406066895,
        "bq_baseline_runtime": 102975.36499999999,
        "multi_cloud_plan": "aws",
        "percent_diff": 58.02329687807208,
        "profiling_cost": 368.94949769928513,
        "profiling_runtime": 208452.47776575084
    },
    "warehouse": {
        "arachne": 106.60952971372795,
        "arachne_runtime": 77559.16398926187,
        "bq": 259.420476436615,
        "bq_baseline_runtime": 103431.73100000004,
        "multi_cloud_plan": "aws",
        "percent_diff": 58.90473597993865,
        "profiling_cost": 374.9447943460502,
        "profiling_runtime": 209963.51018496207
    },
    "web_page": {
        "arachne": 106.60512736715258,
        "arachne_runtime": 77544.82630181467,
        "bq": 254.87140130996704,
        "bq_baseline_runtime": 105966.09000000001,
        "multi_cloud_plan": "aws",
        "percent_diff": 58.172973970703524,
        "profiling_cost": 370.8828235618095,
        "profiling_runtime": 214080.9853600479
    },
    "web_returns": {
        "arachne": 103.25371546648816,
        "arachne_runtime": 71102.62820347786,
        "bq": 221.98918771743774,
        "bq_baseline_runtime": 97414.909,
        "multi_cloud_plan": "aws",
        "percent_diff": 53.48705199195729,
        "profiling_cost": 333.17826816538764,
        "profiling_runtime": 194315.02942059928
    },