{
    "call_center": {
        "arachne": 106.66679938796025,
        "arachne_runtime": 77745.15296165147,
        "bq": 425.50269412994385,
        "bq_baseline_runtime": 105783.20400000003,
        "multi_cloud_plan": "aws",
        "percent_diff": 74.93158072569443,
        "profiling_cost": 541.5420935854592,
        "profiling_runtime": 213989.0246970431
    },
    "catalog_page": {
        "arachne": 106.32641733878368,
        "arachne_runtime": 76639.15417141575,
        "bq": 399.07708168029785,
        "bq_baseline_runtime": 105810.44799999999,
        "multi_cloud_plan": "aws",
        "percent_diff": 73.35692220382572,
        "profiling_cost": 514.8744791378789,
        "profiling_runtime": 213230.01045422594
    },
    "catalog_returns": {
        "arachne": 101.32427864673178,
        "arachne_runtime": 69561.02042462878,
        "bq": 348.4814872741699,
        "bq_baseline_runtime": 91777.65500000004,
        "multi_cloud_plan": "aws",
        "percent_diff": 70.92405698813657,
        "profiling_cost": 457.5793640231047,
        "profiling_runtime": 186619.0174111041
    },
    "catalog_sales": {
        "arachne": 67.18420826045059,
        "arachne_runtime": 42285.63729995204,
        "bq": 187.625018119812,
        "bq_baseline_runtime": 57335.01900000001,
        "multi_cloud_plan": "multi",
        "percent_diff": 64.19229752316471,
        "profiling_cost": 261.68269119187386,
        "profiling_runtime": 114303.73803942109
    },
    "customer": {
        "arachne": 101.54495375578759,
        "arachne_runtime": 61353.49901735192,
        "bq": 334.568959236145,
        "bq_baseline_runtime": 77589.22299999997,
        "multi_cloud_plan": "aws",
        "percent_diff": 69.64902123985888,
        "profiling_cost": 443.13064631987555,
        "profiling_runtime": 161747.09570215386
    },
    "customer_address": {
        "arachne": 104.62023747131684,
        "arachne_runtime": 71166.61625690307,
        "bq": 348.1283712387085,
        "bq_baseline_runtime": 80994.65,
        "multi_cloud_plan": "aws",
        "percent_diff": 69.94779911242003,
        "profiling_cost": 460.9618777518803,
        "profiling_runtime": 178854.15962458923
    },
    "customer_demographics": {
        "arachne": 105.10193901211672,
        "arachne_runtime": 72664.0919519818,
        "bq": 373.4457378387451,
        "bq_baseline_runtime": 91655.29500000001,
        "multi_cloud_plan": "aws",
        "percent_diff": 71.85616855065032,
        "profiling_cost": 486.71472769234447,
        "profiling_runtime": 190861.93728993044
    },
    "date_dim": {
        "arachne": 46.07928663502403,
        "arachne_runtime": 20692.50348291107,
        "bq": 50.759788513183594,
        "bq_baseline_runtime": 12509.484,
        "multi_cloud_plan": "multi",
        "percent_diff": 9.220885301647614,
        "profiling_cost": 146.55839570202724,
        "profiling_runtime": 54932.521694803436
    },
    "household_demographics": {
        "arachne": 105.61913426471595,
        "arachne_runtime": 74340.23445773326,
        "bq": 386.19136333465576,
        "bq_baseline_runtime": 93139.92100000003,
        "multi_cloud_plan": "aws",
        "percent_diff": 72.65108847781475,
        "profiling_cost": 499.70774814299165,
        "profiling_runtime": 193145.83249489113
    },
    "income_band": {
        "arachne": 106.2590413359046,
        "arachne_runtime": 76419.91737326808,
        "bq": 418.40201568603516,
        "bq_baseline_runtime": 106110.696,
        "multi_cloud_plan": "aws",
        "percent_diff": 74.60360195404976,
        "profiling_cost": 534.1273254037735,
        "profiling_runtime": 213295.7076983871
    },
    "inventory": {
        "arachne": 106.63142247033278,
        "arachne_runtime": 77727.26639864422,
        "bq": 429.0753364562988,
        "bq_baseline_runtime": 104366.56000000001,
        "multi_cloud_plan": "aws",
        "percent_diff": 75.14855471512445,
        "profiling_cost": 544.8005264040836,
        "profiling_runtime": 211648.48226055215
    },
    "item": {
        "arachne": 98.75021577566501,
        "arachne_runtime": 52114.25888854172,
        "bq": 167.49900913238525,
        "bq_baseline_runtime": 48002.55500000001,
        "multi_cloud_plan": "aws",
        "percent_diff": 41.044298538138605,
        "profiling_cost": 272.54388696246394,
        "profiling_runtime": 120477.78836579091
    },
    "promotion": {
        "arachne": 105.79931775246337,
        "arachne_runtime": 74925.80327126585,
        "bq": 387.5126066207886,
        "bq_baseline_runtime": 97716.66099999996,
        "multi_cloud_plan": "aws",
        "percent_diff": 72.69783848451767,
        "profiling_cost": 502.264592928754,
        "profiling_runtime": 201738.33410860342
    },
    "reason": {
        "arachne": 106.38906236471306,
        "arachne_runtime": 76842.49231142426,
        "bq": 415.3926887512207,
        "bq_baseline_runtime": 104568.122,
        "multi_cloud_plan": "aws",
        "percent_diff": 74.38831610528668,
        "profiling_cost": 530.9058846921878,
        "profiling_runtime": 211063.7538163872
    },
    "ship_mode": {
        "arachne": 106.66804131013744,
        "arachne_runtime": 77749.18763595601,
        "bq": 427.3375482559204,
        "bq_baseline_runtime": 106991.29199999997,
        "multi_cloud_plan": "aws",
        "percent_diff": 75.0389260795176,
        "profiling_cost": 543.2841312864638,
        "profiling_runtime": 214895.45314770527
    },
    "store": {
        "arachne": 100.96281179243294,
        "arachne_runtime": 59207.21580753816,
        "bq": 246.0955696105957,
        "bq_baseline_runtime": 60536.157,
        "multi_cloud_plan": "aws",
        "percent_diff": 58.97414490143428,
        "profiling_cost": 352.83830514120353,
        "profiling_runtime": 138527.37317976716
    },
    "store_returns": {
        "arachne": 98.5528634113842,
        "arachne_runtime": 65857.47820278132,
        "bq": 334.1910467147827,
        "bq_baseline_runtime": 87304.47599999998,
        "multi_cloud_plan": "aws",
        "percent_diff": 70.51002282072066,
        "profiling_cost": 438.9838732638935,
        "profiling_runtime": 173462.36712341782
    },
    "store_sales": {
        "arachne": 37.92956851787486,
        "arachne_runtime": 13422.13978346435,
        "bq": 37.95639896392822,
        "bq_baseline_runtime": 13401.668000000001,
        "multi_cloud_plan": "multi",
        "percent_diff": 0.07068754356507367,
        "profiling_cost": 94.05838021768113,
        "profiling_runtime": 39931.555996963696
    },
    "time_dim": {
        "arachne": 106.5158478946328,
        "arachne_runtime": 77255.02674069782,
        "bq": 415.22700119018555,
        "bq_baseline_runtime": 102975.365,
        "multi_cloud_plan": "aws",
        "percent_diff": 74.34756227573806,
        "profiling_cost": 530.426664828802,
        "profiling_runtime": 208452.47776575084
    },
    "warehouse": {
        "arachne": 106.60956309232903,
        "arachne_runtime": 77559.16398926187,
        "bq": 424.50623416900635,
        "bq_baseline_runtime": 103431.731,
        "multi_cloud_plan": "aws",
        "percent_diff": 74.8862196803722,
        "profiling_cost": 540.0305520784418,
        "profiling_runtime": 209963.51018496222
    },
    "web_page": {
        "arachne": 106.60516074575365,
        "arachne_runtime": 77544.82630181467,
        "bq": 417.06229305267334,
        "bq_baseline_runtime": 105966.09,
        "multi_cloud_plan": "aws",
        "percent_diff": 74.43903164549813,
        "profiling_cost": 533.0737153045162,
        "profiling_runtime": 214080.98536004795
    },
    "web_returns": {
        "arachne": 103.25374884508923,
        "arachne_runtime": 71102.62820347786,
        "bq": 363.2550344467163,
        "bq_baseline_runtime": 97414.909,
        "multi_cloud_plan": "aws",
        "percent_diff": 71.57541147300054,
        "profiling_cost": 474.4441148946663,