{
    "call_center": {
        "arachne": 165.14394653759007,
        "arachne_runtime": 77745.15296165147,
        "bq": 236.39038562774658,
        "bq_baseline_runtime": 105783.20399999998,
        "multi_cloud_plan": "aws",
        "percent_diff": 30.139313365456044,
        "profiling_cost": 410.90697037986394,
        "profiling_runtime": 213989.02469704306
    },
    "catalog_page": {
        "arachne": 164.8035083699374,
        "arachne_runtime": 76639.15417141575,
        "bq": 221.7094898223877,
        "bq_baseline_runtime": 105810.44800000002,
        "multi_cloud_plan": "aws",
        "percent_diff": 25.66691281371758,
        "profiling_cost": 395.98401645809525,
        "profiling_runtime": 213230.01045422585
    },
    "catalog_returns": {
        "arachne": 156.82807917691792,
        "arachne_runtime": 69522.54024551496,
        "bq": 193.60082626342773,
        "bq_baseline_runtime": 91777.655,
        "multi_cloud_plan": "multi",
        "percent_diff": 18.994106479935198,
        "profiling_cost": 359.1897566865091,
        "profiling_runtime": 186619.0174111041
    },
    "catalog_sales": {
        "arachne": 87.35180992079364,
        "arachne_runtime": 44192.96277523114,
        "bq": 104.23612117767334,
        "bq_baseline_runtime": 57335.01900000001,
        "multi_cloud_plan": "multi",
        "percent_diff": 16.198138482244484,
        "profiling_cost": 218.3182671561525,
        "profiling_runtime": 114303.73803942109
    },
    "customer": {
        "arachne": 159.96698654544073,
        "arachne_runtime": 61353.49901735192,
        "bq": 185.87164402008057,
        "bq_baseline_runtime": 77589.223,
        "multi_cloud_plan": "aws",
        "percent_diff": 13.936852827234494,
        "profiling_cost": 352.85540209260495,
        "profiling_runtime": 161747.09570215386
    },
    "customer_address": {
        "arachne": 163.0816218112687,
        "arachne_runtime": 71166.61625690307,
        "bq": 193.4046506881714,
        "bq_baseline_runtime": 80994.65000000002,
        "multi_cloud_plan": "aws",
        "percent_diff": 15.678541735686014,
        "profiling_cost": 364.69957974043587,
        "profiling_runtime": 178854.15962458923
    },
    "customer_demographics": {
        "arachne": 163.57805230023988,
        "arachne_runtime": 72664.0919519818,
        "bq": 207.4698543548584,
        "bq_baseline_runtime": 91655.29499999997,
        "multi_cloud_plan": "aws",
        "percent_diff": 21.15574920081911,
        "profiling_cost": 379.2149956957216,
        "profiling_runtime": 190861.93728993047
    },
    "date_dim": {
        "arachne": 28.19988250732422,
        "arachne_runtime": 12509.484000000002,
        "bq": 28.19988250732422,
        "bq_baseline_runtime": 12509.484000000002,
        "multi_cloud_plan": "gcp",
        "percent_diff": 0.0,
        "profiling_cost": 182.47550588521966,
        "profiling_runtime": 54932.521694803436
    },
    "household_demographics": {
        "arachne": 164.09627886365354,
        "arachne_runtime": 74340.23445773326,
        "bq": 214.5507574081421,
        "bq_baseline_runtime": 93139.921,
        "multi_cloud_plan": "aws",
        "percent_diff": 23.51633671863879,
        "profiling_cost": 386.5443250145563,
        "profiling_runtime": 193145.83249489116
    },
    "income_band": {
        "arachne": 164.7361889208487,
        "arachne_runtime": 76419.91737326808,
        "bq": 232.44556427001953,
        "bq_baseline_runtime": 106110.69599999997,
        "multi_cloud_plan": "aws",
        "percent_diff": 29.129132045090994,
        "profiling_cost": 406.6480597196742,
        "profiling_runtime": 213295.70769838712
    },
    "inventory": {
        "arachne": 165.0875738575912,
        "arachne_runtime": 77727.26639864422,
        "bq": 238.37518692016602,
        "bq_baseline_runtime": 104366.56,
        "multi_cloud_plan": "aws",
        "percent_diff": 30.74464838788758,
        "profiling_cost": 412.55656640218166,
        "profiling_runtime": 211648.4822605522
    },
    "item": {
        "arachne": 93.05500507354736,
        "arachne_runtime": 48002.55500000002,
        "bq": 93.05500507354736,
        "bq_baseline_runtime": 48002.55500000002,
        "multi_cloud_plan": "gcp",
        "percent_diff": 0.0,
        "profiling_cost": 256.57660423340855,
        "profiling_runtime": 120477.7883657909
    },
    "promotion": {
        "arachne": 164.2764631772233,
        "arachne_runtime": 74925.80327126585,
        "bq": 215.28478145599365,
        "bq_baseline_runtime": 97716.661,
        "multi_cloud_plan": "aws",
        "percent_diff": 23.693415732313138,
        "profiling_cost": 388.5139513356919,
        "profiling_runtime": 201738.33410860325
    },
    "reason": {
        "arachne": 164.86620989622247,
        "arachne_runtime": 76842.49231142426,
        "bq": 230.7737159729004,
        "bq_baseline_runtime": 104568.12199999999,
        "multi_cloud_plan": "aws",
        "percent_diff": 28.55936422344449,
        "profiling_cost": 404.7640975923491,
        "profiling_runtime": 211063.7538163871
    },
    "ship_mode": {
        "arachne": 165.14518881299006,
        "arachne_runtime": 77749.18763595601,
        "bq": 237.4097490310669,
        "bq_baseline_runtime": 106991.29199999999,
        "multi_cloud_plan": "aws",
        "percent_diff": 30.438750098935685,
        "profiling_cost": 411.83351771143526,
        "profiling_runtime": 214895.45314770527
    },
    "store": {
        "arachne": 136.7197608947754,
        "arachne_runtime": 60536.157,
        "bq": 136.7197608947754,
        "bq_baseline_runtime": 60536.157,
        "multi_cloud_plan": "gcp",
        "percent_diff": 0.0,
        "profiling_cost": 301.93968018805555,
        "profiling_runtime": 138527.37317976716
    },
    "store_returns": {
        "arachne": 150.5156476478754,
        "arachne_runtime": 69104.52428449657,
        "bq": 185.66169261932373,
        "bq_baseline_runtime": 87304.47600000002,
        "multi_cloud_plan": "multi",
        "percent_diff": 18.930154344499563,
        "profiling_cost": 345.79714910644833,
        "profiling_runtime": 173462.36712341773
    },
    "store_sales": {
        "arachne": 21.086888313293457,
        "arachne_runtime": 13401.667999999998,
        "bq": 21.086888313293457,
        "bq_baseline_runtime": 13401.667999999998,
        "multi_cloud_plan": "gcp",
        "percent_diff": 0.0,
        "profiling_cost": 111.11337288520619,
        "profiling_runtime": 39931.55599696369
    },
    "time_dim": {
        "arachne": 164.99289264593236,
        "arachne_runtime": 77255.02674069782,
        "bq": 230.68166732788086,
        "bq_baseline_runtime": 102975.36500000003,
        "multi_cloud_plan": "aws",
        "percent_diff": 28.475940651400506,
        "profiling_cost": 404.3584138647693,
        "profiling_runtime": 208452.47776575078
    },
    "warehouse": {
        "arachne": 165.08671039719638,
        "arachne_runtime": 77559.16398926187,
        "bq": 235.83679676055908,
        "bq_baseline_runtime": 103431.73099999999,
        "multi_cloud_plan": "aws",
        "percent_diff": 29.999596049124598,
        "profiling_cost": 409.83830025609365,
        "profiling_runtime": 209963.5101849621
    },
    "web_page": {
        "arachne": 165.08230747661437,
        "arachne_runtime": 77544.82630181467,
        "bq": 231.70127391815186,
        "bq_baseline_runtime": 105966.08999999997,
        "multi_cloud_plan": "aws",
        "percent_diff": 28.75209329451962,
        "profiling_cost": 406.1898810478278,
        "profiling_runtime": 214080.9853600479
    },
    "web_returns": {
        "arachne": 160.76811793036666,
        "arachne_runtime": 71102.62820347786,
        "bq": 201.80835247039795,
        "bq_baseline_runtime": 97414.909,
        "multi_cloud_plan": "aws",
        "percent_diff": 20.336241804486875,
        "profiling_cost": 370.51189675655644,
        "profiling_runtime": 194315.0294205994
    },