{
    "call_center": {
        "arachne": 144.50493996231862,
        "arachne_runtime": 77745.15296165147,
        "bq": 236.39038562774658,
        "bq_baseline_runtime": 105783.20399999997,
        "multi_cloud_plan": "aws",
        "percent_diff": 38.870212687128344,
        "profiling_cost": 390.26796380459245,
        "profiling_runtime": 213989.0246970431
    },
    "catalog_page": {
        "arachne": 144.16452160118692,
        "arachne_runtime": 76639.15417141575,
        "bq": 221.7094898223877,
        "bq_baseline_runtime": 105810.44800000002,
        "multi_cloud_plan": "aws",
        "percent_diff": 34.975935528660656,
        "profiling_cost": 375.3450296893449,
        "profiling_runtime": 213230.01045422588
    },
    "catalog_returns": {
        "arachne": 137.22986442786663,
        "arachne_runtime": 69522.54024551496,
        "bq": 193.60082626342773,
        "bq_baseline_runtime": 91777.65500000001,
        "multi_cloud_plan": "multi",
        "percent_diff": 29.11710808447613,
        "profiling_cost": 339.25173774269274,
        "profiling_runtime": 186619.01741110417
    },
    "catalog_sales": {
        "arachne": 78.6531032697151,
        "arachne_runtime": 44192.96277523115,
        "bq": 104.23612117767334,
        "bq_baseline_runtime": 57335.01900000001,
        "multi_cloud_plan": "multi",
        "percent_diff": 24.54333259806481,
        "profiling_cost": 204.1919826009464,
        "profiling_runtime": 114303.73803942105
    },
    "customer": {
        "arachne": 139.34743209721984,
        "arachne_runtime": 61353.49901735192,
        "bq": 185.87164402008057,
        "bq_baseline_runtime": 77589.223,
        "multi_cloud_plan": "aws",
        "percent_diff": 25.030290213516647,
        "profiling_cost": 332.2358476259719,
        "profiling_runtime": 161747.09570215386
    },
    "customer_address": {
        "arachne": 142.44817858058946,
        "arachne_runtime": 71166.61625690307,
        "bq": 193.4046506881714,
        "bq_baseline_runtime": 80994.65,
        "multi_cloud_plan": "aws",
        "percent_diff": 26.347076932363773,
        "profiling_cost": 344.0661364913444,
        "profiling_runtime": 178854.15962458923
    },
    "customer_demographics": {
        "arachne": 142.93941061726488,
        "arachne_runtime": 72664.0919519818,
        "bq": 207.4698543548584,
        "bq_baseline_runtime": 91655.29500000003,
        "multi_cloud_plan": "aws",
        "percent_diff": 31.10352775744472,
        "profiling_cost": 358.57635399433445,
        "profiling_runtime": 190861.93728993039
    },
    "date_dim": {
        "arachne": 28.19988250732422,
        "arachne_runtime": 12509.484,
        "bq": 28.19988250732422,
        "bq_baseline_runtime": 12509.484,
        "multi_cloud_plan": "gcp",
        "percent_diff": 0.0,
        "profiling_cost": 161.83655899496608,
        "profiling_runtime": 54932.521694803436
    },
    "household_demographics": {
        "arachne": 143.45727318862637,
        "arachne_runtime": 74340.23445773326,
        "bq": 214.5507574081421,
        "bq_baseline_runtime": 93139.92100000002,
        "multi_cloud_plan": "aws",
        "percent_diff": 33.13597447911771,
        "profiling_cost": 365.90531932111696,
        "profiling_runtime": 193145.83249489116
    },
    "income_band": {
        "arachne": 144.0971821919369,
        "arachne_runtime": 76419.91737326808,
        "bq": 232.44556427001953,
        "bq_baseline_runtime": 106110.69599999997,
        "multi_cloud_plan": "aws",
        "percent_diff": 38.008203062740776,
        "profiling_cost": 386.00905299076254,
        "profiling_runtime": 213295.70769838712
    },
    "inventory": {
        "arachne": 144.45597755139198,
        "arachne_runtime": 77727.26639864422,
        "bq": 238.37518692016602,
        "bq_baseline_runtime": 104366.55999999998,
        "multi_cloud_plan": "aws",
        "percent_diff": 39.39974230632839,
        "profiling_cost": 391.92497009598225,
        "profiling_runtime": 211648.48226055212
    },
    "item": {
        "arachne": 93.05500507354736,
        "arachne_runtime": 48002.555,
        "bq": 93.05500507354736,
        "bq_baseline_runtime": 48002.555,
        "multi_cloud_plan": "gcp",
        "percent_diff": 0.0,
        "profiling_cost": 235.93776141113253,
        "profiling_runtime": 120477.78836579091
    },
    "promotion": {
        "arachne": 143.63745721072942,
        "arachne_runtime": 74925.80327126585,
        "bq": 215.28478145599365,
        "bq_baseline_runtime": 97716.66100000002,
        "multi_cloud_plan": "aws",
        "percent_diff": 33.28025500024007,
        "profiling_cost": 367.8749453691979,
        "profiling_runtime": 201738.33410860327
    },
    "reason": {
        "arachne": 144.22720318616996,
        "arachne_runtime": 76842.49231142426,
        "bq": 230.7737159729004,
        "bq_baseline_runtime": 104568.122,
        "multi_cloud_plan": "aws",
        "percent_diff": 37.50275997501099,
        "profiling_cost": 384.12509088229655,
        "profiling_runtime": 211063.75381638718
    },
    "ship_mode": {
        "arachne": 144.50618211305172,
        "arachne_runtime": 77749.18763595601,
        "bq": 237.4097490310669,
        "bq_baseline_runtime": 106991.29199999996,
        "multi_cloud_plan": "aws",
        "percent_diff": 39.132161715001025,
        "profiling_cost": 391.194511011497,
        "profiling_runtime": 214895.45314770524
    },
    "store": {
        "arachne": 136.7197608947754,
        "arachne_runtime": 60536.15700000002,
        "bq": 136.7197608947754,
        "bq_baseline_runtime": 60536.15700000002,
        "multi_cloud_plan": "gcp",
        "percent_diff": 0.0,
        "profiling_cost": 281.30067415417113,
        "profiling_runtime": 138527.37317976716
    },
    "store_returns": {
        "arachne": 132.0237467452614,
        "arachne_runtime": 69104.52428449658,
        "bq": 185.66169261932373,
        "bq_baseline_runtime": 87304.476,
        "multi_cloud_plan": "multi",
        "percent_diff": 28.89015236117678,
        "profiling_cost": 326.2644561871494,
        "profiling_runtime": 173462.36712341776
    },
    "store_sales": {
        "arachne": 21.086888313293457,
        "arachne_runtime": 13401.667999999998,
        "bq": 21.086888313293457,
        "bq_baseline_runtime": 13401.667999999998,
        "multi_cloud_plan": "gcp",
        "percent_diff": 0.0,
        "profiling_cost": 99.14001877291447,
        "profiling_runtime": 39931.55599696368
    },
    "time_dim": {
        "arachne": 144.35392221124803,
        "arachne_runtime": 77255.02674069782,
        "bq": 230.68166732788086,
        "bq_baseline_runtime": 102975.36499999999,
        "multi_cloud_plan": "aws",
        "percent_diff": 37.42288935077374,
        "profiling_cost": 383.71944343008505,
        "profiling_runtime": 208452.4777657508
    },
    "warehouse": {
        "arachne": 144.44770376713518,
        "arachne_runtime": 77559.16398926187,
        "bq": 235.83679676055908,
        "bq_baseline_runtime": 103431.731,
        "multi_cloud_plan": "aws",
        "percent_diff": 38.75098977290199,
        "profiling_cost": 389.19929357864675,
        "profiling_runtime": 209963.51018496216
    },
    "web_page": {
        "arachne": 144.44330104914377,
        "arachne_runtime": 77544.82630181467,
        "bq": 231.70127391815186,
        "bq_baseline_runtime": 105966.09,
        "multi_cloud_plan": "aws",
        "percent_diff": 37.65968628201494,
        "profiling_cost": 385.55087462035715,
        "profiling_runtime": 214080.98536004787
    },
    "web_returns": {
        "arachne": 140.4689153778078,
        "arachne_runtime": 71102.62820347786,
        "bq": 201.80835247039795,
        "bq_baseline_runtime": 97414.90900000001,
        "multi_cloud_plan": "aws",
        "percent_diff": 30.394895127835532,
        "profiling_cost": 350.21267422542394,
        "profiling_runtime": 194315.02942059943
    },