{
    "call_center": {
        "arachne": 113.54643009941141,
        "arachne_runtime": 77745.15296165147,
        "bq": 236.39038562774658,
        "bq_baseline_runtime": 105783.20399999998,
        "multi_cloud_plan": "aws",
        "percent_diff": 51.9665616696368,
        "profiling_cost": 359.3094539416852,
        "profiling_runtime": 213989.0246970431
    },
    "catalog_page": {
        "arachne": 113.2060414480612,
        "arachne_runtime": 76639.15417141575,
        "bq": 221.7094898223877,
        "bq_baseline_runtime": 105810.448,
        "multi_cloud_plan": "aws",
        "percent_diff": 48.93946960107527,
        "profiling_cost": 344.3865495362191,
        "profiling_runtime": 213230.01045422597
    },
    "catalog_returns": {
        "arachne": 107.83254230428975,
        "arachne_runtime": 69522.54024551497,
        "bq": 193.60082626342773,
        "bq_baseline_runtime": 91777.65500000003,
        "multi_cloud_plan": "multi",
        "percent_diff": 44.301610491287505,
        "profiling_cost": 309.3447093269681,
        "profiling_runtime": 186619.01741110414
    },
    "catalog_sales": {
        "arachne": 65.6050432930973,
        "arachne_runtime": 44192.96277523115,
        "bq": 104.23612117767334,
        "bq_baseline_runtime": 57335.019,
        "multi_cloud_plan": "multi",
        "percent_diff": 37.061123771795295,
        "profiling_cost": 183.0025557681373,
        "profiling_runtime": 114303.73803942105
    },
    "customer": {
        "arachne": 108.41810042488856,
        "arachne_runtime": 61353.49901735192,
        "bq": 185.87164402008057,
        "bq_baseline_runtime": 77589.223,
        "multi_cloud_plan": "aws",
        "percent_diff": 41.67044629293984,
        "profiling_cost": 301.3065159260223,
        "profiling_runtime": 161747.09570215386
    },
    "customer_address": {
        "arachne": 111.4980137345706,
        "arachne_runtime": 71166.61625690307,
        "bq": 193.4046506881714,
        "bq_baseline_runtime": 80994.65000000001,
        "multi_cloud_plan": "aws",
        "percent_diff": 42.349879727380404,
        "profiling_cost": 313.1159716177071,
        "profiling_runtime": 178854.15962458926
    },
    "customer_demographics": {
        "arachne": 111.98144809280241,
        "arachne_runtime": 72664.0919519818,
        "bq": 207.4698543548584,
        "bq_baseline_runtime": 91655.29500000003,
        "multi_cloud_plan": "aws",
        "percent_diff": 46.025195592383135,
        "profiling_cost": 327.6183914422536,
        "profiling_runtime": 190861.93728993044
    },
    "date_dim": {
        "arachne": 28.19988250732422,
        "arachne_runtime": 12509.484,
        "bq": 28.19988250732422,
        "bq_baseline_runtime": 12509.484,
        "multi_cloud_plan": "gcp",
        "percent_diff": 0.0,
        "profiling_cost": 130.87813865958563,
        "profiling_runtime": 54932.521694803436
    },
    "household_demographics": {
        "arachne": 112.49876467608568,
        "arachne_runtime": 74340.23445773326,
        "bq": 214.5507574081421,
        "bq_baseline_runtime": 93139.92099999997,
        "multi_cloud_plan": "aws",
        "percent_diff": 47.56543111983606,
        "profiling_cost": 334.9468107809578,
        "profiling_runtime": 193145.83249489116
    },
    "income_band": {
        "arachne": 113.13867209856922,
        "arachne_runtime": 76419.91737326808,
        "bq": 232.44556427001953,
        "bq_baseline_runtime": 106110.69599999998,
        "multi_cloud_plan": "aws",
        "percent_diff": 51.326809589215436,
        "profiling_cost": 355.0505428973949,
        "profiling_runtime": 213295.7076983871
    },
    "inventory": {
        "arachne": 113.5085830920932,
        "arachne_runtime": 77727.26639864422,
        "bq": 238.37518692016602,
        "bq_baseline_runtime": 104366.56000000006,
        "multi_cloud_plan": "aws",
        "percent_diff": 52.3823831839896,
        "profiling_cost": 360.9775756366835,
        "profiling_runtime": 211648.48226055215
    },
    "item": {
        "arachne": 93.05500507354736,
        "arachne_runtime": 48002.555000000015,
        "bq": 93.05500507354736,
        "bq_baseline_runtime": 48002.555000000015,
        "multi_cloud_plan": "gcp",
        "percent_diff": 0.0,
        "profiling_cost": 204.97949717771846,
        "profiling_runtime": 120477.78836579088
    },
    "promotion": {
        "arachne": 112.67894826098866,
        "arachne_runtime": 74925.80327126585,
        "bq": 215.28478145599365,
        "bq_baseline_runtime": 97716.66099999998,
        "multi_cloud_plan": "aws",
        "percent_diff": 47.66051390213044,
        "profiling_cost": 336.9164364194573,
        "profiling_runtime": 201738.33410860327
    },
    "reason": {
        "arachne": 113.26869312109125,
        "arachne_runtime": 76842.49231142426,
        "bq": 230.7737159729004,
        "bq_baseline_runtime": 104568.12200000002,
        "multi_cloud_plan": "aws",
        "percent_diff": 50.91785360236072,
        "profiling_cost": 353.16658081721783,
        "profiling_runtime": 211063.75381638718
    },
    "ship_mode": {
        "arachne": 113.54767206314422,
        "arachne_runtime": 77749.18763595601,
        "bq": 237.4097490310669,
        "bq_baseline_runtime": 106991.29199999999,
        "multi_cloud_plan": "aws",
        "percent_diff": 52.17227913909903,
        "profiling_cost": 360.23600096158947,
        "profiling_runtime": 214895.45314770524
    },
    "store": {
        "arachne": 107.84243566389722,
        "arachne_runtime": 59207.21580753816,
        "bq": 136.7197608947754,
        "bq_baseline_runtime": 60536.157000000014,
        "multi_cloud_plan": "aws",
        "percent_diff": 21.12154456816468,
        "profiling_cost": 250.3421651033451,
        "profiling_runtime": 138527.37317976716
    },
    "store_returns": {
        "arachne": 104.28589539134039,
        "arachne_runtime": 69104.52428449658,
        "bq": 185.66169261932373,
        "bq_baseline_runtime": 87304.47600000001,
        "multi_cloud_plan": "multi",
        "percent_diff": 43.830149386192616,
        "profiling_cost": 296.9654168082007,
        "profiling_runtime": 173462.36712341782
    },
    "store_sales": {
        "arachne": 21.086888313293457,
        "arachne_runtime": 13401.667999999998,
        "bq": 21.086888313293457,
        "bq_baseline_runtime": 13401.667999999998,
        "multi_cloud_plan": "gcp",
        "percent_diff": 0.0,
        "profiling_cost": 81.17998760447692,
        "profiling_runtime": 39931.555996963696
    },
    "time_dim": {
        "arachne": 113.39546655922157,
        "arachne_runtime": 77255.02674069782,
        "bq": 230.68166732788086,
        "bq_baseline_runtime": 102975.36500000005,
        "multi_cloud_plan": "aws",
        "percent_diff": 50.84331239983357,
        "profiling_cost": 352.76098777805856,
        "profiling_runtime": 208452.4777657508
    },
    "warehouse": {
        "arachne": 113.48919382204345,
        "arachne_runtime": 77559.16398926187,
        "bq": 235.83679676055908,
        "bq_baseline_runtime": 103431.73100000003,
        "multi_cloud_plan": "aws",
        "percent_diff": 51.87808035856805,
        "profiling_cost": 358.24078356247645,
        "profiling_runtime": 209963.51018496207
    },
    "web_page": {
        "arachne": 113.48479140793786,
        "arachne_runtime": 77544.82630181467,
        "bq": 231.70127391815186,
        "bq_baseline_runtime": 105966.09000000001,
        "multi_cloud_plan": "aws",
        "percent_diff": 51.021075763257905,
        "profiling_cost": 354.5923649791513,
        "profiling_runtime": 214080.98536004798
    },
    "web_returns": {
        "arachne": 110.02011154896954,
        "arachne_runtime": 71102.62820347786,
        "bq": 201.80835247039795,
        "bq_baseline_runtime": 97414.909,
        "multi_cloud_plan": "aws",
        "percent_diff": 45.48287511285851,
        "profiling_cost": 319.7638404287254,