{
    "call_center": {
        "arachne": 521.929554224917,
        "arachne_runtime": 133742.62212439225,
        "bq": 472.78077125549316,
        "bq_baseline_runtime": 105783.20400000004,
        "multi_cloud_plan": "aws",
        "percent_diff": -10.395681456948157,
        "profiling_cost": 588.8201707110082,
        "profiling_runtime": 213989.0246970431
    },
    "catalog_page": {
        "arachne": 492.5680750946046,
        "arachne_runtime": 133771.14044383093,
        "bq": 443.4189796447754,
        "bq_baseline_runtime": 105810.44799999999,
        "multi_cloud_plan": "aws",
        "percent_diff": -11.084120821621735,
        "profiling_cost": 559.2163771023569,
        "profiling_runtime": 213230.01045422594
    },
    "catalog_returns": {
        "arachne": 433.2715251734908,
        "arachne_runtime": 118887.59645947606,
        "bq": 387.20165252685547,
        "bq_baseline_runtime": 91777.65500000003,
        "multi_cloud_plan": "aws",
        "percent_diff": -11.898160130770618,
        "profiling_cost": 496.2995292757901,
        "profiling_runtime": 186619.0174111041
    },
    "catalog_sales": {
        "arachne": 224.99436611101993,
        "arachne_runtime": 73415.85692448092,
        "bq": 208.47224235534668,
        "bq_baseline_runtime": 57335.019000000015,
        "multi_cloud_plan": "multi",
        "percent_diff": -7.9253350801066516,
        "profiling_cost": 282.52991542740824,
        "profiling_runtime": 114303.73803942108
    },
    "customer": {
        "arachne": 420.8468835013421,
        "arachne_runtime": 105527.86920023232,
        "bq": 371.74328804016113,
        "bq_baseline_runtime": 77589.22300000003,
        "multi_cloud_plan": "aws",
        "percent_diff": -13.209006602393881,
        "profiling_cost": 480.3049751238918,
        "profiling_runtime": 161747.0957021539
    },
    "customer_address": {
        "arachne": 435.973557456654,
        "arachne_runtime": 108949.01042941514,
        "bq": 386.8093013763428,
        "bq_baseline_runtime": 80994.65,
        "multi_cloud_plan": "aws",
        "percent_diff": -12.710205236889408,
        "profiling_cost": 499.64280788951476,
        "profiling_runtime": 178854.1596245892
    },
    "customer_demographics": {
        "arachne": 464.12830994615075,
        "arachne_runtime": 119620.86843371132,
        "bq": 414.9397087097168,
        "bq_baseline_runtime": 91655.295,
        "multi_cloud_plan": "aws",
        "percent_diff": -11.854397206136104,
        "profiling_cost": 528.2086985633166,
        "profiling_runtime": 190861.9372899304
    },
    "date_dim": {
        "arachne": 46.14214617024132,
        "arachne_runtime": 20692.503482911066,
        "bq": 56.39976501464844,
        "bq_baseline_runtime": 12509.484,
        "multi_cloud_plan": "multi",
        "percent_diff": 18.187343230495657,
        "profiling_cost": 152.19837220349208,
        "profiling_runtime": 54932.521694803436
    },
    "household_demographics": {
        "arachne": 489.5985765945351,
        "arachne_runtime": 123918.74134312256,
        "bq": 429.1015148162842,
        "bq_baseline_runtime": 93139.92099999997,
        "multi_cloud_plan": "aws",
        "percent_diff": -14.098543046195525,
        "profiling_cost": 542.6178996246205,
        "profiling_runtime": 193145.83249489116
    },
    "income_band": {
        "arachne": 514.0869460775868,
        "arachne_runtime": 134094.92148535152,
        "bq": 464.89112854003906,
        "bq_baseline_runtime": 106110.69599999998,
        "multi_cloud_plan": "aws",
        "percent_diff": -10.582223345935663,
        "profiling_cost": 580.6164382577774,
        "profiling_runtime": 213295.7076983871
    },
    "inventory": {
        "arachne": 106.63143200707594,
        "arachne_runtime": 77727.26639864422,
        "bq": 476.75037384033203,
        "bq_baseline_runtime": 104366.55999999998,
        "multi_cloud_plan": "aws",
        "percent_diff": 77.63369724324794,
        "profiling_cost": 592.4755637881167,
        "profiling_runtime": 211648.4822605521
    },
    "item": {
        "arachne": 98.75021577566501,
        "arachne_runtime": 52114.25888854172,
        "bq": 186.11001014709473,
        "bq_baseline_runtime": 48002.555000000015,
        "multi_cloud_plan": "aws",
        "percent_diff": 46.93986868432474,
        "profiling_cost": 291.1548879771735,
        "profiling_runtime": 120477.78836579091
    },
    "promotion": {
        "arachne": 479.7189262859862,
        "arachne_runtime": 125677.97342037476,
        "bq": 430.5695629119873,
        "bq_baseline_runtime": 97716.66100000004,
        "multi_cloud_plan": "aws",
        "percent_diff": -11.414964643946627,
        "profiling_cost": 545.3215492199533,
        "profiling_runtime": 201738.3341086033
    },
    "reason": {
        "arachne": 527.0133456770334,
        "arachne_runtime": 135217.66989860346,
        "bq": 461.5474319458008,
        "bq_baseline_runtime": 104568.122,
        "multi_cloud_plan": "aws",
        "percent_diff": -14.184005629765961,
        "profiling_cost": 577.0606278867679,
        "profiling_runtime": 211063.75381638724
    },
    "ship_mode": {
        "arachne": 523.9689618724134,
        "arachne_runtime": 134952.92126182385,
        "bq": 474.8194980621338,
        "bq_baseline_runtime": 106991.292,
        "multi_cloud_plan": "aws",
        "percent_diff": -10.351189033068733,
        "profiling_cost": 590.7660810926773,
        "profiling_runtime": 214895.4531477052
    },
    "store": {
        "arachne": 333.26688437746316,
        "arachne_runtime": 91078.24248297038,
        "bq": 273.4395217895508,
        "bq_baseline_runtime": 60536.15700000001,
        "multi_cloud_plan": "aws",
        "percent_diff": -21.879559398131825,
        "profiling_cost": 380.18225732015867,
        "profiling_runtime": 138527.37317976714
    },
    "store_returns": {
        "arachne": 418.2211671071222,
        "arachne_runtime": 114978.66708204616,
        "bq": 371.32338523864746,
        "bq_baseline_runtime": 87304.476,
        "multi_cloud_plan": "aws",
        "percent_diff": -12.629902595101516,
        "profiling_cost": 476.1162117877581,
        "profiling_runtime": 173462.36712341773
    },
    "store_sales": {
        "arachne": 42.138282049369,
        "arachne_runtime": 13422.139783464347,
        "bq": 42.173776626586914,
        "bq_baseline_runtime": 13401.667999999994,
        "multi_cloud_plan": "multi",
        "percent_diff": 0.08416267182373811,
        "profiling_cost": 98.27575788033982,
        "profiling_runtime": 39931.55599696369
    },
    "time_dim": {
        "arachne": 521.8213435324977,
        "arachne_runtime": 133755.7446299572,
        "bq": 461.3633346557617,
        "bq_baseline_runtime": 102975.36500000002,
        "multi_cloud_plan": "aws",
        "percent_diff": -13.10420753782823,
        "profiling_cost": 576.5629982943782,
        "profiling_runtime": 208452.47776575087
    },
    "warehouse": {
        "arachne": 106.60957262907219,
        "arachne_runtime": 77559.16398926187,
        "bq": 471.67359352111816,
        "bq_baseline_runtime": 103431.73099999999,
        "multi_cloud_plan": "aws",
        "percent_diff": 77.39759569044033,
        "profiling_cost": 587.1979114305535,
        "profiling_runtime": 209963.5101849621
    },
    "web_page": {
        "arachne": 513.1772960448857,
        "arachne_runtime": 134148.41900830233,
        "bq": 463.4025478363037,
        "bq_baseline_runtime": 105966.09,
        "multi_cloud_plan": "aws",
        "percent_diff": -10.741146858382148,
        "profiling_cost": 579.4139700881465,
        "profiling_runtime": 214080.98536004793
    },
    "web_returns": {
        "arachne": 451.26477443454223,
        "arachne_runtime": 124935.87136479375,
        "bq": 403.6167049407959,
        "bq_baseline_runtime": 97414.90899999997,
        "multi_cloud_plan": "aws",
        "percent_diff": -11.805276865519117,