{
    "call_center": {
        "arachne": 178.90328425443775,
        "arachne_runtime": 77745.15296165147,
        "bq": 236.39038562774658,
        "bq_baseline_runtime": 105783.204,
        "multi_cloud_plan": "aws",
        "percent_diff": 24.318713817674496,
        "profiling_cost": 424.6663080967115,
        "profiling_runtime": 213989.0246970431
    },
    "catalog_page": {
        "arachne": 178.56283288243773,
        "arachne_runtime": 76639.15417141575,
        "bq": 221.7094898223877,
        "bq_baseline_runtime": 105810.44799999999,
        "multi_cloud_plan": "aws",
        "percent_diff": 19.460897670422188,
        "profiling_cost": 409.7433409705955,
        "profiling_runtime": 213230.01045422588
    },
    "catalog_returns": {
        "arachne": 169.89355567628544,
        "arachne_runtime": 69522.54024551496,
        "bq": 193.60082626342773,
        "bq_baseline_runtime": 91777.65500000001,
        "multi_cloud_plan": "multi",
        "percent_diff": 12.24543874357458,
        "profiling_cost": 372.4817693157201,
        "profiling_runtime": 186619.01741110408
    },
    "catalog_sales": {
        "arachne": 93.15094768817934,
        "arachne_runtime": 44192.96277523115,
        "bq": 104.23612117767334,
        "bq_baseline_runtime": 57335.019000000015,
        "multi_cloud_plan": "multi",
        "percent_diff": 10.634675738364258,
        "profiling_cost": 227.73579019295653,
        "profiling_runtime": 114303.73803942105
    },
    "customer": {
        "arachne": 173.713356177588,
        "arachne_runtime": 61353.49901735192,
        "bq": 185.87164402008057,
        "bq_baseline_runtime": 77589.22299999998,
        "multi_cloud_plan": "aws",
        "percent_diff": 6.541227903046392,
        "profiling_cost": 366.60177173702726,
        "profiling_runtime": 161747.09570215386
    },
    "customer_address": {
        "arachne": 176.83725063172156,
        "arachne_runtime": 71166.61625690307,
        "bq": 193.4046506881714,
        "bq_baseline_runtime": 80994.65000000001,
        "multi_cloud_plan": "aws",
        "percent_diff": 8.566184937900816,
        "profiling_cost": 378.45520857316365,
        "profiling_runtime": 178854.15962458923
    },
    "customer_demographics": {
        "arachne": 177.33714675555655,
        "arachne_runtime": 72664.0919519818,
        "bq": 207.4698543548584,
        "bq_baseline_runtime": 91655.29500000003,
        "multi_cloud_plan": "aws",
        "percent_diff": 14.52389682973536,
        "profiling_cost": 392.974090163313,
        "profiling_runtime": 190861.9372899305
    },
    "date_dim": {
        "arachne": 28.19988250732422,
        "arachne_runtime": 12509.484000000002,
        "bq": 28.19988250732422,
        "bq_baseline_runtime": 12509.484000000002,
        "multi_cloud_plan": "gcp",
        "percent_diff": 0.0,
        "profiling_cost": 196.2348038120554,
        "profiling_runtime": 54932.52169480344
    },
    "household_demographics": {
        "arachne": 177.8556159803383,
        "arachne_runtime": 74340.23445773326,
        "bq": 214.5507574081421,
        "bq_baseline_runtime": 93139.92100000003,
        "multi_cloud_plan": "aws",
        "percent_diff": 17.103244878319508,
        "profiling_cost": 400.3036621435158,
        "profiling_runtime": 193145.83249489116
    },
    "income_band": {
        "arachne": 178.4955267401232,
        "arachne_runtime": 76419.91737326808,
        "bq": 232.44556427001953,
        "bq_baseline_runtime": 106110.69600000005,
        "multi_cloud_plan": "aws",
        "percent_diff": 23.209751366657812,
        "profiling_cost": 420.4073975389488,
        "profiling_runtime": 213295.70769838704
    },
    "inventory": {
        "arachne": 178.84197139505733,
        "arachne_runtime": 77727.26639864422,
        "bq": 238.37518692016602,
        "bq_baseline_runtime": 104366.56,
        "multi_cloud_plan": "aws",
        "percent_diff": 24.974585775593706,
        "profiling_cost": 426.3109639396477,
        "profiling_runtime": 211648.48226055223
    },
    "item": {
        "arachne": 93.05500507354736,
        "arachne_runtime": 48002.555,
        "bq": 93.05500507354736,
        "bq_baseline_runtime": 48002.555,
        "multi_cloud_plan": "gcp",
        "percent_diff": 0.0,
        "profiling_cost": 270.3358327815923,
        "profiling_runtime": 120477.78836579094
    },
    "promotion": {
        "arachne": 178.03580048821922,
        "arachne_runtime": 74925.80327126585,
        "bq": 215.28478145599365,
        "bq_baseline_runtime": 97716.66100000002,
        "multi_cloud_plan": "aws",
        "percent_diff": 17.30218955369518,
        "profiling_cost": 402.27328864668794,
        "profiling_runtime": 201738.33410860333
    },
    "reason": {
        "arachne": 178.62554770292417,
        "arachne_runtime": 76842.49231142426,
        "bq": 230.7737159729004,
        "bq_baseline_runtime": 104568.12200000002,
        "multi_cloud_plan": "aws",
        "percent_diff": 22.597100389066817,
        "profiling_cost": 418.52343539905075,
        "profiling_runtime": 211063.75381638727
    },
    "ship_mode": {
        "arachne": 178.90452661294896,
        "arachne_runtime": 77749.18763595601,
        "bq": 237.4097490310669,
        "bq_baseline_runtime": 106991.29200000002,
        "multi_cloud_plan": "aws",
        "percent_diff": 24.643142354892124,
        "profiling_cost": 425.59285551139413,
        "profiling_runtime": 214895.45314770527
    },
    "store": {
        "arachne": 136.7197608947754,
        "arachne_runtime": 60536.15700000001,
        "bq": 136.7197608947754,
        "bq_baseline_runtime": 60536.15700000001,
        "multi_cloud_plan": "gcp",
        "percent_diff": 0.0,
        "profiling_cost": 315.6990175439784,
        "profiling_runtime": 138527.37317976716
    },
    "store_returns": {
        "arachne": 162.8435815829514,
        "arachne_runtime": 69104.52428449658,
        "bq": 185.66169261932373,
        "bq_baseline_runtime": 87304.47600000002,
        "multi_cloud_plan": "multi",
        "percent_diff": 12.290155666714746,
        "profiling_cost": 358.818944385981,
        "profiling_runtime": 173462.36712341773
    },
    "store_sales": {
        "arachne": 21.086888313293457,
        "arachne_runtime": 13401.667999999998,
        "bq": 21.086888313293457,
        "bq_baseline_runtime": 13401.667999999998,
        "multi_cloud_plan": "gcp",
        "percent_diff": 0.0,
        "profiling_cost": 119.09560896006734,
        "profiling_runtime": 39931.55599696369
    },
    "time_dim": {
        "arachne": 178.7522062690552,
        "arachne_runtime": 77255.02674069782,
        "bq": 230.68166732788086,
        "bq_baseline_runtime": 102975.36499999999,
        "multi_cloud_plan": "aws",
        "percent_diff": 22.511308185151705,
        "profiling_cost": 418.1177274878922,
        "profiling_runtime": 208452.47776575084
    },
    "warehouse": {
        "arachne": 178.84604815057054,
        "arachne_runtime": 77559.16398926187,
        "bq": 235.83679676055908,
        "bq_baseline_runtime": 103431.73100000004,
        "multi_cloud_plan": "aws",
        "percent_diff": 24.165333566606336,
        "profiling_cost": 423.5976380410583,
        "profiling_runtime": 209963.51018496207
    },
    "web_page": {
        "arachne": 178.84164509492808,
        "arachne_runtime": 77544.82630181467,
        "bq": 231.70127391815186,
        "bq_baseline_runtime": 105966.09000000001,
        "multi_cloud_plan": "aws",
        "percent_diff": 22.81369796952276,
        "profiling_cost": 419.9492186661415,
        "profiling_runtime": 214080.98536004795
    },
    "web_returns": {
        "arachne": 174.30091963207258,
        "arachne_runtime": 71102.62820347786,
        "bq": 201.80835247039795,
        "bq_baseline_runtime": 97414.90899999999,
        "multi_cloud_plan": "aws",
        "percent_diff": 13.63047292225443,
        "profiling_cost": 384.04471177731125,