{
    "call_center": {
        "arachne": 47.278077125549316,
        "arachne_runtime": 105783.20399999997,
        "bq": 47.278077125549316,
        "bq_baseline_runtime": 105783.20399999997,
        "multi_cloud_plan": "gcp",
        "percent_diff": 0.0,
        "profiling_cost": 163.31747658106448,
        "profiling_runtime": 213989.02469704318
    },
    "catalog_page": {
        "arachne": 44.34189796447754,
        "arachne_runtime": 105810.448,
        "bq": 44.34189796447754,
        "bq_baseline_runtime": 105810.448,
        "multi_cloud_plan": "gcp",
        "percent_diff": 0.0,
        "profiling_cost": 160.13929542205904,
        "profiling_runtime": 213230.01045422588
    },
    "catalog_returns": {
        "arachne": 38.72016525268555,
        "arachne_runtime": 91777.65500000001,
        "bq": 38.72016525268555,
        "bq_baseline_runtime": 91777.65500000001,
        "multi_cloud_plan": "gcp",
        "percent_diff": 0.0,
        "profiling_cost": 147.81804200162077,
        "profiling_runtime": 186619.0174111041
    },
    "catalog_sales": {
        "arachne": 20.847224235534668,
        "arachne_runtime": 57335.019,
        "bq": 20.847224235534668,
        "bq_baseline_runtime": 57335.019,
        "multi_cloud_plan": "gcp",
        "percent_diff": 0.0,
        "profiling_cost": 94.90489730759649,
        "profiling_runtime": 114303.73803942108
    },
    "customer": {
        "arachne": 37.17432880401611,
        "arachne_runtime": 77589.22299999998,
        "bq": 37.17432880401611,
        "bq_baseline_runtime": 77589.22299999998,
        "multi_cloud_plan": "gcp",
        "percent_diff": 0.0,
        "profiling_cost": 145.73601588774707,
        "profiling_runtime": 161747.09570215386
    },
    "customer_address": {
        "arachne": 38.68093013763428,
        "arachne_runtime": 80994.65000000002,
        "bq": 38.68093013763428,
        "bq_baseline_runtime": 80994.65000000002,
        "multi_cloud_plan": "gcp",
        "percent_diff": 0.0,
        "profiling_cost": 151.51443665080657,
        "profiling_runtime": 178854.15962458926
    },
    "customer_demographics": {
        "arachne": 41.49397087097168,
        "arachne_runtime": 91655.29500000003,
        "bq": 41.49397087097168,
        "bq_baseline_runtime": 91655.29500000003,
        "multi_cloud_plan": "gcp",
        "percent_diff": 0.0,
        "profiling_cost": 154.7629607245714,
        "profiling_runtime": 190861.9372899305
    },
    "date_dim": {
        "arachne": 5.639976501464844,
        "arachne_runtime": 12509.484,
        "bq": 5.639976501464844,
        "bq_baseline_runtime": 12509.484,
        "multi_cloud_plan": "gcp",
        "percent_diff": 0.0,
        "profiling_cost": 101.43858369030839,
        "profiling_runtime": 54932.52169480344
    },
    "household_demographics": {
        "arachne": 42.91015148162842,
        "arachne_runtime": 93139.92099999997,
        "bq": 42.91015148162842,
        "bq_baseline_runtime": 93139.92099999997,
        "multi_cloud_plan": "gcp",
        "percent_diff": 0.0,
        "profiling_cost": 156.42653628996462,
        "profiling_runtime": 193145.83249489116
    },
    "income_band": {
        "arachne": 46.489112854003906,
        "arachne_runtime": 106110.696,
        "bq": 46.489112854003906,
        "bq_baseline_runtime": 106110.696,
        "multi_cloud_plan": "gcp",
        "percent_diff": 0.0,
        "profiling_cost": 162.2144225717423,
        "profiling_runtime": 213295.70769838715
    },
    "inventory": {
        "arachne": 47.6750373840332,
        "arachne_runtime": 104366.55999999998,
        "bq": 47.6750373840332,
        "bq_baseline_runtime": 104366.55999999998,
        "multi_cloud_plan": "gcp",
        "percent_diff": 0.0,
        "profiling_cost": 163.400227331818,
        "profiling_runtime": 211648.48226055215
    },
    "item": {
        "arachne": 18.611001014709473,
        "arachne_runtime": 48002.555,
        "bq": 18.611001014709473,
        "bq_baseline_runtime": 48002.555,
        "multi_cloud_plan": "gcp",
        "percent_diff": 0.0,
        "profiling_cost": 123.65587884478845,
        "profiling_runtime": 120477.78836579094
    },
    "promotion": {
        "arachne": 43.05695629119873,
        "arachne_runtime": 97716.66099999998,
        "bq": 43.05695629119873,
        "bq_baseline_runtime": 97716.66099999998,
        "multi_cloud_plan": "gcp",
        "percent_diff": 0.0,
        "profiling_cost": 157.80894259916468,
        "profiling_runtime": 201738.33410860327
    },
    "reason": {
        "arachne": 46.15474319458008,
        "arachne_runtime": 104568.12200000003,
        "bq": 46.15474319458008,
        "bq_baseline_runtime": 104568.12200000003,
        "multi_cloud_plan": "gcp",
        "percent_diff": 0.0,
        "profiling_cost": 161.66793913554702,
        "profiling_runtime": 211063.7538163871
    },
    "ship_mode": {
        "arachne": 47.48194980621338,
        "arachne_runtime": 106991.29200000004,
        "bq": 47.48194980621338,
        "bq_baseline_runtime": 106991.29200000004,
        "multi_cloud_plan": "gcp",
        "percent_diff": 0.0,
        "profiling_cost": 163.42853283675683,
        "profiling_runtime": 214895.4531477053
    },
    "store": {
        "arachne": 27.343952178955078,
        "arachne_runtime": 60536.15700000001,
        "bq": 27.343952178955078,
        "bq_baseline_runtime": 60536.15700000001,
        "multi_cloud_plan": "gcp",
        "percent_diff": 0.0,
        "profiling_cost": 134.0866877095631,
        "profiling_runtime": 138527.37317976714
    },
    "store_returns": {
        "arachne": 37.132338523864746,
        "arachne_runtime": 87304.47600000001,
        "bq": 37.132338523864746,
        "bq_baseline_runtime": 87304.47600000001,
        "multi_cloud_plan": "gcp",
        "percent_diff": 0.0,
        "profiling_cost": 141.92516507297574,
        "profiling_runtime": 173462.36712341776
    },
    "store_sales": {
        "arachne": 4.217377662658691,
        "arachne_runtime": 13401.668000000001,
        "bq": 4.217377662658691,
        "bq_baseline_runtime": 13401.668000000001,
        "multi_cloud_plan": "gcp",
        "percent_diff": 0.0,
        "profiling_cost": 60.31935891641165,
        "profiling_runtime": 39931.55599696369
    },
    "time_dim": {
        "arachne": 46.13633346557617,
        "arachne_runtime": 102975.36500000003,
        "bq": 46.13633346557617,
        "bq_baseline_runtime": 102975.36500000003,
        "multi_cloud_plan": "gcp",
        "percent_diff": 0.0,
        "profiling_cost": 161.3359971041927,
        "profiling_runtime": 208452.47776575084
    },
    "warehouse": {
        "arachne": 47.167359352111816,
        "arachne_runtime": 103431.73100000001,
        "bq": 47.167359352111816,
        "bq_baseline_runtime": 103431.73100000001,
        "multi_cloud_plan": "gcp",
        "percent_diff": 0.0,
        "profiling_cost": 162.69167726154723,
        "profiling_runtime": 209963.5101849622
    },
    "web_page": {
        "arachne": 46.34025478363037,
        "arachne_runtime": 105966.09000000003,
        "bq": 46.34025478363037,
        "bq_baseline_runtime": 105966.09000000003,
        "multi_cloud_plan": "gcp",
        "percent_diff": 0.0,
        "profiling_cost": 162.35167703547322,
        "profiling_runtime": 214080.98536004784
    },
    "web_returns": {
        "arachne": 40.36167049407959,
        "arachne_runtime": 97414.90900000003,
        "bq": 40.36167049407959,
        "bq_baseline_runtime": 97414.90900000003,
        "multi_cloud_plan": "gcp",
        "percent_diff": 0.0,
        "profiling_cost": 151.5507509420298,
        "profiling_runtime": 194315.02942059925
    },
    "web_sales": {
        "arachne": 23.87940788269043,
        "arachne_runtime": 66566.27100000001,
        "bq": 23.87940788269043,
        "bq_baseline_runtime": 66566.27100000001,
        "multi_cloud_plan": "gcp",
        "percent_diff": 0.0,
        "profiling_cost": 115.0104786172832,