{
    "call_center": {
        "arachne": 106.66674455168706,
        "arachne_runtime": 77745.15296165147,
        "bq": 153.65375065803528,
        "bq_baseline_runtime": 105783.20399999998,
        "multi_cloud_plan": "aws",
        "percent_diff": 30.579797697825377,
        "profiling_cost": 269.6931501135501,
        "profiling_runtime": 213989.02469704312
    },
    "catalog_page": {
        "arachne": 106.3263625025105,
        "arachne_runtime": 76639.15417141575,
        "bq": 144.111168384552,
        "bq_baseline_runtime": 105810.44800000002,
        "multi_cloud_plan": "aws",
        "percent_diff": 26.21920723119461,
        "profiling_cost": 259.90856584213344,
        "profiling_runtime": 213230.01045422602
    },
    "catalog_returns": {
        "arachne": 100.70835527073147,
        "arachne_runtime": 69522.54024551496,
        "bq": 125.84053707122803,
        "bq_baseline_runtime": 91777.65500000001,
        "multi_cloud_plan": "multi",
        "percent_diff": 19.971451477731126,
        "profiling_cost": 234.9384138201633,
        "profiling_runtime": 186619.01741110414
    },
    "catalog_sales": {
        "arachne": 56.287757429423976,
        "arachne_runtime": 44192.96277523115,
        "bq": 67.75347876548767,
        "bq_baseline_runtime": 57335.019,
        "multi_cloud_plan": "multi",
        "percent_diff": 16.9227049960778,
        "profiling_cost": 141.8111518375496,
        "profiling_runtime": 114303.73803942106
    },
    "customer": {
        "arachne": 101.5448989195144,
        "arachne_runtime": 61353.49901735192,
        "bq": 120.81656861305237,
        "bq_baseline_runtime": 77589.223,
        "multi_cloud_plan": "aws",
        "percent_diff": 15.95118112918824,
        "profiling_cost": 229.37825569678327,
        "profiling_runtime": 161747.09570215386
    },
    "customer_address": {
        "arachne": 104.62018263504363,
        "arachne_runtime": 71166.61625690307,
        "bq": 125.7130229473114,
        "bq_baseline_runtime": 80994.65,
        "multi_cloud_plan": "aws",
        "percent_diff": 16.77856423921025,
        "profiling_cost": 238.54652946048367,
        "profiling_runtime": 178854.15962458926
    },
    "customer_demographics": {
        "arachne": 105.10188417584354,
        "arachne_runtime": 72664.0919519818,
        "bq": 134.85540533065796,
        "bq_baseline_runtime": 91655.29500000001,
        "multi_cloud_plan": "aws",
        "percent_diff": 22.06327664943088,
        "profiling_cost": 248.1243951842577,
        "profiling_runtime": 190861.93728993047
    },
    "date_dim": {
        "arachne": 18.329923629760742,
        "arachne_runtime": 12509.484,
        "bq": 18.329923629760742,
        "bq_baseline_runtime": 12509.484,
        "multi_cloud_plan": "gcp",
        "percent_diff": 0.0,
        "profiling_cost": 114.12853081860429,
        "profiling_runtime": 54932.52169480344
    },
    "household_demographics": {
        "arachne": 105.61907942844276,
        "arachne_runtime": 74340.23445773326,
        "bq": 139.45799231529236,
        "bq_baseline_runtime": 93139.921,
        "multi_cloud_plan": "aws",
        "percent_diff": 24.264592028791863,
        "profiling_cost": 252.9743771236287,
        "profiling_runtime": 193145.83249489122
    },
    "income_band": {
        "arachne": 106.2589864996314,
        "arachne_runtime": 76419.91737326808,
        "bq": 151.0896167755127,
        "bq_baseline_runtime": 106110.696,
        "multi_cloud_plan": "aws",
        "percent_diff": 29.671549397395157,
        "profiling_cost": 266.81492649325077,
        "profiling_runtime": 213295.7076983871
    },
    "inventory": {
        "arachne": 106.63136763405959,
        "arachne_runtime": 77727.26639864422,
        "bq": 154.9438714981079,
        "bq_baseline_runtime": 104366.56000000001,
        "multi_cloud_plan": "aws",
        "percent_diff": 31.18064844832426,
        "profiling_cost": 270.66906144589234,
        "profiling_runtime": 211648.4822605521
    },
    "item": {
        "arachne": 60.485753297805786,
        "arachne_runtime": 48002.555,
        "bq": 60.485753297805786,
        "bq_baseline_runtime": 48002.555,
        "multi_cloud_plan": "gcp",
        "percent_diff": 0.0,
        "profiling_cost": 165.53063112788482,
        "profiling_runtime": 120477.78836579094
    },
    "promotion": {
        "arachne": 105.79926291619016,
        "arachne_runtime": 74925.80327126585,
        "bq": 139.93510794639587,
        "bq_baseline_runtime": 97716.66099999998,
        "multi_cloud_plan": "aws",
        "percent_diff": 24.39405345174846,
        "profiling_cost": 254.6870942543618,
        "profiling_runtime": 201738.3341086033
    },
    "reason": {
        "arachne": 106.38900752843986,
        "arachne_runtime": 76842.49231142426,
        "bq": 150.00291538238525,
        "bq_baseline_runtime": 104568.12199999997,
        "multi_cloud_plan": "aws",
        "percent_diff": 29.07537346375266,
        "profiling_cost": 265.51611132335205,
        "profiling_runtime": 211063.75381638718
    },
    "ship_mode": {
        "arachne": 106.66798647386425,
        "arachne_runtime": 77749.18763595601,
        "bq": 154.31633687019348,
        "bq_baseline_runtime": 106991.29199999999,
        "multi_cloud_plan": "aws",
        "percent_diff": 30.87706160133238,
        "profiling_cost": 270.2629199007367,
        "profiling_runtime": 214895.45314770535
    },
    "store": {
        "arachne": 88.867844581604,
        "arachne_runtime": 60536.157000000014,
        "bq": 88.867844581604,
        "bq_baseline_runtime": 60536.157000000014,
        "multi_cloud_plan": "gcp",
        "percent_diff": 0.0,
        "profiling_cost": 195.61058011221212,
        "profiling_runtime": 138527.37317976714
    },
    "store_returns": {
        "arachne": 96.56329461948108,
        "arachne_runtime": 69104.52428449658,
        "bq": 120.68010020256042,
        "bq_baseline_runtime": 87304.47600000002,
        "multi_cloud_plan": "multi",
        "percent_diff": 19.984078189029926,
        "profiling_cost": 225.47292675167137,
        "profiling_runtime": 173462.3671234178
    },
    "store_sales": {
        "arachne": 13.706477403640747,
        "arachne_runtime": 13401.668,
        "bq": 13.706477403640747,
        "bq_baseline_runtime": 13401.668,
        "multi_cloud_plan": "gcp",
        "percent_diff": 0.0,
        "profiling_cost": 69.80845865739364,
        "profiling_runtime": 39931.555996963696
    },
    "time_dim": {
        "arachne": 106.5157930583596,
        "arachne_runtime": 77255.02674069782,
        "bq": 149.94308376312256,
        "bq_baseline_runtime": 102975.365,
        "multi_cloud_plan": "aws",
        "percent_diff": 28.962516719589832,
        "profiling_cost": 265.14274740173875,
        "profiling_runtime": 208452.47776575084
    },
    "warehouse": {
        "arachne": 106.60950825605583,
        "arachne_runtime": 77559.16398926187,
        "bq": 153.2939178943634,
        "bq_baseline_runtime": 103431.73099999994,
        "multi_cloud_plan": "aws",
        "percent_diff": 30.45418257916686,
        "profiling_cost": 268.8182358037984,
        "profiling_runtime": 209963.51018496224
    },
    "web_page": {
        "arachne": 106.60510590948046,
        "arachne_runtime": 77544.82630181467,
        "bq": 150.6058280467987,
        "bq_baseline_runtime": 105966.08999999998,
        "multi_cloud_plan": "aws",
        "percent_diff": 29.21581635183841,
        "profiling_cost": 266.6172502986411,
        "profiling_runtime": 214080.98536004787
    },
    "web_returns": {
        "arachne": 103.25369400881604,
        "arachne_runtime": 71102.62820347786,
        "bq": 131.17542910575867,
        "bq_baseline_runtime": 97414.90900000001,
        "multi_cloud_plan": "aws",
        "percent_diff": 21.285796652078073,
        "profiling_cost": 242.36450955370884,
        "profiling_runtime": 194315.02942059937
    },