{
    "call_center": {
        "arachne": 13.091569602785901,
        "arachne_runtime": 43397.46829652786,
        "baseline_cost": 13.091569602785901,
        "baseline_runtime": 43397.46829652786,
        "multi_cloud_plan": "stay",
        "percent_diff": 0.0,
        "profiling_cost": 390.88837491492654,
        "profiling_runtime": 213989.02469704315
    },
    "catalog_page": {
        "arachne": 12.75754221470078,
        "arachne_runtime": 42290.19518685341,
        "baseline_cost": 12.75754221470078,
        "baseline_runtime": 42290.19518685341,
        "multi_cloud_plan": "stay",
        "percent_diff": 0.0,
        "profiling_cost": 372.2952729668152,
        "profiling_runtime": 213230.01045422602
    },
    "catalog_returns": {
        "arachne": 10.878948414700428,
        "arachne_runtime": 36062.81242442131,
        "baseline_cost": 10.878948414700428,
        "baseline_runtime": 36062.81242442131,
        "multi_cloud_plan": "stay",
        "percent_diff": 0.0,
        "profiling_cost": 331.16089063440324,
        "profiling_runtime": 186619.0174111041
    },
    "catalog_sales": {
        "arachne": 5.964289752595424,
        "arachne_runtime": 19771.12625169754,
        "baseline_cost": 5.964289752595424,
        "baseline_runtime": 19771.12625169754,
        "multi_cloud_plan": "stay",
        "percent_diff": 0.0,
        "profiling_cost": 190.22653998894748,
        "profiling_runtime": 114303.73803942106
    },
    "customer": {
        "arachne": 8.158542093961238,
        "arachne_runtime": 27044.890919208527,
        "baseline_cost": 8.158542093961238,
        "baseline_runtime": 27044.890919208527,
        "multi_cloud_plan": "stay",
        "percent_diff": 0.0,
        "profiling_cost": 320.2816876421983,
        "profiling_runtime": 161747.09570215386
    },
    "customer_address": {
        "arachne": 11.114092002089023,
        "arachne_runtime": 36842.293929576874,
        "baseline_cost": 11.114092002089023,
        "baseline_runtime": 36842.293929576874,
        "multi_cloud_plan": "stay",
        "percent_diff": 0.0,
        "profiling_cost": 333.9558766242948,
        "profiling_runtime": 178854.1596245892
    },
    "customer_demographics": {
        "arachne": 11.562447913808425,
        "arachne_runtime": 38328.55662035942,
        "baseline_cost": 11.562447913808425,
        "baseline_runtime": 38328.55662035942,
        "multi_cloud_plan": "stay",
        "percent_diff": 0.0,
        "profiling_cost": 351.9676660957851,
        "profiling_runtime": 190861.93728993053
    },
    "date_dim": {
        "arachne": 1.0857008943653106,
        "arachne_runtime": 3599.0084896087646,
        "baseline_cost": 1.0857008943653106,
        "baseline_runtime": 3599.0084896087646,
        "multi_cloud_plan": "stay",
        "percent_diff": 0.0,
        "profiling_cost": 110.40951343274523,
        "profiling_runtime": 54932.521694803436
    },
    "household_demographics": {
        "arachne": 12.066833043194217,
        "arachne_runtime": 40000.55152440071,
        "baseline_cost": 12.066833043194217,
        "baseline_runtime": 40000.55152440071,
        "multi_cloud_plan": "stay",
        "percent_diff": 0.0,
        "profiling_cost": 361.0658258750741,
        "profiling_runtime": 193145.83249489116
    },
    "income_band": {
        "arachne": 12.689828546984991,
        "arachne_runtime": 42065.72999000549,
        "baseline_cost": 12.689828546984991,
        "baseline_runtime": 42065.72999000549,
        "multi_cloud_plan": "stay",
        "percent_diff": 0.0,
        "profiling_cost": 385.6432583263506,
        "profiling_runtime": 213295.70769838712
    },
    "inventory": {
        "arachne": 13.088845825382469,
        "arachne_runtime": 43388.43920016289,
        "baseline_cost": 13.088845825382469,
        "baseline_runtime": 43388.43920016289,
        "multi_cloud_plan": "stay",
        "percent_diff": 0.0,
        "profiling_cost": 393.0625772917928,
        "profiling_runtime": 211648.48226055218
    },
    "item": {
        "arachne": 5.371017774299781,
        "arachne_runtime": 17804.478809833527,
        "baseline_cost": 5.371017774299781,
        "baseline_runtime": 17804.478809833527,
        "multi_cloud_plan": "stay",
        "percent_diff": 0.0,
        "profiling_cost": 200.72479134973722,
        "profiling_runtime": 120477.78836579091
    },
    "promotion": {
        "arachne": 12.240494333564836,
        "arachne_runtime": 40576.22431015968,
        "baseline_cost": 12.240494333564836,
        "baseline_runtime": 40576.22431015968,
        "multi_cloud_plan": "stay",
        "percent_diff": 0.0,
        "profiling_cost": 363.2189571614637,
        "profiling_runtime": 201738.33410860336
    },
    "reason": {
        "arachne": 12.81862563990673,
        "arachne_runtime": 42492.68167924881,
        "baseline_cost": 12.81862563990673,
        "baseline_runtime": 42492.68167924881,
        "multi_cloud_plan": "stay",
        "percent_diff": 0.0,
        "profiling_cost": 383.3413341970396,
        "profiling_runtime": 211063.7538163872
    },
    "ship_mode": {
        "arachne": 13.092119703075888,
        "arachne_runtime": 43399.291833400726,
        "baseline_cost": 13.092119703075888,
        "baseline_runtime": 43399.291833400726,
        "multi_cloud_plan": "stay",
        "percent_diff": 0.0,
        "profiling_cost": 392.06976261943817,
        "profiling_runtime": 214895.45314770524
    },
    "store": {
        "arachne": 7.5041769876956925,
        "arachne_runtime": 24875.7248210907,
        "baseline_cost": 7.5041769876956925,
        "baseline_runtime": 24875.7248210907,
        "multi_cloud_plan": "stay",
        "percent_diff": 0.0,
        "profiling_cost": 257.003430615193,
        "profiling_runtime": 138527.3731797672
    },
    "store_returns": {
        "arachne": 9.909869112800362,
        "arachne_runtime": 32850.394849061966,
        "baseline_cost": 9.909869112800362,
        "baseline_runtime": 32850.394849061966,
        "multi_cloud_plan": "stay",
        "percent_diff": 0.0,
        "profiling_cost": 317.3372494039664,
        "profiling_runtime": 173462.36712341782
    },
    "store_sales": {
        "arachne": 0.8328291952443123,
        "arachne_runtime": 2760.759763240814,
        "baseline_cost": 0.8328291952443123,
        "baseline_runtime": 2760.759763240814,
        "multi_cloud_plan": "stay",
        "percent_diff": 0.0,
        "profiling_cost": 70.48723753307802,
        "profiling_runtime": 39931.55599696369
    },
    "time_dim": {
        "arachne": 12.940136429775952,
        "arachne_runtime": 42895.47987771034,
        "baseline_cost": 12.940136429775952,
        "baseline_runtime": 42895.47987771034,
        "multi_cloud_plan": "stay",
        "percent_diff": 0.0,
        "profiling_cost": 382.9127773637829,
        "profiling_runtime": 208452.47776575087
    },
    "warehouse": {
        "arachne": 13.035231381881635,
        "arachne_runtime": 43210.71176314354,
        "baseline_cost": 13.035231381881635,
        "baseline_runtime": 43210.71176314354,
        "multi_cloud_plan": "stay",
        "percent_diff": 0.0,
        "profiling_cost": 389.681307182687,
        "profiling_runtime": 209963.5101849622
    },
    "web_page": {
        "arachne": 13.027314822007023,
        "arachne_runtime": 43184.46902322769,
        "baseline_cost": 13.027314822007023,
        "baseline_runtime": 43184.46902322769,
        "multi_cloud_plan": "stay",
        "percent_diff": 0.0,
        "profiling_cost": 384.99900822206166,
        "profiling_runtime": 214080.98536004793
    },
    "web_returns": {
        "arachne": 11.220008788215717,
        "arachne_runtime": 37193.39929795265,
        "baseline_cost": 11.220008788215717,
        "baseline_runtime": 37193.39929795265,
        "multi_cloud_plan": "stay",
        "percent_diff": 0.0,
        "profiling_cost": 343.15029850481494,
        "profiling_runtime": 194315.02942059937
    },