{
    "call_center": {
        "arachne": 106.66675408843022,
        "arachne_runtime": 77745.15296165147,
        "bq": 200.9318277835846,
        "bq_baseline_runtime": 105783.204,
        "multi_cloud_plan": "aws",
        "percent_diff": 46.913958199137774,
        "profiling_cost": 316.97122723909945,
        "profiling_runtime": 213989.024697043
    },
    "catalog_page": {
        "arachne": 106.32637203925367,
        "arachne_runtime": 76639.15417141575,
        "bq": 188.45306634902954,
        "bq_baseline_runtime": 105810.44799999997,
        "multi_cloud_plan": "aws",
        "percent_diff": 43.57938870449098,
        "profiling_cost": 304.25046380661075,
        "profiling_runtime": 213230.01045422597
    },
    "catalog_returns": {
        "arachne": 101.04632600437405,
        "arachne_runtime": 69522.54024551496,
        "bq": 164.56070232391357,
        "bq_baseline_runtime": 91777.65500000001,
        "multi_cloud_plan": "multi",
        "percent_diff": 38.59632064192385,
        "profiling_cost": 273.6585790728485,
        "profiling_runtime": 186619.01741110408
    },
    "catalog_sales": {
        "arachne": 59.9550242751271,
        "arachne_runtime": 44192.96277523115,
        "bq": 88.60070300102234,
        "bq_baseline_runtime": 57335.01900000001,
        "multi_cloud_plan": "multi",
        "percent_diff": 32.331209297024095,
        "profiling_cost": 162.65837607308427,
        "profiling_runtime": 114303.73803942103
    },
    "customer": {
        "arachne": 101.54490845625756,
        "arachne_runtime": 61353.49901735192,
        "bq": 157.99089741706848,
        "bq_baseline_runtime": 77589.22299999998,
        "multi_cloud_plan": "aws",
        "percent_diff": 35.72736776841221,
        "profiling_cost": 266.5525845007991,
        "profiling_runtime": 161747.09570215386
    },
    "customer_address": {
        "arachne": 104.62019217178681,
        "arachne_runtime": 71166.61625690307,
        "bq": 164.39395308494568,
        "bq_baseline_runtime": 80994.65000000001,
        "multi_cloud_plan": "aws",
        "percent_diff": 36.36007273471461,
        "profiling_cost": 277.22745959811755,
        "profiling_runtime": 178854.15962458926
    },
    "customer_demographics": {
        "arachne": 105.10189371258669,
        "arachne_runtime": 72664.0919519818,
        "bq": 176.34937620162964,
        "bq_baseline_runtime": 91655.29499999998,
        "multi_cloud_plan": "aws",
        "percent_diff": 40.40132379463702,
        "profiling_cost": 289.618366055229,
        "profiling_runtime": 190861.9372899305
    },
    "date_dim": {
        "arachne": 23.969900131225586,
        "arachne_runtime": 12509.484,
        "bq": 23.969900131225586,
        "bq_baseline_runtime": 12509.484,
        "multi_cloud_plan": "gcp",
        "percent_diff": 0.0,
        "profiling_cost": 119.76850732006913,
        "profiling_runtime": 54932.52169480344
    },
    "household_demographics": {
        "arachne": 105.61908896518592,
        "arachne_runtime": 74340.23445773326,
        "bq": 182.36814379692078,
        "bq_baseline_runtime": 93139.92100000002,
        "multi_cloud_plan": "aws",
        "percent_diff": 42.08468279262638,
        "profiling_cost": 295.88452860525666,
        "profiling_runtime": 193145.83249489116
    },
    "income_band": {
        "arachne": 106.25899603637457,
        "arachne_runtime": 76419.91737326808,
        "bq": 197.5787296295166,
        "bq_baseline_runtime": 106110.696,
        "multi_cloud_plan": "aws",
        "percent_diff": 46.21941530061323,
        "profiling_cost": 313.30403934725456,
        "profiling_runtime": 213295.70769838712
    },
    "inventory": {
        "arachne": 106.63137717080276,
        "arachne_runtime": 77727.26639864422,
        "bq": 202.6189088821411,
        "bq_baseline_runtime": 104366.56000000001,
        "multi_cloud_plan": "aws",
        "percent_diff": 47.373432341979566,
        "profiling_cost": 318.34409882992566,
        "profiling_runtime": 211648.48226055215
    },
    "item": {
        "arachne": 79.09675431251526,
        "arachne_runtime": 48002.555000000015,
        "bq": 79.09675431251526,
        "bq_baseline_runtime": 48002.555000000015,
        "multi_cloud_plan": "gcp",
        "percent_diff": 0.0,
        "profiling_cost": 184.14163214259435,
        "profiling_runtime": 120477.78836579091
    },
    "promotion": {
        "arachne": 105.79927245293332,
        "arachne_runtime": 74925.80327126585,
        "bq": 182.9920642375946,
        "bq_baseline_runtime": 97716.66100000005,
        "multi_cloud_plan": "aws",
        "percent_diff": 42.18368272212894,
        "profiling_cost": 297.7440505455601,
        "profiling_runtime": 201738.33410860336
    },
    "reason": {
        "arachne": 106.38901706518303,
        "arachne_runtime": 76842.49231142426,
        "bq": 196.15765857696533,
        "bq_baseline_runtime": 104568.122,
        "multi_cloud_plan": "aws",
        "percent_diff": 45.763516022271574,
        "profiling_cost": 311.67085451793196,
        "profiling_runtime": 211063.75381638715
    },
    "ship_mode": {
        "arachne": 106.66799601060741,
        "arachne_runtime": 77749.18763595601,
        "bq": 201.79828667640686,
        "bq_baseline_runtime": 106991.29199999994,
        "multi_cloud_plan": "aws",
        "percent_diff": 47.141277675139726,
        "profiling_cost": 317.74486970695006,
        "profiling_runtime": 214895.4531477053
    },
    "store": {
        "arachne": 100.96276649290292,
        "arachne_runtime": 59207.21580753816,
        "bq": 116.21179676055908,
        "bq_baseline_runtime": 60536.157,
        "multi_cloud_plan": "aws",
        "percent_diff": 13.121757594949695,
        "profiling_cost": 222.9545322911672,
        "profiling_runtime": 138527.37317976716
    },
    "store_returns": {
        "arachne": 97.45394250766468,
        "arachne_runtime": 69104.52428449658,
        "bq": 157.81243872642517,
        "bq_baseline_runtime": 87304.47600000001,
        "multi_cloud_plan": "multi",
        "percent_diff": 38.24698275108378,
        "profiling_cost": 262.60526527553594,
        "profiling_runtime": 173462.36712341776
    },
    "store_sales": {
        "arachne": 17.92385506629944,
        "arachne_runtime": 13401.668000000001,
        "bq": 17.92385506629944,
        "bq_baseline_runtime": 13401.668000000001,
        "multi_cloud_plan": "gcp",
        "percent_diff": 0.0,
        "profiling_cost": 74.02583632005233,
        "profiling_runtime": 39931.555996963696
    },
    "time_dim": {
        "arachne": 106.51580259510277,
        "arachne_runtime": 77255.02674069782,
        "bq": 196.07941722869873,
        "bq_baseline_runtime": 102975.365,
        "multi_cloud_plan": "aws",
        "percent_diff": 45.67721380420707,
        "profiling_cost": 311.279080867315,
        "profiling_runtime": 208452.47776575095
    },
    "warehouse": {
        "arachne": 106.609517792799,
        "arachne_runtime": 77559.16398926187,
        "bq": 200.46127724647522,
        "bq_baseline_runtime": 103431.731,
        "multi_cloud_plan": "aws",
        "percent_diff": 46.81789956784607,
        "profiling_cost": 315.9855951559103,
        "profiling_runtime": 209963.5101849621
    },
    "web_page": {
        "arachne": 106.60511544622362,
        "arachne_runtime": 77544.82630181467,
        "bq": 196.94608283042908,
        "bq_baseline_runtime": 105966.09,
        "multi_cloud_plan": "aws",
        "percent_diff": 45.87091354438828,
        "profiling_cost": 312.9575050822715,
        "profiling_runtime": 214080.98536004793
    },
    "web_returns": {
        "arachne": 103.2537035455592,
        "arachne_runtime": 71102.62820347786,
        "bq": 171.53709959983826,
        "bq_baseline_runtime": 97414.90900000001,
        "multi_cloud_plan": "aws",
        "percent_diff": 39.80678011553802,
        "profiling_cost": 282.7261800477881,
        "profiling_runtime": 194315.02942059937
    },