{
    "call_center": {
        "arachne": 106.66675170424442,
        "arachne_runtime": 77745.15296165147,
        "bq": 189.11230850219727,
        "bq_baseline_runtime": 105783.20400000001,
        "multi_cloud_plan": "aws",
        "percent_diff": 43.596081847308696,
        "profiling_cost": 305.15170795771206,
        "profiling_runtime": 213989.024697043
    },
    "catalog_page": {
        "arachne": 106.32636965506788,
        "arachne_runtime": 76639.15417141575,
        "bq": 177.36759185791016,
        "bq_baseline_runtime": 105810.44800000003,
        "multi_cloud_plan": "aws",
        "percent_diff": 40.053101842727656,
        "profiling_cost": 293.16498931549137,
        "profiling_runtime": 213230.01045422597
    },
    "catalog_returns": {
        "arachne": 100.96183332096341,
        "arachne_runtime": 69522.54024551497,
        "bq": 154.8806610107422,
        "bq_baseline_runtime": 91777.65499999998,
        "multi_cloud_plan": "multi",
        "percent_diff": 34.813144092947205,
        "profiling_cost": 263.9785377596772,
        "profiling_runtime": 186619.01741110414
    },
    "catalog_sales": {
        "arachne": 59.03820756370132,
        "arachne_runtime": 44192.96277523115,
        "bq": 83.38889694213867,
        "bq_baseline_runtime": 57335.019000000015,
        "multi_cloud_plan": "multi",
        "percent_diff": 29.20135686089438,
        "profiling_cost": 157.4465700142006,
        "profiling_runtime": 114303.73803942109
    },
    "customer": {
        "arachne": 101.54490607207177,
        "arachne_runtime": 61353.49901735192,
        "bq": 148.69731521606445,
        "bq_baseline_runtime": 77589.22299999998,
        "multi_cloud_plan": "aws",
        "percent_diff": 31.71032985731984,
        "profiling_cost": 257.25900229979544,
        "profiling_runtime": 161747.09570215386
    },
    "customer_address": {
        "arachne": 104.62018978760102,
        "arachne_runtime": 71166.61625690307,
        "bq": 154.7237205505371,
        "bq_baseline_runtime": 80994.65000000002,
        "multi_cloud_plan": "aws",
        "percent_diff": 32.38257882156529,
        "profiling_cost": 267.557227063709,
        "profiling_runtime": 178854.1596245892
    },
    "customer_demographics": {
        "arachne": 105.1018913284009,
        "arachne_runtime": 72664.0919519818,
        "bq": 165.97588348388672,
        "bq_baseline_runtime": 91655.29499999998,
        "multi_cloud_plan": "aws",
        "percent_diff": 36.67640796826703,
        "profiling_cost": 279.244873337486,
        "profiling_runtime": 190861.93728993047
    },
    "date_dim": {
        "arachne": 22.559906005859375,
        "arachne_runtime": 12509.484000000002,
        "bq": 22.559906005859375,
        "bq_baseline_runtime": 12509.484000000002,
        "multi_cloud_plan": "gcp",
        "percent_diff": 0.0,
        "profiling_cost": 118.35851319470292,
        "profiling_runtime": 54932.521694803436
    },
    "household_demographics": {
        "arachne": 105.61908658100013,
        "arachne_runtime": 74340.23445773326,
        "bq": 171.64060592651367,
        "bq_baseline_runtime": 93139.921,
        "multi_cloud_plan": "aws",
        "percent_diff": 38.46497685622249,
        "profiling_cost": 285.15699073484956,
        "profiling_runtime": 193145.8324948911
    },
    "income_band": {
        "arachne": 106.25899365218878,
        "arachne_runtime": 76419.91737326808,
        "bq": 185.95645141601562,
        "bq_baseline_runtime": 106110.69600000003,
        "multi_cloud_plan": "aws",
        "percent_diff": 42.85813003902206,
        "profiling_cost": 301.6817611337537,
        "profiling_runtime": 213295.70769838706
    },
    "inventory": {
        "arachne": 106.63137478661696,
        "arachne_runtime": 77727.26639864422,
        "bq": 190.7001495361328,
        "bq_baseline_runtime": 104366.56000000004,
        "multi_cloud_plan": "aws",
        "percent_diff": 44.08427311358084,
        "profiling_cost": 306.4253394839173,
        "profiling_runtime": 211648.48226055206
    },
    "item": {
        "arachne": 74.44400405883789,
        "arachne_runtime": 48002.55500000001,
        "bq": 74.44400405883789,
        "bq_baseline_runtime": 48002.55500000001,
        "multi_cloud_plan": "gcp",
        "percent_diff": 0.0,
        "profiling_cost": 179.48888188891692,
        "profiling_runtime": 120477.78836579093
    },
    "promotion": {
        "arachne": 105.79927006874753,
        "arachne_runtime": 74925.80327126585,
        "bq": 172.22782516479492,
        "bq_baseline_runtime": 97716.66099999998,
        "multi_cloud_plan": "aws",
        "percent_diff": 38.5701642765829,
        "profiling_cost": 286.97981147276045,
        "profiling_runtime": 201738.33410860336
    },
    "reason": {
        "arachne": 106.38901468099724,
        "arachne_runtime": 76842.49231142426,
        "bq": 184.6189727783203,
        "bq_baseline_runtime": 104568.12199999999,
        "multi_cloud_plan": "aws",
        "percent_diff": 42.37373706507242,
        "profiling_cost": 300.1321687192869,
        "profiling_runtime": 211063.75381638715
    },
    "ship_mode": {
        "arachne": 106.66799362642162,
        "arachne_runtime": 77749.18763595601,
        "bq": 189.92779922485352,
        "bq_baseline_runtime": 106991.292,
        "multi_cloud_plan": "aws",
        "percent_diff": 43.83760878514761,
        "profiling_cost": 305.8743822553967,
        "profiling_runtime": 214895.45314770527
    },
    "store": {
        "arachne": 100.96276410871712,
        "arachne_runtime": 59207.21580753816,
        "bq": 109.37580871582031,
        "bq_baseline_runtime": 60536.157000000014,
        "multi_cloud_plan": "aws",
        "percent_diff": 7.691869624444944,
        "profiling_cost": 216.11854424642843,
        "profiling_runtime": 138527.37317976716
    },
    "store_returns": {
        "arachne": 97.23128053561878,
        "arachne_runtime": 69104.52428449657,
        "bq": 148.52935409545898,
        "bq_baseline_runtime": 87304.47600000004,
        "multi_cloud_plan": "multi",
        "percent_diff": 34.537330261916594,
        "profiling_cost": 253.3221806445701,
        "profiling_runtime": 173462.3671234177
    },
    "store_sales": {
        "arachne": 16.869510650634766,
        "arachne_runtime": 13401.668,
        "bq": 16.869510650634766,
        "bq_baseline_runtime": 13401.668,
        "multi_cloud_plan": "gcp",
        "percent_diff": 0.0,
        "profiling_cost": 72.97149190438768,
        "profiling_runtime": 39931.55599696369
    },
    "time_dim": {
        "arachne": 106.51580021091698,
        "arachne_runtime": 77255.02674069782,
        "bq": 184.5453338623047,
        "bq_baseline_runtime": 102975.36499999996,
        "multi_cloud_plan": "aws",
        "percent_diff": 42.28204095889419,
        "profiling_cost": 299.74499750092093,
        "profiling_runtime": 208452.4777657508
    },
    "warehouse": {
        "arachne": 106.6095154086132,
        "arachne_runtime": 77559.16398926187,
        "bq": 188.66943740844727,
        "bq_baseline_runtime": 103431.731,
        "multi_cloud_plan": "aws",
        "percent_diff": 43.494019554520605,
        "profiling_cost": 304.19375531788234,
        "profiling_runtime": 209963.51018496213
    },
    "web_page": {
        "arachne": 106.60511306203783,
        "arachne_runtime": 77544.82630181467,
        "bq": 185.36101913452148,
        "bq_baseline_runtime": 105966.09000000001,
        "multi_cloud_plan": "aws",
        "percent_diff": 42.48784692715159,
        "profiling_cost": 301.3724413863639,
        "profiling_runtime": 214080.98536004793
    },
    "web_returns": {
        "arachne": 103.25370116137341,
        "arachne_runtime": 71102.62820347786,
        "bq": 161.44668197631836,
        "bq_baseline_runtime": 97414.90900000003,
        "multi_cloud_plan": "aws",
        "percent_diff": 36.044705349522715,
        "profiling_cost": 272.63576242426825,