{
    "call_center": {
        "arachne": 11.819519281387329,
        "arachne_runtime": 105783.20400000001,
        "bq": 11.819519281387329,
        "bq_baseline_runtime": 105783.20400000001,
        "multi_cloud_plan": "gcp",
        "percent_diff": 0.0,
        "profiling_cost": 127.85891873690237,
        "profiling_runtime": 213989.024697043
    },
    "catalog_page": {
        "arachne": 11.085474491119385,
        "arachne_runtime": 105810.448,
        "bq": 11.085474491119385,
        "bq_baseline_runtime": 105810.448,
        "multi_cloud_plan": "gcp",
        "percent_diff": 0.0,
        "profiling_cost": 126.8828719487008,
        "profiling_runtime": 213230.01045422594
    },
    "catalog_returns": {
        "arachne": 9.680041313171387,
        "arachne_runtime": 91777.65499999998,
        "bq": 9.680041313171387,
        "bq_baseline_runtime": 91777.65499999998,
        "multi_cloud_plan": "gcp",
        "percent_diff": 0.0,
        "profiling_cost": 118.7779180621065,
        "profiling_runtime": 186619.0174111041
    },
    "catalog_sales": {
        "arachne": 5.211806058883667,
        "arachne_runtime": 57335.019000000015,
        "bq": 5.211806058883667,
        "bq_baseline_runtime": 57335.019000000015,
        "multi_cloud_plan": "gcp",
        "percent_diff": 0.0,
        "profiling_cost": 79.26947913094547,
        "profiling_runtime": 114303.73803942105
    },
    "customer": {
        "arachne": 9.293582201004028,
        "arachne_runtime": 77589.22299999998,
        "bq": 9.293582201004028,
        "bq_baseline_runtime": 77589.22299999998,
        "multi_cloud_plan": "gcp",
        "percent_diff": 0.0,
        "profiling_cost": 117.85526928473485,
        "profiling_runtime": 161747.09570215386
    },
    "customer_address": {
        "arachne": 9.67023253440857,
        "arachne_runtime": 80994.64999999998,
        "bq": 9.67023253440857,
        "bq_baseline_runtime": 80994.64999999998,
        "multi_cloud_plan": "gcp",
        "percent_diff": 0.0,
        "profiling_cost": 122.50373904758078,
        "profiling_runtime": 178854.1596245893
    },
    "customer_demographics": {
        "arachne": 10.37349271774292,
        "arachne_runtime": 91655.29499999998,
        "bq": 10.37349271774292,
        "bq_baseline_runtime": 91655.29499999998,
        "multi_cloud_plan": "gcp",
        "percent_diff": 0.0,
        "profiling_cost": 123.64248257134257,
        "profiling_runtime": 190861.93728993044
    },
    "date_dim": {
        "arachne": 1.409994125366211,
        "arachne_runtime": 12509.484000000002,
        "bq": 1.409994125366211,
        "bq_baseline_runtime": 12509.484000000002,
        "multi_cloud_plan": "gcp",
        "percent_diff": 0.0,
        "profiling_cost": 97.20860131420976,
        "profiling_runtime": 54932.52169480344
    },
    "household_demographics": {
        "arachne": 10.727537870407104,
        "arachne_runtime": 93139.92100000005,
        "bq": 10.727537870407104,
        "bq_baseline_runtime": 93139.92100000005,
        "multi_cloud_plan": "gcp",
        "percent_diff": 0.0,
        "profiling_cost": 124.2439226787432,
        "profiling_runtime": 193145.83249489113
    },
    "income_band": {
        "arachne": 11.622278213500977,
        "arachne_runtime": 106110.69600000001,
        "bq": 11.622278213500977,
        "bq_baseline_runtime": 106110.69600000001,
        "multi_cloud_plan": "gcp",
        "percent_diff": 0.0,
        "profiling_cost": 127.34758793123925,
        "profiling_runtime": 213295.70769838715
    },
    "inventory": {
        "arachne": 11.9187593460083,
        "arachne_runtime": 104366.56000000001,
        "bq": 11.9187593460083,
        "bq_baseline_runtime": 104366.56000000001,
        "multi_cloud_plan": "gcp",
        "percent_diff": 0.0,
        "profiling_cost": 127.64394929379301,
        "profiling_runtime": 211648.4822605521
    },
    "item": {
        "arachne": 4.652750253677368,
        "arachne_runtime": 48002.55500000001,
        "bq": 4.652750253677368,
        "bq_baseline_runtime": 48002.55500000001,
        "multi_cloud_plan": "gcp",
        "percent_diff": 0.0,
        "profiling_cost": 109.69762808375633,
        "profiling_runtime": 120477.78836579096
    },
    "promotion": {
        "arachne": 10.764239072799683,
        "arachne_runtime": 97716.661,
        "bq": 10.764239072799683,
        "bq_baseline_runtime": 97716.661,
        "multi_cloud_plan": "gcp",
        "percent_diff": 0.0,
        "profiling_cost": 125.51622538076552,
        "profiling_runtime": 201738.3341086034
    },
    "reason": {
        "arachne": 11.53868579864502,
        "arachne_runtime": 104568.12200000002,
        "bq": 11.53868579864502,
        "bq_baseline_runtime": 104568.12200000002,
        "multi_cloud_plan": "gcp",
        "percent_diff": 0.0,
        "profiling_cost": 127.05188173961184,
        "profiling_runtime": 211063.75381638706
    },
    "ship_mode": {
        "arachne": 11.870487451553345,
        "arachne_runtime": 106991.29199999997,
        "bq": 11.870487451553345,
        "bq_baseline_runtime": 106991.29199999997,
        "multi_cloud_plan": "gcp",
        "percent_diff": 0.0,
        "profiling_cost": 127.81707048209671,
        "profiling_runtime": 214895.45314770524
    },
    "store": {
        "arachne": 6.8359880447387695,
        "arachne_runtime": 60536.157000000014,
        "bq": 6.8359880447387695,
        "bq_baseline_runtime": 60536.157000000014,
        "multi_cloud_plan": "gcp",
        "percent_diff": 0.0,
        "profiling_cost": 113.57872357534677,
        "profiling_runtime": 138527.37317976716
    },
    "store_returns": {
        "arachne": 9.283084630966187,
        "arachne_runtime": 87304.476,
        "bq": 9.283084630966187,
        "bq_baseline_runtime": 87304.476,
        "multi_cloud_plan": "gcp",
        "percent_diff": 0.0,
        "profiling_cost": 114.07591118007709,
        "profiling_runtime": 173462.3671234178
    },
    "store_sales": {
        "arachne": 1.0543444156646729,
        "arachne_runtime": 13401.668000000003,
        "bq": 1.0543444156646729,
        "bq_baseline_runtime": 13401.668000000003,
        "multi_cloud_plan": "gcp",
        "percent_diff": 0.0,
        "profiling_cost": 57.15632566941763,
        "profiling_runtime": 39931.55599696368
    },
    "time_dim": {
        "arachne": 11.534083366394043,
        "arachne_runtime": 102975.36499999998,
        "bq": 11.534083366394043,
        "bq_baseline_runtime": 102975.36499999998,
        "multi_cloud_plan": "gcp",
        "percent_diff": 0.0,
        "profiling_cost": 126.73374700501046,
        "profiling_runtime": 208452.47776575084
    },
    "warehouse": {
        "arachne": 11.791839838027954,
        "arachne_runtime": 103431.73100000001,
        "bq": 11.791839838027954,
        "bq_baseline_runtime": 103431.73100000001,
        "multi_cloud_plan": "gcp",
        "percent_diff": 0.0,
        "profiling_cost": 127.31615774746322,
        "profiling_runtime": 209963.51018496216
    },
    "web_page": {
        "arachne": 11.585063695907593,
        "arachne_runtime": 105966.08999999998,
        "bq": 11.585063695907593,
        "bq_baseline_runtime": 105966.08999999998,
        "multi_cloud_plan": "gcp",
        "percent_diff": 0.0,
        "profiling_cost": 127.59648594775032,
        "profiling_runtime": 214080.98536004787
    },
    "web_returns": {
        "arachne": 10.090417623519897,
        "arachne_runtime": 97414.909,
        "bq": 10.090417623519897,
        "bq_baseline_runtime": 97414.909,
        "multi_cloud_plan": "gcp",
        "percent_diff": 0.0,
        "profiling_cost": 121.27949807146997,
        "profiling_runtime": 194315.02942059934
    },
    "web_sales": {
        "arachne": 5.969851970672607,
        "arachne_runtime": 66566.271,
        "bq": 5.969851970672607,
        "bq_baseline_runtime": 66566.271,
        "multi_cloud_plan": "gcp",
        "percent_diff": 0.0,