{
    "call_center": {
        "arachne": 74.22312673667106,
        "arachne_runtime": 85698.84673771348,
        "bq": 236.39038562774658,
        "bq_baseline_runtime": 105783.204,
        "multi_cloud_plan": "aws",
        "percent_diff": 68.60146129058175,
        "profiling_cost": 304.2721030742946,
        "profiling_runtime": 213989.02469704306
    },
    "catalog_page": {
        "arachne": 75.0060643042312,
        "arachne_runtime": 85424.48934146352,
        "bq": 221.7094898223877,
        "bq_baseline_runtime": 105810.44800000003,
        "multi_cloud_plan": "aws",
        "percent_diff": 66.16921343136065,
        "profiling_cost": 289.34925148621795,
        "profiling_runtime": 213230.01045422585
    },
    "catalog_returns": {
        "arachne": 56.28191117234399,
        "arachne_runtime": 69962.2703245521,
        "bq": 193.60082626342773,
        "bq_baseline_runtime": 91777.655,
        "multi_cloud_plan": "aws",
        "percent_diff": 70.92888896261081,
        "profiling_cost": 256.17665881012476,
        "profiling_runtime": 186619.01741110414
    },
    "catalog_sales": {
        "arachne": 35.6427311013565,
        "arachne_runtime": 42285.63729995204,
        "bq": 104.23612117767334,
        "bq_baseline_runtime": 57335.019,
        "multi_cloud_plan": "multi",
        "percent_diff": 65.80577759546283,
        "profiling_cost": 145.3324636209211,
        "profiling_runtime": 114303.73803942106
    },
    "customer": {
        "arachne": 69.87803180968027,
        "arachne_runtime": 70127.77638727648,
        "bq": 185.87164402008057,
        "bq_baseline_runtime": 77589.223,
        "multi_cloud_plan": "aws",
        "percent_diff": 62.4052220670459,
        "profiling_cost": 246.32103734833433,
        "profiling_runtime": 161747.09570215386
    },
    "customer_address": {
        "arachne": 70.60667037344676,
        "arachne_runtime": 78723.57522163428,
        "bq": 193.4046506881714,
        "bq_baseline_runtime": 80994.65000000002,
        "multi_cloud_plan": "aws",
        "percent_diff": 63.49277531733881,
        "profiling_cost": 258.09345628679665,
        "profiling_runtime": 178854.1596245892
    },
    "customer_demographics": {
        "arachne": 72.42570250208661,
        "arachne_runtime": 78656.2106589482,
        "bq": 207.4698543548584,
        "bq_baseline_runtime": 91655.29500000003,
        "multi_cloud_plan": "aws",
        "percent_diff": 65.09097539625732,
        "profiling_cost": 272.5820135718876,
        "profiling_runtime": 190861.93728993044
    },
    "date_dim": {
        "arachne": 22.966900014057323,
        "arachne_runtime": 20692.503482911066,
        "bq": 28.19988250732422,
        "bq_baseline_runtime": 12509.484,
        "multi_cloud_plan": "multi",
        "percent_diff": 18.55675282302243,
        "profiling_cost": 75.84094695224275,
        "profiling_runtime": 54932.521694803436
    },
    "household_demographics": {
        "arachne": 73.4184953487788,
        "arachne_runtime": 80403.81947081196,
        "bq": 214.5507574081421,
        "bq_baseline_runtime": 93139.92099999999,
        "multi_cloud_plan": "aws",
        "percent_diff": 65.78036067749038,
        "profiling_cost": 279.9094622651195,
        "profiling_runtime": 193145.83249489113
    },
    "income_band": {
        "arachne": 74.91663977508232,
        "arachne_runtime": 85186.94790049549,
        "bq": 232.44556427001953,
        "bq_baseline_runtime": 106110.69600000004,
        "multi_cloud_plan": "aws",
        "percent_diff": 67.77024332111768,
        "profiling_cost": 300.0131916202968,
        "profiling_runtime": 213295.70769838706
    },
    "inventory": {
        "arachne": 74.50756103867275,
        "arachne_runtime": 83790.38070392681,
        "bq": 238.37518692016602,
        "bq_baseline_runtime": 104366.55999999998,
        "multi_cloud_plan": "aws",
        "percent_diff": 68.7435752012117,
        "profiling_cost": 305.95998548681905,
        "profiling_runtime": 211648.48226055212
    },
    "item": {
        "arachne": 50.61020870824916,
        "arachne_runtime": 52114.25888854172,
        "bq": 93.05500507354736,
        "bq_baseline_runtime": 48002.55500000001,
        "multi_cloud_plan": "aws",
        "percent_diff": 45.61258830919556,
        "profiling_cost": 149.9425829849823,
        "profiling_runtime": 120477.78836579093
    },
    "promotion": {
        "arachne": 57.64159901700503,
        "arachne_runtime": 74925.80327126585,
        "bq": 215.28478145599365,
        "bq_baseline_runtime": 97716.661,
        "multi_cloud_plan": "aws",
        "percent_diff": 73.22541861660224,
        "profiling_cost": 281.87908717547367,
        "profiling_runtime": 201738.3341086033
    },
    "reason": {
        "arachne": 73.33120826139474,
        "arachne_runtime": 84519.29154912186,
        "bq": 230.7737159729004,
        "bq_baseline_runtime": 104568.122,
        "multi_cloud_plan": "aws",
        "percent_diff": 68.22376068598471,
        "profiling_cost": 298.1292295904112,
        "profiling_runtime": 211063.75381638715
    },
    "ship_mode": {
        "arachne": 75.34764172651447,
        "arachne_runtime": 86534.52280600378,
        "bq": 237.4097490310669,
        "bq_baseline_runtime": 106991.29199999999,
        "multi_cloud_plan": "aws",
        "percent_diff": 68.26261683270023,
        "profiling_cost": 305.1986497617539,
        "profiling_runtime": 214895.45314770535
    },
    "store": {
        "arachne": 52.80513951640172,
        "arachne_runtime": 59207.21580753816,
        "bq": 136.7197608947754,
        "bq_baseline_runtime": 60536.157000000014,
        "multi_cloud_plan": "aws",
        "percent_diff": 61.37709781613609,
        "profiling_cost": 195.30481567965336,
        "profiling_runtime": 138527.37317976716
    },
    "store_returns": {
        "arachne": 57.1338781803475,
        "arachne_runtime": 70395.0053478886,
        "bq": 185.66169261932373,
        "bq_baseline_runtime": 87304.47600000002,
        "multi_cloud_plan": "aws",
        "percent_diff": 69.22688930909759,
        "profiling_cost": 244.8782356900704,
        "profiling_runtime": 173462.36712341776
    },
    "store_sales": {
        "arachne": 21.07690104128414,
        "arachne_runtime": 13422.13978346435,
        "bq": 21.086888313293457,
        "bq_baseline_runtime": 13401.667999999998,
        "multi_cloud_plan": "multi",
        "percent_diff": 0.047362474068870335,
        "profiling_cost": 49.25104330503244,
        "profiling_runtime": 39931.55599696369
    },
    "time_dim": {
        "arachne": 75.19553300811255,
        "arachne_runtime": 86040.36191074559,
        "bq": 230.68166732788086,
        "bq_baseline_runtime": 102975.365,
        "multi_cloud_plan": "aws",
        "percent_diff": 67.40290033484418,
        "profiling_cost": 297.7237332855671,
        "profiling_runtime": 208452.47776575093
    },
    "warehouse": {
        "arachne": 73.80041830056369,
        "arachne_runtime": 82986.54772830417,
        "bq": 235.83679676055908,
        "bq_baseline_runtime": 103431.73099999997,
        "multi_cloud_plan": "aws",
        "percent_diff": 68.70699597591128,
        "profiling_cost": 303.2034324226181,
        "profiling_runtime": 209963.51018496216
    },
    "web_page": {
        "arachne": 74.80831414097118,
        "arachne_runtime": 86258.69516575013,
        "bq": 231.70127391815186,
        "bq_baseline_runtime": 105966.08999999998,
        "multi_cloud_plan": "aws",
        "percent_diff": 67.71346446399035,
        "profiling_cost": 299.5550145058962,
        "profiling_runtime": 214080.98536004787
    },
    "web_returns": {
        "arachne": 65.84290824544483,
        "arachne_runtime": 79430.25576746941,
        "bq": 201.80835247039795,
        "bq_baseline_runtime": 97414.90899999999,
        "multi_cloud_plan": "aws",
        "percent_diff": 67.37354651606753,
        "profiling_cost": 265.63258034570566,