{
    "call_center": {
        "arachne": 47.85443377941409,
        "arachne_runtime": 81773.99568175379,
        "bq": 236.39038562774658,
        "bq_baseline_runtime": 105783.20400000003,
        "multi_cloud_plan": "aws",
        "percent_diff": 79.75618439289136,
        "profiling_cost": 287.072930928235,
        "profiling_runtime": 213989.024697043
    },
    "catalog_page": {
        "arachne": 47.56751005776538,
        "arachne_runtime": 80679.71738929601,
        "bq": 221.7094898223877,
        "bq_baseline_runtime": 105810.44800000002,
        "multi_cloud_plan": "aws",
        "percent_diff": 78.54511771423411,
        "profiling_cost": 272.1500958455925,
        "profiling_runtime": 213230.01045422594
    },
    "catalog_returns": {
        "arachne": 38.18724377649003,
        "arachne_runtime": 69561.02042462878,
        "bq": 193.60082626342773,
        "bq_baseline_runtime": 91777.65499999998,
        "multi_cloud_plan": "aws",
        "percent_diff": 80.27526818272479,
        "profiling_cost": 239.56164302361103,
        "profiling_runtime": 186619.0174111041
    },
    "catalog_sales": {
        "arachne": 100.73957136912304,
        "arachne_runtime": 73415.85692448092,
        "bq": 104.23612117767334,
        "bq_baseline_runtime": 57335.01899999999,
        "multi_cloud_plan": "multi",
        "percent_diff": 3.354451191243325,
        "profiling_cost": 133.56055982491594,
        "profiling_runtime": 114303.73803942105
    },
    "customer": {
        "arachne": 42.455651226267904,
        "arachne_runtime": 65383.004435108945,
        "bq": 185.87164402008057,
        "bq_baseline_runtime": 77589.223,
        "multi_cloud_plan": "aws",
        "percent_diff": 77.15861854555867,
        "profiling_cost": 229.1380752928067,
        "profiling_runtime": 161747.09570215386
    },
    "customer_address": {
        "arachne": 45.67389578895439,
        "arachne_runtime": 75191.24337941589,
        "bq": 193.4046506881714,
        "bq_baseline_runtime": 80994.65,
        "multi_cloud_plan": "aws",
        "percent_diff": 76.38428257726079,
        "profiling_cost": 240.8989202458873,
        "profiling_runtime": 178854.1596245893
    },
    "customer_demographics": {
        "arachne": 45.463883146599876,
        "arachne_runtime": 73982.90501289298,
        "bq": 207.4698543548584,
        "bq_baseline_runtime": 91655.295,
        "multi_cloud_plan": "aws",
        "percent_diff": 78.08651127269893,
        "profiling_cost": 255.38314548739862,
        "profiling_runtime": 190861.93728993044
    },
    "date_dim": {
        "arachne": 14.802275556879614,
        "arachne_runtime": 20692.50348291107,
        "bq": 28.19988250732422,
        "bq_baseline_runtime": 12509.484000000002,
        "multi_cloud_plan": "multi",
        "percent_diff": 47.50944244879357,
        "profiling_cost": 58.64182454369814,
        "profiling_runtime": 54932.521694803436
    },
    "household_demographics": {
        "arachne": 45.979925366480096,
        "arachne_runtime": 75659.04751864442,
        "bq": 214.5507574081421,
        "bq_baseline_runtime": 93139.921,
        "multi_cloud_plan": "aws",
        "percent_diff": 78.56920855375401,
        "profiling_cost": 262.71029085392024,
        "profiling_runtime": 193145.83249489107
    },
    "income_band": {
        "arachne": 47.478068915627695,
        "arachne_runtime": 80442.17594832796,
        "bq": 232.44556427001953,
        "bq_baseline_runtime": 106110.696,
        "multi_cloud_plan": "aws",
        "percent_diff": 79.574542940955,
        "profiling_cost": 282.8140193462036,
        "profiling_runtime": 213295.70769838715
    },
    "inventory": {
        "arachne": 47.09108203932265,
        "arachne_runtime": 79076.10460015369,
        "bq": 238.37518692016602,
        "bq_baseline_runtime": 104366.56,
        "multi_cloud_plan": "aws",
        "percent_diff": 80.2449732089381,
        "profiling_cost": 288.76698856498643,
        "profiling_runtime": 211648.48226055215
    },
    "item": {
        "arachne": 33.41734904131493,
        "arachne_runtime": 52114.25888854172,
        "bq": 93.05500507354736,
        "bq_baseline_runtime": 48002.55500000001,
        "multi_cloud_plan": "aws",
        "percent_diff": 64.08860650224774,
        "profiling_cost": 132.74354729975218,
        "profiling_runtime": 120477.78836579091
    },
    "promotion": {
        "arachne": 40.44242737826014,
        "arachne_runtime": 74925.80327126585,
        "bq": 215.28478145599365,
        "bq_baseline_runtime": 97716.66100000004,
        "multi_cloud_plan": "aws",
        "percent_diff": 81.21445133987469,
        "profiling_cost": 264.6799155367288,
        "profiling_runtime": 201738.3341086034
    },
    "reason": {
        "arachne": 46.36908507512933,
        "arachne_runtime": 79845.98590306663,
        "bq": 230.7737159729004,
        "bq_baseline_runtime": 104568.12200000003,
        "multi_cloud_plan": "aws",
        "percent_diff": 79.90712032362714,
        "profiling_cost": 280.9300573320341,
        "profiling_runtime": 211063.75381638715
    },
    "ship_mode": {
        "arachne": 47.90907089117465,
        "arachne_runtime": 81789.75085383627,
        "bq": 237.4097490310669,
        "bq_baseline_runtime": 106991.29199999999,
        "multi_cloud_plan": "aws",
        "percent_diff": 79.82009117708752,
        "profiling_cost": 287.9994775118053,
        "profiling_runtime": 214895.4531477053
    },
    "store": {
        "arachne": 35.605984470309366,
        "arachne_runtime": 59207.21580753816,
        "bq": 136.7197608947754,
        "bq_baseline_runtime": 60536.15700000001,
        "multi_cloud_plan": "aws",
        "percent_diff": 73.95695820612717,
        "profiling_cost": 178.10564398474978,
        "profiling_runtime": 138527.37317976714
    },
    "store_returns": {
        "arachne": 38.35527152802552,
        "arachne_runtime": 69182.56523793947,
        "bq": 185.66169261932373,
        "bq_baseline_runtime": 87304.47600000001,
        "multi_cloud_plan": "aws",
        "percent_diff": 79.34131107666445,
        "profiling_cost": 228.60099159065462,
        "profiling_runtime": 173462.3671234177
    },
    "store_sales": {
        "arachne": 35.264763754703516,
        "arachne_runtime": 30762.072028802562,
        "bq": 21.086888313293457,
        "bq_baseline_runtime": 13401.667999999998,
        "multi_cloud_plan": "multi",
        "percent_diff": -67.23550308023464,
        "profiling_cost": 39.27324821145601,
        "profiling_runtime": 39931.555996963696
    },
    "time_dim": {
        "arachne": 47.75699235660992,
        "arachne_runtime": 81295.58995857807,
        "bq": 230.68166732788086,
        "bq_baseline_runtime": 102975.365,
        "multi_cloud_plan": "aws",
        "percent_diff": 79.29744790307493,
        "profiling_cost": 280.5245912566634,
        "profiling_runtime": 208452.47776575087
    },
    "warehouse": {
        "arachne": 46.37777163202792,
        "arachne_runtime": 78272.27162453103,
        "bq": 235.83679676055908,
        "bq_baseline_runtime": 103431.73100000003,
        "multi_cloud_plan": "aws",
        "percent_diff": 80.33480259693552,
        "profiling_cost": 286.0042601914124,
        "profiling_runtime": 209963.51018496216
    },
    "web_page": {
        "arachne": 47.84619118991318,
        "arachne_runtime": 81585.38951969492,
        "bq": 231.70127391815186,
        "bq_baseline_runtime": 105966.09,
        "multi_cloud_plan": "aws",
        "percent_diff": 79.3500525997044,
        "profiling_cost": 282.3558424830041,
        "profiling_runtime": 214080.98536004798
    },
    "web_returns": {
        "arachne": 43.052862832583585,
        "arachne_runtime": 76301.72329850578,
        "bq": 201.80835247039795,
        "bq_baseline_runtime": 97414.909,
        "multi_cloud_plan": "aws",
        "percent_diff": 78.66646137012653,
        "profiling_cost": 248.71656156976226,