{
    "call_center": {
        "arachne": 106.66674693587284,
        "arachne_runtime": 77745.15296165147,
        "bq": 165.4732699394226,
        "bq_baseline_runtime": 105783.20400000001,
        "multi_cloud_plan": "aws",
        "percent_diff": 35.538382135723786,
        "profiling_cost": 281.51266939493735,
        "profiling_runtime": 213989.02469704306
    },
    "catalog_page": {
        "arachne": 106.3263648866963,
        "arachne_runtime": 76639.15417141575,
        "bq": 155.1966428756714,
        "bq_baseline_runtime": 105810.44799999997,
        "multi_cloud_plan": "aws",
        "percent_diff": 31.489262321302437,
        "profiling_cost": 270.99404033325254,
        "profiling_runtime": 213230.01045422602
    },
    "catalog_returns": {
        "arachne": 100.79284795414212,
        "arachne_runtime": 69522.54024551496,
        "bq": 135.5205783843994,
        "bq_baseline_runtime": 91777.65499999998,
        "multi_cloud_plan": "multi",
        "percent_diff": 25.625429616861062,
        "profiling_cost": 244.6184551333347,
        "profiling_runtime": 186619.0174111042
    },
    "catalog_sales": {
        "arachne": 57.20457414084976,
        "arachne_runtime": 44192.96277523115,
        "bq": 72.96528482437134,
        "bq_baseline_runtime": 57335.01900000002,
        "multi_cloud_plan": "multi",
        "percent_diff": 21.600286658865066,
        "profiling_cost": 147.02295789643327,
        "profiling_runtime": 114303.73803942106
    },
    "customer": {
        "arachne": 101.54490130370019,
        "arachne_runtime": 61353.49901735192,
        "bq": 130.1101508140564,
        "bq_baseline_runtime": 77589.22300000001,
        "multi_cloud_plan": "aws",
        "percent_diff": 21.95466635895266,
        "profiling_cost": 238.67183789778733,
        "profiling_runtime": 161747.09570215386
    },
    "customer_address": {
        "arachne": 104.62018501922942,
        "arachne_runtime": 71166.61625690307,
        "bq": 135.38325548171997,
        "bq_baseline_runtime": 80994.65,
        "multi_cloud_plan": "aws",
        "percent_diff": 22.722950746774078,
        "profiling_cost": 248.21676199489224,
        "profiling_runtime": 178854.15962458926
    },
    "customer_demographics": {
        "arachne": 105.10188656002931,
        "arachne_runtime": 72664.0919519818,
        "bq": 145.22889804840088,
        "bq_baseline_runtime": 91655.29500000001,
        "multi_cloud_plan": "aws",
        "percent_diff": 27.630183818511323,
        "profiling_cost": 258.4978879020004,
        "profiling_runtime": 190861.9372899305
    },
    "date_dim": {
        "arachne": 19.739917755126953,
        "arachne_runtime": 12509.484,
        "bq": 19.739917755126953,
        "bq_baseline_runtime": 12509.484,
        "multi_cloud_plan": "gcp",
        "percent_diff": 0.0,
        "profiling_cost": 115.53852494397049,
        "profiling_runtime": 54932.521694803436
    },
    "household_demographics": {
        "arachne": 105.61908181262855,
        "arachne_runtime": 74340.23445773326,
        "bq": 150.18553018569946,
        "bq_baseline_runtime": 93139.92099999999,
        "multi_cloud_plan": "aws",
        "percent_diff": 29.674262439241627,
        "profiling_cost": 263.7019149940355,
        "profiling_runtime": 193145.8324948912
    },
    "income_band": {
        "arachne": 106.2589888838172,
        "arachne_runtime": 76419.91737326808,
        "bq": 162.71189498901367,
        "bq_baseline_runtime": 106110.69600000001,
        "multi_cloud_plan": "aws",
        "percent_diff": 34.695008689443505,
        "profiling_cost": 278.43720470675174,
        "profiling_runtime": 213295.70769838715
    },
    "inventory": {
        "arachne": 106.63137001824538,
        "arachne_runtime": 77727.26639864422,
        "bq": 166.8626308441162,
        "bq_baseline_runtime": 104366.55999999998,
        "multi_cloud_plan": "aws",
        "percent_diff": 36.096314987469626,
        "profiling_cost": 282.58782079190064,
        "profiling_runtime": 211648.4822605522
    },
    "item": {
        "arachne": 65.13850355148315,
        "arachne_runtime": 48002.55500000001,
        "bq": 65.13850355148315,
        "bq_baseline_runtime": 48002.55500000001,
        "multi_cloud_plan": "gcp",
        "percent_diff": 0.0,
        "profiling_cost": 170.18338138156224,
        "profiling_runtime": 120477.78836579088
    },
    "promotion": {
        "arachne": 105.79926530037595,
        "arachne_runtime": 74925.80327126585,
        "bq": 150.69934701919556,
        "bq_baseline_runtime": 97716.66100000001,
        "multi_cloud_plan": "aws",
        "percent_diff": 29.794476623113965,
        "profiling_cost": 265.4513333271612,
        "profiling_runtime": 201738.3341086033
    },
    "reason": {
        "arachne": 106.38900991262565,
        "arachne_runtime": 76842.49231142426,
        "bq": 161.54160118103027,
        "bq_baseline_runtime": 104568.12199999997,
        "multi_cloud_plan": "aws",
        "percent_diff": 34.1414167404459,
        "profiling_cost": 277.0547971219969,
        "profiling_runtime": 211063.75381638715
    },
    "ship_mode": {
        "arachne": 106.66798885805004,
        "arachne_runtime": 77749.18763595601,
        "bq": 166.18682432174683,
        "bq_baseline_runtime": 106991.29200000002,
        "multi_cloud_plan": "aws",
        "percent_diff": 35.81441290945247,
        "profiling_cost": 282.13340735229,
        "profiling_runtime": 214895.45314770524
    },
    "store": {
        "arachne": 95.70383262634277,
        "arachne_runtime": 60536.15699999999,
        "bq": 95.70383262634277,
        "bq_baseline_runtime": 60536.15699999999,
        "multi_cloud_plan": "gcp",
        "percent_diff": 0.0,
        "profiling_cost": 202.44656815695092,
        "profiling_runtime": 138527.3731797672
    },
    "store_returns": {
        "arachne": 96.78595659152698,
        "arachne_runtime": 69104.52428449657,
        "bq": 129.9631848335266,
        "bq_baseline_runtime": 87304.47600000002,
        "multi_cloud_plan": "multi",
        "percent_diff": 25.52817421679628,
        "profiling_cost": 234.75601138263767,
        "profiling_runtime": 173462.36712341776
    },
    "store_sales": {
        "arachne": 14.76082181930542,
        "arachne_runtime": 13401.668000000003,
        "bq": 14.76082181930542,
        "bq_baseline_runtime": 13401.668000000003,
        "multi_cloud_plan": "gcp",
        "percent_diff": 0.0,
        "profiling_cost": 70.86280307305833,
        "profiling_runtime": 39931.55599696368
    },
    "time_dim": {
        "arachne": 106.5157954425454,
        "arachne_runtime": 77255.02674069782,
        "bq": 161.4771671295166,
        "bq_baseline_runtime": 102975.36500000003,
        "multi_cloud_plan": "aws",
        "percent_diff": 34.03662119170578,
        "profiling_cost": 276.67683076813273,
        "profiling_runtime": 208452.4777657508
    },
    "warehouse": {
        "arachne": 106.60951064024162,
        "arachne_runtime": 77559.16398926187,
        "bq": 165.08575773239136,
        "bq_baseline_runtime": 103431.73100000001,
        "multi_cloud_plan": "aws",
        "percent_diff": 35.42173952215876,
        "profiling_cost": 280.61007564182654,
        "profiling_runtime": 209963.51018496216
    },
    "web_page": {
        "arachne": 106.60510829366625,
        "arachne_runtime": 77544.82630181467,
        "bq": 162.1908917427063,
        "bq_baseline_runtime": 105966.09,
        "multi_cloud_plan": "aws",
        "percent_diff": 34.27182799957676,
        "profiling_cost": 278.2023139945487,
        "profiling_runtime": 214080.98536004793
    },
    "web_returns": {
        "arachne": 103.25369639300183,
        "arachne_runtime": 71102.62820347786,
        "bq": 141.26584672927856,
        "bq_baseline_runtime": 97414.90899999999,
        "multi_cloud_plan": "aws",
        "percent_diff": 26.908238060628413,
        "profiling_cost": 252.45492717722874,