{
    "call_center": {
        "arachne": 86.0277546657161,
        "arachne_runtime": 77745.15296165147,
        "bq": 236.39038562774658,
        "bq_baseline_runtime": 105783.20400000006,
        "multi_cloud_plan": "aws",
        "percent_diff": 63.607760765199885,
        "profiling_cost": 331.79077850798967,
        "profiling_runtime": 213989.02469704297
    },
    "catalog_page": {
        "arachne": 85.68739242306057,
        "arachne_runtime": 76639.15417141575,
        "bq": 221.7094898223877,
        "bq_baseline_runtime": 105810.44800000002,
        "multi_cloud_plan": "aws",
        "percent_diff": 61.35149988766604,
        "profiling_cost": 316.86790051121847,
        "profiling_runtime": 213230.01045422594
    },
    "catalog_returns": {
        "arachne": 81.38624153451626,
        "arachne_runtime": 69561.02042462878,
        "bq": 193.60082626342773,
        "bq_baseline_runtime": 91777.65500000003,
        "multi_cloud_plan": "aws",
        "percent_diff": 57.96183151420229,
        "profiling_cost": 282.7606840685463,
        "profiling_runtime": 186619.0174111042
    },
    "catalog_sales": {
        "arachne": 53.14901020412008,
        "arachne_runtime": 43278.478712668104,
        "bq": 104.23612117767334,
        "bq_baseline_runtime": 57335.019000000015,
        "multi_cloud_plan": "multi",
        "percent_diff": 49.01094783302025,
        "profiling_cost": 164.16750969452917,
        "profiling_runtime": 114303.73803942105
    },
    "customer": {
        "arachne": 80.92536116059405,
        "arachne_runtime": 61353.49901735192,
        "bq": 185.87164402008057,
        "bq_baseline_runtime": 77589.22300000001,
        "multi_cloud_plan": "aws",
        "percent_diff": 56.46169614131604,
        "profiling_cost": 273.8137766371781,
        "profiling_runtime": 161747.09570215386
    },
    "customer_address": {
        "arachne": 83.98675609366492,
        "arachne_runtime": 71166.61625690307,
        "bq": 193.4046506881714,
        "bq_baseline_runtime": 80994.65000000001,
        "multi_cloud_plan": "aws",
        "percent_diff": 56.574593322950776,
        "profiling_cost": 285.6047139522518,
        "profiling_runtime": 178854.15962458923
    },
    "customer_demographics": {
        "arachne": 84.46325918216908,
        "arachne_runtime": 72664.0919519818,
        "bq": 207.4698543548584,
        "bq_baseline_runtime": 91655.29500000001,
        "multi_cloud_plan": "aws",
        "percent_diff": 59.28890033455062,
        "profiling_cost": 300.10020250707055,
        "profiling_runtime": 190861.93728993047
    },
    "date_dim": {
        "arachne": 28.19988250732422,
        "arachne_runtime": 12509.484,
        "bq": 28.19988250732422,
        "bq_baseline_runtime": 12509.484,
        "multi_cloud_plan": "gcp",
        "percent_diff": 0.0,
        "profiling_cost": 103.35954280591417,
        "profiling_runtime": 54932.52169480344
    },
    "household_demographics": {
        "arachne": 84.98009044271613,
        "arachne_runtime": 74340.23445773326,
        "bq": 214.5507574081421,
        "bq_baseline_runtime": 93139.92100000003,
        "multi_cloud_plan": "aws",
        "percent_diff": 60.391614800474635,
        "profiling_cost": 307.4281365230387,
        "profiling_runtime": 193145.83249489113
    },
    "income_band": {
        "arachne": 85.61999646002018,
        "arachne_runtime": 76419.91737326808,
        "bq": 232.44556427001953,
        "bq_baseline_runtime": 106110.69599999997,
        "multi_cloud_plan": "aws",
        "percent_diff": 63.16557094608181,
        "profiling_cost": 327.5318672588458,
        "profiling_runtime": 213295.7076983871
    },
    "inventory": {
        "arachne": 85.99978801716091,
        "arachne_runtime": 77727.26639864422,
        "bq": 238.37518692016602,
        "bq_baseline_runtime": 104366.56000000001,
        "multi_cloud_plan": "aws",
        "percent_diff": 63.92250840857735,
        "profiling_cost": 333.4687805617514,
        "profiling_runtime": 211648.48226055218
    },
    "item": {
        "arachne": 78.11878417534395,
        "arachne_runtime": 52114.25888854172,
        "bq": 93.05500507354736,
        "bq_baseline_runtime": 48002.555000000015,
        "multi_cloud_plan": "aws",
        "percent_diff": 16.05095920031207,
        "profiling_cost": 177.46104008135035,
        "profiling_runtime": 120477.78836579094
    },
    "promotion": {
        "arachne": 85.16027363899686,
        "arachne_runtime": 74925.80327126585,
        "bq": 215.28478145599365,
        "bq_baseline_runtime": 97716.66100000002,
        "multi_cloud_plan": "aws",
        "percent_diff": 60.44296625936634,
        "profiling_cost": 309.3977617974655,
        "profiling_runtime": 201738.3341086033
    },
    "reason": {
        "arachne": 85.75001750768791,
        "arachne_runtime": 76842.49231142426,
        "bq": 230.7737159729004,
        "bq_baseline_runtime": 104568.12199999999,
        "multi_cloud_plan": "aws",
        "percent_diff": 62.84238127111605,
        "profiling_cost": 325.6479052038145,
        "profiling_runtime": 211063.7538163872
    },
    "ship_mode": {
        "arachne": 86.02899646322645,
        "arachne_runtime": 77749.18763595601,
        "bq": 237.4097490310669,
        "bq_baseline_runtime": 106991.29200000002,
        "multi_cloud_plan": "aws",
        "percent_diff": 63.763494627186134,
        "profiling_cost": 332.71732536167167,
        "profiling_runtime": 214895.4531477052
    },
    "store": {
        "arachne": 80.32378759014946,
        "arachne_runtime": 59207.21580753816,
        "bq": 136.7197608947754,
        "bq_baseline_runtime": 60536.157000000014,
        "multi_cloud_plan": "aws",
        "percent_diff": 41.24932119215039,
        "profiling_cost": 222.82349039149926,
        "profiling_runtime": 138527.37317976716
    },
    "store_returns": {
        "arachne": 79.02015234209831,
        "arachne_runtime": 65857.47820278132,
        "bq": 185.66169261932373,
        "bq_baseline_runtime": 87304.476,
        "multi_cloud_plan": "aws",
        "percent_diff": 57.438634094476704,
        "profiling_cost": 270.9218262491355,
        "profiling_runtime": 173462.36712341776
    },
    "store_sales": {
        "arachne": 21.086888313293457,
        "arachne_runtime": 13401.668000000003,
        "bq": 21.086888313293457,
        "bq_baseline_runtime": 13401.668000000003,
        "multi_cloud_plan": "gcp",
        "percent_diff": 0.0,
        "profiling_cost": 65.21551545475471,
        "profiling_runtime": 39931.55599696368
    },
    "time_dim": {
        "arachne": 85.87683931297585,
        "arachne_runtime": 77255.02674069782,
        "bq": 230.68166732788086,
        "bq_baseline_runtime": 102975.36499999999,
        "multi_cloud_plan": "aws",
        "percent_diff": 62.7725773323312,
        "profiling_cost": 325.24236053181266,
        "profiling_runtime": 208452.4777657508
    },
    "warehouse": {
        "arachne": 85.97051831529518,
        "arachne_runtime": 77559.16398926187,
        "bq": 235.83679676055908,
        "bq_baseline_runtime": 103431.731,
        "multi_cloud_plan": "aws",
        "percent_diff": 63.54660532360455,
        "profiling_cost": 330.7221079925472,
        "profiling_runtime": 209963.51018496213
    },
    "web_page": {
        "arachne": 85.9661161713104,
        "arachne_runtime": 77544.82630181467,
        "bq": 231.70127391815186,
        "bq_baseline_runtime": 105966.09000000004,
        "multi_cloud_plan": "aws",
        "percent_diff": 62.897866413251656,
        "profiling_cost": 327.07368974252375,
        "profiling_runtime": 214080.98536004793
    },
    "web_returns": {
        "arachne": 82.95450814555775,
        "arachne_runtime": 71102.62820347786,
        "bq": 201.80835247039795,
        "bq_baseline_runtime": 97414.90899999999,
        "multi_cloud_plan": "aws",
        "percent_diff": 58.894412877323376,
        "profiling_cost": 292.69821038721534,