{
    "call_center": {
        "arachne": 70.91711568832397,
        "arachne_runtime": 105783.20399999998,
        "bq": 70.91711568832397,
        "bq_baseline_runtime": 105783.20399999998,
        "multi_cloud_plan": "gcp",
        "percent_diff": 0.0,
        "profiling_cost": 186.95651514383906,
        "profiling_runtime": 213989.0246970431
    },
    "catalog_page": {
        "arachne": 66.51284694671631,
        "arachne_runtime": 105810.44799999996,
        "bq": 66.51284694671631,
        "bq_baseline_runtime": 105810.44799999996,
        "multi_cloud_plan": "gcp",
        "percent_diff": 0.0,
        "profiling_cost": 182.3102444042978,
        "profiling_runtime": 213230.01045422597
    },
    "catalog_returns": {
        "arachne": 58.08024787902832,
        "arachne_runtime": 91777.655,
        "bq": 58.08024787902832,
        "bq_baseline_runtime": 91777.655,
        "multi_cloud_plan": "gcp",
        "percent_diff": 0.0,
        "profiling_cost": 167.17812462796348,
        "profiling_runtime": 186619.01741110408
    },
    "catalog_sales": {
        "arachne": 31.270836353302002,
        "arachne_runtime": 57335.01900000001,
        "bq": 31.270836353302002,
        "bq_baseline_runtime": 57335.01900000001,
        "multi_cloud_plan": "gcp",
        "percent_diff": 0.0,
        "profiling_cost": 105.32850942536382,
        "profiling_runtime": 114303.73803942103
    },
    "customer": {
        "arachne": 55.76149320602417,
        "arachne_runtime": 77589.223,
        "bq": 55.76149320602417,
        "bq_baseline_runtime": 77589.223,
        "multi_cloud_plan": "gcp",
        "percent_diff": 0.0,
        "profiling_cost": 164.3231802897551,
        "profiling_runtime": 161747.09570215383
    },
    "customer_address": {
        "arachne": 58.021395206451416,
        "arachne_runtime": 80994.65,
        "bq": 58.021395206451416,
        "bq_baseline_runtime": 80994.65,
        "multi_cloud_plan": "gcp",
        "percent_diff": 0.0,
        "profiling_cost": 170.85490171962368,
        "profiling_runtime": 178854.15962458926
    },
    "customer_demographics": {
        "arachne": 62.24095630645752,
        "arachne_runtime": 91655.29499999998,
        "bq": 62.24095630645752,
        "bq_baseline_runtime": 91655.29499999998,
        "multi_cloud_plan": "gcp",
        "percent_diff": 0.0,
        "profiling_cost": 175.5099461600572,
        "profiling_runtime": 190861.93728993047
    },
    "date_dim": {
        "arachne": 8.459964752197266,
        "arachne_runtime": 12509.484,
        "bq": 8.459964752197266,
        "bq_baseline_runtime": 12509.484,
        "multi_cloud_plan": "gcp",
        "percent_diff": 0.0,
        "profiling_cost": 104.25857194104081,
        "profiling_runtime": 54932.52169480344
    },
    "household_demographics": {
        "arachne": 64.36522722244263,
        "arachne_runtime": 93139.921,
        "bq": 64.36522722244263,
        "bq_baseline_runtime": 93139.921,
        "multi_cloud_plan": "gcp",
        "percent_diff": 0.0,
        "profiling_cost": 177.88161203077883,
        "profiling_runtime": 193145.83249489122
    },
    "income_band": {
        "arachne": 69.73366928100586,
        "arachne_runtime": 106110.69599999997,
        "bq": 69.73366928100586,
        "bq_baseline_runtime": 106110.69599999997,
        "multi_cloud_plan": "gcp",
        "percent_diff": 0.0,
        "profiling_cost": 185.4589789987442,
        "profiling_runtime": 213295.70769838704
    },
    "inventory": {
        "arachne": 71.5125560760498,
        "arachne_runtime": 104366.55999999998,
        "bq": 71.5125560760498,
        "bq_baseline_runtime": 104366.55999999998,
        "multi_cloud_plan": "gcp",
        "percent_diff": 0.0,
        "profiling_cost": 187.23774602383457,
        "profiling_runtime": 211648.48226055215
    },
    "item": {
        "arachne": 27.91650152206421,
        "arachne_runtime": 48002.55500000002,
        "bq": 27.91650152206421,
        "bq_baseline_runtime": 48002.55500000002,
        "multi_cloud_plan": "gcp",
        "percent_diff": 0.0,
        "profiling_cost": 132.96137935214318,
        "profiling_runtime": 120477.78836579091
    },
    "promotion": {
        "arachne": 64.5854344367981,
        "arachne_runtime": 97716.66100000002,
        "bq": 64.5854344367981,
        "bq_baseline_runtime": 97716.66100000002,
        "multi_cloud_plan": "gcp",
        "percent_diff": 0.0,
        "profiling_cost": 179.33742074476407,
        "profiling_runtime": 201738.33410860333
    },
    "reason": {
        "arachne": 69.23211479187012,
        "arachne_runtime": 104568.12199999997,
        "bq": 69.23211479187012,
        "bq_baseline_runtime": 104568.12199999997,
        "multi_cloud_plan": "gcp",
        "percent_diff": 0.0,
        "profiling_cost": 184.745310732837,
        "profiling_runtime": 211063.75381638718
    },
    "ship_mode": {
        "arachne": 71.22292470932007,
        "arachne_runtime": 106991.292,
        "bq": 71.22292470932007,
        "bq_baseline_runtime": 106991.292,
        "multi_cloud_plan": "gcp",
        "percent_diff": 0.0,
        "profiling_cost": 187.1695077398635,
        "profiling_runtime": 214895.45314770524
    },
    "store": {
        "arachne": 41.01592826843262,
        "arachne_runtime": 60536.157000000014,
        "bq": 41.01592826843262,
        "bq_baseline_runtime": 60536.157000000014,
        "multi_cloud_plan": "gcp",
        "percent_diff": 0.0,
        "profiling_cost": 147.75866379904076,
        "profiling_runtime": 138527.3731797671
    },
    "store_returns": {
        "arachne": 55.69850778579712,
        "arachne_runtime": 87304.47600000002,
        "bq": 55.69850778579712,
        "bq_baseline_runtime": 87304.47600000002,
        "multi_cloud_plan": "gcp",
        "percent_diff": 0.0,
        "profiling_cost": 160.4913343349081,
        "profiling_runtime": 173462.3671234178
    },
    "store_sales": {
        "arachne": 6.326066493988037,
        "arachne_runtime": 13401.668,
        "bq": 6.326066493988037,
        "bq_baseline_runtime": 13401.668,
        "multi_cloud_plan": "gcp",
        "percent_diff": 0.0,
        "profiling_cost": 62.42804774774099,
        "profiling_runtime": 39931.55599696368
    },
    "time_dim": {
        "arachne": 69.20450019836426,
        "arachne_runtime": 102975.365,
        "bq": 69.20450019836426,
        "bq_baseline_runtime": 102975.365,
        "multi_cloud_plan": "gcp",
        "percent_diff": 0.0,
        "profiling_cost": 184.40416383698076,
        "profiling_runtime": 208452.4777657509
    },
    "warehouse": {
        "arachne": 70.75103902816772,
        "arachne_runtime": 103431.731,
        "bq": 70.75103902816772,
        "bq_baseline_runtime": 103431.731,
        "multi_cloud_plan": "gcp",
        "percent_diff": 0.0,
        "profiling_cost": 186.27535693760308,
        "profiling_runtime": 209963.5101849622
    },
    "web_page": {
        "arachne": 69.51038217544556,
        "arachne_runtime": 105966.09000000001,
        "bq": 69.51038217544556,
        "bq_baseline_runtime": 105966.09000000001,
        "multi_cloud_plan": "gcp",
        "percent_diff": 0.0,
        "profiling_cost": 185.52180442728834,
        "profiling_runtime": 214080.98536004787
    },
    "web_returns": {
        "arachne": 60.542505741119385,
        "arachne_runtime": 97414.909,
        "bq": 60.542505741119385,
        "bq_baseline_runtime": 97414.909,
        "multi_cloud_plan": "gcp",
        "percent_diff": 0.0,
        "profiling_cost": 171.7315861890696,
        "profiling_runtime": 194315.0294205994
    },
    "web_sales": {
        "arachne": 35.819111824035645,
        "arachne_runtime": 66566.271,
        "bq": 35.819111824035645,
        "bq_baseline_runtime": 66566.271,
        "multi_cloud_plan": "gcp",
        "percent_diff": 0.0,
        "profiling_cost": 126.95018255862844,
        "profiling_runtime": 136777.36776799877
    },
    "web_site": {
        "arachne": 66.10101270675659,