{
    "call_center": {
        "arachne": 59.097596406936646,
        "arachne_runtime": 105783.20399999998,
        "bq": 59.097596406936646,
        "bq_baseline_runtime": 105783.20399999998,
        "multi_cloud_plan": "gcp",
        "percent_diff": 0.0,
        "profiling_cost": 175.1369958624518,
        "profiling_runtime": 213989.0246970431
    },
    "catalog_page": {
        "arachne": 55.427372455596924,
        "arachne_runtime": 105810.44799999999,
        "bq": 55.427372455596924,
        "bq_baseline_runtime": 105810.44799999999,
        "multi_cloud_plan": "gcp",
        "percent_diff": 0.0,
        "profiling_cost": 171.22476991317848,
        "profiling_runtime": 213230.01045422594
    },
    "catalog_returns": {
        "arachne": 48.400206565856934,
        "arachne_runtime": 91777.655,
        "bq": 48.400206565856934,
        "bq_baseline_runtime": 91777.655,
        "multi_cloud_plan": "gcp",
        "percent_diff": 0.0,
        "profiling_cost": 157.49808331479215,
        "profiling_runtime": 186619.0174111041
    },
    "catalog_sales": {
        "arachne": 26.059030294418335,
        "arachne_runtime": 57335.018999999986,
        "bq": 26.059030294418335,
        "bq_baseline_runtime": 57335.018999999986,
        "multi_cloud_plan": "gcp",
        "percent_diff": 0.0,
        "profiling_cost": 100.11670336648014,
        "profiling_runtime": 114303.73803942108
    },
    "customer": {
        "arachne": 46.46791100502014,
        "arachne_runtime": 77589.22300000004,
        "bq": 46.46791100502014,
        "bq_baseline_runtime": 77589.22300000004,
        "multi_cloud_plan": "gcp",
        "percent_diff": 0.0,
        "profiling_cost": 155.0295980887511,
        "profiling_runtime": 161747.09570215386
    },
    "customer_address": {
        "arachne": 48.35116267204285,
        "arachne_runtime": 80994.64999999998,
        "bq": 48.35116267204285,
        "bq_baseline_runtime": 80994.64999999998,
        "multi_cloud_plan": "gcp",
        "percent_diff": 0.0,
        "profiling_cost": 161.1846691852151,
        "profiling_runtime": 178854.15962458923
    },
    "customer_demographics": {
        "arachne": 51.8674635887146,
        "arachne_runtime": 91655.29500000001,
        "bq": 51.8674635887146,
        "bq_baseline_runtime": 91655.29500000001,
        "multi_cloud_plan": "gcp",
        "percent_diff": 0.0,
        "profiling_cost": 165.13645344231432,
        "profiling_runtime": 190861.9372899305
    },
    "date_dim": {
        "arachne": 7.049970626831055,
        "arachne_runtime": 12509.484000000002,
        "bq": 7.049970626831055,
        "bq_baseline_runtime": 12509.484000000002,
        "multi_cloud_plan": "gcp",
        "percent_diff": 0.0,
        "profiling_cost": 102.8485778156746,
        "profiling_runtime": 54932.52169480344
    },
    "household_demographics": {
        "arachne": 53.63768935203552,
        "arachne_runtime": 93139.92099999999,
        "bq": 53.63768935203552,
        "bq_baseline_runtime": 93139.92099999999,
        "multi_cloud_plan": "gcp",
        "percent_diff": 0.0,
        "profiling_cost": 167.15407416037175,
        "profiling_runtime": 193145.8324948911
    },
    "income_band": {
        "arachne": 58.11139106750488,
        "arachne_runtime": 106110.69600000001,
        "bq": 58.11139106750488,
        "bq_baseline_runtime": 106110.69600000001,
        "multi_cloud_plan": "gcp",
        "percent_diff": 0.0,
        "profiling_cost": 173.8367007852432,
        "profiling_runtime": 213295.70769838712
    },
    "inventory": {
        "arachne": 59.593796730041504,
        "arachne_runtime": 104366.56000000006,
        "bq": 59.593796730041504,
        "bq_baseline_runtime": 104366.56000000006,
        "multi_cloud_plan": "gcp",
        "percent_diff": 0.0,
        "profiling_cost": 175.31898667782636,
        "profiling_runtime": 211648.48226055215
    },
    "item": {
        "arachne": 23.26375126838684,
        "arachne_runtime": 48002.55500000001,
        "bq": 23.26375126838684,
        "bq_baseline_runtime": 48002.55500000001,
        "multi_cloud_plan": "gcp",
        "percent_diff": 0.0,
        "profiling_cost": 128.3086290984658,
        "profiling_runtime": 120477.78836579093
    },
    "promotion": {
        "arachne": 53.82119536399841,
        "arachne_runtime": 97716.66100000002,
        "bq": 53.82119536399841,
        "bq_baseline_runtime": 97716.66100000002,
        "multi_cloud_plan": "gcp",
        "percent_diff": 0.0,
        "profiling_cost": 168.57318167196436,
        "profiling_runtime": 201738.33410860333
    },
    "reason": {
        "arachne": 57.6934289932251,
        "arachne_runtime": 104568.12200000002,
        "bq": 57.6934289932251,
        "bq_baseline_runtime": 104568.12200000002,
        "multi_cloud_plan": "gcp",
        "percent_diff": 0.0,
        "profiling_cost": 173.20662493419204,
        "profiling_runtime": 211063.75381638712
    },
    "ship_mode": {
        "arachne": 59.352437257766724,
        "arachne_runtime": 106991.29199999999,
        "bq": 59.352437257766724,
        "bq_baseline_runtime": 106991.29199999999,
        "multi_cloud_plan": "gcp",
        "percent_diff": 0.0,
        "profiling_cost": 175.29902028831015,
        "profiling_runtime": 214895.45314770538
    },
    "store": {
        "arachne": 34.17994022369385,
        "arachne_runtime": 60536.15700000001,
        "bq": 34.17994022369385,
        "bq_baseline_runtime": 60536.15700000001,
        "multi_cloud_plan": "gcp",
        "percent_diff": 0.0,
        "profiling_cost": 140.92267575430196,
        "profiling_runtime": 138527.37317976716
    },
    "store_returns": {
        "arachne": 46.41542315483093,
        "arachne_runtime": 87304.47600000002,
        "bq": 46.41542315483093,
        "bq_baseline_runtime": 87304.47600000002,
        "multi_cloud_plan": "gcp",
        "percent_diff": 0.0,
        "profiling_cost": 151.2082497039419,
        "profiling_runtime": 173462.36712341776
    },
    "store_sales": {
        "arachne": 5.271722078323364,
        "arachne_runtime": 13401.668,
        "bq": 5.271722078323364,
        "bq_baseline_runtime": 13401.668,
        "multi_cloud_plan": "gcp",
        "percent_diff": 0.0,
        "profiling_cost": 61.373703332076325,
        "profiling_runtime": 39931.55599696369
    },
    "time_dim": {
        "arachne": 57.670416831970215,
        "arachne_runtime": 102975.36499999996,
        "bq": 57.670416831970215,
        "bq_baseline_runtime": 102975.36499999996,
        "multi_cloud_plan": "gcp",
        "percent_diff": 0.0,
        "profiling_cost": 172.87008047058671,
        "profiling_runtime": 208452.47776575087
    },
    "warehouse": {
        "arachne": 58.95919919013977,
        "arachne_runtime": 103431.73100000001,
        "bq": 58.95919919013977,
        "bq_baseline_runtime": 103431.73100000001,
        "multi_cloud_plan": "gcp",
        "percent_diff": 0.0,
        "profiling_cost": 174.48351709957518,
        "profiling_runtime": 209963.51018496213
    },
    "web_page": {
        "arachne": 57.925318479537964,
        "arachne_runtime": 105966.09000000003,
        "bq": 57.925318479537964,
        "bq_baseline_runtime": 105966.09000000003,
        "multi_cloud_plan": "gcp",
        "percent_diff": 0.0,
        "profiling_cost": 173.9367407313808,
        "profiling_runtime": 214080.98536004793
    },
    "web_returns": {
        "arachne": 50.45208811759949,
        "arachne_runtime": 97414.90899999999,
        "bq": 50.45208811759949,
        "bq_baseline_runtime": 97414.90899999999,
        "multi_cloud_plan": "gcp",
        "percent_diff": 0.0,
        "profiling_cost": 161.64116856554966,
        "profiling_runtime": 194315.02942059934
    },
    "web_sales": {
        "arachne": 29.849259853363037,
        "arachne_runtime": 66566.27100000001,
        "bq": 29.849259853363037,
        "bq_baseline_runtime": 66566.27100000001,
        "multi_cloud_plan": "gcp",