{
    "call_center": {
        "arachne": 147.94477439153053,
        "arachne_runtime": 77745.15296165147,
        "bq": 236.39038562774658,
        "bq_baseline_runtime": 105783.20400000003,
        "multi_cloud_plan": "aws",
        "percent_diff": 37.41506280018296,
        "profiling_cost": 393.70779823380434,
        "profiling_runtime": 213989.0246970431
    },
    "catalog_page": {
        "arachne": 147.60435272931198,
        "arachne_runtime": 76639.15417141575,
        "bq": 221.7094898223877,
        "bq_baseline_runtime": 105810.44800000002,
        "multi_cloud_plan": "aws",
        "percent_diff": 33.424431742836816,
        "profiling_cost": 378.78486081746985,
        "profiling_runtime": 213230.01045422594
    },
    "catalog_returns": {
        "arachne": 140.49623355270853,
        "arachne_runtime": 69522.54024551497,
        "bq": 193.60082626342773,
        "bq_baseline_runtime": 91777.65500000001,
        "multi_cloud_plan": "multi",
        "percent_diff": 27.429941150385968,
        "profiling_cost": 342.5747408999955,
        "profiling_runtime": 186619.0174111041
    },
    "catalog_sales": {
        "arachne": 80.10288771156154,
        "arachne_runtime": 44192.96277523115,
        "bq": 104.23612117767334,
        "bq_baseline_runtime": 57335.01900000001,
        "multi_cloud_plan": "multi",
        "percent_diff": 23.152466912094745,
        "profiling_cost": 206.5463633601474,
        "profiling_runtime": 114303.73803942106
    },
    "customer": {
        "arachne": 142.78402450525664,
        "arachne_runtime": 61353.49901735192,
        "bq": 185.87164402008057,
        "bq_baseline_runtime": 77589.223,
        "multi_cloud_plan": "aws",
        "percent_diff": 23.18138398246963,
        "profiling_cost": 335.67244003707754,
        "profiling_runtime": 161747.0957021538
    },
    "customer_address": {
        "arachne": 145.88708578570268,
        "arachne_runtime": 71166.61625690307,
        "bq": 193.4046506881714,
        "bq_baseline_runtime": 80994.64999999998,
        "multi_cloud_plan": "aws",
        "percent_diff": 24.568987732917467,
        "profiling_cost": 347.50504369952637,
        "profiling_runtime": 178854.1596245892
    },
    "customer_demographics": {
        "arachne": 146.37918423109406,
        "arachne_runtime": 72664.0919519818,
        "bq": 207.4698543548584,
        "bq_baseline_runtime": 91655.295,
        "multi_cloud_plan": "aws",
        "percent_diff": 29.44556466467378,
        "profiling_cost": 362.01612761123215,
        "profiling_runtime": 190861.93728993047
    },
    "date_dim": {
        "arachne": 28.19988250732422,
        "arachne_runtime": 12509.484000000002,
        "bq": 28.19988250732422,
        "bq_baseline_runtime": 12509.484000000002,
        "multi_cloud_plan": "gcp",
        "percent_diff": 0.0,
        "profiling_cost": 165.27638347667502,
        "profiling_runtime": 54932.52169480344
    },
    "household_demographics": {
        "arachne": 146.89710746779758,
        "arachne_runtime": 74340.23445773326,
        "bq": 214.5507574081421,
        "bq_baseline_runtime": 93139.921,
        "multi_cloud_plan": "aws",
        "percent_diff": 31.532701519037886,
        "profiling_cost": 369.34515360335683,
        "profiling_runtime": 193145.83249489116
    },
    "income_band": {
        "arachne": 147.53701664675552,
        "arachne_runtime": 76419.91737326808,
        "bq": 232.44556427001953,
        "bq_baseline_runtime": 106110.69600000001,
        "multi_cloud_plan": "aws",
        "percent_diff": 36.52835789313248,
        "profiling_cost": 389.4488874455811,
        "profiling_runtime": 213295.70769838704
    },
    "inventory": {
        "arachne": 147.89457693575852,
        "arachne_runtime": 77727.26639864422,
        "bq": 238.37518692016602,
        "bq_baseline_runtime": 104366.56000000004,
        "multi_cloud_plan": "aws",
        "percent_diff": 37.95722665325492,
        "profiling_cost": 395.3635694803489,
        "profiling_runtime": 211648.48226055212
    },
    "item": {
        "arachne": 93.05500507354736,
        "arachne_runtime": 48002.55499999999,
        "bq": 93.05500507354736,
        "bq_baseline_runtime": 48002.55499999999,
        "multi_cloud_plan": "gcp",
        "percent_diff": 0.0,
        "profiling_cost": 239.37756854817854,
        "profiling_runtime": 120477.78836579096
    },
    "promotion": {
        "arachne": 147.07729153847842,
        "arachne_runtime": 74925.80327126585,
        "bq": 215.28478145599365,
        "bq_baseline_runtime": 97716.66099999995,
        "multi_cloud_plan": "aws",
        "percent_diff": 31.682448455585572,
        "profiling_cost": 371.31477969694697,
        "profiling_runtime": 201738.33410860333
    },
    "reason": {
        "arachne": 147.6670376378454,
        "arachne_runtime": 76842.49231142426,
        "bq": 230.7737159729004,
        "bq_baseline_runtime": 104568.12199999999,
        "multi_cloud_plan": "aws",
        "percent_diff": 36.012194016416565,
        "profiling_cost": 387.564925333972,
        "profiling_runtime": 211063.7538163872
    },
    "ship_mode": {
        "arachne": 147.94601656304144,
        "arachne_runtime": 77749.18763595601,
        "bq": 237.4097490310669,
        "bq_baseline_runtime": 106991.292,
        "multi_cloud_plan": "aws",
        "percent_diff": 37.683259778990134,
        "profiling_cost": 394.63434546148676,
        "profiling_runtime": 214895.45314770527
    },
    "store": {
        "arachne": 136.7197608947754,
        "arachne_runtime": 60536.157000000014,
        "bq": 136.7197608947754,
        "bq_baseline_runtime": 60536.157000000014,
        "multi_cloud_plan": "gcp",
        "percent_diff": 0.0,
        "profiling_cost": 284.74050849315194,
        "profiling_runtime": 138527.37317976716
    },
    "store_returns": {
        "arachne": 135.1057302290304,
        "arachne_runtime": 69104.52428449658,
        "bq": 185.66169261932373,
        "bq_baseline_runtime": 87304.47600000001,
        "multi_cloud_plan": "multi",
        "percent_diff": 27.230152691730574,
        "profiling_cost": 329.51990500703255,
        "profiling_runtime": 173462.36712341776
    },
    "store_sales": {
        "arachne": 21.086888313293457,
        "arachne_runtime": 13401.667999999994,
        "bq": 21.086888313293457,
        "bq_baseline_runtime": 13401.667999999994,
        "multi_cloud_plan": "gcp",
        "percent_diff": 0.0,
        "profiling_cost": 101.13557779162977,
        "profiling_runtime": 39931.55599696369
    },
    "time_dim": {
        "arachne": 147.79375061702876,
        "arachne_runtime": 77255.02674069782,
        "bq": 230.68166732788086,
        "bq_baseline_runtime": 102975.365,
        "multi_cloud_plan": "aws",
        "percent_diff": 35.931731234211526,
        "profiling_cost": 387.1592718358657,
        "profiling_runtime": 208452.4777657508
    },
    "warehouse": {
        "arachne": 147.88753820547873,
        "arachne_runtime": 77559.16398926187,
        "bq": 235.83679676055908,
        "bq_baseline_runtime": 103431.731,
        "multi_cloud_plan": "aws",
        "percent_diff": 37.29242415227242,
        "profiling_cost": 392.63912802488795,
        "profiling_runtime": 209963.51018496213
    },
    "web_page": {
        "arachne": 147.8831354537222,
        "arachne_runtime": 77544.82630181467,
        "bq": 231.70127391815186,
        "bq_baseline_runtime": 105966.09,
        "multi_cloud_plan": "aws",
        "percent_diff": 36.17508745076572,
        "profiling_cost": 388.99070902493554,
        "profiling_runtime": 214080.98536004793
    },
    "web_returns": {
        "arachne": 143.85211580323428,
        "arachne_runtime": 71102.62820347786,
        "bq": 201.80835247039795,
        "bq_baseline_runtime": 97414.90900000001,
        "multi_cloud_plan": "aws",
        "percent_diff": 28.71845290727742,
        "profiling_cost": 353.5958779806126,
        "profiling_runtime": 194315.0294205994
    },