{
    "call_center": {
        "arachne": 161.70411210837818,
        "arachne_runtime": 77745.15296165147,
        "bq": 236.39038562774658,
        "bq_baseline_runtime": 105783.20400000001,
        "multi_cloud_plan": "aws",
        "percent_diff": 31.594463252401418,
        "profiling_cost": 407.467135950652,
        "profiling_runtime": 213989.02469704312
    },
    "catalog_page": {
        "arachne": 161.36367724181233,
        "arachne_runtime": 76639.15417141575,
        "bq": 221.7094898223877,
        "bq_baseline_runtime": 105810.44799999999,
        "multi_cloud_plan": "aws",
        "percent_diff": 27.218416599541424,
        "profiling_cost": 392.54418532997016,
        "profiling_runtime": 213230.01045422594
    },
    "catalog_returns": {
        "arachne": 153.56171005207605,
        "arachne_runtime": 69522.54024551497,
        "bq": 193.60082626342773,
        "bq_baseline_runtime": 91777.65500000003,
        "multi_cloud_plan": "multi",
        "percent_diff": 20.68127341402535,
        "profiling_cost": 355.8667535292065,
        "profiling_runtime": 186619.01741110414
    },
    "catalog_sales": {
        "arachne": 85.90202547894722,
        "arachne_runtime": 44192.96277523115,
        "bq": 104.23612117767334,
        "bq_baseline_runtime": 57335.01899999998,
        "multi_cloud_plan": "multi",
        "percent_diff": 17.589004168214533,
        "profiling_cost": 215.96388639695147,
        "profiling_runtime": 114303.73803942106
    },
    "customer": {
        "arachne": 156.53039413740393,
        "arachne_runtime": 61353.49901735192,
        "bq": 185.87164402008057,
        "bq_baseline_runtime": 77589.22299999998,
        "multi_cloud_plan": "aws",
        "percent_diff": 15.785759058281512,
        "profiling_cost": 349.41880968149957,
        "profiling_runtime": 161747.09570215386
    },
    "customer_address": {
        "arachne": 159.6427146061555,
        "arachne_runtime": 71166.61625690307,
        "bq": 193.4046506881714,
        "bq_baseline_runtime": 80994.65,
        "multi_cloud_plan": "aws",
        "percent_diff": 17.4566309351323,
        "profiling_cost": 361.2606725322541,
        "profiling_runtime": 178854.1596245892
    },
    "customer_demographics": {
        "arachne": 160.1382786864107,
        "arachne_runtime": 72664.0919519818,
        "bq": 207.4698543548584,
        "bq_baseline_runtime": 91655.29499999998,
        "multi_cloud_plan": "aws",
        "percent_diff": 22.81371229359005,
        "profiling_cost": 375.77522207882373,
        "profiling_runtime": 190861.93728993047
    },
    "date_dim": {
        "arachne": 28.19988250732422,
        "arachne_runtime": 12509.484000000002,
        "bq": 28.19988250732422,
        "bq_baseline_runtime": 12509.484000000002,
        "multi_cloud_plan": "gcp",
        "percent_diff": 0.0,
        "profiling_cost": 179.03568140351075,
        "profiling_runtime": 54932.52169480344
    },
    "household_demographics": {
        "arachne": 160.65644458448236,
        "arachne_runtime": 74340.23445773326,
        "bq": 214.5507574081421,
        "bq_baseline_runtime": 93139.92099999999,
        "multi_cloud_plan": "aws",
        "percent_diff": 25.119609678718604,
        "profiling_cost": 383.1044907323164,
        "profiling_runtime": 193145.83249489113
    },
    "income_band": {
        "arachne": 161.29635446603004,
        "arachne_runtime": 76419.91737326808,
        "bq": 232.44556427001953,
        "bq_baseline_runtime": 106110.69599999998,
        "multi_cloud_plan": "aws",
        "percent_diff": 30.6089772146993,
        "profiling_cost": 403.20822526485557,
        "profiling_runtime": 213295.70769838712
    },
    "inventory": {
        "arachne": 161.64897447322465,
        "arachne_runtime": 77727.26639864422,
        "bq": 238.37518692016602,
        "bq_baseline_runtime": 104366.56000000001,
        "multi_cloud_plan": "aws",
        "percent_diff": 32.18716404096105,
        "profiling_cost": 409.1179670178151,
        "profiling_runtime": 211648.48226055215
    },
    "item": {
        "arachne": 93.05500507354736,
        "arachne_runtime": 48002.55500000001,
        "bq": 93.05500507354736,
        "bq_baseline_runtime": 48002.55500000001,
        "multi_cloud_plan": "gcp",
        "percent_diff": 0.0,
        "profiling_cost": 253.1367970963626,
        "profiling_runtime": 120477.78836579093
    },
    "promotion": {
        "arachne": 160.83662884947432,
        "arachne_runtime": 74925.80327126585,
        "bq": 215.28478145599365,
        "bq_baseline_runtime": 97716.66100000001,
        "multi_cloud_plan": "aws",
        "percent_diff": 25.291222276967623,
        "profiling_cost": 385.0741170079429,
        "profiling_runtime": 201738.33410860327
    },
    "reason": {
        "arachne": 161.4263754445471,
        "arachne_runtime": 76842.49231142426,
        "bq": 230.7737159729004,
        "bq_baseline_runtime": 104568.12200000003,
        "multi_cloud_plan": "aws",
        "percent_diff": 30.049930182038892,
        "profiling_cost": 401.3242631406737,
        "profiling_runtime": 211063.75381638712
    },
    "ship_mode": {
        "arachne": 161.70535436300034,
        "arachne_runtime": 77749.18763595601,
        "bq": 237.4097490310669,
        "bq_baseline_runtime": 106991.29200000002,
        "multi_cloud_plan": "aws",
        "percent_diff": 31.887652034946573,
        "profiling_cost": 408.3936832614456,
        "profiling_runtime": 214895.4531477052
    },
    "store": {
        "arachne": 136.7197608947754,
        "arachne_runtime": 60536.157,
        "bq": 136.7197608947754,
        "bq_baseline_runtime": 60536.157,
        "multi_cloud_plan": "gcp",
        "percent_diff": 0.0,
        "profiling_cost": 298.4998458490748,
        "profiling_runtime": 138527.37317976716
    },
    "store_returns": {
        "arachne": 147.4336641641064,
        "arachne_runtime": 69104.52428449658,
        "bq": 185.66169261932373,
        "bq_baseline_runtime": 87304.47600000005,
        "multi_cloud_plan": "multi",
        "percent_diff": 20.59015401394576,
        "profiling_cost": 342.5417002865652,
        "profiling_runtime": 173462.3671234178
    },
    "store_sales": {
        "arachne": 21.086888313293457,
        "arachne_runtime": 13401.668,
        "bq": 21.086888313293457,
        "bq_baseline_runtime": 13401.668,
        "multi_cloud_plan": "gcp",
        "percent_diff": 0.0,
        "profiling_cost": 109.11781386649093,
        "profiling_runtime": 39931.555996963696
    },
    "time_dim": {
        "arachne": 161.55306424015163,
        "arachne_runtime": 77255.02674069782,
        "bq": 230.68166732788086,
        "bq_baseline_runtime": 102975.36499999999,
        "multi_cloud_plan": "aws",
        "percent_diff": 29.967098767962714,
        "profiling_cost": 400.9185854589885,
        "profiling_runtime": 208452.47776575087
    },
    "warehouse": {
        "arachne": 161.64687595885283,
        "arachne_runtime": 77559.16398926187,
        "bq": 235.83679676055908,
        "bq_baseline_runtime": 103431.73100000001,
        "multi_cloud_plan": "aws",
        "percent_diff": 31.458161669754176,
        "profiling_cost": 406.39846580985255,
        "profiling_runtime": 209963.51018496216
    },
    "web_page": {
        "arachne": 161.64247307203595,
        "arachne_runtime": 77544.82630181467,
        "bq": 231.70127391815186,
        "bq_baseline_runtime": 105966.09000000001,
        "multi_cloud_plan": "aws",
        "percent_diff": 30.236692125768833,
        "profiling_cost": 402.75004664324933,
        "profiling_runtime": 214080.98536004787
    },
    "web_returns": {
        "arachne": 157.3849175049402,
        "arachne_runtime": 71102.62820347786,
        "bq": 201.80835247039795,
        "bq_baseline_runtime": 97414.90900000001,
        "multi_cloud_plan": "aws",
        "percent_diff": 22.012684025044972,
        "profiling_cost": 367.12869300136754,