{
    "call_center": {
        "arachne": 106.66673739912969,
        "arachne_runtime": 77745.15296165147,
        "bq": 118.19519281387329,
        "bq_baseline_runtime": 105783.20400000003,
        "multi_cloud_plan": "aws",
        "percent_diff": 9.753743058652077,
        "profiling_cost": 234.23459226938846,
        "profiling_runtime": 213989.02469704312
    },
    "catalog_page": {
        "arachne": 106.32635534995313,
        "arachne_runtime": 76639.15417141575,
        "bq": 110.85474491119385,
        "bq_baseline_runtime": 105810.44799999999,
        "multi_cloud_plan": "aws",
        "percent_diff": 4.084975852741734,
        "profiling_cost": 226.65214236877526,
        "profiling_runtime": 213230.01045422594
    },
    "catalog_returns": {
        "arachne": 96.80041313171387,
        "arachne_runtime": 91777.655,
        "bq": 96.80041313171387,
        "bq_baseline_runtime": 91777.655,
        "multi_cloud_plan": "gcp",
        "percent_diff": 0.0,
        "profiling_cost": 205.89828988064912,
        "profiling_runtime": 186619.01741110417
    },
    "catalog_sales": {
        "arachne": 52.11806058883667,
        "arachne_runtime": 57335.019000000015,
        "bq": 52.11806058883667,
        "bq_baseline_runtime": 57335.019000000015,
        "multi_cloud_plan": "gcp",
        "percent_diff": 0.0,
        "profiling_cost": 126.17573366089847,
        "profiling_runtime": 114303.73803942105
    },
    "customer": {
        "arachne": 92.93582201004028,
        "arachne_runtime": 77589.22300000001,
        "bq": 92.93582201004028,
        "bq_baseline_runtime": 77589.22300000001,
        "multi_cloud_plan": "gcp",
        "percent_diff": 0.0,
        "profiling_cost": 201.4975090937712,
        "profiling_runtime": 161747.09570215386
    },
    "customer_address": {
        "arachne": 96.7023253440857,
        "arachne_runtime": 80994.65,
        "bq": 96.7023253440857,
        "bq_baseline_runtime": 80994.65,
        "multi_cloud_plan": "gcp",
        "percent_diff": 0.0,
        "profiling_cost": 209.53583185725793,
        "profiling_runtime": 178854.1596245892
    },
    "customer_demographics": {
        "arachne": 103.7349271774292,
        "arachne_runtime": 91655.29499999998,
        "bq": 103.7349271774292,
        "bq_baseline_runtime": 91655.29499999998,
        "multi_cloud_plan": "gcp",
        "percent_diff": 0.0,
        "profiling_cost": 217.00391703102895,
        "profiling_runtime": 190861.9372899305
    },
    "date_dim": {
        "arachne": 14.09994125366211,
        "arachne_runtime": 12509.484000000002,
        "bq": 14.09994125366211,
        "bq_baseline_runtime": 12509.484000000002,
        "multi_cloud_plan": "gcp",
        "percent_diff": 0.0,
        "profiling_cost": 109.89854844250564,
        "profiling_runtime": 54932.52169480344
    },
    "household_demographics": {
        "arachne": 105.61907227588539,
        "arachne_runtime": 74340.23445773326,
        "bq": 107.27537870407104,
        "bq_baseline_runtime": 93139.92100000003,
        "multi_cloud_plan": "aws",
        "percent_diff": 1.5439763049028532,
        "profiling_cost": 220.79176351240727,
        "profiling_runtime": 193145.8324948911
    },
    "income_band": {
        "arachne": 106.25897934707403,
        "arachne_runtime": 76419.91737326808,
        "bq": 116.22278213500977,
        "bq_baseline_runtime": 106110.696,
        "multi_cloud_plan": "aws",
        "percent_diff": 8.573020370792122,
        "profiling_cost": 231.94809185274804,
        "profiling_runtime": 213295.70769838706
    },
    "inventory": {
        "arachne": 106.63136048150221,
        "arachne_runtime": 77727.26639864422,
        "bq": 119.18759346008301,
        "bq_baseline_runtime": 104366.56000000003,
        "multi_cloud_plan": "aws",
        "percent_diff": 10.53484898391374,
        "profiling_cost": 234.91278340786775,
        "profiling_runtime": 211648.48226055212
    },
    "item": {
        "arachne": 46.52750253677368,
        "arachne_runtime": 48002.555,
        "bq": 46.52750253677368,
        "bq_baseline_runtime": 48002.555,
        "multi_cloud_plan": "gcp",
        "percent_diff": 0.0,
        "profiling_cost": 151.57238036685274,
        "profiling_runtime": 120477.78836579096
    },
    "promotion": {
        "arachne": 105.7992557636328,
        "arachne_runtime": 74925.80327126585,
        "bq": 107.64239072799683,
        "bq_baseline_runtime": 97716.66099999998,
        "multi_cloud_plan": "aws",
        "percent_diff": 1.7122761320133362,
        "profiling_cost": 222.39437703596272,
        "profiling_runtime": 201738.33410860336
    },
    "reason": {
        "arachne": 106.38900037588249,
        "arachne_runtime": 76842.49231142426,
        "bq": 115.3868579864502,
        "bq_baseline_runtime": 104568.12200000006,
        "multi_cloud_plan": "aws",
        "percent_diff": 7.79799170164103,
        "profiling_cost": 230.90005392741708,
        "profiling_runtime": 211063.75381638706
    },
    "ship_mode": {
        "arachne": 106.66797932130687,
        "arachne_runtime": 77749.18763595601,
        "bq": 118.70487451553345,
        "bq_baseline_runtime": 106991.292,
        "multi_cloud_plan": "aws",
        "percent_diff": 10.140186107228018,
        "profiling_cost": 234.6514575460769,
        "profiling_runtime": 214895.45314770527
    },
    "store": {
        "arachne": 68.3598804473877,
        "arachne_runtime": 60536.157000000014,
        "bq": 68.3598804473877,
        "bq_baseline_runtime": 60536.157000000014,
        "multi_cloud_plan": "gcp",
        "percent_diff": 0.0,
        "profiling_cost": 175.10261597799587,
        "profiling_runtime": 138527.37317976716
    },
    "store_returns": {
        "arachne": 92.83084630966187,
        "arachne_runtime": 87304.47600000001,
        "bq": 92.83084630966187,
        "bq_baseline_runtime": 87304.47600000001,
        "multi_cloud_plan": "gcp",
        "percent_diff": 0.0,
        "profiling_cost": 197.6236728587728,
        "profiling_runtime": 173462.3671234178
    },
    "store_sales": {
        "arachne": 10.543444156646729,
        "arachne_runtime": 13401.668,
        "bq": 10.543444156646729,
        "bq_baseline_runtime": 13401.668,
        "multi_cloud_plan": "gcp",
        "percent_diff": 0.0,
        "profiling_cost": 66.64542541039964,
        "profiling_runtime": 39931.555996963696
    },
    "time_dim": {
        "arachne": 106.51578590580223,
        "arachne_runtime": 77255.02674069782,
        "bq": 115.34083366394043,
        "bq_baseline_runtime": 102975.36499999999,
        "multi_cloud_plan": "aws",
        "percent_diff": 7.651277936702841,
        "profiling_cost": 230.54049730255693,
        "profiling_runtime": 208452.47776575087
    },
    "warehouse": {
        "arachne": 106.60950110349846,
        "arachne_runtime": 77559.16398926187,
        "bq": 117.91839838027954,
        "bq_baseline_runtime": 103431.73100000004,
        "multi_cloud_plan": "aws",
        "percent_diff": 9.590443418600875,
        "profiling_cost": 233.44271628971487,
        "profiling_runtime": 209963.5101849621
    },
    "web_page": {
        "arachne": 106.60509875692308,
        "arachne_runtime": 77544.82630181467,
        "bq": 115.85063695907593,
        "bq_baseline_runtime": 105966.09,
        "multi_cloud_plan": "aws",
        "percent_diff": 7.980567431337315,
        "profiling_cost": 231.86205921091872,
        "profiling_runtime": 214080.98536004787
    },
    "web_returns": {
        "arachne": 100.90417623519897,
        "arachne_runtime": 97414.909,
        "bq": 100.90417623519897,
        "bq_baseline_runtime": 97414.909,
        "multi_cloud_plan": "gcp",
        "percent_diff": 0.0,
        "profiling_cost": 212.09325668314918,
        "profiling_runtime": 194315.02942059937
    },
    "web_sales": {
        "arachne": 59.698519706726074,
        "arachne_runtime": 66566.271,
        "bq": 59.698519706726074,