{
    "call_center": {
        "arachne": 130.74560224547096,
        "arachne_runtime": 77745.15296165147,
        "bq": 236.39038562774658,
        "bq_baseline_runtime": 105783.20400000003,
        "multi_cloud_plan": "aws",
        "percent_diff": 44.690812234909885,
        "profiling_cost": 376.5086260877448,
        "profiling_runtime": 213989.0246970431
    },
    "catalog_page": {
        "arachne": 130.4051970886866,
        "arachne_runtime": 76639.15417141575,
        "bq": 221.7094898223877,
        "bq_baseline_runtime": 105810.44800000003,
        "multi_cloud_plan": "aws",
        "percent_diff": 41.18195067195604,
        "profiling_cost": 361.58570517684444,
        "profiling_runtime": 213230.01045422588
    },
    "catalog_returns": {
        "arachne": 124.16438792849911,
        "arachne_runtime": 69522.54024551497,
        "bq": 193.60082626342773,
        "bq_baseline_runtime": 91777.65499999997,
        "multi_cloud_plan": "multi",
        "percent_diff": 35.865775820836745,
        "profiling_cost": 325.9597251134818,
        "profiling_runtime": 186619.01741110423
    },
    "catalog_sales": {
        "arachne": 72.85396550232942,
        "arachne_runtime": 44192.96277523115,
        "bq": 104.23612117767334,
        "bq_baseline_runtime": 57335.019,
        "multi_cloud_plan": "multi",
        "percent_diff": 30.10679534194502,
        "profiling_cost": 194.77445956414238,
        "profiling_runtime": 114303.73803942102
    },
    "customer": {
        "arachne": 125.60106246507263,
        "arachne_runtime": 61353.49901735192,
        "bq": 185.87164402008057,
        "bq_baseline_runtime": 77589.22300000001,
        "multi_cloud_plan": "aws",
        "percent_diff": 32.42591513770472,
        "profiling_cost": 318.4894779815499,
        "profiling_runtime": 161747.09570215386
    },
    "customer_address": {
        "arachne": 128.69254976013664,
        "arachne_runtime": 71166.61625690307,
        "bq": 193.4046506881714,
        "bq_baseline_runtime": 80994.65000000001,
        "multi_cloud_plan": "aws",
        "percent_diff": 33.45943373014894,
        "profiling_cost": 330.31050765861676,
        "profiling_runtime": 178854.15962458923
    },
    "customer_demographics": {
        "arachne": 129.1803161619482,
        "arachne_runtime": 72664.0919519818,
        "bq": 207.4698543548584,
        "bq_baseline_runtime": 91655.29499999997,
        "multi_cloud_plan": "aws",
        "percent_diff": 37.73538012852847,
        "profiling_cost": 344.81725952674293,
        "profiling_runtime": 190861.93728993056
    },
    "date_dim": {
        "arachne": 28.19988250732422,
        "arachne_runtime": 12509.484,
        "bq": 28.19988250732422,
        "bq_baseline_runtime": 12509.484,
        "multi_cloud_plan": "gcp",
        "percent_diff": 0.0,
        "profiling_cost": 148.07726106813038,
        "profiling_runtime": 54932.521694803436
    },
    "household_demographics": {
        "arachne": 129.69793607194163,
        "arachne_runtime": 74340.23445773326,
        "bq": 214.5507574081421,
        "bq_baseline_runtime": 93139.92099999999,
        "multi_cloud_plan": "aws",
        "percent_diff": 39.54906631943698,
        "profiling_cost": 352.14598219215725,
        "profiling_runtime": 193145.8324948912
    },
    "income_band": {
        "arachne": 130.33784437266237,
        "arachne_runtime": 76419.91737326808,
        "bq": 232.44556427001953,
        "bq_baseline_runtime": 106110.69599999995,
        "multi_cloud_plan": "aws",
        "percent_diff": 43.927583741173954,
        "profiling_cost": 372.249715171488,
        "profiling_runtime": 213295.70769838704
    },
    "inventory": {
        "arachne": 130.70158001392585,
        "arachne_runtime": 77727.26639864422,
        "bq": 238.37518692016602,
        "bq_baseline_runtime": 104366.55999999997,
        "multi_cloud_plan": "aws",
        "percent_diff": 45.16980491862226,
        "profiling_cost": 378.1705725585163,
        "profiling_runtime": 211648.48226055215
    },
    "item": {
        "arachne": 93.05500507354736,
        "arachne_runtime": 48002.55500000001,
        "bq": 93.05500507354736,
        "bq_baseline_runtime": 48002.55500000001,
        "multi_cloud_plan": "gcp",
        "percent_diff": 0.0,
        "profiling_cost": 222.17853286294852,
        "profiling_runtime": 120477.78836579093
    },
    "promotion": {
        "arachne": 129.87811989973352,
        "arachne_runtime": 74925.80327126585,
        "bq": 215.28478145599365,
        "bq_baseline_runtime": 97716.661,
        "multi_cloud_plan": "aws",
        "percent_diff": 39.671481178858016,
        "profiling_cost": 354.1156080582021,
        "profiling_runtime": 201738.3341086033
    },
    "reason": {
        "arachne": 130.46786537946832,
        "arachne_runtime": 76842.49231142426,
        "bq": 230.7737159729004,
        "bq_baseline_runtime": 104568.12200000002,
        "multi_cloud_plan": "aws",
        "percent_diff": 43.46502380938864,
        "profiling_cost": 370.36575307559485,
        "profiling_runtime": 211063.75381638718
    },
    "ship_mode": {
        "arachne": 130.74684431309282,
        "arachne_runtime": 77749.18763595601,
        "bq": 237.4097490310669,
        "bq_baseline_runtime": 106991.29200000002,
        "multi_cloud_plan": "aws",
        "percent_diff": 44.92776945904458,
        "profiling_cost": 377.43517321153814,
        "profiling_runtime": 214895.45314770527
    },
    "store": {
        "arachne": 125.04159070998955,
        "arachne_runtime": 59207.21580753816,
        "bq": 136.7197608947754,
        "bq_baseline_runtime": 60536.15700000003,
        "multi_cloud_plan": "aws",
        "percent_diff": 8.541684178173625,
        "profiling_cost": 267.5413367982483,
        "profiling_runtime": 138527.37317976716
    },
    "store_returns": {
        "arachne": 119.69581281018537,
        "arachne_runtime": 69104.52428449658,
        "bq": 185.66169261932373,
        "bq_baseline_runtime": 87304.47600000004,
        "multi_cloud_plan": "multi",
        "percent_diff": 35.53015103896161,
        "profiling_cost": 313.24266090761677,
        "profiling_runtime": 173462.36712341782
    },
    "store_sales": {
        "arachne": 21.086888313293457,
        "arachne_runtime": 13401.668,
        "bq": 21.086888313293457,
        "bq_baseline_runtime": 13401.668,
        "multi_cloud_plan": "gcp",
        "percent_diff": 0.0,
        "profiling_cost": 91.15778269805335,
        "profiling_runtime": 39931.555996963696
    },
    "time_dim": {
        "arachne": 130.59460858812517,
        "arachne_runtime": 77255.02674069782,
        "bq": 230.68166732788086,
        "bq_baseline_runtime": 102975.365,
        "multi_cloud_plan": "aws",
        "percent_diff": 43.38752181702255,
        "profiling_cost": 369.96012980696213,
        "profiling_runtime": 208452.47776575084
    },
    "warehouse": {
        "arachne": 130.68836601376108,
        "arachne_runtime": 77559.16398926187,
        "bq": 235.83679676055908,
        "bq_baseline_runtime": 103431.731,
        "multi_cloud_plan": "aws",
        "percent_diff": 44.58525225542023,
        "profiling_cost": 375.4399557936822,
        "profiling_runtime": 209963.5101849622
    },
    "web_page": {
        "arachne": 130.68396343083003,
        "arachne_runtime": 77544.82630181467,
        "bq": 231.70127391815186,
        "bq_baseline_runtime": 105966.09000000004,
        "multi_cloud_plan": "aws",
        "percent_diff": 43.598081607011814,
        "profiling_cost": 371.7915370020434,
        "profiling_runtime": 214080.98536004784
    },
    "web_returns": {
        "arachne": 126.93611367610191,
        "arachne_runtime": 71102.62820347786,
        "bq": 201.80835247039795,
        "bq_baseline_runtime": 97414.909,
        "multi_cloud_plan": "aws",
        "percent_diff": 37.100664010067966,
        "profiling_cost": 336.67985920466907,
        "profiling_runtime": 194315.0294205994
    },