{
    "call_center": {
        "arachne": 96.34725795335183,
        "arachne_runtime": 77745.15296165147,
        "bq": 236.39038562774658,
        "bq_baseline_runtime": 105783.20400000001,
        "multi_cloud_plan": "aws",
        "percent_diff": 59.24231110436373,
        "profiling_cost": 342.11028179562555,
        "profiling_runtime": 213989.0246970432
    },
    "catalog_page": {
        "arachne": 96.00688580743581,
        "arachne_runtime": 76639.15417141575,
        "bq": 221.7094898223877,
        "bq_baseline_runtime": 105810.44800000002,
        "multi_cloud_plan": "aws",
        "percent_diff": 56.69698853019449,
        "profiling_cost": 327.18739389559363,
        "profiling_runtime": 213230.010454226
    },
    "catalog_returns": {
        "arachne": 91.35524101713769,
        "arachne_runtime": 69561.02042462878,
        "bq": 193.60082626342773,
        "bq_baseline_runtime": 91777.655,
        "multi_cloud_plan": "aws",
        "percent_diff": 52.81257689838941,
        "profiling_cost": 292.7296935404544,
        "profiling_runtime": 186619.01741110423
    },
    "catalog_sales": {
        "arachne": 57.81373669664633,
        "arachne_runtime": 42415.91546061095,
        "bq": 104.23612117767334,
        "bq_baseline_runtime": 57335.019,
        "multi_cloud_plan": "multi",
        "percent_diff": 44.53579426837917,
        "profiling_cost": 171.23065197213222,
        "profiling_runtime": 114303.73803942108
    },
    "customer": {
        "arachne": 91.2351383847045,
        "arachne_runtime": 61353.49901735192,
        "bq": 185.87164402008057,
        "bq_baseline_runtime": 77589.22300000001,
        "multi_cloud_plan": "aws",
        "percent_diff": 50.91497744817496,
        "profiling_cost": 284.12355387049473,
        "profiling_runtime": 161747.09570215386
    },
    "customer_address": {
        "arachne": 94.30347770900454,
        "arachne_runtime": 71166.61625690307,
        "bq": 193.4046506881714,
        "bq_baseline_runtime": 80994.64999999998,
        "multi_cloud_plan": "aws",
        "percent_diff": 51.24032572461189,
        "profiling_cost": 295.9214355767976,
        "profiling_runtime": 178854.15962458926
    },
    "customer_demographics": {
        "arachne": 94.78258002365658,
        "arachne_runtime": 72664.0919519818,
        "bq": 207.4698543548584,
        "bq_baseline_runtime": 91655.295,
        "multi_cloud_plan": "aws",
        "percent_diff": 54.31501105623781,
        "profiling_cost": 310.4195233577641,
        "profiling_runtime": 190861.93728993047
    },
    "date_dim": {
        "arachne": 28.19988250732422,
        "arachne_runtime": 12509.484,
        "bq": 28.19988250732422,
        "bq_baseline_runtime": 12509.484,
        "multi_cloud_plan": "gcp",
        "percent_diff": 0.0,
        "profiling_cost": 113.67901625104098,
        "profiling_runtime": 54932.521694803436
    },
    "household_demographics": {
        "arachne": 95.29959328022973,
        "arachne_runtime": 74340.23445773326,
        "bq": 214.5507574081421,
        "bq_baseline_runtime": 93139.921,
        "multi_cloud_plan": "aws",
        "percent_diff": 55.581795920235166,
        "profiling_cost": 317.74763936975836,
        "profiling_runtime": 193145.83249489116
    },
    "income_band": {
        "arachne": 95.93949982447606,
        "arachne_runtime": 76419.91737326808,
        "bq": 232.44556427001953,
        "bq_baseline_runtime": 106110.69599999997,
        "multi_cloud_plan": "aws",
        "percent_diff": 58.72603543725692,
        "profiling_cost": 337.8513706233017,
        "profiling_runtime": 213295.70769838712
    },
    "inventory": {
        "arachne": 96.31558617026052,
        "arachne_runtime": 77727.26639864422,
        "bq": 238.37518692016602,
        "bq_baseline_runtime": 104366.56000000003,
        "multi_cloud_plan": "aws",
        "percent_diff": 59.594961449356944,
        "profiling_cost": 343.78457871485097,
        "profiling_runtime": 211648.48226055212
    },
    "item": {
        "arachne": 88.0683876244301,
        "arachne_runtime": 47952.04367178679,
        "bq": 93.05500507354736,
        "bq_baseline_runtime": 48002.555000000015,
        "multi_cloud_plan": "multi",
        "percent_diff": 5.358784780223284,
        "profiling_cost": 187.78046149248843,
        "profiling_runtime": 120477.78836579094
    },
    "promotion": {
        "arachne": 95.47977662224379,
        "arachne_runtime": 74925.80327126585,
        "bq": 215.28478145599365,
        "bq_baseline_runtime": 97716.66100000001,
        "multi_cloud_plan": "aws",
        "percent_diff": 55.64954662540287,
        "profiling_cost": 319.71726478071224,
        "profiling_runtime": 201738.3341086033
    },
    "reason": {
        "arachne": 96.06952086271417,
        "arachne_runtime": 76842.49231142426,
        "bq": 230.7737159729004,
        "bq_baseline_runtime": 104568.12200000003,
        "multi_cloud_plan": "aws",
        "percent_diff": 58.37068339533279,
        "profiling_cost": 335.9674085588408,
        "profiling_runtime": 211063.75381638715
    },
    "ship_mode": {
        "arachne": 96.34849981319562,
        "arachne_runtime": 77749.18763595601,
        "bq": 237.4097490310669,
        "bq_baseline_runtime": 106991.29199999997,
        "multi_cloud_plan": "aws",
        "percent_diff": 59.416788819153474,
        "profiling_cost": 343.0368287116409,
        "profiling_runtime": 214895.4531477053
    },
    "store": {
        "arachne": 90.64328061780486,
        "arachne_runtime": 59207.21580753816,
        "bq": 136.7197608947754,
        "bq_baseline_runtime": 60536.15699999999,
        "multi_cloud_plan": "aws",
        "percent_diff": 33.701404958155756,
        "profiling_cost": 233.14299340844133,
        "profiling_runtime": 138527.37317976716
    },
    "store_returns": {
        "arachne": 88.72969896761556,
        "arachne_runtime": 69143.00446361038,
        "bq": 185.66169261932373,
        "bq_baseline_runtime": 87304.47600000002,
        "multi_cloud_plan": "multi",
        "percent_diff": 52.20893566367253,
        "profiling_cost": 280.688172708785,
        "profiling_runtime": 173462.36712341782
    },
    "store_sales": {
        "arachne": 21.086888313293457,
        "arachne_runtime": 13401.668000000001,
        "bq": 21.086888313293457,
        "bq_baseline_runtime": 13401.668000000001,
        "multi_cloud_plan": "gcp",
        "percent_diff": 0.0,
        "profiling_cost": 71.2021925109005,
        "profiling_runtime": 39931.555996963696
    },
    "time_dim": {
        "arachne": 96.19632453031798,
        "arachne_runtime": 77255.02674069782,
        "bq": 230.68166732788086,
        "bq_baseline_runtime": 102975.365,
        "multi_cloud_plan": "aws",
        "percent_diff": 58.2991029826446,
        "profiling_cost": 335.5618457491548,
        "profiling_runtime": 208452.47776575078
    },
    "warehouse": {
        "arachne": 96.29002163032578,
        "arachne_runtime": 77559.16398926187,
        "bq": 235.83679676055908,
        "bq_baseline_runtime": 103431.731,
        "multi_cloud_plan": "aws",
        "percent_diff": 59.17090846171587,
        "profiling_cost": 341.04161133127076,
        "profiling_runtime": 209963.51018496216
    },
    "web_page": {
        "arachne": 96.2856193850457,
        "arachne_runtime": 77544.82630181467,
        "bq": 231.70127391815186,
        "bq_baseline_runtime": 105966.08999999998,
        "multi_cloud_plan": "aws",
        "percent_diff": 58.444069919503995,
        "profiling_cost": 337.393192956259,
        "profiling_runtime": 214080.9853600479
    },
    "web_returns": {
        "arachne": 93.10410942183717,
        "arachne_runtime": 71102.62820347786,
        "bq": 201.80835247039795,
        "bq_baseline_runtime": 97414.90899999999,
        "multi_cloud_plan": "aws",
        "percent_diff": 53.86508621564905,
        "profiling_cost": 302.8478216527817,
        "profiling_runtime": 194315.02942059943
    },