{
    "01": 53.11429524421692,
    "02": 1032.6477355957031,
    "03": 206.66495394706726,
    "04": 2294.912903547287,
    "05": 465.0542290210724,
    "06": 59.83901596069336,
    "07": 327.5365197658539,
    "08": 100.03705072402954,
    "09": 827.6016044616699,
    "10": 68.84285306930542,
    "11": 1278.8680968284607,
    "12": 25.185524463653564,
    "13": 532.5108222961426,
    "14": 575.3372368812561,
    "15": 122.7479100227356,
    "16": 6.716103792190552,
    "17": 372.6087169647217,
    "18": 694.0585744380951,
    "19": 244.8435926437378,
    "20": 12.856465816497803,
    "21": 0.5594818592071533,
    "22": 25.871785879135132,
    "23": 6907.0615820884705,
    "24": 519.4978005886078,
    "25": 1609.5155444145203,
    "26": 160.53399395942688,
    "27": 912.8873100280762,
    "28": 1285.4683146476746,
    "29": 477.4480142593384,
    "30": 25.338313817977905,
    "31": 763.6688089370728,
    "32": 34.91984844207764,
    "33": 1.0490758419036865,
    "34": 294.04983735084534,
    "35": 191.16612935066223,
    "36": 868.9244225025177,
    "37": 9.200675010681152,
    "38": 680.2256264686584,
    "39": 7.613451242446899,
    "40": 0.41076111793518066,
    "41": 6.142441749572754,
    "42": 99.85876512527466,
    "43": 4.092195749282837,
    "44": 404.3068826198578,
    "45": 39.09137487411499,
    "46": 348.9731533527374,
    "47": 1526.766438484192,
    "48": 420.8092362880707,
    "49": 391.52673053741455,
    "50": 883.8266611099243,
    "51": 254.0306031703949,
    "52": 99.35986685752869,
    "53": 258.10222268104553,
    "54": 110.9409430027008,
    "55": 99.85370349884033,
    "56": 0.9561407566070557,
    "57": 144.13044381141663,
    "58": 157.64095759391785,
    "59": 224.72318196296692,
    "60": 0.5369782447814941,
    "61": 6.887000799179077,
    "62": 133.88983583450317,
    "63": 110.07166576385498,
    "64": 1534.7052187919617,
    "65": 116.2295789718628,
    "66": 113.92338442802429,
    "67": 4587.212021589279,
    "68": 306.7168138027191,
    "69": 197.35451698303223,
    "70": 769.4784724712372,
    "71": 174.50213074684143,
    "72": 1163.4795479774475,
    "73": 229.6025607585907,
    "74": 599.3229310512543,
    "75": 712.4293756484985,
    "76": 202.08081936836243,
    "77": 247.57111930847168,
    "78": 3032.10938000679,
    "79": 528.7441985607147,
    "80": 848.5311501026154,
    "81": 87.45873141288757,
    "82": 19.02747893333435,
    "83": 36.128278732299805,
    "84": 15.313957691192627,
    "85": 162.83561849594116,
    "86": 76.74193811416626,
    "87": 695.3596460819244,
    "88": 2114.626371860504,
    "89": 268.0653383731842,
    "90": 47.50360608100891,
    "91": 6.166692018508911,
    "92": 89.4089789390564,
    "93": 136.83155488967896,
    "94": 411.6297698020935,
    "95": 95.61232256889343,
    "96": 43.66768741607666,
    "97": 436.9739842414856,
    "98": 100.0783314704895,
    "99": 313.57385540008545
}