{
    "02": 141.61007046699524,
    "03": 102.85241866111755,
    "04": 2228.180069923401,
    "07": 353.6379027366638,
    "08": 115.10585689544678,
    "09": 827.3348190784454,
    "11": 716.2870485782623,
    "15": 81.81954717636108,
    "17": 421.2409417629242,
    "18": 872.5840096473694,
    "19": 224.40936923027039,
    "21": 0.3145263195037842,
    "22": 2.913501262664795,
    "25": 3753.9888157844543,
    "26": 127.78773403167725,
    "27": 841.4518036842346,
    "28": 1285.2761223316193,
    "29": 950.0692670345306,
    "31": 655.0653460025787,
    "33": 7.274227142333984,
    "34": 72.91524505615234,
    "37": 8.753015279769897,
    "39": 0.7156252861022949,
    "40": 0.29543375968933105,
    "42": 99.33603286743164,
    "43": 0.287337064743042,
    "46": 236.01038479804993,
    "48": 601.7040436267853,
    "49": 411.5458996295929,
    "50": 323.2492277622223,
    "51": 178.73347806930542,
    "52": 99.88984894752502,
    "55": 99.86537742614746,
    "56": 6.241667032241821,
    "59": 209.87362790107727,
    "60": 0.5449740886688232,
    "61": 4.654649496078491,
    "62": 35.58212852478027,
    "66": 177.97107982635498,
    "68": 333.8373820781708,
    "71": 174.2046115398407,
    "72": 184.34098362922668,
    "73": 72.03648257255554,
    "74": 500.89912581443787,
    "75": 823.0429937839508,
    "78": 3075.8056530952454,
    "79": 239.9925389289856,
    "82": 18.30371403694153,
    "83": 29.747183322906494,
    "84": 3.3453571796417236,
    "85": 150.83169388771057,
    "87": 602.4084851741791,
    "88": 355.59627532958984,
    "90": 20.908729553222656,
    "91": 0.4825022220611572,
    "93": 132.93237376213074,
    "95": 490.071151971817,
    "96": 43.71906924247742,
    "97": 469.2936358451843,
    "99": 54.983219623565674
}