{
    "all": {
        "arachne": 55.926066637039185,
        "arachne_runtime": 12192.833999999999,
        "baseline_cost": 55.926066637039185,
        "baseline_runtime": 12192.833999999999,
        "exec_details": {
            "api_cost": 0,
            "load_cost": 0,
            "load_runtime": 0,
            "moved_cost": 0,
            "moved_queries": [],
            "moved_runtime": 0,
            "mvmt_cost": 0.0,
            "mvmt_runtime": 0.0,
            "stayed_cost": 55.926066637039185,
            "stayed_runtime": 12192.833999999999,
            "storage_cost": 0.0,
            "storage_runtime": 0
        },
        "multi_cloud_plan": "stay",
        "percent_diff": 0.0,
        "profiling_cost": 130.17995269652718,
        "profiling_runtime": 22909.198281089528
    },
    "call_center": {
        "arachne": 54.846811294555664,
        "arachne_runtime": 11971.998999999998,
        "baseline_cost": 54.846811294555664,
        "baseline_runtime": 11971.998999999998,
        "exec_details": {
            "api_cost": 0,
            "load_cost": 0,
            "load_runtime": 0,
            "moved_cost": 0,
            "moved_runtime": 0,
            "mvmt_cost": 0.0,
            "mvmt_runtime": 0.0,
            "stayed_cost": 54.846811294555664,
            "stayed_runtime": 11971.998999999998,
            "storage_cost": 0.0,
            "storage_runtime": 0
        },
        "multi_cloud_plan": "stay",
        "percent_diff": 0.0,
        "profiling_cost": 128.6958929779561,
        "profiling_runtime": 22520.88662064001
    },
    "catalog_page": {
        "arachne": 53.212326765060425,
        "arachne_runtime": 11864.025,
        "baseline_cost": 53.212326765060425,
        "baseline_runtime": 11864.025,
        "exec_details": {
            "api_cost": 0,
            "load_cost": 0,
            "load_runtime": 0,
            "moved_cost": 0,
            "moved_runtime": 0,
            "mvmt_cost": 0.0,
            "mvmt_runtime": 0.0,
            "stayed_cost": 53.212326765060425,
            "stayed_runtime": 11864.025,
            "storage_cost": 0.0,
            "storage_runtime": 0
        },
        "multi_cloud_plan": "stay",
        "percent_diff": 0.0,
        "profiling_cost": 126.74504554079856,
        "profiling_runtime": 22282.103157440775
    },
    "catalog_returns": {
        "arachne": 44.56664323806763,
        "arachne_runtime": 7009.466999999998,
        "baseline_cost": 44.56664323806763,
        "baseline_runtime": 7009.466999999998,
        "exec_details": {
            "api_cost": 0,
            "load_cost": 0,
            "load_runtime": 0,
            "moved_cost": 0,
            "moved_runtime": 0,
            "mvmt_cost": 0.0,
            "mvmt_runtime": 0.0,
            "stayed_cost": 44.56664323806763,
            "stayed_runtime": 7009.466999999998,
            "storage_cost": 0.0,
            "storage_runtime": 0
        },
        "multi_cloud_plan": "stay",
        "percent_diff": 0.0,
        "profiling_cost": 112.90339504776524,
        "profiling_runtime": 15897.097231606329
    },
    "catalog_sales": {
        "arachne": 26.070910692214966,
        "arachne_runtime": 3259.263000000001,
        "baseline_cost": 26.070910692214966,
        "baseline_runtime": 3259.263000000001,
        "exec_details": {
            "api_cost": 0,
            "load_cost": 0,
            "load_runtime": 0,
            "moved_cost": 0,
            "moved_runtime": 0,
            "mvmt_cost": 0.0,
            "mvmt_runtime": 0.0,
            "stayed_cost": 26.070910692214966,
            "stayed_runtime": 3259.263000000001,
            "storage_cost": 0.0,
            "storage_runtime": 0
        },
        "multi_cloud_plan": "stay",
        "percent_diff": 0.0,
        "profiling_cost": 72.65016568944623,
        "profiling_runtime": 8823.168091506857
    },
    "customer": {
        "arachne": 39.351314306259155,
        "arachne_runtime": 9243.711000000001,
        "baseline_cost": 39.351314306259155,
        "baseline_runtime": 9243.711000000001,
        "exec_details": {
            "api_cost": 0,
            "load_cost": 0,
            "load_runtime": 0,
            "moved_cost": 0,
            "moved_runtime": 0,
            "mvmt_cost": 0.0,
            "mvmt_runtime": 0.0,
            "stayed_cost": 39.351314306259155,
            "stayed_runtime": 9243.711000000001,
            "storage_cost": 0.0,
            "storage_runtime": 0
        },
        "multi_cloud_plan": "stay",
        "percent_diff": 0.0,
        "profiling_cost": 107.66022026512184,
        "profiling_runtime": 17541.07258322824
    },
    "customer_address": {
        "arachne": 39.66923952102661,
        "arachne_runtime": 9804.862999999998,
        "baseline_cost": 39.66923952102661,
        "baseline_runtime": 9804.862999999998,
        "exec_details": {
            "api_cost": 0,
            "load_cost": 0,
            "load_runtime": 0,
            "moved_cost": 0,
            "moved_runtime": 0,
            "mvmt_cost": 0.0,
            "mvmt_runtime": 0.0,
            "stayed_cost": 39.66923952102661,
            "stayed_runtime": 9804.862999999998,
            "storage_cost": 0.0,
            "storage_runtime": 0
        },
        "multi_cloud_plan": "stay",
        "percent_diff": 0.0,
        "profiling_cost": 110.4523578310916,
        "profiling_runtime": 19096.918714300853
    },
    "customer_demographics": {
        "arachne": 46.574848890304565,
        "arachne_runtime": 7438.804,
        "baseline_cost": 46.574848890304565,
        "baseline_runtime": 7438.804,
        "exec_details": {
            "api_cost": 0,
            "load_cost": 0,
            "load_runtime": 0,
            "moved_cost": 0,
            "moved_runtime": 0,
            "mvmt_cost": 0.0,
            "mvmt_runtime": 0.0,
            "stayed_cost": 46.574848890304565,
            "stayed_runtime": 7438.804,
            "storage_cost": 0.0,
            "storage_runtime": 0
        },
        "multi_cloud_plan": "stay",
        "percent_diff": 0.0,
        "profiling_cost": 117.98958106474308,
        "profiling_runtime": 16981.06983610989
    },
    "date_dim": {
        "arachne": 3.603851795196533,
        "arachne_runtime": 498.766,
        "baseline_cost": 3.603851795196533,
        "baseline_runtime": 498.766,
        "exec_details": {
            "api_cost": 0,
            "load_cost": 0,
            "load_runtime": 0,
            "moved_cost": 0,
            "moved_runtime": 0,
            "mvmt_cost": 0.0,
            "mvmt_runtime": 0.0,
            "stayed_cost": 3.603851795196533,
            "stayed_runtime": 498.766,
            "storage_cost": 0.0,
            "storage_runtime": 0
        },
        "multi_cloud_plan": "stay",
        "percent_diff": 0.0,
        "profiling_cost": 62.235402330199065,
        "profiling_runtime": 4751.7409109493565
    },
    "household_demographics": {
        "arachne": 46.91287875175476,
        "arachne_runtime": 7804.234999999997,
        "baseline_cost": 46.91287875175476,
        "baseline_runtime": 7804.234999999997,
        "exec_details": {
            "api_cost": 0,
            "load_cost": 0,
            "load_runtime": 0,
            "moved_cost": 0,
            "moved_runtime": 0,
            "mvmt_cost": 0.0,
            "mvmt_runtime": 0.0,
            "stayed_cost": 46.91287875175476,
            "stayed_runtime": 7804.234999999997,
            "storage_cost": 0.0,
            "storage_runtime": 0
        },
        "multi_cloud_plan": "stay",
        "percent_diff": 0.0,
        "profiling_cost": 119.20832034534084,
        "profiling_runtime": 17710.33040838797
    },
    "income_band": {
        "arachne": 54.13669943809509,
        "arachne_runtime": 11834.701000000001,
        "baseline_cost": 54.13669943809509,
        "baseline_runtime": 11834.701000000001,
        "exec_details": {
            "api_cost": 0,
            "load_cost": 0,
            "load_runtime": 0,